id_cliente,fecha_hora,nombre,email,telefono,ciudad,tipo_cliente,sucursal_preferida
C-C3F8A0F493,2026-09-11 17:51:11,Elena Vargas,elena.vargas.52@obelie.mx,3376423431,Zapopan,frecuente,Norte
C-182E45FC82,2026-09-11 17:51:12,Elena Vargas,elena.vargas.30@obelie.mx,3391696493,Tlajomulco,nuevo,Centro
C-C13539EEFE,2026-09-11 17:51:13,Fernando Diaz,fernando.diaz.69@obelie.mx,3320251064,Tonalá,evento,Plaza Obelie
C-138A5AFF6B,2026-09-11 17:51:14,Mateo Aguilar,mateo.aguilar.69@obelie.mx,3329319545,Tlaquepaque,frecuente,Sur
C-94559753E4,2026-09-11 17:51:11,Camila Herrera,camila.herrera.44@obelie.mx,3345608569,Tlaquepaque,mayoreo,Centro
C-9C291FF66C,2026-09-11 17:51:12,Sofia Ramirez,sofia.ramirez.43@obelie.mx,3322757071,Guadalajara,nuevo,Sur
C-4DADB941B9,2026-09-11 17:51:14,Valeria Ortiz,valeria.ortiz.23@obelie.mx,3354461225,Tonalá,mayoreo,Centro
C-91C2068309,2026-09-11 17:51:15,Sofia Ramirez,sofia.ramirez.38@obelie.mx,3390165516,Tlaquepaque,frecuente,Norte
C-115E62D16E,2026-09-11 17:51:16,Hugo Salazar,hugo.salazar.93@obelie.mx,3319681867,Tlajomulco,frecuente,Plaza Obelie
C-3C4BA7494B,2026-09-11 17:51:16,Daniela Pineda,daniela.pineda.34@obelie.mx,3368375340,Tlajomulco,evento,Centro
C-565E2CE241,2026-09-11 17:51:17,Mateo Aguilar,mateo.aguilar.54@obelie.mx,3378472818,Tlajomulco,nuevo,Centro
C-33B5E0CBBA,2026-09-11 17:51:17,Ricardo Flores,ricardo.flores.42@obelie.mx,3397402442,Zapopan,frecuente,Centro
C-4594BE7E23,2026-09-11 17:51:18,Hugo Salazar,hugo.salazar.34@obelie.mx,3328248696,Guadalajara,evento,Sur
C-95B93EF752,2026-09-11 17:51:19,Camila Herrera,camila.herrera.74@obelie.mx,3357411779,Tlajomulco,nuevo,Norte
C-733B641A55,2026-09-11 17:51:19,Daniela Pineda,daniela.pineda.75@obelie.mx,3379149459,Tlaquepaque,mayoreo,Centro
C-7BE338FFDB,2026-09-11 17:51:20,Daniela Pineda,daniela.pineda.57@obelie.mx,3350493741,Tlajomulco,mayoreo,Sur
C-7898800A36,2026-09-11 17:51:21,Ricardo Flores,ricardo.flores.95@obelie.mx,3393313469,Tonalá,nuevo,Norte
C-441A4E0E79,2026-09-11 17:51:21,Andres Molina,andres.molina.74@obelie.mx,3367534961,Tlajomulco,evento,Centro
C-6BC998A07F,2026-09-11 17:51:22,Paola Nunez,paola.nunez.51@obelie.mx,3376855268,Tlaquepaque,frecuente,Norte
C-916CC89024,2026-09-11 17:51:22,Ricardo Flores,ricardo.flores.82@obelie.mx,3331082103,Zapopan,mayoreo,Norte
C-A777E2BF42,2026-09-11 17:51:23,Camila Herrera,camila.herrera.79@obelie.mx,3372247212,Tlajomulco,evento,Plaza Obelie
C-FC13BE75C2,2026-09-11 17:51:24,Fernando Diaz,fernando.diaz.42@obelie.mx,3329563743,Tlaquepaque,frecuente,Norte
C-CEC25755A9,2026-09-11 17:51:24,Andres Molina,andres.molina.54@obelie.mx,3316643830,Tlajomulco,frecuente,Sur
C-B794A9D708,2026-09-11 17:51:25,Ricardo Flores,ricardo.flores.41@obelie.mx,3375898065,Tonalá,mayoreo,Plaza Obelie
C-4BFCABB2D2,2026-09-11 17:51:26,Andres Molina,andres.molina.99@obelie.mx,3359638326,Tonalá,frecuente,Plaza Obelie
C-EDA31396EF,2026-09-11 17:51:27,Ricardo Flores,ricardo.flores.93@obelie.mx,3377322985,Tlajomulco,nuevo,Norte
C-9CCC045C4D,2026-09-11 17:51:27,Mateo Aguilar,mateo.aguilar.28@obelie.mx,3348934336,Zapopan,frecuente,Sur
C-C7514AC95C,2026-09-11 17:51:28,Paola Nunez,paola.nunez.49@obelie.mx,3348365134,Guadalajara,nuevo,Sur
C-639ABC0D93,2026-09-11 17:51:28,Andres Molina,andres.molina.43@obelie.mx,3324701067,Guadalajara,mayoreo,Plaza Obelie
C-DF609FBD28,2026-09-11 17:51:29,Paola Nunez,paola.nunez.33@obelie.mx,3385538907,Tonalá,nuevo,Plaza Obelie
C-E836A15844,2026-09-11 17:51:30,Mateo Aguilar,mateo.aguilar.31@obelie.mx,3395682190,Guadalajara,evento,Sur
C-1DB7C34E95,2026-09-11 17:51:31,Jorge Castillo,jorge.castillo.93@obelie.mx,3310569368,Tonalá,evento,Centro
C-519B800C3C,2026-09-11 17:51:31,Ricardo Flores,ricardo.flores.49@obelie.mx,3383097147,Tlajomulco,evento,Plaza Obelie
C-54234BF1EE,2026-09-11 17:51:32,Sofia Ramirez,sofia.ramirez.59@obelie.mx,3356145106,Tlajomulco,evento,Plaza Obelie
C-34B6F5DCF4,2026-09-11 17:51:33,Valeria Ortiz,valeria.ortiz.76@obelie.mx,3380084730,Tlajomulco,mayoreo,Sur
C-C8818AC2FF,2026-09-11 17:51:33,Jorge Castillo,jorge.castillo.54@obelie.mx,3384605734,Tonalá,evento,Centro
C-B5D9AF7378,2026-09-11 17:51:34,Ricardo Flores,ricardo.flores.46@obelie.mx,3338892965,Guadalajara,frecuente,Plaza Obelie
C-AFBCCC476A,2026-09-11 17:51:34,Daniela Pineda,daniela.pineda.89@obelie.mx,3388075239,Tonalá,mayoreo,Plaza Obelie
C-28171B5129,2026-09-11 17:51:35,Ricardo Flores,ricardo.flores.30@obelie.mx,3381873280,Tlajomulco,frecuente,Plaza Obelie
C-A7A95D93AC,2026-09-11 17:51:36,Fernando Diaz,fernando.diaz.15@obelie.mx,3341103345,Tonalá,nuevo,Norte
C-B3927AFA7A,2026-09-11 17:51:36,Paola Nunez,paola.nunez.88@obelie.mx,3374917545,Tlaquepaque,evento,Norte
C-110B2909E5,2026-09-11 17:51:37,Camila Herrera,camila.herrera.74@obelie.mx,3384745454,Zapopan,nuevo,Norte
C-1EDE88F304,2026-09-11 17:51:38,Jorge Castillo,jorge.castillo.46@obelie.mx,3371525870,Tlajomulco,evento,Plaza Obelie
C-2EB71671C1,2026-09-11 17:51:39,Sofia Ramirez,sofia.ramirez.94@obelie.mx,3385504947,Tonalá,frecuente,Centro
C-52A8E079CA,2026-09-11 17:51:39,Mateo Aguilar,mateo.aguilar.62@obelie.mx,3383974028,Tonalá,evento,Centro
C-C516021348,2026-09-11 17:51:40,Camila Herrera,camila.herrera.61@obelie.mx,3310632729,Zapopan,nuevo,Plaza Obelie
C-E79F78A276,2026-09-11 17:51:41,Daniela Pineda,daniela.pineda.19@obelie.mx,3330841720,Guadalajara,nuevo,Sur
C-AD0DA2B170,2026-09-11 17:51:41,Daniela Pineda,daniela.pineda.31@obelie.mx,3364936050,Tonalá,frecuente,Sur
C-CC72957C02,2026-09-11 17:51:42,Ricardo Flores,ricardo.flores.19@obelie.mx,3375446681,Tlaquepaque,mayoreo,Sur
C-F01349C23D,2026-09-11 17:51:43,Valeria Ortiz,valeria.ortiz.99@obelie.mx,3372978559,Zapopan,mayoreo,Plaza Obelie
C-1391DE69A2,2026-09-11 17:51:43,Elena Vargas,elena.vargas.18@obelie.mx,3334902409,Tonalá,evento,Sur
C-5BE9B9218E,2026-09-11 17:51:44,Sofia Ramirez,sofia.ramirez.92@obelie.mx,3399286972,Tonalá,evento,Centro
C-21AF1D370B,2026-09-11 17:51:45,Daniela Pineda,daniela.pineda.82@obelie.mx,3366534333,Tlaquepaque,mayoreo,Plaza Obelie
C-C6F9DC5EF7,2026-09-11 17:51:46,Paola Nunez,paola.nunez.99@obelie.mx,3311968802,Tlajomulco,evento,Norte
C-3B55321BF7,2026-09-11 17:51:47,Jorge Castillo,jorge.castillo.58@obelie.mx,3356184133,Tlajomulco,mayoreo,Sur
C-7314D3BFA1,2026-09-11 17:51:47,Mateo Aguilar,mateo.aguilar.23@obelie.mx,3344579500,Guadalajara,frecuente,Norte
C-45C06B4AF7,2026-09-11 17:51:48,Elena Vargas,elena.vargas.64@obelie.mx,3362539645,Tonalá,frecuente,Norte
C-9295465105,2026-09-11 17:51:49,Daniela Pineda,daniela.pineda.41@obelie.mx,3357614636,Tlajomulco,evento,Norte
C-0705761065,2026-09-11 17:51:49,Paola Nunez,paola.nunez.12@obelie.mx,3374327290,Zapopan,frecuente,Sur
C-3070BDDF8A,2026-09-11 17:51:50,Fernando Diaz,fernando.diaz.22@obelie.mx,3342432706,Tlajomulco,frecuente,Sur
C-B8E203151C,2026-09-11 17:51:51,Sofia Ramirez,sofia.ramirez.11@obelie.mx,3343865829,Tlajomulco,evento,Norte
C-5B5107CED3,2026-09-11 17:51:51,Ricardo Flores,ricardo.flores.12@obelie.mx,3350725549,Zapopan,evento,Sur
C-058B62B75C,2026-09-11 17:51:52,Andres Molina,andres.molina.67@obelie.mx,3353082388,Tlaquepaque,frecuente,Sur
C-62779A225C,2026-09-11 17:51:52,Fernando Diaz,fernando.diaz.21@obelie.mx,3361398953,Tlajomulco,nuevo,Centro
C-0E23C451E7,2026-09-11 17:51:53,Sofia Ramirez,sofia.ramirez.26@obelie.mx,3332745296,Tlaquepaque,frecuente,Plaza Obelie
C-63AF8CBA64,2026-09-11 17:51:54,Ricardo Flores,ricardo.flores.56@obelie.mx,3334548911,Tonalá,nuevo,Sur
C-9A5F5DB303,2026-09-11 17:51:54,Andres Molina,andres.molina.20@obelie.mx,3396926265,Zapopan,evento,Centro
C-3DC5AB74D8,2026-09-11 17:51:55,Andres Molina,andres.molina.31@obelie.mx,3332623284,Tonalá,nuevo,Sur
C-EAE4BC3E7F,2026-09-11 17:51:56,Jorge Castillo,jorge.castillo.94@obelie.mx,3381038906,Tlaquepaque,nuevo,Norte
C-709E3F6D6D,2026-09-11 17:51:56,Paola Nunez,paola.nunez.54@obelie.mx,3385064637,Guadalajara,evento,Centro
C-152EA7F368,2026-09-11 17:51:57,Ricardo Flores,ricardo.flores.61@obelie.mx,3332042907,Tlaquepaque,frecuente,Plaza Obelie
C-D7D181041E,2026-09-11 17:51:58,Ricardo Flores,ricardo.flores.63@obelie.mx,3389138091,Zapopan,nuevo,Plaza Obelie
C-89AF8E500E,2026-09-11 17:51:58,Valeria Ortiz,valeria.ortiz.14@obelie.mx,3352842782,Guadalajara,evento,Norte
C-75A8C08AC7,2026-09-11 17:51:59,Hugo Salazar,hugo.salazar.52@obelie.mx,3333272816,Tlajomulco,frecuente,Plaza Obelie
C-4BA5D77979,2026-09-11 17:51:59,Daniela Pineda,daniela.pineda.53@obelie.mx,3347611260,Tlajomulco,evento,Centro
C-8500FC2DE4,2026-09-11 17:52:00,Jorge Castillo,jorge.castillo.92@obelie.mx,3399558997,Guadalajara,mayoreo,Norte
C-EA767D78FB,2026-09-11 17:52:00,Ricardo Flores,ricardo.flores.29@obelie.mx,3352083033,Tlaquepaque,frecuente,Centro
C-34A6B45AF8,2026-09-11 17:52:01,Andres Molina,andres.molina.67@obelie.mx,3371748358,Tonalá,mayoreo,Sur
C-AC55B09B09,2026-09-11 17:52:01,Fernando Diaz,fernando.diaz.88@obelie.mx,3356738698,Tlaquepaque,frecuente,Plaza Obelie
C-87AF303C5C,2026-09-11 17:52:02,Hugo Salazar,hugo.salazar.79@obelie.mx,3368729402,Zapopan,evento,Plaza Obelie
C-2D75442239,2026-09-11 17:52:02,Mateo Aguilar,mateo.aguilar.79@obelie.mx,3381389776,Tlaquepaque,evento,Plaza Obelie
C-0EBB896A3A,2026-09-11 17:52:03,Camila Herrera,camila.herrera.65@obelie.mx,3364679855,Tlajomulco,nuevo,Centro
C-2EB2AB408F,2026-09-11 17:52:03,Ricardo Flores,ricardo.flores.47@obelie.mx,3333692364,Tlaquepaque,nuevo,Sur
C-0037A69EC3,2026-09-11 17:52:04,Sofia Ramirez,sofia.ramirez.21@obelie.mx,3352433298,Tonalá,mayoreo,Centro
C-D9E23D56CA,2026-09-11 17:52:04,Hugo Salazar,hugo.salazar.41@obelie.mx,3363478130,Tlajomulco,frecuente,Centro
C-08E2443D3E,2026-09-11 17:52:05,Ricardo Flores,ricardo.flores.34@obelie.mx,3330437953,Tonalá,mayoreo,Plaza Obelie
C-F6ACBCB09E,2026-09-11 17:52:05,Ricardo Flores,ricardo.flores.39@obelie.mx,3374281844,Tlajomulco,frecuente,Plaza Obelie
C-C49C687B32,2026-09-11 17:52:06,Fernando Diaz,fernando.diaz.16@obelie.mx,3362432101,Tlaquepaque,mayoreo,Centro
C-71FC7EA835,2026-09-11 17:52:07,Mateo Aguilar,mateo.aguilar.22@obelie.mx,3355197471,Tlajomulco,evento,Sur
C-9BBCB6AEAE,2026-09-11 17:52:07,Andres Molina,andres.molina.77@obelie.mx,3343762583,Zapopan,mayoreo,Norte
C-F5D01546BF,2026-09-11 17:52:08,Ricardo Flores,ricardo.flores.64@obelie.mx,3365808276,Guadalajara,mayoreo,Plaza Obelie
C-DBFEB43E2A,2026-09-11 17:52:09,Elena Vargas,elena.vargas.41@obelie.mx,3376839487,Guadalajara,evento,Sur
C-159A3D2628,2026-09-11 17:52:09,Sofia Ramirez,sofia.ramirez.12@obelie.mx,3398619687,Guadalajara,evento,Norte
C-0B623D9BA6,2026-09-11 17:52:10,Hugo Salazar,hugo.salazar.23@obelie.mx,3327827500,Tlajomulco,mayoreo,Norte
C-B4FA750CD5,2026-09-11 17:52:11,Fernando Diaz,fernando.diaz.17@obelie.mx,3373029814,Tlaquepaque,mayoreo,Centro
C-DF590EDBBA,2026-09-11 17:52:11,Camila Herrera,camila.herrera.31@obelie.mx,3396247124,Tlaquepaque,nuevo,Sur
C-2EF1AD9E2D,2026-09-11 17:52:12,Fernando Diaz,fernando.diaz.55@obelie.mx,3387653139,Tlajomulco,frecuente,Norte
C-AD1E89D9FE,2026-09-11 17:52:13,Jorge Castillo,jorge.castillo.41@obelie.mx,3342007021,Guadalajara,evento,Centro
C-92C19728B5,2026-09-11 17:52:13,Mateo Aguilar,mateo.aguilar.89@obelie.mx,3386266267,Tlajomulco,frecuente,Norte
C-3FE743063D,2026-09-11 17:52:14,Andres Molina,andres.molina.21@obelie.mx,3366843729,Zapopan,nuevo,Norte
C-FC9456AFB7,2026-09-11 17:52:15,Hugo Salazar,hugo.salazar.16@obelie.mx,3364833873,Tonalá,mayoreo,Plaza Obelie
C-D8C37663B9,2026-09-11 17:52:16,Paola Nunez,paola.nunez.78@obelie.mx,3360026094,Tlaquepaque,frecuente,Plaza Obelie
C-96B6375AD6,2026-09-11 17:52:16,Jorge Castillo,jorge.castillo.71@obelie.mx,3364597950,Tlajomulco,frecuente,Centro
C-C4D486026A,2026-09-11 17:52:17,Hugo Salazar,hugo.salazar.66@obelie.mx,3390822104,Tonalá,frecuente,Sur
C-52259FFD13,2026-09-11 17:52:18,Sofia Ramirez,sofia.ramirez.13@obelie.mx,3374037953,Tonalá,nuevo,Centro
C-A6B7371376,2026-09-11 17:52:18,Hugo Salazar,hugo.salazar.69@obelie.mx,3314929802,Tlajomulco,mayoreo,Norte
C-3605EDCD89,2026-09-11 17:52:19,Hugo Salazar,hugo.salazar.14@obelie.mx,3386546395,Zapopan,mayoreo,Sur
C-4EC719FCDF,2026-09-11 17:52:19,Elena Vargas,elena.vargas.23@obelie.mx,3329719880,Tlajomulco,evento,Centro
C-5155448D2A,2026-09-11 17:52:20,Fernando Diaz,fernando.diaz.45@obelie.mx,3396533558,Tlajomulco,frecuente,Norte
C-87004E6FCE,2026-09-11 17:52:21,Elena Vargas,elena.vargas.96@obelie.mx,3369239240,Tonalá,mayoreo,Norte
C-3B1917D88D,2026-09-11 17:52:21,Valeria Ortiz,valeria.ortiz.79@obelie.mx,3377235558,Zapopan,frecuente,Sur
C-C8535BE53C,2026-09-11 17:52:22,Valeria Ortiz,valeria.ortiz.24@obelie.mx,3373774974,Zapopan,nuevo,Plaza Obelie
C-DC3A14AA72,2026-09-11 17:52:23,Sofia Ramirez,sofia.ramirez.75@obelie.mx,3378184935,Tonalá,frecuente,Sur
C-97DB78C7AD,2026-09-11 17:52:24,Elena Vargas,elena.vargas.49@obelie.mx,3330325258,Tlajomulco,evento,Plaza Obelie
C-7B489B97EB,2026-09-11 17:52:24,Jorge Castillo,jorge.castillo.95@obelie.mx,3346585228,Guadalajara,evento,Norte
C-AE58C48DC1,2026-09-11 17:52:25,Daniela Pineda,daniela.pineda.54@obelie.mx,3394493054,Tlajomulco,mayoreo,Centro
C-ADC9CFBF01,2026-09-11 17:52:26,Sofia Ramirez,sofia.ramirez.91@obelie.mx,3398523897,Tlaquepaque,mayoreo,Centro
C-B4880F1322,2026-09-11 17:52:26,Elena Vargas,elena.vargas.81@obelie.mx,3368677645,Tlajomulco,nuevo,Norte
C-43065389AA,2026-09-11 17:52:27,Ricardo Flores,ricardo.flores.43@obelie.mx,3381632148,Tlaquepaque,evento,Sur
C-C3810130A2,2026-09-11 17:52:28,Mateo Aguilar,mateo.aguilar.94@obelie.mx,3333949095,Tonalá,mayoreo,Sur
C-FC74A0A3D0,2026-09-11 17:52:29,Elena Vargas,elena.vargas.72@obelie.mx,3316229231,Zapopan,nuevo,Norte
C-DC2EE7C12E,2026-09-11 17:52:29,Ricardo Flores,ricardo.flores.53@obelie.mx,3370907265,Zapopan,mayoreo,Centro
C-7FBD9D7DB3,2026-09-11 17:52:30,Ricardo Flores,ricardo.flores.95@obelie.mx,3356105836,Zapopan,nuevo,Centro
C-21BDE597D4,2026-09-11 17:52:30,Mateo Aguilar,mateo.aguilar.17@obelie.mx,3364633664,Zapopan,nuevo,Plaza Obelie
C-6DCF5B07E5,2026-09-11 17:52:31,Andres Molina,andres.molina.75@obelie.mx,3323479863,Guadalajara,frecuente,Centro
C-14568DDD0A,2026-09-11 17:52:32,Mateo Aguilar,mateo.aguilar.70@obelie.mx,3373025715,Tonalá,mayoreo,Sur
C-27749ACC5B,2026-09-11 17:52:33,Ricardo Flores,ricardo.flores.70@obelie.mx,3357339596,Tlaquepaque,frecuente,Sur
C-5A455F899A,2026-09-11 17:52:33,Camila Herrera,camila.herrera.57@obelie.mx,3383585359,Zapopan,evento,Plaza Obelie
C-365434DA26,2026-09-11 17:52:34,Ricardo Flores,ricardo.flores.90@obelie.mx,3381332704,Tonalá,nuevo,Norte
C-54B0B97483,2026-09-11 17:52:35,Hugo Salazar,hugo.salazar.26@obelie.mx,3398278009,Tlaquepaque,evento,Centro
C-C3B42BC766,2026-09-11 17:52:36,Hugo Salazar,hugo.salazar.54@obelie.mx,3368462314,Zapopan,evento,Centro
C-2C80A67790,2026-09-11 17:52:36,Andres Molina,andres.molina.84@obelie.mx,3311842806,Tlajomulco,nuevo,Norte
C-71D62E8E51,2026-09-11 17:52:37,Jorge Castillo,jorge.castillo.93@obelie.mx,3363083485,Tlajomulco,frecuente,Centro
C-CE2C25082C,2026-09-11 17:52:38,Ricardo Flores,ricardo.flores.48@obelie.mx,3385273673,Tlajomulco,mayoreo,Plaza Obelie
C-E82B624DE3,2026-09-11 17:52:38,Andres Molina,andres.molina.52@obelie.mx,3319822071,Tlajomulco,nuevo,Plaza Obelie
C-CBEFC76003,2026-09-11 17:52:39,Elena Vargas,elena.vargas.20@obelie.mx,3388356430,Tonalá,frecuente,Centro
C-9172C6EC33,2026-09-11 17:52:40,Ricardo Flores,ricardo.flores.64@obelie.mx,3379307831,Tlajomulco,mayoreo,Plaza Obelie
C-25C39FA663,2026-09-11 17:52:40,Daniela Pineda,daniela.pineda.86@obelie.mx,3327393940,Tlaquepaque,nuevo,Centro
C-A61225FAB1,2026-09-11 17:52:41,Sofia Ramirez,sofia.ramirez.74@obelie.mx,3377812889,Guadalajara,evento,Norte
C-C0C644B28A,2026-09-11 17:52:42,Paola Nunez,paola.nunez.56@obelie.mx,3365805765,Tlaquepaque,frecuente,Centro
C-360FDE8724,2026-09-11 17:52:43,Valeria Ortiz,valeria.ortiz.55@obelie.mx,3330178839,Tonalá,evento,Sur
C-4E5F25BEA0,2026-09-11 17:52:43,Paola Nunez,paola.nunez.77@obelie.mx,3376179880,Tonalá,nuevo,Sur
C-CFF3CE6041,2026-09-11 17:52:44,Jorge Castillo,jorge.castillo.54@obelie.mx,3334518338,Tlajomulco,evento,Centro
C-F0DA3FE981,2026-09-11 17:52:45,Valeria Ortiz,valeria.ortiz.19@obelie.mx,3327784038,Tonalá,frecuente,Norte
C-D94D9F6EAD,2026-09-11 17:52:45,Camila Herrera,camila.herrera.89@obelie.mx,3330072068,Guadalajara,mayoreo,Centro
C-DA9D64DC6C,2026-09-11 17:52:46,Jorge Castillo,jorge.castillo.16@obelie.mx,3371881531,Tlaquepaque,evento,Plaza Obelie
C-C5C44564D1,2026-09-11 17:52:47,Fernando Diaz,fernando.diaz.71@obelie.mx,3353641452,Guadalajara,nuevo,Norte
C-D3A5494E22,2026-09-11 17:52:47,Andres Molina,andres.molina.64@obelie.mx,3326673569,Zapopan,mayoreo,Sur
C-EE29771713,2026-09-11 17:52:48,Hugo Salazar,hugo.salazar.81@obelie.mx,3345793264,Tlajomulco,mayoreo,Norte
C-D3704649EA,2026-09-11 17:52:49,Sofia Ramirez,sofia.ramirez.52@obelie.mx,3349934798,Zapopan,nuevo,Sur
C-8840054DDF,2026-09-11 17:52:49,Daniela Pineda,daniela.pineda.39@obelie.mx,3369697705,Guadalajara,evento,Centro
C-7FC2B70AD5,2026-09-11 17:52:50,Ricardo Flores,ricardo.flores.38@obelie.mx,3354011516,Tlajomulco,mayoreo,Centro
C-CE8FB8CA3A,2026-09-11 17:52:51,Sofia Ramirez,sofia.ramirez.93@obelie.mx,3383847992,Guadalajara,evento,Plaza Obelie
C-E2B18C42F1,2026-09-11 17:52:52,Fernando Diaz,fernando.diaz.70@obelie.mx,3314215347,Tlaquepaque,evento,Norte
C-AC2E103D13,2026-09-11 17:52:52,Fernando Diaz,fernando.diaz.25@obelie.mx,3359654786,Tlajomulco,mayoreo,Centro
C-2B5106C73B,2026-09-11 17:52:53,Hugo Salazar,hugo.salazar.21@obelie.mx,3357571699,Tlajomulco,nuevo,Sur
C-E08B62D559,2026-09-11 17:52:54,Elena Vargas,elena.vargas.25@obelie.mx,3351023252,Tlajomulco,frecuente,Sur
C-B1A15C7362,2026-09-11 17:52:55,Paola Nunez,paola.nunez.21@obelie.mx,3338709265,Tonalá,frecuente,Sur
C-9CC9F006AC,2026-09-11 17:52:55,Elena Vargas,elena.vargas.54@obelie.mx,3391659635,Guadalajara,nuevo,Centro
C-94C6271A41,2026-09-11 17:52:56,Elena Vargas,elena.vargas.54@obelie.mx,3388148113,Zapopan,evento,Sur
C-63A951843A,2026-09-11 17:52:56,Andres Molina,andres.molina.69@obelie.mx,3373202434,Guadalajara,mayoreo,Sur
C-97E7640568,2026-09-11 17:52:57,Mateo Aguilar,mateo.aguilar.36@obelie.mx,3324621105,Tlaquepaque,frecuente,Plaza Obelie
C-C031066976,2026-09-11 17:52:57,Andres Molina,andres.molina.74@obelie.mx,3396803801,Zapopan,frecuente,Centro
C-15C1B43B94,2026-09-11 17:52:58,Fernando Diaz,fernando.diaz.95@obelie.mx,3323419439,Zapopan,nuevo,Norte
C-B73DABD88E,2026-09-11 17:52:59,Elena Vargas,elena.vargas.48@obelie.mx,3331153246,Tlajomulco,frecuente,Sur
C-C1A369A987,2026-09-11 17:53:00,Daniela Pineda,daniela.pineda.98@obelie.mx,3377354553,Tonalá,evento,Centro
C-7345F374BE,2026-09-11 17:53:01,Daniela Pineda,daniela.pineda.16@obelie.mx,3328025204,Tonalá,frecuente,Sur
C-FC2AE1593B,2026-09-11 17:53:01,Andres Molina,andres.molina.65@obelie.mx,3372276322,Tonalá,mayoreo,Norte
C-389B5D4E55,2026-09-11 17:53:02,Ricardo Flores,ricardo.flores.38@obelie.mx,3392799065,Tlajomulco,nuevo,Centro
C-44444D2F16,2026-09-11 17:53:03,Mateo Aguilar,mateo.aguilar.87@obelie.mx,3395631755,Zapopan,nuevo,Plaza Obelie
C-BCF00027BE,2026-09-11 17:53:03,Andres Molina,andres.molina.34@obelie.mx,3349015640,Zapopan,nuevo,Plaza Obelie
C-1F2CE7137D,2026-09-11 17:53:04,Valeria Ortiz,valeria.ortiz.59@obelie.mx,3383564013,Tlajomulco,evento,Norte
C-4B0A49E5E1,2026-09-11 17:53:04,Jorge Castillo,jorge.castillo.87@obelie.mx,3357368604,Tlajomulco,frecuente,Norte
C-3A45D54256,2026-09-11 17:53:05,Camila Herrera,camila.herrera.63@obelie.mx,3344264240,Tonalá,frecuente,Norte
C-5604F17392,2026-09-11 17:53:06,Paola Nunez,paola.nunez.19@obelie.mx,3340394917,Tonalá,frecuente,Norte
C-139190A53F,2026-09-11 17:53:07,Mateo Aguilar,mateo.aguilar.70@obelie.mx,3323608645,Zapopan,nuevo,Centro
C-080D73DA29,2026-09-11 17:53:07,Ricardo Flores,ricardo.flores.57@obelie.mx,3382931191,Tlajomulco,evento,Norte
C-9BD17CEF54,2026-09-11 17:53:07,Jorge Castillo,jorge.castillo.55@obelie.mx,3385039863,Guadalajara,frecuente,Plaza Obelie
C-03F111C0FE,2026-09-11 17:53:08,Hugo Salazar,hugo.salazar.78@obelie.mx,3359796788,Zapopan,mayoreo,Norte
C-C5D0513D4C,2026-09-11 17:53:08,Sofia Ramirez,sofia.ramirez.12@obelie.mx,3369621331,Tlajomulco,evento,Plaza Obelie
C-B170333D72,2026-09-11 17:53:08,Ricardo Flores,ricardo.flores.73@obelie.mx,3376285526,Tlaquepaque,mayoreo,Plaza Obelie
C-E1378EE547,2026-09-11 17:53:09,Fernando Diaz,fernando.diaz.72@obelie.mx,3377128104,Tlajomulco,mayoreo,Norte
C-6EA17C80DA,2026-09-11 17:53:09,Camila Herrera,camila.herrera.26@obelie.mx,3320077651,Tlaquepaque,nuevo,Sur
C-EAFAEE2CFF,2026-09-11 17:53:10,Daniela Pineda,daniela.pineda.48@obelie.mx,3396516752,Tlajomulco,nuevo,Plaza Obelie
C-FDE9BEF1D5,2026-09-11 17:53:10,Daniela Pineda,daniela.pineda.66@obelie.mx,3339684314,Zapopan,frecuente,Plaza Obelie
C-D953F03B0A,2026-09-11 17:53:10,Ricardo Flores,ricardo.flores.49@obelie.mx,3347426035,Guadalajara,nuevo,Plaza Obelie
C-2E0D46E61A,2026-09-11 17:53:10,Camila Herrera,camila.herrera.81@obelie.mx,3387853942,Tonalá,nuevo,Centro
C-7B12AE32A9,2026-09-11 17:53:11,Jorge Castillo,jorge.castillo.13@obelie.mx,3355109867,Guadalajara,frecuente,Centro
C-4101751D79,2026-09-11 17:53:11,Elena Vargas,elena.vargas.71@obelie.mx,3328208926,Tlajomulco,evento,Sur
C-FED01E8558,2026-09-11 17:53:11,Ricardo Flores,ricardo.flores.91@obelie.mx,3364944556,Zapopan,mayoreo,Plaza Obelie
C-522AD8F81D,2026-09-11 17:53:12,Elena Vargas,elena.vargas.53@obelie.mx,3338746769,Tonalá,frecuente,Sur
C-E03F69A4C3,2026-09-11 17:53:12,Jorge Castillo,jorge.castillo.72@obelie.mx,3310217300,Zapopan,evento,Plaza Obelie
C-0D233ECF8E,2026-09-11 17:53:12,Ricardo Flores,ricardo.flores.73@obelie.mx,3317085374,Zapopan,nuevo,Norte
C-2CADD02191,2026-09-11 17:53:13,Mateo Aguilar,mateo.aguilar.27@obelie.mx,3370624744,Tlaquepaque,frecuente,Centro
C-396BED4897,2026-09-11 17:53:13,Daniela Pineda,daniela.pineda.67@obelie.mx,3382575770,Tlajomulco,mayoreo,Centro
C-6449C6952A,2026-09-11 17:53:13,Sofia Ramirez,sofia.ramirez.60@obelie.mx,3392531844,Zapopan,evento,Sur
C-F9393CAFAA,2026-09-11 17:53:13,Hugo Salazar,hugo.salazar.23@obelie.mx,3390015082,Guadalajara,frecuente,Plaza Obelie
C-04D0F4F9D2,2026-09-11 17:53:14,Jorge Castillo,jorge.castillo.36@obelie.mx,3394762334,Zapopan,nuevo,Sur
C-CDA4411E71,2026-09-11 17:53:14,Fernando Diaz,fernando.diaz.52@obelie.mx,3370408188,Guadalajara,evento,Centro
C-7CCB9CC831,2026-09-11 17:53:15,Paola Nunez,paola.nunez.57@obelie.mx,3364487763,Tlajomulco,evento,Plaza Obelie
C-E999F4B69B,2026-09-11 17:53:15,Elena Vargas,elena.vargas.28@obelie.mx,3319061088,Tlaquepaque,nuevo,Sur
C-5634B43BEE,2026-09-11 17:53:15,Camila Herrera,camila.herrera.37@obelie.mx,3349589823,Tlaquepaque,evento,Plaza Obelie
C-8AF33C2E71,2026-09-11 17:53:16,Paola Nunez,paola.nunez.74@obelie.mx,3352457891,Tonalá,mayoreo,Norte
C-09690EF1B3,2026-09-11 17:53:16,Hugo Salazar,hugo.salazar.60@obelie.mx,3376286949,Tlaquepaque,frecuente,Norte
C-9DCC8F47F0,2026-09-11 17:53:16,Elena Vargas,elena.vargas.85@obelie.mx,3348271042,Zapopan,nuevo,Centro
C-EA13A4183D,2026-09-11 17:53:17,Ricardo Flores,ricardo.flores.72@obelie.mx,3343683196,Tonalá,frecuente,Plaza Obelie
C-CFD03D2F40,2026-09-11 17:53:17,Paola Nunez,paola.nunez.60@obelie.mx,3395566166,Tonalá,nuevo,Norte
C-2C10D3E7C6,2026-09-11 17:53:17,Andres Molina,andres.molina.96@obelie.mx,3386794335,Tlaquepaque,mayoreo,Centro
C-BB923F6AAB,2026-09-11 17:53:17,Jorge Castillo,jorge.castillo.51@obelie.mx,3340287217,Tlajomulco,mayoreo,Norte
C-46BB77880F,2026-09-11 17:53:18,Hugo Salazar,hugo.salazar.29@obelie.mx,3325716614,Tlajomulco,nuevo,Sur
C-A4B29CB683,2026-09-11 17:53:18,Mateo Aguilar,mateo.aguilar.44@obelie.mx,3333828584,Tlaquepaque,frecuente,Plaza Obelie
C-2F96BCB51D,2026-09-11 17:53:18,Andres Molina,andres.molina.73@obelie.mx,3380448244,Zapopan,evento,Centro
C-D0541FB4A0,2026-09-11 17:53:19,Jorge Castillo,jorge.castillo.22@obelie.mx,3336856105,Zapopan,evento,Norte
C-96EF91D732,2026-09-11 17:53:19,Ricardo Flores,ricardo.flores.85@obelie.mx,3379699638,Zapopan,nuevo,Sur
C-01A0038A03,2026-09-11 17:53:19,Daniela Pineda,daniela.pineda.14@obelie.mx,3385276433,Tlaquepaque,mayoreo,Centro
C-C35ADE9796,2026-09-11 17:53:20,Camila Herrera,camila.herrera.61@obelie.mx,3365557367,Guadalajara,nuevo,Sur
C-399AF1986F,2026-09-11 17:53:20,Valeria Ortiz,valeria.ortiz.76@obelie.mx,3354046929,Tonalá,frecuente,Sur
C-6F33F2C7A0,2026-09-11 17:53:20,Paola Nunez,paola.nunez.51@obelie.mx,3353804465,Tlajomulco,nuevo,Sur
C-D2F4FF83EF,2026-09-11 17:53:21,Camila Herrera,camila.herrera.85@obelie.mx,3368676951,Tonalá,frecuente,Sur
C-2D1EFCDE3F,2026-09-11 17:53:21,Jorge Castillo,jorge.castillo.24@obelie.mx,3330054791,Tlaquepaque,evento,Centro
C-1603F141FA,2026-09-11 17:53:21,Sofia Ramirez,sofia.ramirez.61@obelie.mx,3323363972,Zapopan,mayoreo,Plaza Obelie
C-5FBFAA7CD8,2026-09-11 17:53:22,Andres Molina,andres.molina.22@obelie.mx,3344113281,Tlaquepaque,mayoreo,Norte
C-91AAAC3F50,2026-09-11 17:53:22,Andres Molina,andres.molina.33@obelie.mx,3356567307,Zapopan,nuevo,Plaza Obelie
C-C1DDC1392C,2026-09-11 17:53:23,Elena Vargas,elena.vargas.84@obelie.mx,3336141388,Tlaquepaque,frecuente,Plaza Obelie
C-53F4C1D88E,2026-09-11 17:53:23,Jorge Castillo,jorge.castillo.51@obelie.mx,3317961556,Guadalajara,nuevo,Sur
C-54D37D3BA9,2026-09-11 17:53:23,Camila Herrera,camila.herrera.84@obelie.mx,3390014216,Tlajomulco,nuevo,Norte
C-09F8CB2A98,2026-09-11 17:53:23,Hugo Salazar,hugo.salazar.41@obelie.mx,3377067794,Guadalajara,frecuente,Centro
C-EF3CC8C332,2026-09-11 17:53:24,Elena Vargas,elena.vargas.96@obelie.mx,3356736782,Guadalajara,frecuente,Centro
C-3E62029F8D,2026-09-11 17:53:24,Hugo Salazar,hugo.salazar.20@obelie.mx,3349914714,Zapopan,nuevo,Norte
C-440A764308,2026-09-11 17:53:24,Hugo Salazar,hugo.salazar.48@obelie.mx,3344822937,Tonalá,frecuente,Plaza Obelie
C-1456433BAE,2026-09-11 17:53:25,Ricardo Flores,ricardo.flores.57@obelie.mx,3314806941,Tonalá,mayoreo,Sur
C-F7CA239141,2026-09-11 17:53:25,Valeria Ortiz,valeria.ortiz.36@obelie.mx,3325528526,Tonalá,mayoreo,Sur
C-282533E578,2026-09-11 17:53:25,Valeria Ortiz,valeria.ortiz.64@obelie.mx,3330566196,Tlaquepaque,mayoreo,Centro
C-9D15D58F4B,2026-09-11 17:53:25,Elena Vargas,elena.vargas.93@obelie.mx,3338021687,Guadalajara,frecuente,Plaza Obelie
C-69C05C0F4E,2026-09-11 17:53:26,Fernando Diaz,fernando.diaz.41@obelie.mx,3316647470,Guadalajara,mayoreo,Norte
C-B57AB89363,2026-09-11 17:53:26,Fernando Diaz,fernando.diaz.82@obelie.mx,3348532507,Tonalá,mayoreo,Plaza Obelie
C-8765C27705,2026-09-11 17:53:26,Fernando Diaz,fernando.diaz.13@obelie.mx,3314198246,Tlaquepaque,frecuente,Norte
C-AF89B5EE81,2026-09-11 17:53:27,Elena Vargas,elena.vargas.97@obelie.mx,3311164334,Tlaquepaque,evento,Sur
C-17F149FBEC,2026-09-11 17:53:27,Daniela Pineda,daniela.pineda.99@obelie.mx,3394641186,Guadalajara,nuevo,Centro
C-7215D7AC63,2026-09-11 17:53:27,Elena Vargas,elena.vargas.52@obelie.mx,3358059245,Guadalajara,mayoreo,Norte
C-F0AF9447F0,2026-09-11 17:53:28,Andres Molina,andres.molina.77@obelie.mx,3351201600,Zapopan,mayoreo,Plaza Obelie
C-D035B0BD24,2026-09-11 17:53:28,Ricardo Flores,ricardo.flores.43@obelie.mx,3379757040,Tlaquepaque,mayoreo,Norte
C-A680C96413,2026-09-11 17:53:28,Daniela Pineda,daniela.pineda.14@obelie.mx,3398544955,Zapopan,evento,Norte
C-46CC627BE5,2026-09-11 17:53:29,Ricardo Flores,ricardo.flores.29@obelie.mx,3335054662,Guadalajara,evento,Plaza Obelie
C-BD079F8714,2026-09-11 17:53:29,Hugo Salazar,hugo.salazar.73@obelie.mx,3358491178,Tlaquepaque,nuevo,Plaza Obelie
C-B118949375,2026-09-11 17:53:30,Hugo Salazar,hugo.salazar.30@obelie.mx,3367908749,Tlaquepaque,nuevo,Sur
C-4ABF465F41,2026-09-11 17:53:30,Mateo Aguilar,mateo.aguilar.59@obelie.mx,3311201875,Tlaquepaque,mayoreo,Norte
C-38D057F2C7,2026-09-11 17:53:30,Ricardo Flores,ricardo.flores.46@obelie.mx,3391152546,Zapopan,frecuente,Sur
C-419EE5CFAE,2026-09-11 17:53:30,Sofia Ramirez,sofia.ramirez.61@obelie.mx,3371121680,Zapopan,evento,Sur
C-C67DE7E6E4,2026-09-11 17:53:31,Andres Molina,andres.molina.17@obelie.mx,3321502549,Zapopan,mayoreo,Sur
C-3011A7AB8C,2026-09-11 17:53:31,Sofia Ramirez,sofia.ramirez.43@obelie.mx,3393444153,Guadalajara,mayoreo,Plaza Obelie
C-F6BDD9FF19,2026-09-11 17:53:31,Hugo Salazar,hugo.salazar.65@obelie.mx,3399366458,Tlajomulco,nuevo,Sur
C-25AA33E25B,2026-09-11 17:53:32,Jorge Castillo,jorge.castillo.19@obelie.mx,3327674731,Tlajomulco,frecuente,Centro
C-D2258BA5E9,2026-09-11 17:53:32,Sofia Ramirez,sofia.ramirez.22@obelie.mx,3317575678,Guadalajara,evento,Plaza Obelie
C-3DB7387A3A,2026-09-11 17:53:32,Hugo Salazar,hugo.salazar.46@obelie.mx,3339531412,Tonalá,evento,Centro
C-6A9FC6A202,2026-09-11 17:53:33,Hugo Salazar,hugo.salazar.52@obelie.mx,3381195800,Tlajomulco,mayoreo,Centro
C-E28CAC3557,2026-09-11 17:53:33,Sofia Ramirez,sofia.ramirez.36@obelie.mx,3385965639,Guadalajara,nuevo,Plaza Obelie
C-2E18C818C6,2026-09-11 17:53:33,Daniela Pineda,daniela.pineda.14@obelie.mx,3338857370,Tonalá,nuevo,Plaza Obelie
C-E0579C6BFA,2026-09-11 17:53:33,Fernando Diaz,fernando.diaz.30@obelie.mx,3347764479,Tlajomulco,nuevo,Norte
C-986391CCD8,2026-09-11 17:53:34,Sofia Ramirez,sofia.ramirez.66@obelie.mx,3317555572,Tonalá,mayoreo,Sur
C-6CA57537D1,2026-09-11 17:53:34,Hugo Salazar,hugo.salazar.97@obelie.mx,3340109348,Zapopan,nuevo,Plaza Obelie
C-AF78AE09A3,2026-09-11 17:53:34,Andres Molina,andres.molina.98@obelie.mx,3365276273,Zapopan,nuevo,Centro
C-49CD7B13F5,2026-09-11 17:53:34,Sofia Ramirez,sofia.ramirez.29@obelie.mx,3389606169,Tonalá,nuevo,Sur
C-CDC53C030D,2026-09-11 17:53:35,Jorge Castillo,jorge.castillo.30@obelie.mx,3326314955,Tlajomulco,frecuente,Centro
C-799BCBB05A,2026-09-11 17:53:35,Daniela Pineda,daniela.pineda.71@obelie.mx,3388827375,Guadalajara,evento,Centro
C-E2713C7836,2026-09-11 17:53:35,Andres Molina,andres.molina.52@obelie.mx,3366372008,Tlaquepaque,evento,Sur
C-97BD31F7DF,2026-09-11 17:53:36,Camila Herrera,camila.herrera.48@obelie.mx,3388736338,Guadalajara,evento,Plaza Obelie
C-CC97A9FFA7,2026-09-11 17:53:36,Daniela Pineda,daniela.pineda.73@obelie.mx,3350332599,Zapopan,evento,Sur
C-754F260F75,2026-09-11 17:53:36,Elena Vargas,elena.vargas.84@obelie.mx,3376747939,Tlajomulco,nuevo,Norte
C-54CFB7DE6E,2026-09-11 17:53:37,Daniela Pineda,daniela.pineda.99@obelie.mx,3370383232,Guadalajara,mayoreo,Sur
C-5BAF281D26,2026-09-11 17:53:37,Sofia Ramirez,sofia.ramirez.96@obelie.mx,3396577043,Tlajomulco,evento,Centro
C-252629C679,2026-09-11 17:53:37,Paola Nunez,paola.nunez.95@obelie.mx,3390707978,Zapopan,nuevo,Plaza Obelie
C-2D057E97D6,2026-09-11 17:53:38,Paola Nunez,paola.nunez.29@obelie.mx,3318559156,Tlaquepaque,frecuente,Plaza Obelie
C-DD2AC14C73,2026-09-11 17:53:38,Sofia Ramirez,sofia.ramirez.43@obelie.mx,3342394067,Guadalajara,evento,Plaza Obelie
C-0DC64462A3,2026-09-11 17:53:38,Ricardo Flores,ricardo.flores.27@obelie.mx,3387417965,Tonalá,nuevo,Plaza Obelie
C-E4F49A52D5,2026-09-11 17:53:39,Mateo Aguilar,mateo.aguilar.28@obelie.mx,3398369003,Tlajomulco,frecuente,Plaza Obelie
C-BED2EC8DB7,2026-09-11 17:53:39,Hugo Salazar,hugo.salazar.63@obelie.mx,3361004890,Tlajomulco,mayoreo,Sur
C-3889D714DD,2026-09-11 17:53:39,Elena Vargas,elena.vargas.60@obelie.mx,3317313834,Guadalajara,nuevo,Sur
C-28E78C12AD,2026-09-11 17:53:40,Sofia Ramirez,sofia.ramirez.56@obelie.mx,3388363867,Guadalajara,frecuente,Sur
C-D506950956,2026-09-11 17:53:40,Fernando Diaz,fernando.diaz.71@obelie.mx,3352775828,Tonalá,evento,Norte
C-EBE3CCFC53,2026-09-11 17:53:40,Paola Nunez,paola.nunez.67@obelie.mx,3356694327,Tlaquepaque,evento,Plaza Obelie
C-BFEFD542F6,2026-09-11 17:53:41,Elena Vargas,elena.vargas.22@obelie.mx,3349952192,Guadalajara,nuevo,Centro
C-5E8D1D7AC4,2026-09-11 17:53:41,Mateo Aguilar,mateo.aguilar.23@obelie.mx,3332177891,Tonalá,frecuente,Plaza Obelie
C-B4837FFA7A,2026-09-11 17:53:41,Valeria Ortiz,valeria.ortiz.54@obelie.mx,3343664550,Tonalá,evento,Plaza Obelie
C-91B4E14B50,2026-09-11 17:53:41,Daniela Pineda,daniela.pineda.76@obelie.mx,3315301824,Tonalá,nuevo,Norte
C-000950AA47,2026-09-11 17:53:42,Ricardo Flores,ricardo.flores.25@obelie.mx,3381335929,Tonalá,nuevo,Sur
C-1A380828A6,2026-09-11 17:53:42,Valeria Ortiz,valeria.ortiz.82@obelie.mx,3311498982,Guadalajara,nuevo,Centro
C-570B2F1531,2026-09-11 17:53:42,Ricardo Flores,ricardo.flores.70@obelie.mx,3350162993,Tlaquepaque,frecuente,Plaza Obelie
C-76267EF71A,2026-09-11 17:53:43,Sofia Ramirez,sofia.ramirez.14@obelie.mx,3357248521,Zapopan,nuevo,Plaza Obelie
C-7389D2BE60,2026-09-11 17:53:43,Elena Vargas,elena.vargas.64@obelie.mx,3310197646,Zapopan,evento,Centro
C-5C28EBDF1F,2026-09-11 17:53:44,Jorge Castillo,jorge.castillo.43@obelie.mx,3378907390,Tlaquepaque,frecuente,Norte
C-56A713791F,2026-09-11 17:53:44,Elena Vargas,elena.vargas.86@obelie.mx,3373842602,Tonalá,frecuente,Norte
C-0355F0BF35,2026-09-11 17:53:44,Camila Herrera,camila.herrera.94@obelie.mx,3386286825,Zapopan,nuevo,Centro
C-43EF440812,2026-09-11 17:53:44,Paola Nunez,paola.nunez.77@obelie.mx,3317365052,Tlajomulco,mayoreo,Sur
C-338EEFCA46,2026-09-11 17:53:45,Daniela Pineda,daniela.pineda.26@obelie.mx,3326236429,Zapopan,frecuente,Norte
C-158329E569,2026-09-11 17:53:45,Mateo Aguilar,mateo.aguilar.97@obelie.mx,3324779937,Zapopan,evento,Centro
C-25B4C25495,2026-09-11 17:53:45,Mateo Aguilar,mateo.aguilar.19@obelie.mx,3341117870,Tonalá,mayoreo,Norte
C-125890264A,2026-09-11 17:53:46,Daniela Pineda,daniela.pineda.49@obelie.mx,3342181399,Zapopan,evento,Sur
C-6C205C1411,2026-09-11 17:53:46,Jorge Castillo,jorge.castillo.68@obelie.mx,3315231191,Tlajomulco,mayoreo,Norte
C-318A52A260,2026-09-11 17:53:46,Paola Nunez,paola.nunez.64@obelie.mx,3373702866,Guadalajara,mayoreo,Centro
C-87289DA2CA,2026-09-11 17:53:46,Mateo Aguilar,mateo.aguilar.58@obelie.mx,3378262454,Guadalajara,mayoreo,Norte
C-B16C138EEB,2026-09-11 17:53:47,Fernando Diaz,fernando.diaz.73@obelie.mx,3352958098,Guadalajara,mayoreo,Norte
C-7FBA3F89ED,2026-09-11 17:53:47,Elena Vargas,elena.vargas.52@obelie.mx,3363134254,Tlajomulco,frecuente,Norte
C-7ED287445F,2026-09-11 17:53:47,Fernando Diaz,fernando.diaz.51@obelie.mx,3351649893,Zapopan,evento,Sur
C-BE76C18B45,2026-09-11 17:53:48,Ricardo Flores,ricardo.flores.26@obelie.mx,3358701693,Zapopan,frecuente,Norte
C-648CEBC714,2026-09-11 17:53:48,Jorge Castillo,jorge.castillo.27@obelie.mx,3312981826,Tlaquepaque,frecuente,Norte
C-6FB3580619,2026-09-11 17:53:48,Hugo Salazar,hugo.salazar.87@obelie.mx,3334124603,Tonalá,nuevo,Norte
C-320040E1B8,2026-09-11 17:53:48,Camila Herrera,camila.herrera.26@obelie.mx,3316368653,Tlaquepaque,frecuente,Centro
C-85B7A7BF86,2026-09-11 17:53:49,Daniela Pineda,daniela.pineda.92@obelie.mx,3326504448,Tlajomulco,mayoreo,Norte
C-BEAA026934,2026-09-11 17:53:49,Sofia Ramirez,sofia.ramirez.63@obelie.mx,3379488373,Tlajomulco,mayoreo,Sur
C-FC568FC4E4,2026-09-11 17:53:50,Mateo Aguilar,mateo.aguilar.11@obelie.mx,3351875473,Tonalá,nuevo,Plaza Obelie
C-EBDCBA3891,2026-09-11 17:53:50,Fernando Diaz,fernando.diaz.68@obelie.mx,3345402893,Guadalajara,frecuente,Norte
C-5C88D8204D,2026-09-11 17:53:50,Sofia Ramirez,sofia.ramirez.10@obelie.mx,3377428005,Guadalajara,evento,Centro
C-1040A9F2A8,2026-09-11 17:53:50,Camila Herrera,camila.herrera.79@obelie.mx,3376378146,Tlajomulco,frecuente,Plaza Obelie
C-F64F43ED01,2026-09-11 17:53:51,Hugo Salazar,hugo.salazar.58@obelie.mx,3338313681,Tonalá,frecuente,Sur
C-74D0E8C286,2026-09-11 17:53:51,Paola Nunez,paola.nunez.67@obelie.mx,3342272331,Guadalajara,nuevo,Norte
C-A163894631,2026-09-11 17:53:52,Elena Vargas,elena.vargas.64@obelie.mx,3339994021,Tlajomulco,frecuente,Plaza Obelie
C-C52C7A8BA9,2026-09-11 17:53:52,Elena Vargas,elena.vargas.70@obelie.mx,3342106144,Tonalá,mayoreo,Sur
C-D85430FDCD,2026-09-11 17:53:52,Valeria Ortiz,valeria.ortiz.25@obelie.mx,3377881935,Zapopan,frecuente,Centro
C-86EEA3D553,2026-09-11 17:53:52,Valeria Ortiz,valeria.ortiz.19@obelie.mx,3387083422,Tonalá,mayoreo,Sur
C-9F782570B8,2026-09-11 17:53:53,Paola Nunez,paola.nunez.90@obelie.mx,3320139663,Tonalá,evento,Sur
C-FEFF5F1F4B,2026-09-11 17:53:53,Paola Nunez,paola.nunez.57@obelie.mx,3345336352,Tlajomulco,frecuente,Plaza Obelie
C-F04BD94646,2026-09-11 17:53:54,Paola Nunez,paola.nunez.37@obelie.mx,3340252764,Tlaquepaque,mayoreo,Centro
C-75AAC27EFF,2026-09-11 17:53:54,Hugo Salazar,hugo.salazar.28@obelie.mx,3386435191,Tlaquepaque,mayoreo,Sur
C-4F756F739F,2026-09-11 17:53:54,Elena Vargas,elena.vargas.55@obelie.mx,3389183663,Tlaquepaque,frecuente,Sur
C-6A1B6028AD,2026-09-11 17:53:55,Sofia Ramirez,sofia.ramirez.80@obelie.mx,3347072186,Tlaquepaque,evento,Centro
C-897C141F47,2026-09-11 17:53:55,Mateo Aguilar,mateo.aguilar.61@obelie.mx,3358807348,Guadalajara,frecuente,Centro
C-19FE37D396,2026-09-11 17:53:55,Mateo Aguilar,mateo.aguilar.42@obelie.mx,3323734105,Tonalá,nuevo,Centro
C-A62087499E,2026-09-11 17:53:56,Valeria Ortiz,valeria.ortiz.57@obelie.mx,3331311467,Tonalá,frecuente,Centro
C-760664DEBB,2026-09-11 17:53:56,Sofia Ramirez,sofia.ramirez.65@obelie.mx,3343187809,Tlajomulco,frecuente,Norte
C-5878518FED,2026-09-11 17:53:56,Mateo Aguilar,mateo.aguilar.18@obelie.mx,3357859407,Tonalá,frecuente,Norte
C-308E8FAA3D,2026-09-11 17:53:57,Ricardo Flores,ricardo.flores.53@obelie.mx,3378473613,Tlajomulco,nuevo,Plaza Obelie
C-16037D0889,2026-09-11 17:53:57,Daniela Pineda,daniela.pineda.61@obelie.mx,3327811549,Zapopan,frecuente,Norte
C-80F150A4BB,2026-09-11 17:53:57,Fernando Diaz,fernando.diaz.14@obelie.mx,3399772221,Guadalajara,frecuente,Plaza Obelie
C-D74F316725,2026-09-11 17:53:57,Hugo Salazar,hugo.salazar.95@obelie.mx,3322186353,Tlajomulco,frecuente,Sur
C-4D9898FDD3,2026-09-11 17:53:58,Sofia Ramirez,sofia.ramirez.80@obelie.mx,3399114570,Guadalajara,mayoreo,Norte
C-D3AE8E15C4,2026-09-11 17:53:58,Valeria Ortiz,valeria.ortiz.90@obelie.mx,3389636669,Zapopan,mayoreo,Centro
C-E14F87F93D,2026-09-11 17:53:58,Fernando Diaz,fernando.diaz.74@obelie.mx,3357444428,Tlajomulco,evento,Centro
C-6141A7425D,2026-09-11 17:53:59,Valeria Ortiz,valeria.ortiz.41@obelie.mx,3383575078,Zapopan,evento,Norte
C-2C1ADE0F3F,2026-09-11 17:53:59,Paola Nunez,paola.nunez.63@obelie.mx,3336135596,Tlaquepaque,evento,Centro
C-E772CE734A,2026-09-11 17:53:59,Valeria Ortiz,valeria.ortiz.73@obelie.mx,3364503102,Tlaquepaque,nuevo,Plaza Obelie
C-3C0830FCE0,2026-09-11 17:54:00,Valeria Ortiz,valeria.ortiz.71@obelie.mx,3391921810,Tonalá,mayoreo,Sur
C-FFD65D792A,2026-09-11 17:54:00,Camila Herrera,camila.herrera.41@obelie.mx,3356316531,Tonalá,mayoreo,Centro
C-4E7EB335FA,2026-09-11 17:54:01,Ricardo Flores,ricardo.flores.16@obelie.mx,3332399524,Tonalá,nuevo,Norte
C-749C6A5BF2,2026-09-11 17:54:01,Jorge Castillo,jorge.castillo.68@obelie.mx,3355566171,Tlaquepaque,nuevo,Norte
C-B0F9945A0F,2026-09-11 17:54:01,Jorge Castillo,jorge.castillo.20@obelie.mx,3345572197,Zapopan,nuevo,Sur
C-B6FD79ADFD,2026-09-11 17:54:02,Elena Vargas,elena.vargas.26@obelie.mx,3316657306,Guadalajara,evento,Centro
C-7660EE45B2,2026-09-11 17:54:02,Andres Molina,andres.molina.34@obelie.mx,3332789695,Guadalajara,mayoreo,Plaza Obelie
C-374B83308E,2026-09-11 17:54:02,Mateo Aguilar,mateo.aguilar.95@obelie.mx,3388611158,Tonalá,evento,Plaza Obelie
C-62A446BDFA,2026-09-11 17:54:03,Jorge Castillo,jorge.castillo.45@obelie.mx,3360225566,Zapopan,evento,Norte
C-63E5915DD4,2026-09-11 17:54:03,Sofia Ramirez,sofia.ramirez.84@obelie.mx,3314065020,Zapopan,frecuente,Plaza Obelie
C-30AF6DA354,2026-09-11 17:54:03,Ricardo Flores,ricardo.flores.34@obelie.mx,3377147181,Zapopan,nuevo,Centro
C-12B9DD7FF2,2026-09-11 17:54:04,Valeria Ortiz,valeria.ortiz.84@obelie.mx,3378948970,Tlajomulco,evento,Norte
C-5D7F592339,2026-09-11 17:54:04,Hugo Salazar,hugo.salazar.99@obelie.mx,3324231343,Guadalajara,mayoreo,Plaza Obelie
C-76C2F0F428,2026-09-11 17:54:04,Elena Vargas,elena.vargas.69@obelie.mx,3343284308,Zapopan,frecuente,Centro
C-8984EF2110,2026-09-11 17:54:05,Camila Herrera,camila.herrera.18@obelie.mx,3388388754,Zapopan,nuevo,Centro
C-F322D660E9,2026-09-11 17:54:05,Paola Nunez,paola.nunez.63@obelie.mx,3343204718,Tonalá,frecuente,Centro
C-E24335EBEA,2026-09-11 17:54:05,Paola Nunez,paola.nunez.30@obelie.mx,3373444387,Tlajomulco,nuevo,Centro
C-21ABD7D968,2026-09-11 17:54:06,Sofia Ramirez,sofia.ramirez.52@obelie.mx,3338958688,Guadalajara,evento,Sur
C-A01D818D4E,2026-09-11 17:54:06,Hugo Salazar,hugo.salazar.93@obelie.mx,3310523219,Tlajomulco,mayoreo,Sur
C-A7AB2C7EB9,2026-09-11 17:54:06,Andres Molina,andres.molina.54@obelie.mx,3349271804,Tonalá,nuevo,Centro
C-981F0B35BA,2026-09-11 17:54:07,Jorge Castillo,jorge.castillo.46@obelie.mx,3382891802,Tlajomulco,frecuente,Plaza Obelie
C-CDAA7B31CD,2026-09-11 17:54:07,Andres Molina,andres.molina.26@obelie.mx,3362437733,Tonalá,mayoreo,Centro
C-6B2A17379A,2026-09-11 17:54:07,Camila Herrera,camila.herrera.39@obelie.mx,3320383611,Tlajomulco,frecuente,Sur
C-842833A4B1,2026-09-11 17:54:08,Paola Nunez,paola.nunez.32@obelie.mx,3346035932,Zapopan,nuevo,Norte
C-1C8D02245F,2026-09-11 17:54:08,Mateo Aguilar,mateo.aguilar.61@obelie.mx,3315973480,Tlaquepaque,mayoreo,Sur
C-92EA8ACA29,2026-09-11 17:54:09,Elena Vargas,elena.vargas.76@obelie.mx,3375139479,Tlajomulco,mayoreo,Centro
C-020417A265,2026-09-11 17:54:09,Fernando Diaz,fernando.diaz.83@obelie.mx,3339411747,Guadalajara,evento,Plaza Obelie
C-9C06F7C0B2,2026-09-11 17:54:09,Mateo Aguilar,mateo.aguilar.27@obelie.mx,3373641731,Zapopan,nuevo,Sur
C-842968A60B,2026-09-11 17:54:09,Mateo Aguilar,mateo.aguilar.10@obelie.mx,3383402343,Zapopan,evento,Norte
C-407CED1EE1,2026-09-11 17:54:10,Paola Nunez,paola.nunez.20@obelie.mx,3343685087,Tlajomulco,evento,Centro
C-9B5E0F92C7,2026-09-11 17:54:10,Valeria Ortiz,valeria.ortiz.42@obelie.mx,3392978736,Tlaquepaque,frecuente,Norte
C-6723EC74C8,2026-09-11 17:54:10,Mateo Aguilar,mateo.aguilar.57@obelie.mx,3316065187,Zapopan,evento,Plaza Obelie
C-5EEE6EAF81,2026-09-11 17:54:11,Daniela Pineda,daniela.pineda.72@obelie.mx,3378443852,Tlaquepaque,frecuente,Sur
C-33795F0CE6,2026-09-11 17:54:11,Daniela Pineda,daniela.pineda.73@obelie.mx,3319388874,Zapopan,evento,Centro
C-EFCAD30B94,2026-09-11 17:54:12,Mateo Aguilar,mateo.aguilar.10@obelie.mx,3389793689,Tonalá,mayoreo,Centro
C-0DBF370FE8,2026-09-11 17:54:12,Ricardo Flores,ricardo.flores.81@obelie.mx,3320971578,Guadalajara,frecuente,Norte
C-4A4D3935B2,2026-09-11 17:54:13,Ricardo Flores,ricardo.flores.52@obelie.mx,3316737663,Tonalá,evento,Plaza Obelie
C-F409E6416B,2026-09-11 17:54:13,Camila Herrera,camila.herrera.83@obelie.mx,3320815222,Tlaquepaque,nuevo,Sur
C-8A952D3D23,2026-09-11 17:54:13,Mateo Aguilar,mateo.aguilar.61@obelie.mx,3377406694,Guadalajara,frecuente,Plaza Obelie
C-8D287D1C83,2026-09-11 17:54:14,Fernando Diaz,fernando.diaz.60@obelie.mx,3366337872,Zapopan,frecuente,Norte
C-45B32A2702,2026-09-11 17:54:14,Hugo Salazar,hugo.salazar.70@obelie.mx,3334196640,Zapopan,nuevo,Sur
C-66BD8556DA,2026-09-11 17:54:14,Ricardo Flores,ricardo.flores.82@obelie.mx,3351037151,Tonalá,evento,Plaza Obelie
C-925A56A238,2026-09-11 17:54:15,Mateo Aguilar,mateo.aguilar.12@obelie.mx,3373468012,Tonalá,mayoreo,Plaza Obelie
C-B1D68D9413,2026-09-11 17:54:15,Camila Herrera,camila.herrera.72@obelie.mx,3389891021,Guadalajara,nuevo,Norte
C-4B5CF7F95A,2026-09-11 17:54:15,Sofia Ramirez,sofia.ramirez.86@obelie.mx,3390039956,Tlajomulco,evento,Norte
C-951A1ADC67,2026-09-11 17:54:16,Paola Nunez,paola.nunez.28@obelie.mx,3376618359,Tonalá,frecuente,Centro
C-D572EF7B95,2026-09-11 17:54:16,Paola Nunez,paola.nunez.24@obelie.mx,3315272585,Tlajomulco,frecuente,Sur
C-3E9EB38180,2026-09-11 17:54:16,Sofia Ramirez,sofia.ramirez.37@obelie.mx,3384525381,Zapopan,frecuente,Centro
C-19BFFBBBEC,2026-09-11 17:54:16,Hugo Salazar,hugo.salazar.69@obelie.mx,3325293793,Tlaquepaque,frecuente,Norte
C-46010970A6,2026-09-11 17:54:17,Daniela Pineda,daniela.pineda.26@obelie.mx,3368881370,Tlajomulco,mayoreo,Plaza Obelie
C-05ECAC88E4,2026-09-11 17:54:17,Andres Molina,andres.molina.21@obelie.mx,3366271454,Tlajomulco,mayoreo,Sur
C-9562BA7899,2026-09-11 17:54:17,Fernando Diaz,fernando.diaz.11@obelie.mx,3358135744,Tlaquepaque,evento,Centro
C-F2BC4804C5,2026-09-11 17:54:17,Sofia Ramirez,sofia.ramirez.79@obelie.mx,3339906189,Zapopan,evento,Norte
C-5A8DE9358C,2026-09-11 17:54:18,Camila Herrera,camila.herrera.93@obelie.mx,3362804904,Tlaquepaque,evento,Plaza Obelie
C-08F8390311,2026-09-11 17:54:18,Sofia Ramirez,sofia.ramirez.23@obelie.mx,3341566682,Zapopan,nuevo,Sur
C-9FBF3AFAD0,2026-09-11 17:54:19,Fernando Diaz,fernando.diaz.60@obelie.mx,3386126366,Tlaquepaque,frecuente,Centro
C-E1DEBB6A65,2026-09-11 17:54:19,Mateo Aguilar,mateo.aguilar.98@obelie.mx,3392876354,Tlaquepaque,frecuente,Plaza Obelie
C-37C3473655,2026-09-11 17:54:19,Camila Herrera,camila.herrera.24@obelie.mx,3355746787,Tonalá,mayoreo,Plaza Obelie
C-7FE8CFA511,2026-09-11 17:54:19,Mateo Aguilar,mateo.aguilar.11@obelie.mx,3351358316,Guadalajara,mayoreo,Sur
C-313F363BAE,2026-09-11 17:54:20,Valeria Ortiz,valeria.ortiz.80@obelie.mx,3388685945,Guadalajara,frecuente,Plaza Obelie
C-BD783A6F87,2026-09-11 17:54:20,Mateo Aguilar,mateo.aguilar.19@obelie.mx,3371308362,Zapopan,frecuente,Sur
C-CD39380106,2026-09-11 17:54:20,Sofia Ramirez,sofia.ramirez.42@obelie.mx,3359505883,Tlajomulco,frecuente,Centro
C-B2ADA80364,2026-09-11 17:54:21,Hugo Salazar,hugo.salazar.56@obelie.mx,3322258227,Tonalá,mayoreo,Plaza Obelie
C-5C46BBAB2C,2026-09-11 17:54:21,Sofia Ramirez,sofia.ramirez.45@obelie.mx,3361847295,Tlaquepaque,mayoreo,Norte
C-7B741AB8FF,2026-09-11 17:54:21,Sofia Ramirez,sofia.ramirez.34@obelie.mx,3358541806,Zapopan,frecuente,Plaza Obelie
C-9400E3AD03,2026-09-11 17:54:22,Camila Herrera,camila.herrera.60@obelie.mx,3393415946,Tlajomulco,evento,Sur
C-2DFEFD69DB,2026-09-11 17:54:22,Andres Molina,andres.molina.41@obelie.mx,3387985170,Guadalajara,nuevo,Plaza Obelie
C-5227273448,2026-09-11 17:54:22,Daniela Pineda,daniela.pineda.51@obelie.mx,3351422508,Guadalajara,mayoreo,Norte
C-189605049F,2026-09-11 17:54:22,Elena Vargas,elena.vargas.42@obelie.mx,3345735644,Tonalá,evento,Sur
C-93D118EFA8,2026-09-11 17:54:23,Ricardo Flores,ricardo.flores.31@obelie.mx,3374648686,Tonalá,evento,Plaza Obelie
C-7E058DF6FA,2026-09-11 17:54:23,Fernando Diaz,fernando.diaz.67@obelie.mx,3343294747,Guadalajara,evento,Plaza Obelie
C-445DA3F9BB,2026-09-11 17:54:24,Mateo Aguilar,mateo.aguilar.20@obelie.mx,3316269813,Tlaquepaque,nuevo,Sur
C-195CD41830,2026-09-11 17:54:24,Elena Vargas,elena.vargas.70@obelie.mx,3346648736,Tonalá,evento,Plaza Obelie
C-453F703D3F,2026-09-11 17:54:24,Camila Herrera,camila.herrera.93@obelie.mx,3388465830,Tonalá,frecuente,Norte
C-03E63FC946,2026-09-11 17:54:24,Fernando Diaz,fernando.diaz.71@obelie.mx,3323625403,Zapopan,frecuente,Norte
C-157FB13089,2026-09-11 17:54:25,Mateo Aguilar,mateo.aguilar.62@obelie.mx,3323513478,Tlajomulco,frecuente,Plaza Obelie
C-C605490EF1,2026-09-11 17:54:25,Mateo Aguilar,mateo.aguilar.60@obelie.mx,3346232496,Tlajomulco,evento,Sur
C-85D2C8AA8C,2026-09-11 17:54:26,Sofia Ramirez,sofia.ramirez.80@obelie.mx,3341816875,Guadalajara,mayoreo,Norte
C-D4D07C3470,2026-09-11 17:54:26,Camila Herrera,camila.herrera.22@obelie.mx,3348208610,Tlaquepaque,evento,Sur
C-A6AD51537B,2026-09-11 17:54:26,Ricardo Flores,ricardo.flores.83@obelie.mx,3329461297,Tlaquepaque,frecuente,Norte
C-A005719815,2026-09-11 17:54:26,Camila Herrera,camila.herrera.65@obelie.mx,3358685501,Tlajomulco,evento,Plaza Obelie
C-09B2B894AA,2026-09-11 17:54:27,Fernando Diaz,fernando.diaz.31@obelie.mx,3347252208,Guadalajara,evento,Centro
C-426FCCDF42,2026-09-11 17:54:27,Valeria Ortiz,valeria.ortiz.11@obelie.mx,3378827208,Tlaquepaque,nuevo,Norte
C-365260DC38,2026-09-11 17:54:27,Elena Vargas,elena.vargas.31@obelie.mx,3327578472,Tlaquepaque,frecuente,Plaza Obelie
C-9F1DCE4174,2026-09-11 17:54:28,Andres Molina,andres.molina.90@obelie.mx,3389913995,Tlaquepaque,frecuente,Norte
C-71D4158BED,2026-09-11 17:54:28,Valeria Ortiz,valeria.ortiz.78@obelie.mx,3346566933,Zapopan,mayoreo,Norte
C-0798B45BFB,2026-09-11 17:54:28,Elena Vargas,elena.vargas.29@obelie.mx,3395071951,Tonalá,mayoreo,Sur
C-DFBB1AB56B,2026-09-11 17:54:28,Daniela Pineda,daniela.pineda.80@obelie.mx,3396486622,Guadalajara,nuevo,Plaza Obelie
C-7B81B9B7CE,2026-09-11 17:54:29,Elena Vargas,elena.vargas.95@obelie.mx,3328335241,Tlajomulco,frecuente,Centro
C-C44809A73D,2026-09-11 17:54:29,Camila Herrera,camila.herrera.11@obelie.mx,3359323182,Tonalá,evento,Sur
C-1E1B128573,2026-09-11 17:54:30,Sofia Ramirez,sofia.ramirez.42@obelie.mx,3336008531,Guadalajara,nuevo,Norte
C-9BE4828140,2026-09-11 17:54:30,Andres Molina,andres.molina.80@obelie.mx,3332396747,Zapopan,mayoreo,Norte
C-357A84C4D4,2026-09-11 17:54:30,Ricardo Flores,ricardo.flores.54@obelie.mx,3363934400,Zapopan,frecuente,Sur
C-147C467243,2026-09-11 17:54:30,Fernando Diaz,fernando.diaz.63@obelie.mx,3338048514,Guadalajara,mayoreo,Norte
C-ED012DD91D,2026-09-11 17:54:31,Andres Molina,andres.molina.49@obelie.mx,3331439664,Tlajomulco,frecuente,Sur
C-842E4CF90C,2026-09-11 17:54:31,Elena Vargas,elena.vargas.60@obelie.mx,3353726938,Tonalá,mayoreo,Sur
C-7050F43392,2026-09-11 17:54:32,Fernando Diaz,fernando.diaz.34@obelie.mx,3325203394,Tlajomulco,nuevo,Norte
C-661221C9CA,2026-09-11 17:54:32,Mateo Aguilar,mateo.aguilar.13@obelie.mx,3384292827,Guadalajara,frecuente,Plaza Obelie
C-FCE850765C,2026-09-11 17:54:32,Elena Vargas,elena.vargas.10@obelie.mx,3395539406,Tlaquepaque,frecuente,Sur
C-02F9E7EAD7,2026-09-11 17:54:32,Hugo Salazar,hugo.salazar.95@obelie.mx,3341846913,Zapopan,frecuente,Sur
C-FAC9CA83E0,2026-09-11 17:54:33,Hugo Salazar,hugo.salazar.66@obelie.mx,3334552740,Guadalajara,mayoreo,Centro
C-4DBD6705C8,2026-09-11 17:54:33,Camila Herrera,camila.herrera.53@obelie.mx,3356013622,Zapopan,mayoreo,Centro
C-D9115DF221,2026-09-11 17:54:33,Andres Molina,andres.molina.59@obelie.mx,3351089302,Guadalajara,frecuente,Norte
C-8C8A49C75D,2026-09-11 17:54:34,Jorge Castillo,jorge.castillo.23@obelie.mx,3339262247,Guadalajara,frecuente,Norte
C-23AB9EBB21,2026-09-11 17:54:34,Paola Nunez,paola.nunez.19@obelie.mx,3381581144,Tlajomulco,nuevo,Sur
C-46BAB72946,2026-09-11 17:54:34,Jorge Castillo,jorge.castillo.51@obelie.mx,3355343374,Zapopan,mayoreo,Sur
C-83DFDE7007,2026-09-11 17:54:35,Camila Herrera,camila.herrera.76@obelie.mx,3391935143,Zapopan,frecuente,Centro
C-AA32FEBFD5,2026-09-11 17:54:35,Jorge Castillo,jorge.castillo.56@obelie.mx,3399483986,Zapopan,evento,Plaza Obelie
C-F90914122D,2026-09-11 17:54:35,Paola Nunez,paola.nunez.38@obelie.mx,3377006992,Guadalajara,nuevo,Centro
C-8C8A88C959,2026-09-11 17:54:36,Mateo Aguilar,mateo.aguilar.76@obelie.mx,3390404581,Guadalajara,frecuente,Plaza Obelie
C-278440FA5D,2026-09-11 17:54:36,Ricardo Flores,ricardo.flores.95@obelie.mx,3314702937,Tlaquepaque,nuevo,Norte
C-74D6340CA6,2026-09-11 17:54:36,Paola Nunez,paola.nunez.24@obelie.mx,3345538845,Tlajomulco,mayoreo,Plaza Obelie
C-C2A7F741F6,2026-09-11 17:54:37,Paola Nunez,paola.nunez.50@obelie.mx,3399336436,Tlaquepaque,evento,Sur
C-24D4AA0321,2026-09-11 17:54:37,Elena Vargas,elena.vargas.70@obelie.mx,3331777653,Tonalá,mayoreo,Plaza Obelie
C-B4B6AF5B46,2026-09-11 17:54:38,Sofia Ramirez,sofia.ramirez.46@obelie.mx,3311443981,Zapopan,frecuente,Centro
C-0CD112F7C0,2026-09-11 17:54:38,Ricardo Flores,ricardo.flores.21@obelie.mx,3370652660,Tonalá,frecuente,Centro
C-F9604C91A6,2026-09-11 17:54:38,Fernando Diaz,fernando.diaz.34@obelie.mx,3378407680,Zapopan,frecuente,Norte
C-37C89D9E2E,2026-09-11 17:54:38,Hugo Salazar,hugo.salazar.85@obelie.mx,3366534555,Tlaquepaque,nuevo,Norte
C-4A4CB10254,2026-09-11 17:54:39,Paola Nunez,paola.nunez.38@obelie.mx,3385963796,Zapopan,nuevo,Plaza Obelie
C-231D46A12E,2026-09-11 17:54:39,Sofia Ramirez,sofia.ramirez.12@obelie.mx,3332597356,Tonalá,mayoreo,Norte
C-A688749DEE,2026-09-11 17:54:39,Jorge Castillo,jorge.castillo.18@obelie.mx,3396431569,Tlaquepaque,frecuente,Norte
C-E6A0682A40,2026-09-11 17:54:40,Elena Vargas,elena.vargas.33@obelie.mx,3387306999,Zapopan,mayoreo,Plaza Obelie
C-70F61AEF19,2026-09-11 17:54:40,Paola Nunez,paola.nunez.42@obelie.mx,3322305830,Tonalá,mayoreo,Sur
C-E405B61696,2026-09-11 17:54:40,Ricardo Flores,ricardo.flores.60@obelie.mx,3377424405,Tlajomulco,frecuente,Norte
C-E9EC6D2675,2026-09-11 17:54:41,Elena Vargas,elena.vargas.89@obelie.mx,3397594368,Tlaquepaque,evento,Plaza Obelie
C-3111EE71E5,2026-09-11 17:54:41,Camila Herrera,camila.herrera.45@obelie.mx,3341447811,Tlajomulco,frecuente,Plaza Obelie
C-A08EA937E9,2026-09-11 17:54:41,Fernando Diaz,fernando.diaz.28@obelie.mx,3377559601,Tlaquepaque,evento,Norte
C-AB78502ED2,2026-09-11 17:54:42,Valeria Ortiz,valeria.ortiz.51@obelie.mx,3357641410,Zapopan,evento,Norte
C-586D13530C,2026-09-11 17:54:42,Sofia Ramirez,sofia.ramirez.80@obelie.mx,3322711745,Zapopan,nuevo,Norte
C-21EB9C676B,2026-09-11 17:54:42,Daniela Pineda,daniela.pineda.50@obelie.mx,3345866141,Guadalajara,nuevo,Plaza Obelie
C-577DB12927,2026-09-11 17:54:42,Andres Molina,andres.molina.67@obelie.mx,3320227107,Guadalajara,nuevo,Norte
C-80533D9CA6,2026-09-11 17:54:43,Hugo Salazar,hugo.salazar.41@obelie.mx,3354698958,Tlaquepaque,frecuente,Sur
C-8A83DD0204,2026-09-11 17:54:43,Mateo Aguilar,mateo.aguilar.50@obelie.mx,3337954586,Guadalajara,nuevo,Sur
C-63BDE7D34E,2026-09-11 17:54:43,Hugo Salazar,hugo.salazar.82@obelie.mx,3367178658,Guadalajara,mayoreo,Sur
C-0954A4E174,2026-09-11 17:54:44,Sofia Ramirez,sofia.ramirez.30@obelie.mx,3349037316,Guadalajara,mayoreo,Plaza Obelie
C-A2130D85FA,2026-09-11 17:54:44,Ricardo Flores,ricardo.flores.32@obelie.mx,3311044851,Tonalá,nuevo,Plaza Obelie
C-3DE6927418,2026-09-11 17:54:45,Sofia Ramirez,sofia.ramirez.83@obelie.mx,3364813461,Tlajomulco,mayoreo,Plaza Obelie
C-8D1CF63295,2026-09-11 17:54:45,Hugo Salazar,hugo.salazar.33@obelie.mx,3377348316,Tlaquepaque,mayoreo,Sur
C-EEEF26588C,2026-09-11 17:54:45,Andres Molina,andres.molina.72@obelie.mx,3389286915,Tonalá,evento,Plaza Obelie
C-D8897D069F,2026-09-11 17:54:45,Andres Molina,andres.molina.66@obelie.mx,3310198907,Tlaquepaque,mayoreo,Norte
C-15C5FC011F,2026-09-11 17:54:46,Sofia Ramirez,sofia.ramirez.47@obelie.mx,3337207337,Tlajomulco,frecuente,Plaza Obelie
C-7CE957F224,2026-09-11 17:54:46,Sofia Ramirez,sofia.ramirez.60@obelie.mx,3346171907,Tonalá,frecuente,Sur
C-F0AFB72B6E,2026-09-11 17:54:47,Paola Nunez,paola.nunez.66@obelie.mx,3380699418,Tlaquepaque,evento,Sur
C-48C3DA5ECE,2026-09-11 17:54:47,Ricardo Flores,ricardo.flores.11@obelie.mx,3383345315,Tlajomulco,frecuente,Centro
C-9E1F12DD0D,2026-09-11 17:54:47,Elena Vargas,elena.vargas.71@obelie.mx,3313027444,Tlaquepaque,frecuente,Plaza Obelie
C-2038A3F838,2026-09-11 17:54:48,Camila Herrera,camila.herrera.43@obelie.mx,3361597727,Zapopan,evento,Norte
C-EA112F7FED,2026-09-11 17:54:48,Camila Herrera,camila.herrera.83@obelie.mx,3352583812,Tlajomulco,frecuente,Centro
C-4135715FE9,2026-09-11 17:54:48,Hugo Salazar,hugo.salazar.15@obelie.mx,3389489804,Tlajomulco,frecuente,Norte
C-B9FB067099,2026-09-11 17:54:48,Paola Nunez,paola.nunez.94@obelie.mx,3359593806,Tlaquepaque,evento,Sur
C-B639C9D1E4,2026-09-11 17:54:49,Elena Vargas,elena.vargas.47@obelie.mx,3315884874,Guadalajara,evento,Sur
C-FBAB9D5012,2026-09-11 17:54:49,Paola Nunez,paola.nunez.94@obelie.mx,3313238272,Guadalajara,mayoreo,Centro
C-F7BBF9073D,2026-09-11 17:54:50,Paola Nunez,paola.nunez.69@obelie.mx,3362336021,Zapopan,mayoreo,Centro
C-28483A9EAB,2026-09-11 17:54:50,Daniela Pineda,daniela.pineda.75@obelie.mx,3315522715,Tonalá,mayoreo,Plaza Obelie
C-266EDF0A01,2026-09-11 17:54:50,Ricardo Flores,ricardo.flores.39@obelie.mx,3345326549,Tlajomulco,frecuente,Plaza Obelie
C-54A97756BE,2026-09-11 17:54:50,Valeria Ortiz,valeria.ortiz.96@obelie.mx,3347514047,Guadalajara,frecuente,Centro
C-8667A7EACB,2026-09-11 17:54:51,Hugo Salazar,hugo.salazar.70@obelie.mx,3314366979,Tonalá,mayoreo,Sur
C-012483C84E,2026-09-11 17:54:51,Hugo Salazar,hugo.salazar.60@obelie.mx,3354152403,Zapopan,evento,Norte
C-99D56F36A2,2026-09-11 17:54:52,Mateo Aguilar,mateo.aguilar.12@obelie.mx,3346175404,Guadalajara,evento,Centro
C-00DD616278,2026-09-11 17:54:52,Elena Vargas,elena.vargas.80@obelie.mx,3386001180,Tlajomulco,nuevo,Plaza Obelie
C-093868A315,2026-09-11 17:54:52,Fernando Diaz,fernando.diaz.10@obelie.mx,3333473126,Tlajomulco,nuevo,Sur
C-2C255621EA,2026-09-11 17:54:52,Daniela Pineda,daniela.pineda.73@obelie.mx,3321121267,Tonalá,frecuente,Centro
C-D486780C75,2026-09-11 17:54:53,Hugo Salazar,hugo.salazar.31@obelie.mx,3342009538,Tlaquepaque,frecuente,Plaza Obelie
C-D86B755695,2026-09-11 17:54:53,Sofia Ramirez,sofia.ramirez.51@obelie.mx,3395493604,Guadalajara,evento,Plaza Obelie
C-F3B28BCD06,2026-09-11 17:54:54,Mateo Aguilar,mateo.aguilar.67@obelie.mx,3377509060,Tlajomulco,mayoreo,Plaza Obelie
C-0824630706,2026-09-11 17:54:54,Ricardo Flores,ricardo.flores.54@obelie.mx,3318006535,Zapopan,evento,Sur
C-1D48860C73,2026-09-11 17:54:54,Hugo Salazar,hugo.salazar.99@obelie.mx,3325318509,Tonalá,nuevo,Sur
C-EDB4440576,2026-09-11 17:54:54,Paola Nunez,paola.nunez.75@obelie.mx,3350869686,Tonalá,mayoreo,Plaza Obelie
C-804D2EAFFD,2026-09-11 17:54:55,Ricardo Flores,ricardo.flores.92@obelie.mx,3399277352,Tlajomulco,nuevo,Plaza Obelie
C-B74833BEB0,2026-09-11 17:54:55,Sofia Ramirez,sofia.ramirez.68@obelie.mx,3313478858,Guadalajara,evento,Sur
C-6187E6A015,2026-09-11 17:54:55,Ricardo Flores,ricardo.flores.18@obelie.mx,3317892177,Tlaquepaque,mayoreo,Centro
C-CD60A55781,2026-09-11 17:54:56,Daniela Pineda,daniela.pineda.34@obelie.mx,3349935026,Zapopan,mayoreo,Sur
C-8FD2D2210C,2026-09-11 17:54:56,Paola Nunez,paola.nunez.45@obelie.mx,3376999425,Zapopan,frecuente,Centro
C-4B02371D8E,2026-09-11 17:54:56,Sofia Ramirez,sofia.ramirez.85@obelie.mx,3367719130,Tlajomulco,frecuente,Sur
C-2AE07E6A33,2026-09-11 17:54:57,Hugo Salazar,hugo.salazar.25@obelie.mx,3356491331,Tonalá,evento,Norte
C-F36C0CCDD0,2026-09-11 17:54:57,Fernando Diaz,fernando.diaz.37@obelie.mx,3334163616,Tlaquepaque,mayoreo,Centro
C-8D38DB0FB7,2026-09-11 17:54:57,Sofia Ramirez,sofia.ramirez.99@obelie.mx,3367064451,Guadalajara,mayoreo,Plaza Obelie
C-B7A1A6C243,2026-09-11 17:54:58,Camila Herrera,camila.herrera.32@obelie.mx,3372564746,Tlaquepaque,nuevo,Sur
C-F5DBCFC466,2026-09-11 17:54:58,Daniela Pineda,daniela.pineda.81@obelie.mx,3396281592,Guadalajara,nuevo,Plaza Obelie
C-68A0BF60EE,2026-09-11 17:54:58,Elena Vargas,elena.vargas.27@obelie.mx,3349006003,Zapopan,frecuente,Centro
C-5F93951248,2026-09-11 17:54:59,Fernando Diaz,fernando.diaz.93@obelie.mx,3324293184,Tonalá,nuevo,Plaza Obelie
C-8AB836A99E,2026-09-11 17:54:59,Andres Molina,andres.molina.16@obelie.mx,3388213266,Tlaquepaque,evento,Norte
C-B400CDAABC,2026-09-11 17:54:59,Valeria Ortiz,valeria.ortiz.52@obelie.mx,3337003159,Tonalá,evento,Sur
C-0351F13D80,2026-09-11 17:55:00,Ricardo Flores,ricardo.flores.26@obelie.mx,3333282976,Tlajomulco,nuevo,Centro
C-EBFCBA00EB,2026-09-11 17:55:00,Elena Vargas,elena.vargas.21@obelie.mx,3319584181,Guadalajara,nuevo,Plaza Obelie
C-2A0D8F06B7,2026-09-11 17:55:00,Daniela Pineda,daniela.pineda.63@obelie.mx,3338213770,Zapopan,frecuente,Norte
C-B64B0EFE16,2026-09-11 17:55:00,Jorge Castillo,jorge.castillo.89@obelie.mx,3396043606,Tlaquepaque,evento,Norte
C-ECD7885F1A,2026-09-11 17:55:01,Elena Vargas,elena.vargas.13@obelie.mx,3330181542,Zapopan,nuevo,Norte
C-5A2586364B,2026-09-11 17:55:01,Mateo Aguilar,mateo.aguilar.89@obelie.mx,3322901447,Tlaquepaque,mayoreo,Centro
C-A3E60248EA,2026-09-11 17:55:01,Andres Molina,andres.molina.73@obelie.mx,3377716545,Zapopan,nuevo,Sur
C-03B1A2DA3C,2026-09-11 17:55:02,Hugo Salazar,hugo.salazar.68@obelie.mx,3336831893,Tlaquepaque,evento,Centro
C-B1516D94ED,2026-09-11 17:55:02,Andres Molina,andres.molina.93@obelie.mx,3352955491,Tonalá,evento,Norte
C-53630408EE,2026-09-11 17:55:02,Jorge Castillo,jorge.castillo.53@obelie.mx,3348286266,Zapopan,mayoreo,Centro
C-FD02EC9752,2026-09-11 17:55:03,Paola Nunez,paola.nunez.23@obelie.mx,3358374296,Tonalá,evento,Norte
C-5AE1EEFAC4,2026-09-11 17:55:03,Daniela Pineda,daniela.pineda.88@obelie.mx,3319445861,Guadalajara,evento,Norte
C-7286C240FC,2026-09-11 17:55:03,Hugo Salazar,hugo.salazar.59@obelie.mx,3357773815,Tlaquepaque,mayoreo,Sur
C-27B2AAD591,2026-09-11 17:55:04,Paola Nunez,paola.nunez.96@obelie.mx,3379418214,Tlajomulco,mayoreo,Norte
C-AB3C10D62F,2026-09-11 17:55:04,Elena Vargas,elena.vargas.97@obelie.mx,3368551928,Tlaquepaque,mayoreo,Norte
C-7F988372F4,2026-09-11 17:55:04,Jorge Castillo,jorge.castillo.29@obelie.mx,3390304871,Guadalajara,mayoreo,Sur
C-3E3A275805,2026-09-11 17:55:05,Camila Herrera,camila.herrera.84@obelie.mx,3372134723,Tlajomulco,frecuente,Norte
C-9526386819,2026-09-11 17:55:05,Elena Vargas,elena.vargas.25@obelie.mx,3355385768,Guadalajara,evento,Centro
C-FE834BA451,2026-09-11 17:55:06,Ricardo Flores,ricardo.flores.71@obelie.mx,3344866547,Zapopan,frecuente,Centro
C-440EA09EAD,2026-09-11 17:55:06,Mateo Aguilar,mateo.aguilar.41@obelie.mx,3337437489,Guadalajara,mayoreo,Plaza Obelie
C-01F840E917,2026-09-11 17:55:06,Paola Nunez,paola.nunez.78@obelie.mx,3389615358,Zapopan,mayoreo,Sur
C-1B184EA063,2026-09-11 17:55:06,Daniela Pineda,daniela.pineda.44@obelie.mx,3392532438,Tonalá,nuevo,Plaza Obelie
C-FE847ECCFE,2026-09-11 17:55:07,Hugo Salazar,hugo.salazar.26@obelie.mx,3324887479,Tlajomulco,evento,Norte
C-E02F931774,2026-09-11 17:55:07,Fernando Diaz,fernando.diaz.49@obelie.mx,3360323395,Tonalá,mayoreo,Sur
C-CD8246F207,2026-09-11 17:55:07,Camila Herrera,camila.herrera.76@obelie.mx,3319435860,Tlaquepaque,evento,Norte
C-833E9012B0,2026-09-11 17:55:08,Ricardo Flores,ricardo.flores.87@obelie.mx,3329409998,Guadalajara,frecuente,Centro
C-D6E70BCE55,2026-09-11 17:55:08,Camila Herrera,camila.herrera.51@obelie.mx,3318634175,Zapopan,mayoreo,Norte
C-7E37B842B8,2026-09-11 17:55:09,Ricardo Flores,ricardo.flores.21@obelie.mx,3390877079,Guadalajara,mayoreo,Plaza Obelie
C-8FEB2C7DED,2026-09-11 17:55:09,Camila Herrera,camila.herrera.18@obelie.mx,3395249447,Tlajomulco,evento,Sur
C-5A1CC3DE57,2026-09-11 17:55:10,Andres Molina,andres.molina.36@obelie.mx,3337163231,Guadalajara,nuevo,Sur
C-97441142F5,2026-09-11 17:55:10,Jorge Castillo,jorge.castillo.37@obelie.mx,3398902815,Tlaquepaque,evento,Plaza Obelie
C-1981F1314A,2026-09-11 17:55:10,Ricardo Flores,ricardo.flores.28@obelie.mx,3365271840,Tlajomulco,frecuente,Plaza Obelie
C-7E276E8CF0,2026-09-11 17:55:10,Sofia Ramirez,sofia.ramirez.99@obelie.mx,3334328478,Tonalá,frecuente,Centro
C-B66D97D3AB,2026-09-11 17:55:11,Mateo Aguilar,mateo.aguilar.30@obelie.mx,3325854398,Zapopan,mayoreo,Norte
C-FBE9B16BD0,2026-09-11 17:55:11,Sofia Ramirez,sofia.ramirez.97@obelie.mx,3314859896,Tonalá,nuevo,Plaza Obelie
C-D15132B28F,2026-09-11 17:55:11,Ricardo Flores,ricardo.flores.73@obelie.mx,3327239459,Guadalajara,evento,Plaza Obelie
C-6DD2DB45E2,2026-09-11 17:55:12,Elena Vargas,elena.vargas.27@obelie.mx,3346551826,Guadalajara,frecuente,Centro
C-AB736A2DC6,2026-09-11 17:55:12,Jorge Castillo,jorge.castillo.51@obelie.mx,3362207389,Tonalá,nuevo,Plaza Obelie
C-C3A9D71D24,2026-09-11 17:55:13,Mateo Aguilar,mateo.aguilar.51@obelie.mx,3342804561,Zapopan,mayoreo,Norte
C-B8E087F56E,2026-09-11 17:55:13,Camila Herrera,camila.herrera.95@obelie.mx,3390283183,Tlaquepaque,nuevo,Plaza Obelie
C-7C6E8E68B6,2026-09-11 17:55:13,Daniela Pineda,daniela.pineda.80@obelie.mx,3313359119,Tonalá,mayoreo,Norte
C-5684E2243A,2026-09-11 17:55:13,Andres Molina,andres.molina.21@obelie.mx,3330323142,Tlaquepaque,evento,Centro
C-9F83D63504,2026-09-11 17:55:14,Camila Herrera,camila.herrera.25@obelie.mx,3385632362,Tonalá,evento,Plaza Obelie
C-7A246AE9DB,2026-09-11 17:55:14,Valeria Ortiz,valeria.ortiz.46@obelie.mx,3388913668,Tlaquepaque,mayoreo,Norte
C-FD25345419,2026-09-11 17:55:14,Fernando Diaz,fernando.diaz.48@obelie.mx,3374599830,Guadalajara,frecuente,Sur
C-785E2CB5F6,2026-09-11 17:55:14,Camila Herrera,camila.herrera.46@obelie.mx,3380184496,Tlaquepaque,evento,Centro
C-861FA14267,2026-09-11 17:55:15,Ricardo Flores,ricardo.flores.44@obelie.mx,3342761413,Tlajomulco,nuevo,Plaza Obelie
C-F0DA77D72E,2026-09-11 17:55:15,Mateo Aguilar,mateo.aguilar.13@obelie.mx,3381405461,Guadalajara,frecuente,Centro
C-5139E5ADA9,2026-09-11 17:55:16,Jorge Castillo,jorge.castillo.62@obelie.mx,3317387510,Guadalajara,mayoreo,Centro
C-2CE1CDF167,2026-09-11 17:55:16,Elena Vargas,elena.vargas.32@obelie.mx,3380097084,Tlaquepaque,nuevo,Plaza Obelie
C-6A6831DB47,2026-09-11 17:55:16,Elena Vargas,elena.vargas.97@obelie.mx,3393037801,Guadalajara,nuevo,Sur
C-E238D182BE,2026-09-11 17:55:16,Mateo Aguilar,mateo.aguilar.93@obelie.mx,3352697182,Tlajomulco,nuevo,Plaza Obelie
C-0B447CBE05,2026-09-11 17:55:17,Valeria Ortiz,valeria.ortiz.46@obelie.mx,3355743395,Tlajomulco,frecuente,Plaza Obelie
C-A4E3C80710,2026-09-11 17:55:17,Daniela Pineda,daniela.pineda.67@obelie.mx,3328555398,Tlaquepaque,nuevo,Sur
C-AE8034D2C5,2026-09-11 17:55:17,Elena Vargas,elena.vargas.21@obelie.mx,3392128264,Tlajomulco,frecuente,Norte
C-D6BBD9F274,2026-09-11 17:55:18,Paola Nunez,paola.nunez.44@obelie.mx,3394756599,Zapopan,frecuente,Norte
C-35383B07CB,2026-09-11 17:55:18,Valeria Ortiz,valeria.ortiz.88@obelie.mx,3367255549,Guadalajara,evento,Centro
C-EE136C0C60,2026-09-11 17:55:19,Sofia Ramirez,sofia.ramirez.49@obelie.mx,3371212771,Tlaquepaque,mayoreo,Plaza Obelie
C-A20F7704B6,2026-09-11 17:55:19,Ricardo Flores,ricardo.flores.81@obelie.mx,3367612095,Zapopan,nuevo,Plaza Obelie
C-89D70448FA,2026-09-11 17:55:20,Daniela Pineda,daniela.pineda.37@obelie.mx,3369794487,Zapopan,mayoreo,Centro
C-69D7CD596D,2026-09-11 17:55:20,Paola Nunez,paola.nunez.43@obelie.mx,3378531407,Tlaquepaque,frecuente,Norte
C-64545928C4,2026-09-11 17:55:20,Elena Vargas,elena.vargas.87@obelie.mx,3358413364,Tlajomulco,nuevo,Centro
C-97318BB930,2026-09-11 17:55:21,Mateo Aguilar,mateo.aguilar.32@obelie.mx,3362688033,Tlaquepaque,evento,Sur
C-40B34A0CCF,2026-09-11 17:55:21,Elena Vargas,elena.vargas.79@obelie.mx,3342445977,Tlaquepaque,nuevo,Norte
C-70A583C63F,2026-09-11 17:55:22,Valeria Ortiz,valeria.ortiz.65@obelie.mx,3311572045,Tonalá,mayoreo,Centro
C-526B4F47C8,2026-09-11 17:55:22,Elena Vargas,elena.vargas.20@obelie.mx,3393988084,Tonalá,nuevo,Plaza Obelie
C-0225A60FE4,2026-09-11 17:55:22,Fernando Diaz,fernando.diaz.23@obelie.mx,3354435306,Tlaquepaque,frecuente,Centro
C-23CEFC4254,2026-09-11 17:55:22,Fernando Diaz,fernando.diaz.10@obelie.mx,3318085485,Zapopan,mayoreo,Plaza Obelie
C-4DC6AB198F,2026-09-11 17:55:23,Fernando Diaz,fernando.diaz.80@obelie.mx,3333561042,Zapopan,mayoreo,Plaza Obelie
C-3909840B93,2026-09-11 17:55:23,Fernando Diaz,fernando.diaz.54@obelie.mx,3391931295,Zapopan,mayoreo,Centro
C-DD77906FD4,2026-09-11 17:55:24,Sofia Ramirez,sofia.ramirez.61@obelie.mx,3321317046,Tlaquepaque,frecuente,Norte
C-34F7683E3F,2026-09-11 17:55:24,Ricardo Flores,ricardo.flores.66@obelie.mx,3348062207,Tonalá,frecuente,Norte
C-8657586C02,2026-09-11 17:55:24,Paola Nunez,paola.nunez.77@obelie.mx,3359018149,Tlajomulco,mayoreo,Centro
C-1473F0D03F,2026-09-11 17:55:25,Fernando Diaz,fernando.diaz.36@obelie.mx,3380439551,Tlaquepaque,frecuente,Sur
C-3550D3719D,2026-09-11 17:55:25,Camila Herrera,camila.herrera.15@obelie.mx,3373518338,Guadalajara,evento,Centro
C-CFBDE823B1,2026-09-11 17:55:25,Hugo Salazar,hugo.salazar.18@obelie.mx,3384179935,Tonalá,frecuente,Plaza Obelie
C-8DFD49F787,2026-09-11 17:55:26,Fernando Diaz,fernando.diaz.40@obelie.mx,3333814829,Zapopan,evento,Sur
C-1A6736022E,2026-09-11 17:55:26,Camila Herrera,camila.herrera.93@obelie.mx,3359124459,Tonalá,frecuente,Plaza Obelie
C-1A4C526156,2026-09-11 17:55:26,Fernando Diaz,fernando.diaz.38@obelie.mx,3322667574,Tlaquepaque,nuevo,Plaza Obelie
C-EB69E90C92,2026-09-11 17:55:27,Mateo Aguilar,mateo.aguilar.63@obelie.mx,3337584923,Zapopan,nuevo,Norte
C-E5D98A8166,2026-09-11 17:55:27,Sofia Ramirez,sofia.ramirez.94@obelie.mx,3321605982,Zapopan,evento,Sur
C-BC9497507C,2026-09-11 17:55:27,Sofia Ramirez,sofia.ramirez.38@obelie.mx,3354889626,Tlaquepaque,nuevo,Norte
C-8EF1F2473D,2026-09-11 17:55:28,Jorge Castillo,jorge.castillo.15@obelie.mx,3312205424,Zapopan,frecuente,Plaza Obelie
C-51F1777BAE,2026-09-11 17:55:28,Jorge Castillo,jorge.castillo.89@obelie.mx,3350466954,Tonalá,frecuente,Plaza Obelie
C-FE415BDE7E,2026-09-11 17:55:28,Andres Molina,andres.molina.43@obelie.mx,3332638549,Tlaquepaque,mayoreo,Norte
C-53B92A5C4B,2026-09-11 17:55:29,Paola Nunez,paola.nunez.21@obelie.mx,3331658812,Tlajomulco,frecuente,Centro
C-490AB14A17,2026-09-11 17:55:29,Daniela Pineda,daniela.pineda.11@obelie.mx,3365083639,Tonalá,mayoreo,Centro
C-A57CE7437E,2026-09-11 17:55:29,Jorge Castillo,jorge.castillo.51@obelie.mx,3317398184,Tlajomulco,mayoreo,Centro
C-A70C3D746F,2026-09-11 17:55:30,Sofia Ramirez,sofia.ramirez.22@obelie.mx,3323428067,Tlaquepaque,frecuente,Centro
C-7723F4B7B8,2026-09-11 17:55:30,Andres Molina,andres.molina.81@obelie.mx,3333649433,Zapopan,evento,Norte
C-67709E3C72,2026-09-11 17:55:30,Andres Molina,andres.molina.64@obelie.mx,3335747430,Tlajomulco,mayoreo,Plaza Obelie
C-C6D0C68312,2026-09-11 17:55:31,Fernando Diaz,fernando.diaz.16@obelie.mx,3338599854,Guadalajara,nuevo,Centro
C-51FA3B9139,2026-09-11 17:55:32,Paola Nunez,paola.nunez.15@obelie.mx,3313408840,Tlajomulco,mayoreo,Norte
C-041AD50B26,2026-09-11 17:55:32,Daniela Pineda,daniela.pineda.87@obelie.mx,3391373629,Tlajomulco,nuevo,Norte
C-00BC10B1D4,2026-09-11 17:55:33,Elena Vargas,elena.vargas.84@obelie.mx,3398059982,Tlajomulco,evento,Centro
C-0F9C3A067D,2026-09-11 17:55:34,Mateo Aguilar,mateo.aguilar.66@obelie.mx,3336454814,Tlaquepaque,mayoreo,Plaza Obelie
C-AD2508D7D2,2026-09-11 17:55:34,Sofia Ramirez,sofia.ramirez.27@obelie.mx,3397937874,Tonalá,nuevo,Centro
C-C9935AA547,2026-09-11 17:55:35,Sofia Ramirez,sofia.ramirez.87@obelie.mx,3397958206,Tonalá,mayoreo,Norte
C-8D7CA4CC3A,2026-09-11 17:55:35,Valeria Ortiz,valeria.ortiz.89@obelie.mx,3382639546,Tlaquepaque,nuevo,Plaza Obelie
C-70558FFF22,2026-09-11 17:55:36,Valeria Ortiz,valeria.ortiz.58@obelie.mx,3391985658,Tlaquepaque,mayoreo,Sur
C-325D3F62B3,2026-09-11 17:55:37,Camila Herrera,camila.herrera.38@obelie.mx,3377468636,Tlaquepaque,evento,Centro
C-2CB59BA62E,2026-09-11 17:55:37,Jorge Castillo,jorge.castillo.93@obelie.mx,3315037097,Zapopan,nuevo,Norte
C-6F8F38CB04,2026-09-11 17:55:38,Elena Vargas,elena.vargas.18@obelie.mx,3365021888,Tlaquepaque,mayoreo,Norte
C-177882007B,2026-09-11 17:55:38,Andres Molina,andres.molina.59@obelie.mx,3370486277,Tlaquepaque,frecuente,Centro
C-B114989F8C,2026-09-11 17:55:39,Sofia Ramirez,sofia.ramirez.70@obelie.mx,3374663156,Tlaquepaque,nuevo,Norte
C-56F28691A7,2026-09-11 17:55:40,Andres Molina,andres.molina.11@obelie.mx,3396093365,Tlajomulco,nuevo,Sur
C-E160E51171,2026-09-11 17:55:40,Daniela Pineda,daniela.pineda.41@obelie.mx,3361325934,Zapopan,nuevo,Centro
C-7316E3E691,2026-09-11 17:55:41,Camila Herrera,camila.herrera.19@obelie.mx,3335381861,Tonalá,mayoreo,Plaza Obelie
C-D5DDC75A78,2026-09-11 17:55:41,Valeria Ortiz,valeria.ortiz.85@obelie.mx,3357745623,Tonalá,evento,Sur
C-9C6678FF55,2026-09-11 17:55:42,Jorge Castillo,jorge.castillo.42@obelie.mx,3398307263,Zapopan,nuevo,Centro
C-6B81E14059,2026-09-11 17:55:43,Camila Herrera,camila.herrera.84@obelie.mx,3343101579,Zapopan,nuevo,Sur
C-DBFFC822F5,2026-09-11 17:55:43,Camila Herrera,camila.herrera.86@obelie.mx,3317731232,Tonalá,nuevo,Sur
C-DB6BF8E084,2026-09-11 17:55:44,Hugo Salazar,hugo.salazar.54@obelie.mx,3357236755,Tonalá,nuevo,Centro
C-13E8FA7AC9,2026-09-11 17:55:44,Camila Herrera,camila.herrera.33@obelie.mx,3348251041,Tlajomulco,nuevo,Plaza Obelie
C-2135598D75,2026-09-11 17:55:45,Valeria Ortiz,valeria.ortiz.35@obelie.mx,3348383078,Guadalajara,nuevo,Sur
C-8FAF13B02B,2026-09-11 17:55:46,Camila Herrera,camila.herrera.48@obelie.mx,3374029499,Guadalajara,nuevo,Plaza Obelie
C-52E598CD94,2026-09-11 17:55:46,Paola Nunez,paola.nunez.37@obelie.mx,3331608689,Tlajomulco,evento,Sur
C-52E598CD94,2026-09-11 17:55:46,Paola Nunez,paola.nunez.37@obelie.mx,3331608689,Tlajomulco,evento,Sur
C-64B07FE76A,2026-09-11 17:55:59,Sofia Ramirez,sofia.ramirez.90@obelie.mx,3349265580,Zapopan,mayoreo,Norte
C-8FAF13B02B,2026-09-11 17:55:46,Camila Herrera,camila.herrera.48@obelie.mx,3374029499,Guadalajara,nuevo,Plaza Obelie
C-C468F47359,2026-09-11 17:56:00,Ricardo Flores,ricardo.flores.43@obelie.mx,3355758432,Guadalajara,mayoreo,Sur
C-7BD4C9F5BC,2026-09-11 17:56:00,Mateo Aguilar,mateo.aguilar.67@obelie.mx,3352225639,Guadalajara,mayoreo,Centro
C-A76D29516C,2026-09-11 17:56:01,Sofia Ramirez,sofia.ramirez.53@obelie.mx,3392627317,Tlaquepaque,nuevo,Sur
C-C38C8A0745,2026-09-11 17:56:02,Daniela Pineda,daniela.pineda.17@obelie.mx,3399103069,Tlaquepaque,nuevo,Sur
C-39ABE28927,2026-09-11 17:56:02,Daniela Pineda,daniela.pineda.83@obelie.mx,3374388437,Tlaquepaque,frecuente,Norte
C-9EF1C433C8,2026-09-11 17:56:03,Daniela Pineda,daniela.pineda.84@obelie.mx,3399977344,Guadalajara,mayoreo,Norte
C-28F6BE1BB0,2026-09-11 17:56:03,Fernando Diaz,fernando.diaz.82@obelie.mx,3344531978,Tlaquepaque,frecuente,Centro
C-2CBB2ED5A8,2026-09-11 17:56:04,Hugo Salazar,hugo.salazar.74@obelie.mx,3360346830,Tlajomulco,mayoreo,Norte
C-00E4CBE248,2026-09-11 17:56:04,Valeria Ortiz,valeria.ortiz.75@obelie.mx,3332295819,Tonalá,mayoreo,Sur
C-C8173A7CDF,2026-09-11 17:56:05,Sofia Ramirez,sofia.ramirez.28@obelie.mx,3396284043,Tonalá,frecuente,Sur
C-CD231E30A2,2026-09-11 17:56:06,Mateo Aguilar,mateo.aguilar.49@obelie.mx,3365288752,Tonalá,mayoreo,Norte
C-24EA9C1582,2026-09-11 17:56:06,Hugo Salazar,hugo.salazar.78@obelie.mx,3338246661,Tonalá,nuevo,Sur
C-E2458E4DDC,2026-09-11 17:56:07,Paola Nunez,paola.nunez.83@obelie.mx,3348023336,Zapopan,evento,Sur
C-6082420812,2026-09-11 17:56:08,Sofia Ramirez,sofia.ramirez.31@obelie.mx,3354101700,Guadalajara,frecuente,Norte
C-4DF080AEE6,2026-09-11 17:56:08,Camila Herrera,camila.herrera.70@obelie.mx,3391819783,Tonalá,evento,Plaza Obelie
C-216F2F7847,2026-09-11 17:56:09,Jorge Castillo,jorge.castillo.53@obelie.mx,3392462610,Tlajomulco,frecuente,Centro
C-24CA27B5A2,2026-09-11 17:56:10,Andres Molina,andres.molina.45@obelie.mx,3396035126,Tlaquepaque,nuevo,Plaza Obelie
C-745246A754,2026-09-11 17:56:11,Hugo Salazar,hugo.salazar.80@obelie.mx,3340285639,Zapopan,evento,Sur
C-D6CDD01A21,2026-09-11 17:56:12,Valeria Ortiz,valeria.ortiz.49@obelie.mx,3338828275,Tlajomulco,evento,Norte
C-7AEFF9EF36,2026-09-11 17:56:12,Paola Nunez,paola.nunez.13@obelie.mx,3315516174,Tonalá,mayoreo,Sur
C-090EC514C8,2026-09-11 17:56:13,Hugo Salazar,hugo.salazar.68@obelie.mx,3376696192,Guadalajara,evento,Centro
C-B8761ED2BF,2026-09-11 17:56:14,Camila Herrera,camila.herrera.20@obelie.mx,3359469589,Zapopan,frecuente,Norte
C-20EAB2A4D0,2026-09-11 17:56:14,Elena Vargas,elena.vargas.95@obelie.mx,3339561888,Tlajomulco,evento,Sur
C-A96B1ADCAE,2026-09-11 17:56:15,Jorge Castillo,jorge.castillo.42@obelie.mx,3327563325,Tlajomulco,mayoreo,Centro
C-89A2579DD0,2026-09-11 17:56:16,Ricardo Flores,ricardo.flores.51@obelie.mx,3381535637,Zapopan,frecuente,Centro
C-DA88186F70,2026-09-11 17:56:16,Ricardo Flores,ricardo.flores.59@obelie.mx,3353193290,Tlaquepaque,frecuente,Plaza Obelie
C-31D9CB3E8B,2026-09-11 17:56:17,Andres Molina,andres.molina.10@obelie.mx,3323178234,Zapopan,nuevo,Norte
C-6A056B54F7,2026-09-11 17:56:18,Elena Vargas,elena.vargas.24@obelie.mx,3328235132,Zapopan,frecuente,Sur
C-14AA7702AC,2026-09-11 17:56:18,Sofia Ramirez,sofia.ramirez.35@obelie.mx,3332639554,Zapopan,mayoreo,Norte
C-2F5EA99565,2026-09-11 17:56:19,Jorge Castillo,jorge.castillo.85@obelie.mx,3332875557,Tlaquepaque,mayoreo,Centro
C-F4280EFE63,2026-09-11 17:56:20,Jorge Castillo,jorge.castillo.15@obelie.mx,3339888479,Tlaquepaque,evento,Norte
C-0AD4B04ED0,2026-09-11 17:56:20,Paola Nunez,paola.nunez.10@obelie.mx,3394698175,Tlaquepaque,frecuente,Norte
C-059AFA378D,2026-09-11 17:56:21,Elena Vargas,elena.vargas.98@obelie.mx,3358873981,Zapopan,evento,Norte
C-F19041B53C,2026-09-11 17:56:21,Sofia Ramirez,sofia.ramirez.83@obelie.mx,3328737088,Tlaquepaque,mayoreo,Sur
C-BD06DCF4D1,2026-09-11 17:56:22,Daniela Pineda,daniela.pineda.59@obelie.mx,3320752005,Tlajomulco,nuevo,Plaza Obelie
C-52F09317B3,2026-09-11 17:56:22,Mateo Aguilar,mateo.aguilar.54@obelie.mx,3369847534,Tonalá,mayoreo,Centro
C-45436E60EA,2026-09-11 17:56:23,Jorge Castillo,jorge.castillo.51@obelie.mx,3363293789,Guadalajara,mayoreo,Sur
C-13EE10E684,2026-09-11 17:56:23,Daniela Pineda,daniela.pineda.58@obelie.mx,3356301463,Tlaquepaque,nuevo,Plaza Obelie
C-876D8598A9,2026-09-11 17:56:24,Hugo Salazar,hugo.salazar.92@obelie.mx,3396549270,Zapopan,mayoreo,Sur
C-291B438727,2026-09-11 17:56:25,Fernando Diaz,fernando.diaz.66@obelie.mx,3391614720,Tlajomulco,evento,Norte
C-19B4B06CE1,2026-09-11 17:56:26,Daniela Pineda,daniela.pineda.69@obelie.mx,3375384152,Tlaquepaque,evento,Norte
C-716D5DB104,2026-09-11 17:56:26,Camila Herrera,camila.herrera.97@obelie.mx,3366333426,Guadalajara,evento,Plaza Obelie
C-98D0F2DD93,2026-09-11 17:56:27,Andres Molina,andres.molina.40@obelie.mx,3329968777,Tlajomulco,nuevo,Plaza Obelie
C-47C4939CD3,2026-09-11 17:56:28,Elena Vargas,elena.vargas.68@obelie.mx,3371142795,Tlaquepaque,mayoreo,Sur
C-9011E1CC56,2026-09-11 17:56:28,Elena Vargas,elena.vargas.27@obelie.mx,3367169183,Tlaquepaque,frecuente,Norte
C-1681CBAB20,2026-09-11 17:56:29,Jorge Castillo,jorge.castillo.81@obelie.mx,3373219786,Tlajomulco,mayoreo,Plaza Obelie
C-2DA0D65037,2026-09-11 17:56:30,Mateo Aguilar,mateo.aguilar.47@obelie.mx,3357099936,Tlajomulco,evento,Plaza Obelie
C-CF822DC2AB,2026-09-11 17:56:30,Hugo Salazar,hugo.salazar.55@obelie.mx,3336935488,Tonalá,nuevo,Plaza Obelie
C-EF9EFACAAA,2026-09-11 17:56:31,Daniela Pineda,daniela.pineda.70@obelie.mx,3391777887,Tlaquepaque,nuevo,Sur
C-35B183402D,2026-09-11 17:56:31,Ricardo Flores,ricardo.flores.79@obelie.mx,3394665270,Guadalajara,nuevo,Sur
C-F6F127EE97,2026-09-11 17:56:32,Andres Molina,andres.molina.27@obelie.mx,3362589300,Tlajomulco,mayoreo,Norte
C-D681940A30,2026-09-11 17:56:33,Camila Herrera,camila.herrera.56@obelie.mx,3375441214,Zapopan,frecuente,Centro
C-A6F761845D,2026-09-11 17:56:34,Camila Herrera,camila.herrera.46@obelie.mx,3383954967,Guadalajara,mayoreo,Norte
C-09217AE5D1,2026-09-11 17:56:34,Paola Nunez,paola.nunez.35@obelie.mx,3335461003,Guadalajara,evento,Centro
C-824E2E3398,2026-09-11 17:56:35,Valeria Ortiz,valeria.ortiz.31@obelie.mx,3383907067,Tlaquepaque,evento,Norte
C-4B94A46292,2026-09-11 17:56:35,Jorge Castillo,jorge.castillo.32@obelie.mx,3345456922,Tonalá,evento,Sur
C-2D6DC0BEC9,2026-09-11 17:56:36,Fernando Diaz,fernando.diaz.88@obelie.mx,3370832156,Tlajomulco,frecuente,Centro
C-4501EA8A27,2026-09-11 17:56:37,Daniela Pineda,daniela.pineda.29@obelie.mx,3395659325,Tlaquepaque,evento,Plaza Obelie
C-A0316AB4EF,2026-09-11 17:56:37,Mateo Aguilar,mateo.aguilar.57@obelie.mx,3365497077,Guadalajara,evento,Centro
C-97E3E2E76F,2026-09-11 17:56:38,Jorge Castillo,jorge.castillo.43@obelie.mx,3374407057,Tonalá,evento,Norte
C-B3D9039CAB,2026-09-11 17:56:38,Daniela Pineda,daniela.pineda.70@obelie.mx,3342342808,Tlaquepaque,frecuente,Sur
C-C42D981C41,2026-09-11 17:56:39,Ricardo Flores,ricardo.flores.15@obelie.mx,3362399328,Guadalajara,frecuente,Sur
C-D811BCF906,2026-09-11 17:56:40,Mateo Aguilar,mateo.aguilar.55@obelie.mx,3378831424,Zapopan,nuevo,Sur
C-59FE8B487D,2026-09-11 17:56:40,Fernando Diaz,fernando.diaz.66@obelie.mx,3385143923,Tonalá,mayoreo,Sur
C-4CD831FCBD,2026-09-11 17:56:41,Daniela Pineda,daniela.pineda.36@obelie.mx,3345236560,Guadalajara,frecuente,Centro
C-0DBF7EE496,2026-09-11 17:56:42,Valeria Ortiz,valeria.ortiz.99@obelie.mx,3367834612,Guadalajara,frecuente,Centro
C-90F73D7467,2026-09-11 17:56:43,Paola Nunez,paola.nunez.34@obelie.mx,3396847657,Tonalá,mayoreo,Plaza Obelie
C-D76EBDBD93,2026-09-11 17:56:43,Elena Vargas,elena.vargas.85@obelie.mx,3368667649,Zapopan,mayoreo,Centro
C-DE0744F932,2026-09-11 17:56:44,Jorge Castillo,jorge.castillo.13@obelie.mx,3335244712,Zapopan,frecuente,Norte
C-5301BD6A96,2026-09-11 17:56:45,Paola Nunez,paola.nunez.24@obelie.mx,3364193523,Guadalajara,nuevo,Norte
C-1BAFD186EA,2026-09-11 17:56:45,Valeria Ortiz,valeria.ortiz.27@obelie.mx,3358911890,Tlajomulco,nuevo,Norte
C-CF9B07BDFA,2026-09-11 17:56:46,Camila Herrera,camila.herrera.34@obelie.mx,3385938051,Tlaquepaque,nuevo,Centro
C-0CE4C2C2BC,2026-09-11 17:56:47,Paola Nunez,paola.nunez.99@obelie.mx,3337215649,Guadalajara,nuevo,Centro
C-2AD6DC44B5,2026-09-11 17:56:48,Sofia Ramirez,sofia.ramirez.39@obelie.mx,3389226041,Tlaquepaque,mayoreo,Sur
C-9455C4A279,2026-09-11 17:56:49,Sofia Ramirez,sofia.ramirez.27@obelie.mx,3320335641,Tonalá,nuevo,Sur
C-F2EF7060A2,2026-09-11 17:56:49,Daniela Pineda,daniela.pineda.73@obelie.mx,3388581769,Tonalá,mayoreo,Plaza Obelie
C-5793065DA0,2026-09-11 17:56:50,Sofia Ramirez,sofia.ramirez.93@obelie.mx,3369311407,Tlajomulco,mayoreo,Plaza Obelie
C-C9570BD03D,2026-09-11 17:56:50,Andres Molina,andres.molina.89@obelie.mx,3337279947,Tonalá,frecuente,Centro
C-D0926F81EB,2026-09-11 17:56:51,Fernando Diaz,fernando.diaz.19@obelie.mx,3337594658,Tlaquepaque,nuevo,Plaza Obelie
C-76DB8194EB,2026-09-11 17:56:51,Mateo Aguilar,mateo.aguilar.39@obelie.mx,3314908974,Guadalajara,frecuente,Norte
C-8D8F973026,2026-09-11 17:56:52,Andres Molina,andres.molina.26@obelie.mx,3384634586,Tlaquepaque,evento,Centro
C-352EE51B78,2026-09-11 17:56:53,Fernando Diaz,fernando.diaz.61@obelie.mx,3341664132,Guadalajara,frecuente,Plaza Obelie
C-5950B12251,2026-09-11 17:56:53,Andres Molina,andres.molina.38@obelie.mx,3327179596,Tlajomulco,mayoreo,Plaza Obelie
C-3CD927A322,2026-09-11 17:56:54,Ricardo Flores,ricardo.flores.25@obelie.mx,3344703443,Tlajomulco,evento,Centro
C-FDF0A80A3E,2026-09-11 17:56:55,Jorge Castillo,jorge.castillo.63@obelie.mx,3312057092,Tonalá,nuevo,Plaza Obelie
C-487EAA9466,2026-09-11 17:56:55,Fernando Diaz,fernando.diaz.27@obelie.mx,3383369040,Zapopan,mayoreo,Plaza Obelie
C-12796D528A,2026-09-11 17:56:56,Andres Molina,andres.molina.76@obelie.mx,3315138699,Tlajomulco,mayoreo,Sur
C-1E575D61E3,2026-09-11 17:56:57,Hugo Salazar,hugo.salazar.13@obelie.mx,3395862713,Tlaquepaque,nuevo,Centro
C-517302B93C,2026-09-11 17:56:57,Fernando Diaz,fernando.diaz.53@obelie.mx,3363947619,Tlaquepaque,evento,Sur
C-C33797CC5B,2026-09-11 17:56:58,Sofia Ramirez,sofia.ramirez.38@obelie.mx,3324598559,Guadalajara,nuevo,Plaza Obelie
C-FF3DA32D6B,2026-09-11 17:56:58,Andres Molina,andres.molina.42@obelie.mx,3337672914,Tlajomulco,mayoreo,Norte
C-4D317B7F9D,2026-09-11 17:56:59,Paola Nunez,paola.nunez.70@obelie.mx,3338662107,Tonalá,frecuente,Centro
C-3C24E5CB60,2026-09-11 17:56:59,Hugo Salazar,hugo.salazar.85@obelie.mx,3373132104,Zapopan,nuevo,Norte
C-928345540B,2026-09-11 17:57:00,Andres Molina,andres.molina.25@obelie.mx,3321984766,Guadalajara,evento,Norte
C-BC09229AFD,2026-09-11 17:57:00,Jorge Castillo,jorge.castillo.20@obelie.mx,3369017702,Zapopan,evento,Centro
C-6B3143852C,2026-09-11 17:57:01,Mateo Aguilar,mateo.aguilar.29@obelie.mx,3380838293,Tonalá,nuevo,Plaza Obelie
C-D45CD76828,2026-09-11 17:57:02,Ricardo Flores,ricardo.flores.40@obelie.mx,3385466135,Tonalá,evento,Plaza Obelie
C-42B1E61B10,2026-09-11 17:57:03,Hugo Salazar,hugo.salazar.23@obelie.mx,3365023283,Zapopan,frecuente,Plaza Obelie
C-046A425935,2026-09-11 17:57:03,Paola Nunez,paola.nunez.67@obelie.mx,3341797983,Zapopan,mayoreo,Centro
C-88CFFC07E4,2026-09-11 17:57:04,Fernando Diaz,fernando.diaz.89@obelie.mx,3392701021,Guadalajara,nuevo,Norte
C-99AB2F0404,2026-09-11 17:57:05,Mateo Aguilar,mateo.aguilar.22@obelie.mx,3323909120,Zapopan,mayoreo,Sur
C-8E85171914,2026-09-11 17:57:06,Andres Molina,andres.molina.60@obelie.mx,3354477740,Guadalajara,evento,Sur
C-AEF9651E8A,2026-09-11 17:57:06,Elena Vargas,elena.vargas.47@obelie.mx,3387552059,Tlajomulco,evento,Norte
C-9E34468165,2026-09-11 17:57:07,Hugo Salazar,hugo.salazar.66@obelie.mx,3347634973,Tlajomulco,frecuente,Centro
C-D953E03F21,2026-09-11 17:57:08,Valeria Ortiz,valeria.ortiz.87@obelie.mx,3317694315,Guadalajara,mayoreo,Sur
C-07F24A3213,2026-09-11 17:57:08,Sofia Ramirez,sofia.ramirez.11@obelie.mx,3362804401,Zapopan,mayoreo,Sur
C-E42D0F1F72,2026-09-11 17:57:09,Paola Nunez,paola.nunez.62@obelie.mx,3399806184,Tonalá,mayoreo,Centro
C-14FDD4E642,2026-09-11 17:57:10,Jorge Castillo,jorge.castillo.62@obelie.mx,3345808500,Tonalá,frecuente,Plaza Obelie
C-58BB88C128,2026-09-11 17:57:10,Sofia Ramirez,sofia.ramirez.63@obelie.mx,3347075124,Guadalajara,mayoreo,Plaza Obelie
C-EBC1AF2482,2026-09-11 17:57:11,Valeria Ortiz,valeria.ortiz.44@obelie.mx,3378292772,Zapopan,nuevo,Centro
C-5427C214B2,2026-09-11 17:57:12,Jorge Castillo,jorge.castillo.78@obelie.mx,3331548994,Tonalá,nuevo,Norte
C-7FCEBFAA65,2026-09-11 17:57:12,Andres Molina,andres.molina.39@obelie.mx,3367485673,Tlaquepaque,frecuente,Sur
C-77546646F1,2026-09-11 17:57:13,Jorge Castillo,jorge.castillo.95@obelie.mx,3347197042,Tlajomulco,evento,Centro
C-BF02817935,2026-09-11 17:57:14,Hugo Salazar,hugo.salazar.43@obelie.mx,3350809340,Tlajomulco,evento,Norte
C-7FF527727D,2026-09-11 17:57:15,Camila Herrera,camila.herrera.39@obelie.mx,3327872931,Tlaquepaque,mayoreo,Sur
C-E08A61F8E1,2026-09-11 17:57:15,Mateo Aguilar,mateo.aguilar.54@obelie.mx,3398891095,Tlajomulco,nuevo,Centro
C-E339CCF549,2026-09-11 17:57:16,Jorge Castillo,jorge.castillo.16@obelie.mx,3364113878,Tlaquepaque,evento,Centro
C-D3854233EE,2026-09-11 17:57:17,Mateo Aguilar,mateo.aguilar.66@obelie.mx,3362149896,Tonalá,mayoreo,Plaza Obelie
C-A12AC4DD2F,2026-09-11 17:57:17,Sofia Ramirez,sofia.ramirez.73@obelie.mx,3338377919,Tonalá,evento,Centro
C-7851A2167D,2026-09-11 17:57:18,Valeria Ortiz,valeria.ortiz.91@obelie.mx,3326633855,Zapopan,nuevo,Centro
C-6AB2A8608F,2026-09-11 17:57:18,Hugo Salazar,hugo.salazar.73@obelie.mx,3368738623,Zapopan,evento,Plaza Obelie
C-8B7C932E6F,2026-09-11 17:57:19,Mateo Aguilar,mateo.aguilar.77@obelie.mx,3364731759,Tonalá,frecuente,Sur
C-342D1195B5,2026-09-11 17:57:20,Daniela Pineda,daniela.pineda.49@obelie.mx,3398356286,Zapopan,nuevo,Plaza Obelie
C-5C70DC5FA1,2026-09-11 17:57:20,Jorge Castillo,jorge.castillo.28@obelie.mx,3315905616,Tonalá,mayoreo,Centro
C-7D658D4398,2026-09-11 17:57:21,Hugo Salazar,hugo.salazar.24@obelie.mx,3378295603,Zapopan,frecuente,Sur
C-415723EA81,2026-09-11 17:57:21,Andres Molina,andres.molina.98@obelie.mx,3317765319,Guadalajara,mayoreo,Plaza Obelie
C-044B2F0C66,2026-09-11 17:57:22,Jorge Castillo,jorge.castillo.75@obelie.mx,3324162229,Tlajomulco,evento,Plaza Obelie
C-9B35BBE2FA,2026-09-11 17:57:23,Sofia Ramirez,sofia.ramirez.46@obelie.mx,3344172677,Zapopan,frecuente,Centro
C-40B366EA89,2026-09-11 17:57:23,Daniela Pineda,daniela.pineda.47@obelie.mx,3345062346,Tonalá,frecuente,Sur
C-3836C33335,2026-09-11 17:57:24,Sofia Ramirez,sofia.ramirez.64@obelie.mx,3381171805,Zapopan,nuevo,Sur
C-2868B221C4,2026-09-11 17:57:25,Valeria Ortiz,valeria.ortiz.40@obelie.mx,3353103503,Tonalá,frecuente,Sur
C-9171F2E912,2026-09-11 17:57:25,Sofia Ramirez,sofia.ramirez.10@obelie.mx,3391781735,Tlaquepaque,nuevo,Centro
C-09631CC2C7,2026-09-11 17:57:26,Andres Molina,andres.molina.75@obelie.mx,3351322143,Zapopan,mayoreo,Norte
C-B8F92F3D4E,2026-09-11 17:57:26,Camila Herrera,camila.herrera.27@obelie.mx,3323296136,Tonalá,mayoreo,Plaza Obelie
C-55B21BEEB2,2026-09-11 17:57:27,Sofia Ramirez,sofia.ramirez.17@obelie.mx,3332095498,Tlaquepaque,nuevo,Centro
C-7477ABA837,2026-09-11 17:57:28,Camila Herrera,camila.herrera.78@obelie.mx,3369482669,Guadalajara,mayoreo,Norte
C-40F0164A8B,2026-09-11 17:57:28,Jorge Castillo,jorge.castillo.39@obelie.mx,3312472209,Guadalajara,nuevo,Sur
C-942AC9EF84,2026-09-11 17:57:29,Mateo Aguilar,mateo.aguilar.64@obelie.mx,3366513405,Zapopan,nuevo,Plaza Obelie
C-0227869419,2026-09-11 17:57:30,Mateo Aguilar,mateo.aguilar.49@obelie.mx,3332654702,Tonalá,nuevo,Sur
C-CA3E94E4A9,2026-09-11 17:57:30,Fernando Diaz,fernando.diaz.29@obelie.mx,3312013123,Guadalajara,evento,Plaza Obelie
C-AA8DD5805D,2026-09-11 17:57:31,Paola Nunez,paola.nunez.92@obelie.mx,3322608704,Tlajomulco,nuevo,Sur
C-975611F0D3,2026-09-11 18:02:59,Jorge Castillo,jorge.castillo.11@obelie.mx,3349771381,Zapopan,evento,Plaza Obelie
C-88CB0A4A12,2026-09-11 18:03:00,Elena Vargas,elena.vargas.46@obelie.mx,3383995674,Guadalajara,nuevo,Centro
C-10667CD7FA,2026-09-11 18:03:01,Andres Molina,andres.molina.55@obelie.mx,3311425779,Tonalá,frecuente,Norte
C-75F37679D9,2026-09-11 18:03:01,Camila Herrera,camila.herrera.93@obelie.mx,3326708455,Tlajomulco,frecuente,Sur
C-D14AE0239A,2026-09-11 18:03:02,Paola Nunez,paola.nunez.94@obelie.mx,3358288944,Tlaquepaque,evento,Centro
C-A4563D4432,2026-09-11 18:03:03,Daniela Pineda,daniela.pineda.51@obelie.mx,3386478390,Tlajomulco,evento,Sur
C-3701A2B7AD,2026-09-11 18:03:03,Andres Molina,andres.molina.19@obelie.mx,3348343193,Zapopan,nuevo,Sur
C-000B6072DB,2026-09-11 18:03:04,Daniela Pineda,daniela.pineda.46@obelie.mx,3363513517,Tlaquepaque,frecuente,Plaza Obelie
C-7848E48654,2026-09-11 18:03:05,Valeria Ortiz,valeria.ortiz.87@obelie.mx,3342212428,Guadalajara,mayoreo,Centro
C-7BA497FECF,2026-09-11 18:03:05,Camila Herrera,camila.herrera.23@obelie.mx,3394634515,Tonalá,mayoreo,Plaza Obelie
C-2C453A6448,2026-09-11 18:03:06,Daniela Pineda,daniela.pineda.45@obelie.mx,3386478056,Tonalá,nuevo,Plaza Obelie
C-685CCD7A84,2026-09-11 18:03:07,Valeria Ortiz,valeria.ortiz.32@obelie.mx,3333023262,Zapopan,nuevo,Centro
C-E4065A8C86,2026-09-11 18:03:07,Jorge Castillo,jorge.castillo.28@obelie.mx,3337813524,Zapopan,mayoreo,Sur
C-0DB92EEDEC,2026-09-11 18:03:08,Valeria Ortiz,valeria.ortiz.91@obelie.mx,3352928488,Tlajomulco,frecuente,Sur
C-56B3CB2A73,2026-09-11 18:03:09,Sofia Ramirez,sofia.ramirez.78@obelie.mx,3375287519,Tlajomulco,nuevo,Sur
C-013944BD33,2026-09-11 18:03:10,Camila Herrera,camila.herrera.63@obelie.mx,3385425269,Guadalajara,frecuente,Centro
C-D3FCE6E17F,2026-09-11 18:03:10,Mateo Aguilar,mateo.aguilar.94@obelie.mx,3350081718,Tlaquepaque,frecuente,Sur
C-6488210809,2026-09-11 18:03:11,Hugo Salazar,hugo.salazar.53@obelie.mx,3393439034,Tlaquepaque,nuevo,Centro
C-80BCE733A6,2026-09-11 18:03:11,Sofia Ramirez,sofia.ramirez.55@obelie.mx,3311459950,Tonalá,mayoreo,Sur
C-DD8A30F8F2,2026-09-11 18:03:11,Fernando Diaz,fernando.diaz.54@obelie.mx,3383073837,Tlajomulco,frecuente,Centro
C-484354CA05,2026-09-11 18:03:12,Mateo Aguilar,mateo.aguilar.17@obelie.mx,3399796502,Tlaquepaque,mayoreo,Plaza Obelie
C-798044467D,2026-09-11 18:03:12,Fernando Diaz,fernando.diaz.63@obelie.mx,3329119368,Tlaquepaque,mayoreo,Norte
C-9DFBEB3783,2026-09-11 18:03:13,Andres Molina,andres.molina.89@obelie.mx,3370753583,Tonalá,nuevo,Norte
C-12350C1C21,2026-09-11 18:03:14,Fernando Diaz,fernando.diaz.42@obelie.mx,3381876967,Tonalá,evento,Sur
C-9F4D7DA800,2026-09-11 18:03:14,Camila Herrera,camila.herrera.38@obelie.mx,3367497266,Tonalá,nuevo,Plaza Obelie
C-169E691564,2026-09-11 18:03:15,Hugo Salazar,hugo.salazar.51@obelie.mx,3361063809,Tonalá,evento,Norte
C-4C22226E47,2026-09-11 18:03:15,Fernando Diaz,fernando.diaz.61@obelie.mx,3356289764,Tonalá,nuevo,Plaza Obelie
C-D0D49998CF,2026-09-11 18:03:16,Camila Herrera,camila.herrera.51@obelie.mx,3396573552,Tonalá,mayoreo,Norte
C-6E23A2AD56,2026-09-11 18:03:16,Daniela Pineda,daniela.pineda.85@obelie.mx,3319449333,Zapopan,frecuente,Norte
C-79AA65B910,2026-09-11 18:03:17,Daniela Pineda,daniela.pineda.10@obelie.mx,3354223786,Tlaquepaque,nuevo,Centro
C-F3CED11F27,2026-09-11 18:03:17,Andres Molina,andres.molina.61@obelie.mx,3394223053,Tlajomulco,frecuente,Centro
C-BF5C13683A,2026-09-11 18:03:18,Ricardo Flores,ricardo.flores.87@obelie.mx,3358069211,Tonalá,frecuente,Sur
C-52CFD733A5,2026-09-11 18:03:18,Camila Herrera,camila.herrera.14@obelie.mx,3375123988,Zapopan,evento,Norte
C-B75614DC6F,2026-09-11 18:03:19,Sofia Ramirez,sofia.ramirez.91@obelie.mx,3340649191,Tlaquepaque,evento,Plaza Obelie
C-37CCFD9D37,2026-09-11 18:03:20,Camila Herrera,camila.herrera.57@obelie.mx,3377996695,Tonalá,mayoreo,Centro
C-0FBC846F07,2026-09-11 18:03:20,Daniela Pineda,daniela.pineda.31@obelie.mx,3383306902,Zapopan,mayoreo,Plaza Obelie
C-6065F5FD40,2026-09-11 18:03:21,Andres Molina,andres.molina.40@obelie.mx,3387969059,Zapopan,mayoreo,Centro
C-9797626C35,2026-09-11 18:03:22,Sofia Ramirez,sofia.ramirez.68@obelie.mx,3383825126,Tlajomulco,frecuente,Centro
C-A4A9A5A233,2026-09-11 18:03:23,Andres Molina,andres.molina.25@obelie.mx,3335154941,Zapopan,mayoreo,Norte
C-0471072E92,2026-09-11 18:03:23,Sofia Ramirez,sofia.ramirez.79@obelie.mx,3337509142,Tonalá,nuevo,Sur
C-5591A4F52A,2026-09-11 18:03:24,Hugo Salazar,hugo.salazar.93@obelie.mx,3380717719,Guadalajara,evento,Plaza Obelie
C-478F879750,2026-09-11 18:03:25,Mateo Aguilar,mateo.aguilar.78@obelie.mx,3395678431,Tonalá,nuevo,Centro
C-E7E7512A44,2026-09-11 18:03:25,Fernando Diaz,fernando.diaz.75@obelie.mx,3315878129,Zapopan,frecuente,Norte
C-6E4AA3E48C,2026-09-11 18:03:26,Camila Herrera,camila.herrera.35@obelie.mx,3382131720,Tlajomulco,evento,Centro
C-E16FCB16C3,2026-09-11 18:03:27,Ricardo Flores,ricardo.flores.37@obelie.mx,3325859512,Tlaquepaque,mayoreo,Sur
C-C79B870B32,2026-09-11 18:03:28,Jorge Castillo,jorge.castillo.54@obelie.mx,3375224853,Zapopan,evento,Sur
C-D492523D8D,2026-09-11 18:03:28,Hugo Salazar,hugo.salazar.96@obelie.mx,3350039375,Guadalajara,evento,Sur
C-AFFE58F11B,2026-09-11 18:03:29,Camila Herrera,camila.herrera.76@obelie.mx,3379345305,Tonalá,mayoreo,Plaza Obelie
C-521B3A642B,2026-09-11 18:03:29,Elena Vargas,elena.vargas.97@obelie.mx,3348103365,Tlajomulco,evento,Sur
C-C477AF7A2F,2026-09-11 18:03:30,Daniela Pineda,daniela.pineda.87@obelie.mx,3367683649,Tonalá,frecuente,Centro
C-C6F02C9947,2026-09-11 18:03:31,Fernando Diaz,fernando.diaz.72@obelie.mx,3346524871,Tlaquepaque,nuevo,Norte
C-4195DC5143,2026-09-11 18:03:32,Hugo Salazar,hugo.salazar.76@obelie.mx,3351681456,Tonalá,frecuente,Centro
C-06F9C190A9,2026-09-11 18:03:32,Paola Nunez,paola.nunez.51@obelie.mx,3362868409,Zapopan,frecuente,Sur
C-F2C64E21D3,2026-09-11 18:03:33,Daniela Pineda,daniela.pineda.56@obelie.mx,3361505374,Tonalá,frecuente,Sur
C-26B5FCDD72,2026-09-11 18:03:34,Mateo Aguilar,mateo.aguilar.14@obelie.mx,3342808042,Tonalá,evento,Centro
C-70CD342E42,2026-09-11 18:03:34,Fernando Diaz,fernando.diaz.99@obelie.mx,3385398673,Tlaquepaque,nuevo,Centro
C-A9784C8095,2026-09-11 18:03:35,Camila Herrera,camila.herrera.17@obelie.mx,3322763698,Guadalajara,nuevo,Sur
C-25FB262C5E,2026-09-11 18:03:36,Elena Vargas,elena.vargas.45@obelie.mx,3387016687,Tlajomulco,frecuente,Plaza Obelie
C-70A4939E1A,2026-09-11 18:03:37,Elena Vargas,elena.vargas.93@obelie.mx,3369981207,Tonalá,mayoreo,Norte
C-1A4C9E71CD,2026-09-11 18:03:37,Andres Molina,andres.molina.23@obelie.mx,3357333046,Tlajomulco,frecuente,Plaza Obelie
C-DF8462E633,2026-09-11 18:03:38,Elena Vargas,elena.vargas.43@obelie.mx,3342287617,Tlaquepaque,nuevo,Plaza Obelie
C-1DDC8EA019,2026-09-11 18:03:39,Andres Molina,andres.molina.21@obelie.mx,3313562154,Guadalajara,nuevo,Sur
C-5C5CFB13A4,2026-09-11 18:03:39,Sofia Ramirez,sofia.ramirez.12@obelie.mx,3352835283,Tlajomulco,nuevo,Sur
C-734AF91098,2026-09-11 18:03:39,Mateo Aguilar,mateo.aguilar.43@obelie.mx,3393231198,Tonalá,frecuente,Sur
C-40E8E5B8B5,2026-09-11 18:03:40,Paola Nunez,paola.nunez.47@obelie.mx,3348367317,Tlaquepaque,evento,Norte
C-533DD0971E,2026-09-11 18:03:40,Ricardo Flores,ricardo.flores.66@obelie.mx,3381292194,Zapopan,frecuente,Sur
C-1E5A998F82,2026-09-11 18:03:41,Jorge Castillo,jorge.castillo.92@obelie.mx,3319572205,Guadalajara,frecuente,Plaza Obelie
C-CB05981C12,2026-09-11 18:03:42,Elena Vargas,elena.vargas.44@obelie.mx,3360364506,Tlaquepaque,evento,Norte
C-3155EA1621,2026-09-11 18:03:43,Jorge Castillo,jorge.castillo.49@obelie.mx,3375377869,Guadalajara,nuevo,Norte
C-1DFEFFC7EF,2026-09-11 18:03:44,Mateo Aguilar,mateo.aguilar.46@obelie.mx,3397117434,Tlajomulco,frecuente,Centro
C-CF26B79BAF,2026-09-11 18:03:44,Mateo Aguilar,mateo.aguilar.39@obelie.mx,3346532682,Zapopan,mayoreo,Centro
C-3919B18480,2026-09-11 18:03:45,Ricardo Flores,ricardo.flores.25@obelie.mx,3355169307,Tlajomulco,frecuente,Norte
C-6AFCACC536,2026-09-11 18:03:46,Valeria Ortiz,valeria.ortiz.63@obelie.mx,3362289708,Zapopan,evento,Sur
C-267D57F4CA,2026-09-11 18:03:46,Valeria Ortiz,valeria.ortiz.42@obelie.mx,3322693569,Tlaquepaque,mayoreo,Centro
C-2AC6C2EAE0,2026-09-11 18:03:47,Jorge Castillo,jorge.castillo.50@obelie.mx,3340225497,Zapopan,evento,Sur
C-6F7C7B65BD,2026-09-11 18:03:48,Paola Nunez,paola.nunez.34@obelie.mx,3334731316,Tlaquepaque,nuevo,Centro
C-3433171BDD,2026-09-11 18:03:49,Jorge Castillo,jorge.castillo.18@obelie.mx,3390096644,Tonalá,mayoreo,Sur
C-66831A5CFE,2026-09-11 18:03:49,Paola Nunez,paola.nunez.80@obelie.mx,3394937437,Tlajomulco,nuevo,Centro
C-1FE8FCEE5E,2026-09-11 18:03:50,Hugo Salazar,hugo.salazar.43@obelie.mx,3361286528,Tonalá,nuevo,Plaza Obelie
C-85A1631DBA,2026-09-11 18:03:50,Jorge Castillo,jorge.castillo.21@obelie.mx,3314763614,Tlaquepaque,evento,Sur
C-279061978E,2026-09-11 18:03:51,Ricardo Flores,ricardo.flores.63@obelie.mx,3318241481,Zapopan,frecuente,Norte
C-315650C506,2026-09-11 18:03:51,Sofia Ramirez,sofia.ramirez.76@obelie.mx,3357507056,Tonalá,frecuente,Norte
C-881D30A0ED,2026-09-11 18:03:52,Fernando Diaz,fernando.diaz.15@obelie.mx,3388444819,Tlaquepaque,mayoreo,Sur
C-A436F1B5B5,2026-09-11 18:03:53,Camila Herrera,camila.herrera.79@obelie.mx,3351586711,Tlajomulco,evento,Norte
C-90C7E4C926,2026-09-11 18:03:53,Fernando Diaz,fernando.diaz.44@obelie.mx,3345014336,Guadalajara,nuevo,Plaza Obelie
C-6E90F72EF0,2026-09-11 18:03:54,Ricardo Flores,ricardo.flores.23@obelie.mx,3314388250,Tlaquepaque,frecuente,Norte
C-F1D3642AFF,2026-09-11 18:03:55,Andres Molina,andres.molina.21@obelie.mx,3370417962,Tlajomulco,frecuente,Norte
C-0F4BBF76FA,2026-09-11 18:03:55,Fernando Diaz,fernando.diaz.12@obelie.mx,3331924041,Zapopan,mayoreo,Norte
C-6A8594BF14,2026-09-11 18:03:56,Jorge Castillo,jorge.castillo.14@obelie.mx,3312582771,Zapopan,evento,Plaza Obelie
C-0BDA07B911,2026-09-11 18:03:57,Paola Nunez,paola.nunez.57@obelie.mx,3335853240,Tonalá,evento,Sur
C-C6EF40DA21,2026-09-11 18:03:57,Paola Nunez,paola.nunez.20@obelie.mx,3394383466,Tlajomulco,nuevo,Plaza Obelie
C-ADE35CB01E,2026-09-11 18:03:58,Andres Molina,andres.molina.30@obelie.mx,3369347358,Tlaquepaque,frecuente,Sur
C-D08C5687E0,2026-09-11 18:03:58,Paola Nunez,paola.nunez.82@obelie.mx,3314188671,Tlajomulco,evento,Plaza Obelie
C-1CDB9D6661,2026-09-11 18:03:59,Fernando Diaz,fernando.diaz.55@obelie.mx,3310473809,Tonalá,frecuente,Centro
C-28387970C8,2026-09-11 18:04:00,Daniela Pineda,daniela.pineda.31@obelie.mx,3328891725,Tlajomulco,frecuente,Sur
C-E4FE0EC711,2026-09-11 18:04:01,Valeria Ortiz,valeria.ortiz.97@obelie.mx,3359695175,Tlajomulco,evento,Sur
C-E9E17C6E37,2026-09-11 18:04:02,Daniela Pineda,daniela.pineda.89@obelie.mx,3389369217,Tonalá,evento,Plaza Obelie
C-22D99815BC,2026-09-11 18:04:03,Hugo Salazar,hugo.salazar.22@obelie.mx,3383289544,Tlaquepaque,evento,Norte
C-1451A01913,2026-09-11 18:04:03,Andres Molina,andres.molina.87@obelie.mx,3397503989,Tlajomulco,frecuente,Centro
C-1EAE44101F,2026-09-11 18:04:04,Fernando Diaz,fernando.diaz.10@obelie.mx,3394439136,Guadalajara,nuevo,Plaza Obelie
C-717E240EC5,2026-09-11 18:04:05,Jorge Castillo,jorge.castillo.86@obelie.mx,3348613405,Guadalajara,nuevo,Norte
C-4184D6A6F8,2026-09-11 18:04:06,Mateo Aguilar,mateo.aguilar.49@obelie.mx,3358417102,Zapopan,evento,Plaza Obelie
C-9E55569030,2026-09-11 18:04:06,Elena Vargas,elena.vargas.84@obelie.mx,3388569058,Tlajomulco,mayoreo,Centro
C-634E594795,2026-09-11 18:04:07,Mateo Aguilar,mateo.aguilar.55@obelie.mx,3371721120,Tlaquepaque,mayoreo,Norte
C-30FADDDE9B,2026-09-11 18:04:08,Camila Herrera,camila.herrera.50@obelie.mx,3311147327,Zapopan,frecuente,Norte
C-D42C333E52,2026-09-11 18:04:08,Mateo Aguilar,mateo.aguilar.91@obelie.mx,3398431319,Tlajomulco,frecuente,Plaza Obelie
C-71EBFEDCE8,2026-09-11 18:04:09,Fernando Diaz,fernando.diaz.69@obelie.mx,3367952198,Guadalajara,evento,Sur
C-78D0A278C3,2026-09-11 18:04:09,Daniela Pineda,daniela.pineda.92@obelie.mx,3369267309,Tonalá,nuevo,Centro
C-E7AB745AF5,2026-09-11 18:04:10,Mateo Aguilar,mateo.aguilar.53@obelie.mx,3339187507,Guadalajara,mayoreo,Sur
C-1C834DFA71,2026-09-11 18:04:11,Valeria Ortiz,valeria.ortiz.60@obelie.mx,3390459418,Zapopan,nuevo,Sur
C-FDF476DCB8,2026-09-11 18:04:11,Camila Herrera,camila.herrera.50@obelie.mx,3359251460,Guadalajara,evento,Centro
C-7B91EDB33E,2026-09-11 18:04:12,Ricardo Flores,ricardo.flores.21@obelie.mx,3351452838,Tlajomulco,evento,Sur
C-94B80A0D6E,2026-09-11 18:04:13,Hugo Salazar,hugo.salazar.63@obelie.mx,3331566406,Tlajomulco,frecuente,Centro
C-9122C1C252,2026-09-11 18:04:14,Andres Molina,andres.molina.52@obelie.mx,3369101776,Tlaquepaque,frecuente,Norte
C-557FD95CB0,2026-09-11 18:04:14,Hugo Salazar,hugo.salazar.23@obelie.mx,3393406518,Tlajomulco,mayoreo,Centro
C-EC11878205,2026-09-11 18:04:15,Daniela Pineda,daniela.pineda.43@obelie.mx,3369255190,Tlajomulco,frecuente,Norte
C-0AB604E930,2026-09-11 18:04:15,Camila Herrera,camila.herrera.37@obelie.mx,3399359581,Tlajomulco,nuevo,Norte
C-E5D7DDADD9,2026-09-11 18:04:16,Fernando Diaz,fernando.diaz.45@obelie.mx,3374604213,Zapopan,frecuente,Sur
C-27FB362A88,2026-09-11 18:04:17,Fernando Diaz,fernando.diaz.54@obelie.mx,3395277514,Guadalajara,nuevo,Centro
C-F5B1E140FD,2026-09-11 18:04:18,Hugo Salazar,hugo.salazar.19@obelie.mx,3322787227,Tlaquepaque,frecuente,Centro
C-0E885CE7EA,2026-09-11 18:04:18,Hugo Salazar,hugo.salazar.92@obelie.mx,3327701028,Zapopan,mayoreo,Centro
C-E932C14F50,2026-09-11 18:04:19,Sofia Ramirez,sofia.ramirez.20@obelie.mx,3373255108,Tlajomulco,frecuente,Centro
C-C26506E1A2,2026-09-11 18:04:19,Paola Nunez,paola.nunez.35@obelie.mx,3348905788,Tlajomulco,evento,Plaza Obelie
C-98CFA80825,2026-09-11 18:04:20,Hugo Salazar,hugo.salazar.61@obelie.mx,3337661310,Guadalajara,nuevo,Norte
C-D572C3A0AB,2026-09-11 18:04:21,Andres Molina,andres.molina.83@obelie.mx,3378648810,Tlaquepaque,frecuente,Centro
C-39D266BC6C,2026-09-11 18:04:21,Ricardo Flores,ricardo.flores.15@obelie.mx,3350094757,Tlajomulco,mayoreo,Plaza Obelie
C-4FD816E309,2026-09-11 18:04:22,Hugo Salazar,hugo.salazar.36@obelie.mx,3385799305,Tlajomulco,nuevo,Norte
C-3489B985BF,2026-09-11 18:04:22,Andres Molina,andres.molina.63@obelie.mx,3310576512,Tonalá,mayoreo,Centro
C-3C2C015A52,2026-09-11 18:04:23,Daniela Pineda,daniela.pineda.75@obelie.mx,3338818825,Tonalá,mayoreo,Norte
C-D4186568E5,2026-09-11 18:04:23,Hugo Salazar,hugo.salazar.50@obelie.mx,3394741289,Tlajomulco,nuevo,Plaza Obelie
C-48C283BB3F,2026-09-11 18:04:24,Ricardo Flores,ricardo.flores.28@obelie.mx,3352583032,Tonalá,evento,Centro
C-61D09224C5,2026-09-11 18:04:25,Fernando Diaz,fernando.diaz.92@obelie.mx,3383731907,Zapopan,nuevo,Sur
C-54748A177D,2026-09-11 18:04:26,Hugo Salazar,hugo.salazar.96@obelie.mx,3314194941,Tlaquepaque,nuevo,Norte
C-B64F1B2BE8,2026-09-11 18:04:26,Mateo Aguilar,mateo.aguilar.23@obelie.mx,3372575695,Tonalá,frecuente,Centro
C-6DF334CC38,2026-09-11 18:04:27,Camila Herrera,camila.herrera.88@obelie.mx,3344745778,Zapopan,frecuente,Plaza Obelie
C-4758F14A7A,2026-09-11 18:04:27,Camila Herrera,camila.herrera.54@obelie.mx,3389369886,Tonalá,mayoreo,Sur
C-0DE2D549C7,2026-09-11 18:04:28,Hugo Salazar,hugo.salazar.23@obelie.mx,3386234765,Zapopan,mayoreo,Plaza Obelie
C-6C5E01689F,2026-09-11 18:04:29,Sofia Ramirez,sofia.ramirez.12@obelie.mx,3339905468,Guadalajara,evento,Plaza Obelie
C-3A1F3D1D2A,2026-09-11 18:04:29,Paola Nunez,paola.nunez.68@obelie.mx,3387161784,Tlaquepaque,frecuente,Norte
C-983F9DD791,2026-09-11 18:04:30,Paola Nunez,paola.nunez.60@obelie.mx,3335198497,Zapopan,evento,Plaza Obelie
C-08DD18B6E3,2026-09-11 18:04:30,Sofia Ramirez,sofia.ramirez.80@obelie.mx,3364041315,Tlajomulco,mayoreo,Plaza Obelie
C-852800EA4C,2026-09-11 18:04:31,Camila Herrera,camila.herrera.30@obelie.mx,3348618205,Tlajomulco,frecuente,Norte
C-DE1621EA5B,2026-09-11 18:04:31,Andres Molina,andres.molina.32@obelie.mx,3339209735,Zapopan,mayoreo,Plaza Obelie
C-DA5D1FEC38,2026-09-11 18:04:32,Sofia Ramirez,sofia.ramirez.29@obelie.mx,3388505308,Tonalá,mayoreo,Centro
C-0EACBBEF42,2026-09-11 18:04:33,Sofia Ramirez,sofia.ramirez.24@obelie.mx,3370248519,Tlajomulco,evento,Plaza Obelie
C-9B250102BA,2026-09-11 18:04:33,Paola Nunez,paola.nunez.22@obelie.mx,3333139411,Zapopan,frecuente,Sur
C-6BD7622A45,2026-09-11 18:04:34,Ricardo Flores,ricardo.flores.35@obelie.mx,3356546865,Zapopan,nuevo,Norte
C-B008AF7D21,2026-09-11 18:04:35,Sofia Ramirez,sofia.ramirez.64@obelie.mx,3342443829,Zapopan,nuevo,Norte
C-B2375E7D4F,2026-09-11 18:04:35,Paola Nunez,paola.nunez.60@obelie.mx,3344881710,Tlaquepaque,frecuente,Norte
C-3B2A928799,2026-09-11 18:04:36,Daniela Pineda,daniela.pineda.39@obelie.mx,3377397698,Tonalá,evento,Centro
C-C6BFFF5363,2026-09-11 18:04:36,Ricardo Flores,ricardo.flores.29@obelie.mx,3329143295,Tlaquepaque,evento,Centro
C-A5BE2A87D0,2026-09-11 18:04:37,Jorge Castillo,jorge.castillo.78@obelie.mx,3350943937,Tlaquepaque,frecuente,Plaza Obelie
C-1CF97F524E,2026-09-11 18:04:38,Ricardo Flores,ricardo.flores.81@obelie.mx,3373327154,Tlaquepaque,evento,Sur
C-E8EEC59B49,2026-09-11 18:04:38,Camila Herrera,camila.herrera.33@obelie.mx,3369867914,Zapopan,mayoreo,Norte
C-91B68A63BC,2026-09-11 18:04:39,Paola Nunez,paola.nunez.87@obelie.mx,3342275302,Zapopan,evento,Norte
C-6A71D4E90E,2026-09-11 18:04:40,Daniela Pineda,daniela.pineda.19@obelie.mx,3318875216,Guadalajara,evento,Sur
C-800C4FAD40,2026-09-11 18:04:41,Andres Molina,andres.molina.84@obelie.mx,3342379980,Guadalajara,frecuente,Plaza Obelie
C-44159CB7ED,2026-09-11 18:04:41,Camila Herrera,camila.herrera.50@obelie.mx,3396638633,Tonalá,evento,Plaza Obelie
C-783F075599,2026-09-11 18:04:42,Jorge Castillo,jorge.castillo.44@obelie.mx,3331685885,Guadalajara,evento,Centro
C-1474D59720,2026-09-11 18:04:43,Hugo Salazar,hugo.salazar.16@obelie.mx,3319067860,Tlajomulco,evento,Norte
C-64994DF576,2026-09-11 18:04:43,Valeria Ortiz,valeria.ortiz.57@obelie.mx,3333625004,Zapopan,mayoreo,Centro
C-C577329111,2026-09-11 18:04:44,Elena Vargas,elena.vargas.49@obelie.mx,3379843334,Tlaquepaque,evento,Centro
C-CF95CF23F7,2026-09-11 18:04:45,Camila Herrera,camila.herrera.56@obelie.mx,3390488928,Tlaquepaque,mayoreo,Sur
C-758AA2E569,2026-09-11 18:04:45,Fernando Diaz,fernando.diaz.20@obelie.mx,3378778743,Tlaquepaque,nuevo,Sur
C-58B9BF0D7F,2026-09-11 18:04:46,Valeria Ortiz,valeria.ortiz.25@obelie.mx,3394887958,Tlajomulco,mayoreo,Centro
C-F22D5859E7,2026-09-11 18:04:47,Andres Molina,andres.molina.84@obelie.mx,3339124100,Tonalá,evento,Norte
C-78293F9540,2026-09-11 18:04:47,Valeria Ortiz,valeria.ortiz.38@obelie.mx,3375979599,Tlajomulco,nuevo,Centro
C-16DD310362,2026-09-11 18:04:48,Camila Herrera,camila.herrera.24@obelie.mx,3322934657,Tlaquepaque,nuevo,Norte
C-236BEDAF86,2026-09-11 18:04:49,Fernando Diaz,fernando.diaz.16@obelie.mx,3324391425,Tlaquepaque,nuevo,Plaza Obelie
C-E48179ED03,2026-09-11 18:04:50,Valeria Ortiz,valeria.ortiz.17@obelie.mx,3395037653,Zapopan,mayoreo,Sur
C-7B9C48967A,2026-09-11 18:04:50,Camila Herrera,camila.herrera.87@obelie.mx,3321672346,Tlajomulco,frecuente,Centro
C-D88F55AC04,2026-09-11 18:04:51,Paola Nunez,paola.nunez.54@obelie.mx,3318781410,Tonalá,evento,Plaza Obelie
C-3F36AEE71A,2026-09-11 18:04:51,Andres Molina,andres.molina.99@obelie.mx,3336909646,Guadalajara,frecuente,Plaza Obelie
C-2B546C1AB1,2026-09-11 18:04:52,Fernando Diaz,fernando.diaz.74@obelie.mx,3334652662,Guadalajara,mayoreo,Centro
C-5078E73E4A,2026-09-11 18:04:53,Paola Nunez,paola.nunez.29@obelie.mx,3319109577,Tlaquepaque,mayoreo,Centro
C-AE532203F3,2026-09-11 18:04:54,Mateo Aguilar,mateo.aguilar.73@obelie.mx,3336297521,Tlaquepaque,evento,Plaza Obelie
C-FD9A122052,2026-09-11 18:04:54,Elena Vargas,elena.vargas.44@obelie.mx,3357364732,Tlajomulco,evento,Norte
C-9D85853B55,2026-09-11 18:04:55,Elena Vargas,elena.vargas.66@obelie.mx,3331644016,Guadalajara,evento,Sur
C-537175F46C,2026-09-11 18:04:56,Ricardo Flores,ricardo.flores.39@obelie.mx,3317864595,Tonalá,nuevo,Sur
C-2C9FCBD261,2026-09-11 18:04:57,Valeria Ortiz,valeria.ortiz.34@obelie.mx,3321884494,Zapopan,nuevo,Norte
C-6BB4FCC1BF,2026-09-11 18:04:57,Hugo Salazar,hugo.salazar.34@obelie.mx,3357474378,Tlaquepaque,nuevo,Sur
C-8C61705C69,2026-09-11 18:04:58,Paola Nunez,paola.nunez.16@obelie.mx,3380473464,Guadalajara,mayoreo,Norte
C-160E2D8631,2026-09-11 18:04:59,Andres Molina,andres.molina.70@obelie.mx,3344713442,Tonalá,frecuente,Plaza Obelie
C-2E6F5C472A,2026-09-11 18:04:59,Ricardo Flores,ricardo.flores.79@obelie.mx,3314188390,Zapopan,mayoreo,Norte
C-12602E3E7E,2026-09-11 18:05:00,Hugo Salazar,hugo.salazar.63@obelie.mx,3310657660,Tlajomulco,frecuente,Plaza Obelie
C-4B9B0E0102,2026-09-11 18:05:01,Valeria Ortiz,valeria.ortiz.40@obelie.mx,3360738100,Tonalá,frecuente,Sur
C-E2CE041BC2,2026-09-11 18:05:01,Daniela Pineda,daniela.pineda.47@obelie.mx,3339985516,Zapopan,mayoreo,Norte
C-3223943F19,2026-09-11 18:05:02,Fernando Diaz,fernando.diaz.53@obelie.mx,3374092705,Guadalajara,mayoreo,Sur
C-34052235B9,2026-09-11 18:05:02,Ricardo Flores,ricardo.flores.88@obelie.mx,3315281245,Guadalajara,mayoreo,Norte
C-1BCC97D2D0,2026-09-11 18:05:03,Daniela Pineda,daniela.pineda.19@obelie.mx,3371687934,Tonalá,evento,Sur
C-7D94910446,2026-09-11 18:05:04,Camila Herrera,camila.herrera.12@obelie.mx,3339445873,Tonalá,nuevo,Centro
C-BAE8793414,2026-09-11 18:05:04,Hugo Salazar,hugo.salazar.86@obelie.mx,3393051852,Tlajomulco,frecuente,Plaza Obelie
C-91703C892C,2026-09-11 18:05:05,Valeria Ortiz,valeria.ortiz.95@obelie.mx,3355058453,Tonalá,frecuente,Centro
C-201755E4CD,2026-09-11 18:05:05,Paola Nunez,paola.nunez.41@obelie.mx,3376881841,Tlajomulco,mayoreo,Centro
C-DDB158FF48,2026-09-11 18:05:06,Andres Molina,andres.molina.87@obelie.mx,3363897116,Tonalá,frecuente,Centro
C-894C94DA0A,2026-09-11 18:05:07,Mateo Aguilar,mateo.aguilar.55@obelie.mx,3369397023,Tonalá,evento,Norte
C-B4F428A7A0,2026-09-11 18:05:07,Valeria Ortiz,valeria.ortiz.74@obelie.mx,3383879746,Zapopan,mayoreo,Norte
C-FB68A317F4,2026-09-11 18:05:08,Ricardo Flores,ricardo.flores.99@obelie.mx,3357562852,Tlajomulco,mayoreo,Plaza Obelie
C-4C121F8E49,2026-09-11 18:05:08,Daniela Pineda,daniela.pineda.44@obelie.mx,3340712615,Zapopan,nuevo,Norte
C-7C1967CCF4,2026-09-11 18:05:09,Andres Molina,andres.molina.63@obelie.mx,3382035518,Guadalajara,evento,Norte
C-68A13BED21,2026-09-11 18:05:10,Hugo Salazar,hugo.salazar.11@obelie.mx,3311649566,Tonalá,frecuente,Sur
C-78F4D1E077,2026-09-11 18:05:10,Fernando Diaz,fernando.diaz.96@obelie.mx,3334933312,Tonalá,frecuente,Sur
C-E4D36A386D,2026-09-11 18:05:11,Mateo Aguilar,mateo.aguilar.28@obelie.mx,3334562384,Tonalá,frecuente,Centro
C-ACC515FD90,2026-09-11 18:05:12,Paola Nunez,paola.nunez.33@obelie.mx,3398979894,Zapopan,mayoreo,Sur
C-6227ABE409,2026-09-11 18:05:13,Valeria Ortiz,valeria.ortiz.92@obelie.mx,3334849505,Tlaquepaque,mayoreo,Plaza Obelie
C-27AAE54F3E,2026-09-11 18:05:13,Mateo Aguilar,mateo.aguilar.49@obelie.mx,3344525510,Zapopan,frecuente,Norte
C-5EC8E776DC,2026-09-11 18:05:14,Jorge Castillo,jorge.castillo.85@obelie.mx,3317589591,Guadalajara,evento,Centro
C-416185EF44,2026-09-11 18:05:14,Hugo Salazar,hugo.salazar.93@obelie.mx,3339864281,Tlaquepaque,frecuente,Norte
C-1DB0AA9549,2026-09-11 18:05:15,Elena Vargas,elena.vargas.61@obelie.mx,3319272463,Zapopan,nuevo,Sur
C-01DA6725E2,2026-09-11 18:05:16,Mateo Aguilar,mateo.aguilar.92@obelie.mx,3355523468,Tlajomulco,evento,Plaza Obelie
C-06040A3C76,2026-09-11 18:05:16,Sofia Ramirez,sofia.ramirez.85@obelie.mx,3321558584,Tlajomulco,nuevo,Centro
C-1019B705E0,2026-09-11 18:05:17,Sofia Ramirez,sofia.ramirez.52@obelie.mx,3340146296,Zapopan,mayoreo,Plaza Obelie
C-48811671A1,2026-09-11 18:05:18,Valeria Ortiz,valeria.ortiz.11@obelie.mx,3354995372,Tlajomulco,nuevo,Centro
C-B26FAC7230,2026-09-11 18:05:18,Daniela Pineda,daniela.pineda.89@obelie.mx,3340596512,Tlaquepaque,frecuente,Centro
C-6420E2CD4B,2026-09-11 18:05:19,Valeria Ortiz,valeria.ortiz.29@obelie.mx,3330275773,Tlajomulco,evento,Sur
C-E09BDC258B,2026-09-11 18:05:19,Sofia Ramirez,sofia.ramirez.21@obelie.mx,3312606505,Tonalá,nuevo,Centro
C-F000A56212,2026-09-11 18:05:20,Mateo Aguilar,mateo.aguilar.45@obelie.mx,3398835960,Guadalajara,evento,Sur
C-2952491CF8,2026-09-11 18:05:21,Paola Nunez,paola.nunez.19@obelie.mx,3391368545,Zapopan,nuevo,Sur
C-60DC8BBC36,2026-09-11 18:05:22,Andres Molina,andres.molina.60@obelie.mx,3367344260,Tlaquepaque,mayoreo,Norte
C-7B01C6AFFD,2026-09-11 18:05:22,Fernando Diaz,fernando.diaz.73@obelie.mx,3348853348,Tonalá,evento,Plaza Obelie
C-A8A8F20C4F,2026-09-11 18:05:23,Andres Molina,andres.molina.76@obelie.mx,3366993945,Tlaquepaque,frecuente,Centro
C-32552BFE2C,2026-09-11 18:05:24,Andres Molina,andres.molina.58@obelie.mx,3324874974,Tlajomulco,frecuente,Plaza Obelie
C-674125E628,2026-09-11 18:05:25,Andres Molina,andres.molina.32@obelie.mx,3352924634,Guadalajara,frecuente,Centro
C-E3B2B43479,2026-09-11 18:05:25,Fernando Diaz,fernando.diaz.48@obelie.mx,3357666810,Guadalajara,evento,Sur
C-341F4F47F0,2026-09-11 18:05:26,Jorge Castillo,jorge.castillo.27@obelie.mx,3365579532,Guadalajara,mayoreo,Centro
C-992D961424,2026-09-11 18:05:27,Mateo Aguilar,mateo.aguilar.70@obelie.mx,3367497255,Guadalajara,mayoreo,Plaza Obelie
C-27AE7231B1,2026-09-11 18:05:27,Daniela Pineda,daniela.pineda.51@obelie.mx,3333973441,Tonalá,mayoreo,Plaza Obelie
C-700B0E4468,2026-09-11 18:05:28,Elena Vargas,elena.vargas.13@obelie.mx,3327162951,Zapopan,nuevo,Plaza Obelie
C-62908FC57D,2026-09-11 18:05:28,Mateo Aguilar,mateo.aguilar.84@obelie.mx,3358874637,Tlaquepaque,mayoreo,Norte
C-285DF38296,2026-09-11 18:05:28,Valeria Ortiz,valeria.ortiz.27@obelie.mx,3335599266,Zapopan,frecuente,Norte
C-3E71040FA0,2026-09-11 18:05:29,Ricardo Flores,ricardo.flores.30@obelie.mx,3385325643,Tlajomulco,nuevo,Centro
C-C8CF7F0C49,2026-09-11 18:05:30,Jorge Castillo,jorge.castillo.54@obelie.mx,3344747062,Tlajomulco,mayoreo,Plaza Obelie
C-6CC1C1B4E3,2026-09-11 18:05:30,Paola Nunez,paola.nunez.99@obelie.mx,3321247920,Guadalajara,mayoreo,Sur
C-20C2B6164B,2026-09-11 18:05:31,Fernando Diaz,fernando.diaz.74@obelie.mx,3319752853,Tlajomulco,nuevo,Plaza Obelie
C-AA8A48A7DC,2026-09-11 18:05:32,Ricardo Flores,ricardo.flores.28@obelie.mx,3352098595,Zapopan,evento,Norte
C-DEE53DC25C,2026-09-11 18:05:32,Jorge Castillo,jorge.castillo.93@obelie.mx,3366572789,Tonalá,nuevo,Norte
C-2C973E4F3F,2026-09-11 18:05:33,Mateo Aguilar,mateo.aguilar.88@obelie.mx,3397782888,Guadalajara,evento,Sur
C-86FD497FA7,2026-09-11 18:05:34,Mateo Aguilar,mateo.aguilar.19@obelie.mx,3321673611,Tonalá,frecuente,Centro
C-3FE1B8FF43,2026-09-11 18:05:35,Sofia Ramirez,sofia.ramirez.32@obelie.mx,3315317291,Zapopan,evento,Norte
C-7523763CBE,2026-09-11 18:05:35,Camila Herrera,camila.herrera.24@obelie.mx,3314878860,Guadalajara,frecuente,Plaza Obelie
C-42BB37E739,2026-09-11 18:05:36,Valeria Ortiz,valeria.ortiz.51@obelie.mx,3352495957,Tlajomulco,mayoreo,Norte
C-7AA894A2DD,2026-09-11 18:05:36,Paola Nunez,paola.nunez.68@obelie.mx,3395783973,Tonalá,frecuente,Sur
C-EB37761885,2026-09-11 18:05:37,Paola Nunez,paola.nunez.39@obelie.mx,3336566104,Tlaquepaque,nuevo,Sur
C-C090FEEEF5,2026-09-11 18:05:37,Hugo Salazar,hugo.salazar.80@obelie.mx,3363734330,Guadalajara,nuevo,Plaza Obelie
C-E1AEBC00C8,2026-09-11 18:05:38,Hugo Salazar,hugo.salazar.56@obelie.mx,3325195732,Tlajomulco,mayoreo,Centro
C-B9A1D1A59B,2026-09-11 18:05:39,Daniela Pineda,daniela.pineda.98@obelie.mx,3386853623,Guadalajara,frecuente,Plaza Obelie
C-DB21AEE7C0,2026-09-11 18:05:40,Mateo Aguilar,mateo.aguilar.42@obelie.mx,3370151058,Tonalá,nuevo,Sur
C-C739D61CEB,2026-09-11 18:05:40,Andres Molina,andres.molina.79@obelie.mx,3334695979,Tlajomulco,nuevo,Plaza Obelie
C-C79D1FF370,2026-09-11 18:05:41,Camila Herrera,camila.herrera.51@obelie.mx,3392197054,Zapopan,nuevo,Plaza Obelie
C-379D119419,2026-09-11 18:05:42,Paola Nunez,paola.nunez.83@obelie.mx,3316643201,Tonalá,frecuente,Centro
C-61D92C1B5D,2026-09-11 18:05:42,Camila Herrera,camila.herrera.83@obelie.mx,3331921769,Zapopan,frecuente,Centro
C-EDCC6B8625,2026-09-11 18:05:43,Hugo Salazar,hugo.salazar.39@obelie.mx,3333898497,Tlaquepaque,evento,Sur
C-6DF0A54DF5,2026-09-11 18:05:43,Paola Nunez,paola.nunez.18@obelie.mx,3388179191,Zapopan,mayoreo,Sur
C-1B6B2E8BEB,2026-09-11 18:05:44,Daniela Pineda,daniela.pineda.37@obelie.mx,3356378166,Tonalá,evento,Plaza Obelie
C-D7372D4BD7,2026-09-11 18:05:44,Jorge Castillo,jorge.castillo.53@obelie.mx,3343516212,Zapopan,evento,Plaza Obelie
C-9570D269F2,2026-09-11 18:05:45,Mateo Aguilar,mateo.aguilar.19@obelie.mx,3340143703,Tlajomulco,nuevo,Sur
C-72DF545BC7,2026-09-11 18:05:45,Andres Molina,andres.molina.55@obelie.mx,3319304674,Zapopan,evento,Sur
C-F51D21E51A,2026-09-11 18:05:46,Hugo Salazar,hugo.salazar.61@obelie.mx,3375057783,Tlajomulco,evento,Sur
C-36B62D8BF2,2026-09-11 18:05:47,Ricardo Flores,ricardo.flores.93@obelie.mx,3323368373,Tonalá,frecuente,Norte
C-E4F618707A,2026-09-11 18:05:47,Fernando Diaz,fernando.diaz.11@obelie.mx,3348038729,Tlaquepaque,frecuente,Sur
C-5A3A0AB9C9,2026-09-11 18:05:48,Camila Herrera,camila.herrera.84@obelie.mx,3353986810,Tlajomulco,frecuente,Plaza Obelie
C-557085DB01,2026-09-11 18:05:48,Jorge Castillo,jorge.castillo.15@obelie.mx,3374331819,Zapopan,nuevo,Sur
C-D4C26EE117,2026-09-11 18:05:49,Valeria Ortiz,valeria.ortiz.47@obelie.mx,3375025851,Tonalá,mayoreo,Centro
C-8D6BE595E7,2026-09-11 18:05:50,Fernando Diaz,fernando.diaz.53@obelie.mx,3358495212,Tonalá,nuevo,Norte
C-40AEB57A27,2026-09-11 18:05:51,Daniela Pineda,daniela.pineda.81@obelie.mx,3319349861,Tlaquepaque,frecuente,Norte
C-07B1218E99,2026-09-11 18:05:51,Daniela Pineda,daniela.pineda.53@obelie.mx,3324528867,Guadalajara,evento,Sur
C-55342D691F,2026-09-11 18:05:52,Mateo Aguilar,mateo.aguilar.97@obelie.mx,3396984586,Tlajomulco,frecuente,Centro
C-A19CADAB52,2026-09-11 18:05:53,Elena Vargas,elena.vargas.50@obelie.mx,3333572605,Tlaquepaque,frecuente,Centro
C-654893AD50,2026-09-11 18:05:53,Camila Herrera,camila.herrera.34@obelie.mx,3367814580,Zapopan,evento,Sur
C-63EB5C3D31,2026-09-11 18:05:54,Valeria Ortiz,valeria.ortiz.76@obelie.mx,3333786656,Tonalá,nuevo,Sur
C-80298DCC06,2026-09-11 18:05:55,Andres Molina,andres.molina.84@obelie.mx,3368988094,Tonalá,mayoreo,Sur
C-9C5472B3D3,2026-09-11 18:05:56,Andres Molina,andres.molina.90@obelie.mx,3374738466,Guadalajara,nuevo,Norte
C-A0769CA82D,2026-09-11 18:05:56,Camila Herrera,camila.herrera.80@obelie.mx,3377191427,Tonalá,evento,Centro
C-79CDF97FFB,2026-09-11 18:05:57,Andres Molina,andres.molina.38@obelie.mx,3324296438,Tlajomulco,evento,Sur
C-7110A69B52,2026-09-11 18:05:57,Fernando Diaz,fernando.diaz.63@obelie.mx,3358142976,Tonalá,nuevo,Sur
C-1675532C6F,2026-09-11 18:05:58,Elena Vargas,elena.vargas.88@obelie.mx,3371211713,Guadalajara,frecuente,Plaza Obelie
C-95FAF27346,2026-09-11 18:05:59,Valeria Ortiz,valeria.ortiz.70@obelie.mx,3316005435,Tlaquepaque,mayoreo,Norte
C-DB588C596C,2026-09-11 18:05:59,Andres Molina,andres.molina.48@obelie.mx,3394928254,Tlaquepaque,frecuente,Norte
C-671903B8C2,2026-09-11 18:06:00,Sofia Ramirez,sofia.ramirez.21@obelie.mx,3331115131,Zapopan,mayoreo,Norte
C-B1EA2ACC1E,2026-09-11 18:06:00,Hugo Salazar,hugo.salazar.15@obelie.mx,3333221122,Tlajomulco,mayoreo,Plaza Obelie
C-6727BA0BBA,2026-09-11 18:06:01,Ricardo Flores,ricardo.flores.67@obelie.mx,3377082954,Guadalajara,nuevo,Norte
C-713A0910DD,2026-09-11 18:06:02,Camila Herrera,camila.herrera.37@obelie.mx,3360536674,Tlajomulco,evento,Norte
C-3C138A8441,2026-09-11 18:06:02,Paola Nunez,paola.nunez.56@obelie.mx,3356205544,Tonalá,mayoreo,Sur
C-5A64B7C4EB,2026-09-11 18:06:03,Valeria Ortiz,valeria.ortiz.49@obelie.mx,3348486806,Zapopan,evento,Centro
C-6BC3A16740,2026-09-11 18:06:04,Jorge Castillo,jorge.castillo.83@obelie.mx,3374036216,Guadalajara,nuevo,Centro
C-5EB7910035,2026-09-11 18:06:04,Mateo Aguilar,mateo.aguilar.74@obelie.mx,3364818351,Zapopan,nuevo,Centro
C-581055DA0C,2026-09-11 18:06:05,Hugo Salazar,hugo.salazar.37@obelie.mx,3323829951,Tlaquepaque,mayoreo,Norte
C-80055F7FF9,2026-09-11 18:06:06,Mateo Aguilar,mateo.aguilar.57@obelie.mx,3352549472,Tlajomulco,frecuente,Plaza Obelie
C-954920BAFD,2026-09-11 18:06:07,Fernando Diaz,fernando.diaz.42@obelie.mx,3335793503,Tlaquepaque,mayoreo,Norte
C-43D669B873,2026-09-11 18:06:07,Andres Molina,andres.molina.47@obelie.mx,3376647043,Tonalá,nuevo,Plaza Obelie
C-C6C5FE206B,2026-09-11 18:06:08,Ricardo Flores,ricardo.flores.97@obelie.mx,3341026138,Zapopan,mayoreo,Plaza Obelie
C-F93A245CD4,2026-09-11 18:06:09,Paola Nunez,paola.nunez.65@obelie.mx,3312857903,Zapopan,nuevo,Centro
C-9C2D1E9E06,2026-09-11 18:06:09,Valeria Ortiz,valeria.ortiz.81@obelie.mx,3315858170,Guadalajara,mayoreo,Sur
C-6D262131AE,2026-09-11 18:06:10,Fernando Diaz,fernando.diaz.71@obelie.mx,3397564750,Zapopan,evento,Norte
C-CA0179199C,2026-09-11 18:06:11,Elena Vargas,elena.vargas.86@obelie.mx,3346693572,Tlajomulco,evento,Centro
C-FF723ED5E7,2026-09-11 18:06:12,Ricardo Flores,ricardo.flores.46@obelie.mx,3313671848,Tonalá,nuevo,Sur
C-D8B9439A15,2026-09-11 18:06:13,Jorge Castillo,jorge.castillo.86@obelie.mx,3342712766,Tonalá,nuevo,Centro
C-48C27783FD,2026-09-11 18:06:13,Ricardo Flores,ricardo.flores.11@obelie.mx,3337968171,Tlaquepaque,mayoreo,Sur
C-D8E48C0A12,2026-09-11 18:06:14,Paola Nunez,paola.nunez.99@obelie.mx,3385495646,Tlajomulco,frecuente,Plaza Obelie
C-022D779C2E,2026-09-11 18:06:14,Jorge Castillo,jorge.castillo.12@obelie.mx,3345798467,Tonalá,frecuente,Plaza Obelie
C-3D34937689,2026-09-11 18:06:15,Andres Molina,andres.molina.60@obelie.mx,3339425549,Tlaquepaque,evento,Norte
C-3124F8E711,2026-09-11 18:06:16,Sofia Ramirez,sofia.ramirez.34@obelie.mx,3325856263,Guadalajara,frecuente,Norte
C-F27B3CA6B5,2026-09-11 18:06:17,Camila Herrera,camila.herrera.61@obelie.mx,3388955072,Tlaquepaque,frecuente,Centro
C-146259DC8D,2026-09-11 18:06:17,Andres Molina,andres.molina.51@obelie.mx,3368236844,Tonalá,mayoreo,Norte
C-6C20B4092F,2026-09-11 18:06:18,Valeria Ortiz,valeria.ortiz.73@obelie.mx,3316443192,Tlaquepaque,evento,Centro
C-D4852E5701,2026-09-11 18:06:19,Valeria Ortiz,valeria.ortiz.71@obelie.mx,3352037242,Guadalajara,evento,Sur
C-CE60CC1E66,2026-09-11 18:06:20,Mateo Aguilar,mateo.aguilar.27@obelie.mx,3397139506,Tlajomulco,mayoreo,Sur
C-CFC7361C1C,2026-09-11 18:06:20,Daniela Pineda,daniela.pineda.91@obelie.mx,3328331637,Guadalajara,evento,Plaza Obelie
C-AE54690E6C,2026-09-11 18:06:21,Daniela Pineda,daniela.pineda.48@obelie.mx,3387169534,Zapopan,nuevo,Plaza Obelie
C-E1F28041EE,2026-09-11 18:06:22,Mateo Aguilar,mateo.aguilar.79@obelie.mx,3331841355,Tlajomulco,nuevo,Sur
C-67B2F7D661,2026-09-11 18:06:22,Paola Nunez,paola.nunez.49@obelie.mx,3329574459,Tlaquepaque,nuevo,Sur
C-3F584D1B3C,2026-09-11 18:06:23,Valeria Ortiz,valeria.ortiz.59@obelie.mx,3376997893,Guadalajara,nuevo,Plaza Obelie
C-7B357C3FD3,2026-09-11 18:06:24,Paola Nunez,paola.nunez.32@obelie.mx,3371386802,Guadalajara,frecuente,Centro
C-87038686BD,2026-09-11 18:06:25,Hugo Salazar,hugo.salazar.47@obelie.mx,3341892326,Guadalajara,frecuente,Norte
C-7807F387F6,2026-09-11 18:06:25,Camila Herrera,camila.herrera.75@obelie.mx,3377346933,Guadalajara,nuevo,Centro
C-F415F4EA3F,2026-09-11 18:06:26,Fernando Diaz,fernando.diaz.14@obelie.mx,3349479255,Zapopan,evento,Sur
C-27B46694A0,2026-09-11 18:06:26,Camila Herrera,camila.herrera.81@obelie.mx,3318738628,Zapopan,nuevo,Norte
C-0B32243CCA,2026-09-11 18:06:27,Daniela Pineda,daniela.pineda.48@obelie.mx,3373608372,Tlajomulco,frecuente,Norte
C-972CE78BFF,2026-09-11 18:06:28,Elena Vargas,elena.vargas.88@obelie.mx,3353778095,Tlaquepaque,mayoreo,Norte
C-7C67DBE8FF,2026-09-11 18:06:29,Hugo Salazar,hugo.salazar.63@obelie.mx,3339462494,Tonalá,nuevo,Sur
C-4B4EB68272,2026-09-11 18:06:29,Jorge Castillo,jorge.castillo.70@obelie.mx,3386601436,Tonalá,frecuente,Norte
C-8E7F940B65,2026-09-11 18:06:30,Valeria Ortiz,valeria.ortiz.11@obelie.mx,3336076718,Guadalajara,frecuente,Centro
C-9F1EC82258,2026-09-11 18:06:30,Jorge Castillo,jorge.castillo.49@obelie.mx,3390965185,Guadalajara,mayoreo,Centro
C-407AF586B1,2026-09-11 18:06:31,Ricardo Flores,ricardo.flores.46@obelie.mx,3358455019,Guadalajara,mayoreo,Sur
C-0EB328AE7E,2026-09-11 18:06:31,Ricardo Flores,ricardo.flores.66@obelie.mx,3362982133,Tonalá,evento,Norte
C-F9FF7D30A0,2026-09-11 18:06:32,Elena Vargas,elena.vargas.87@obelie.mx,3375105831,Tlajomulco,evento,Norte
C-E0547311DA,2026-09-11 18:06:33,Camila Herrera,camila.herrera.42@obelie.mx,3391106604,Tlajomulco,nuevo,Plaza Obelie
C-ECE6B362FF,2026-09-11 18:06:33,Hugo Salazar,hugo.salazar.17@obelie.mx,3322506857,Tlajomulco,frecuente,Centro
C-7F4D6C2A53,2026-09-11 18:06:34,Andres Molina,andres.molina.61@obelie.mx,3345626395,Zapopan,evento,Sur
C-1B06FA3EF2,2026-09-11 18:06:35,Camila Herrera,camila.herrera.97@obelie.mx,3313133238,Tlajomulco,evento,Centro
C-1E5AC032A6,2026-09-11 18:06:35,Mateo Aguilar,mateo.aguilar.18@obelie.mx,3354777879,Guadalajara,evento,Centro
C-BFC39455B0,2026-09-11 18:06:36,Elena Vargas,elena.vargas.36@obelie.mx,3318119038,Tlajomulco,frecuente,Centro
C-F0E77545EF,2026-09-11 18:06:36,Fernando Diaz,fernando.diaz.92@obelie.mx,3382133049,Tlajomulco,mayoreo,Plaza Obelie
C-FC44DD6D77,2026-09-11 18:06:37,Ricardo Flores,ricardo.flores.45@obelie.mx,3317191226,Tlaquepaque,mayoreo,Plaza Obelie
C-3C3072DA19,2026-09-11 18:06:38,Jorge Castillo,jorge.castillo.80@obelie.mx,3393896521,Tlaquepaque,evento,Norte
C-C0762DECA6,2026-09-11 18:06:39,Sofia Ramirez,sofia.ramirez.61@obelie.mx,3328835600,Tonalá,frecuente,Sur
C-04C4A27A5C,2026-09-11 18:06:39,Paola Nunez,paola.nunez.43@obelie.mx,3320336669,Tonalá,frecuente,Sur
C-788C4330C7,2026-09-11 18:06:40,Hugo Salazar,hugo.salazar.49@obelie.mx,3362255101,Tlajomulco,nuevo,Norte
C-89BD709AF2,2026-09-11 18:06:40,Paola Nunez,paola.nunez.28@obelie.mx,3362582887,Guadalajara,nuevo,Norte
C-457159934A,2026-09-11 18:06:41,Jorge Castillo,jorge.castillo.78@obelie.mx,3313078140,Tlajomulco,evento,Plaza Obelie
C-D49749C4E8,2026-09-11 18:06:42,Elena Vargas,elena.vargas.43@obelie.mx,3394665092,Tlaquepaque,mayoreo,Sur
C-93AB674DF2,2026-09-11 18:06:43,Paola Nunez,paola.nunez.18@obelie.mx,3344411369,Tlaquepaque,evento,Centro
C-093FDC9B55,2026-09-11 18:06:44,Paola Nunez,paola.nunez.83@obelie.mx,3396831023,Tonalá,evento,Centro
C-397F5F7CB4,2026-09-11 18:06:44,Paola Nunez,paola.nunez.85@obelie.mx,3333199587,Tonalá,nuevo,Norte
C-29DDFCC8AD,2026-09-11 18:06:45,Ricardo Flores,ricardo.flores.78@obelie.mx,3361256868,Zapopan,mayoreo,Sur
C-7DD038319D,2026-09-11 18:06:46,Daniela Pineda,daniela.pineda.12@obelie.mx,3341551926,Tonalá,evento,Norte
C-0984CEBD55,2026-09-11 18:06:47,Valeria Ortiz,valeria.ortiz.21@obelie.mx,3327691286,Guadalajara,nuevo,Norte
C-F0E872AE75,2026-09-11 18:06:47,Paola Nunez,paola.nunez.24@obelie.mx,3325552247,Tlajomulco,mayoreo,Norte
C-50350E5AC2,2026-09-11 18:06:48,Andres Molina,andres.molina.47@obelie.mx,3322606596,Zapopan,mayoreo,Norte
C-A76BAD2753,2026-09-11 18:06:48,Fernando Diaz,fernando.diaz.67@obelie.mx,3377247775,Guadalajara,frecuente,Plaza Obelie
C-9FF3D0061E,2026-09-11 18:06:49,Elena Vargas,elena.vargas.12@obelie.mx,3387463667,Tlajomulco,frecuente,Centro
C-280C45630A,2026-09-11 18:06:50,Elena Vargas,elena.vargas.84@obelie.mx,3341855990,Guadalajara,nuevo,Plaza Obelie
C-8194E48271,2026-09-11 18:06:50,Daniela Pineda,daniela.pineda.89@obelie.mx,3350628036,Zapopan,nuevo,Centro
C-199417DC79,2026-09-11 18:06:51,Mateo Aguilar,mateo.aguilar.85@obelie.mx,3323299732,Zapopan,evento,Norte
C-AE31338F2F,2026-09-11 18:06:52,Valeria Ortiz,valeria.ortiz.11@obelie.mx,3327953626,Tonalá,frecuente,Centro
C-0A6231167B,2026-09-11 18:06:53,Mateo Aguilar,mateo.aguilar.98@obelie.mx,3378087570,Tlaquepaque,nuevo,Plaza Obelie
C-CB613AA62D,2026-09-11 18:06:53,Andres Molina,andres.molina.23@obelie.mx,3342408704,Guadalajara,evento,Plaza Obelie
C-976CB79250,2026-09-11 18:06:54,Jorge Castillo,jorge.castillo.22@obelie.mx,3337468109,Guadalajara,frecuente,Centro
C-986DA6A19B,2026-09-11 18:06:55,Elena Vargas,elena.vargas.31@obelie.mx,3310462363,Guadalajara,nuevo,Centro
C-BDF30DCADA,2026-09-11 18:06:56,Ricardo Flores,ricardo.flores.87@obelie.mx,3395859797,Tlajomulco,mayoreo,Sur
C-F2586B1503,2026-09-11 18:06:56,Paola Nunez,paola.nunez.74@obelie.mx,3387381781,Tlaquepaque,nuevo,Centro
C-2BED1835D4,2026-09-11 18:06:57,Andres Molina,andres.molina.17@obelie.mx,3369226712,Tlaquepaque,mayoreo,Norte
C-0F4D4171C4,2026-09-11 18:06:57,Sofia Ramirez,sofia.ramirez.59@obelie.mx,3360545327,Guadalajara,frecuente,Centro
C-8F6ED8B438,2026-09-11 18:06:58,Hugo Salazar,hugo.salazar.19@obelie.mx,3337655323,Zapopan,nuevo,Sur
C-452BF16157,2026-09-11 18:06:59,Sofia Ramirez,sofia.ramirez.64@obelie.mx,3392153117,Tlajomulco,evento,Sur
C-E733F98148,2026-09-11 18:06:59,Paola Nunez,paola.nunez.24@obelie.mx,3380073539,Tlajomulco,frecuente,Centro
C-3B9F0A4D24,2026-09-11 18:07:00,Camila Herrera,camila.herrera.77@obelie.mx,3337871873,Guadalajara,mayoreo,Plaza Obelie
C-16C6935699,2026-09-11 18:07:00,Elena Vargas,elena.vargas.95@obelie.mx,3395057289,Zapopan,evento,Plaza Obelie
C-DF23914CF8,2026-09-11 18:07:01,Paola Nunez,paola.nunez.53@obelie.mx,3373264759,Zapopan,frecuente,Plaza Obelie
C-27D8E11124,2026-09-11 18:07:02,Valeria Ortiz,valeria.ortiz.27@obelie.mx,3383795523,Zapopan,evento,Centro
C-DDAB29C43B,2026-09-11 18:07:02,Ricardo Flores,ricardo.flores.92@obelie.mx,3365367727,Guadalajara,frecuente,Plaza Obelie
C-D85F18C459,2026-09-11 18:07:03,Andres Molina,andres.molina.62@obelie.mx,3359323820,Tlajomulco,mayoreo,Sur
C-BADF54C912,2026-09-11 18:07:04,Jorge Castillo,jorge.castillo.28@obelie.mx,3370403871,Zapopan,frecuente,Sur
C-BD0235D3F6,2026-09-11 18:07:04,Mateo Aguilar,mateo.aguilar.15@obelie.mx,3327162450,Tonalá,evento,Sur
C-90092D22DC,2026-09-11 18:07:05,Camila Herrera,camila.herrera.89@obelie.mx,3320625563,Zapopan,nuevo,Sur
C-E99E367823,2026-09-11 18:07:05,Mateo Aguilar,mateo.aguilar.42@obelie.mx,3338915174,Tlajomulco,evento,Plaza Obelie
C-737B356603,2026-09-11 18:07:06,Hugo Salazar,hugo.salazar.41@obelie.mx,3340602797,Zapopan,mayoreo,Plaza Obelie
C-97A5760B61,2026-09-11 18:07:07,Jorge Castillo,jorge.castillo.60@obelie.mx,3315297651,Guadalajara,evento,Norte
C-7519579DE1,2026-09-11 18:07:08,Andres Molina,andres.molina.96@obelie.mx,3371641712,Tlajomulco,evento,Plaza Obelie
C-C56A40EB68,2026-09-11 18:07:08,Sofia Ramirez,sofia.ramirez.90@obelie.mx,3348614955,Tlaquepaque,frecuente,Norte
C-6DEDE0C2A1,2026-09-11 18:07:09,Camila Herrera,camila.herrera.90@obelie.mx,3340685306,Zapopan,frecuente,Norte
C-33EE96A706,2026-09-11 18:07:09,Paola Nunez,paola.nunez.14@obelie.mx,3331305922,Guadalajara,frecuente,Norte
C-AA8CAECDB7,2026-09-11 18:07:10,Fernando Diaz,fernando.diaz.46@obelie.mx,3310714417,Tonalá,evento,Centro
C-944390AB51,2026-09-11 18:07:11,Hugo Salazar,hugo.salazar.29@obelie.mx,3343344518,Zapopan,frecuente,Sur
C-FFE11D68F0,2026-09-11 18:07:12,Sofia Ramirez,sofia.ramirez.81@obelie.mx,3328172469,Zapopan,mayoreo,Sur
C-874EC040EE,2026-09-11 18:07:12,Mateo Aguilar,mateo.aguilar.95@obelie.mx,3354338876,Zapopan,frecuente,Plaza Obelie
C-5557FC8AE8,2026-09-11 18:07:13,Camila Herrera,camila.herrera.66@obelie.mx,3318023314,Tlajomulco,frecuente,Plaza Obelie
C-D837DF54A5,2026-09-11 18:07:14,Daniela Pineda,daniela.pineda.99@obelie.mx,3310088558,Guadalajara,mayoreo,Plaza Obelie
C-146A3E52B1,2026-09-11 18:07:14,Ricardo Flores,ricardo.flores.92@obelie.mx,3371566576,Guadalajara,nuevo,Sur
C-01B7A11673,2026-09-11 18:07:15,Jorge Castillo,jorge.castillo.86@obelie.mx,3347496687,Tlaquepaque,nuevo,Centro
C-2C57E9A4E2,2026-09-11 18:07:16,Valeria Ortiz,valeria.ortiz.42@obelie.mx,3346473443,Guadalajara,frecuente,Centro
C-38F6FD7FF0,2026-09-11 18:07:16,Sofia Ramirez,sofia.ramirez.47@obelie.mx,3362801297,Zapopan,nuevo,Centro
C-CE0CB5C45E,2026-09-11 18:07:17,Daniela Pineda,daniela.pineda.58@obelie.mx,3329777741,Tlaquepaque,nuevo,Centro
C-8DB3DF0F8F,2026-09-11 18:07:17,Mateo Aguilar,mateo.aguilar.96@obelie.mx,3347194647,Tlajomulco,frecuente,Plaza Obelie
C-FC38E5EB1F,2026-09-11 18:07:18,Sofia Ramirez,sofia.ramirez.99@obelie.mx,3361319502,Zapopan,mayoreo,Norte
C-6D8FDE79E3,2026-09-11 18:07:19,Valeria Ortiz,valeria.ortiz.82@obelie.mx,3327885941,Guadalajara,frecuente,Norte
C-7F05891B0D,2026-09-11 18:07:19,Valeria Ortiz,valeria.ortiz.54@obelie.mx,3396223504,Guadalajara,nuevo,Norte
C-CB05F2C717,2026-09-11 18:07:20,Sofia Ramirez,sofia.ramirez.39@obelie.mx,3348052260,Tonalá,nuevo,Norte
C-D44BD50502,2026-09-11 18:07:20,Ricardo Flores,ricardo.flores.23@obelie.mx,3364677309,Tlajomulco,evento,Norte
C-8168F9CD50,2026-09-11 18:07:21,Sofia Ramirez,sofia.ramirez.69@obelie.mx,3330151257,Tonalá,mayoreo,Plaza Obelie
C-85884C1781,2026-09-11 18:07:22,Hugo Salazar,hugo.salazar.38@obelie.mx,3360865927,Zapopan,evento,Centro
C-2A9B1DEA7F,2026-09-11 18:07:22,Fernando Diaz,fernando.diaz.27@obelie.mx,3377398538,Tlajomulco,frecuente,Norte
C-51B597AA78,2026-09-11 18:07:23,Fernando Diaz,fernando.diaz.55@obelie.mx,3330186435,Tonalá,evento,Centro
C-5EBE2543DF,2026-09-11 18:07:23,Valeria Ortiz,valeria.ortiz.90@obelie.mx,3336493877,Tonalá,nuevo,Plaza Obelie
C-5FDF8601A0,2026-09-11 18:07:24,Jorge Castillo,jorge.castillo.10@obelie.mx,3330018495,Tonalá,mayoreo,Centro
C-44D83B244F,2026-09-11 18:07:24,Ricardo Flores,ricardo.flores.65@obelie.mx,3342492295,Zapopan,nuevo,Norte
C-34B8DED070,2026-09-11 18:07:25,Ricardo Flores,ricardo.flores.28@obelie.mx,3374456344,Tonalá,mayoreo,Norte
C-9BE93D0B97,2026-09-11 18:07:26,Mateo Aguilar,mateo.aguilar.40@obelie.mx,3360047443,Tlajomulco,frecuente,Sur
C-0E1003EE28,2026-09-11 18:07:27,Elena Vargas,elena.vargas.71@obelie.mx,3318007873,Zapopan,mayoreo,Plaza Obelie
C-2C4F8CC5AC,2026-09-11 18:07:27,Sofia Ramirez,sofia.ramirez.97@obelie.mx,3354522055,Tonalá,nuevo,Norte
C-D43E47BADD,2026-09-11 18:07:28,Jorge Castillo,jorge.castillo.43@obelie.mx,3327659564,Guadalajara,mayoreo,Centro
C-A4BF82879C,2026-09-11 18:07:28,Sofia Ramirez,sofia.ramirez.46@obelie.mx,3389699559,Guadalajara,evento,Plaza Obelie
C-5559F6BD7A,2026-09-11 18:07:29,Fernando Diaz,fernando.diaz.20@obelie.mx,3395607179,Tlaquepaque,evento,Centro
C-DF93AB0A56,2026-09-11 18:07:30,Elena Vargas,elena.vargas.10@obelie.mx,3347659536,Tlaquepaque,nuevo,Plaza Obelie
C-671F923A18,2026-09-11 18:07:30,Daniela Pineda,daniela.pineda.38@obelie.mx,3323946787,Guadalajara,frecuente,Centro
C-C2FA542BAE,2026-09-11 18:07:31,Elena Vargas,elena.vargas.62@obelie.mx,3361117959,Tlaquepaque,evento,Plaza Obelie
C-126D3C313B,2026-09-11 18:07:31,Camila Herrera,camila.herrera.48@obelie.mx,3347418534,Zapopan,evento,Sur
C-603E3B00EB,2026-09-11 18:07:32,Daniela Pineda,daniela.pineda.36@obelie.mx,3352778400,Tlaquepaque,evento,Norte
C-F8C9FC98D7,2026-09-11 18:07:33,Camila Herrera,camila.herrera.78@obelie.mx,3371514051,Tonalá,frecuente,Centro
C-3AD2F0BED7,2026-09-11 18:07:34,Jorge Castillo,jorge.castillo.68@obelie.mx,3350157812,Tlaquepaque,mayoreo,Centro
C-4E771770BF,2026-09-11 18:07:34,Camila Herrera,camila.herrera.20@obelie.mx,3393579949,Tlajomulco,mayoreo,Norte
C-22333C1038,2026-09-11 18:07:35,Ricardo Flores,ricardo.flores.27@obelie.mx,3374853147,Tlajomulco,mayoreo,Plaza Obelie
C-A76B6C421A,2026-09-11 18:07:35,Ricardo Flores,ricardo.flores.98@obelie.mx,3393181742,Tlajomulco,evento,Centro
C-420F722B03,2026-09-11 18:07:36,Sofia Ramirez,sofia.ramirez.28@obelie.mx,3375581717,Tlajomulco,evento,Centro
C-FD55FD76D6,2026-09-11 18:07:37,Mateo Aguilar,mateo.aguilar.83@obelie.mx,3398007929,Tlajomulco,evento,Plaza Obelie
C-C34FF472C1,2026-09-11 18:07:37,Daniela Pineda,daniela.pineda.12@obelie.mx,3355164736,Guadalajara,frecuente,Centro
C-E73F7582DE,2026-09-11 18:07:38,Sofia Ramirez,sofia.ramirez.59@obelie.mx,3368869779,Tlajomulco,nuevo,Centro
C-10A8B1D175,2026-09-11 18:07:39,Hugo Salazar,hugo.salazar.30@obelie.mx,3352446950,Tonalá,mayoreo,Plaza Obelie
C-DA3EC59A23,2026-09-11 18:07:39,Paola Nunez,paola.nunez.76@obelie.mx,3345779369,Tlajomulco,nuevo,Sur
C-98AD6F199F,2026-09-11 18:07:40,Ricardo Flores,ricardo.flores.63@obelie.mx,3358287214,Tlajomulco,mayoreo,Norte
C-EA57E20948,2026-09-11 18:07:40,Sofia Ramirez,sofia.ramirez.16@obelie.mx,3383385658,Tonalá,frecuente,Norte
C-44C1B4ED7D,2026-09-11 18:07:41,Daniela Pineda,daniela.pineda.51@obelie.mx,3336807647,Tlajomulco,nuevo,Plaza Obelie
C-2E8B711B1E,2026-09-11 18:07:41,Mateo Aguilar,mateo.aguilar.40@obelie.mx,3365912150,Tlaquepaque,evento,Plaza Obelie
C-AE85B915E7,2026-09-11 18:07:42,Valeria Ortiz,valeria.ortiz.99@obelie.mx,3335378793,Tlajomulco,frecuente,Plaza Obelie
C-74BD37A390,2026-09-11 18:07:43,Fernando Diaz,fernando.diaz.45@obelie.mx,3331833676,Tonalá,mayoreo,Sur
C-61E4172CCA,2026-09-11 18:07:44,Elena Vargas,elena.vargas.63@obelie.mx,3342704683,Guadalajara,mayoreo,Centro
C-F61641EA68,2026-09-11 18:07:44,Elena Vargas,elena.vargas.42@obelie.mx,3395269438,Tonalá,nuevo,Centro
C-8A2990282F,2026-09-11 18:07:45,Jorge Castillo,jorge.castillo.13@obelie.mx,3389187327,Tonalá,nuevo,Centro
C-10BBDED57D,2026-09-11 18:07:46,Fernando Diaz,fernando.diaz.77@obelie.mx,3351917470,Zapopan,mayoreo,Centro
C-A5062E429E,2026-09-11 18:07:46,Hugo Salazar,hugo.salazar.30@obelie.mx,3332974392,Guadalajara,mayoreo,Centro
C-914C63FB6E,2026-09-11 18:07:47,Andres Molina,andres.molina.71@obelie.mx,3368017574,Tlajomulco,nuevo,Centro
C-A1B30BABF9,2026-09-11 18:07:48,Fernando Diaz,fernando.diaz.79@obelie.mx,3377699193,Zapopan,mayoreo,Plaza Obelie
C-58CBB25772,2026-09-11 18:07:48,Valeria Ortiz,valeria.ortiz.18@obelie.mx,3389687450,Guadalajara,nuevo,Sur
C-4DE7B95B56,2026-09-11 18:07:49,Fernando Diaz,fernando.diaz.65@obelie.mx,3317054689,Tonalá,frecuente,Centro
C-CE2F0BEFD5,2026-09-11 18:07:50,Elena Vargas,elena.vargas.33@obelie.mx,3326136463,Zapopan,nuevo,Centro
C-F5AD156924,2026-09-11 18:07:50,Camila Herrera,camila.herrera.92@obelie.mx,3399878626,Zapopan,frecuente,Plaza Obelie
C-E0F98CD347,2026-09-11 18:07:51,Camila Herrera,camila.herrera.23@obelie.mx,3317122902,Tonalá,evento,Plaza Obelie
C-3F613B5CDD,2026-09-11 18:07:52,Elena Vargas,elena.vargas.11@obelie.mx,3345362559,Tlajomulco,evento,Sur
C-41A22853D5,2026-09-11 18:07:52,Mateo Aguilar,mateo.aguilar.56@obelie.mx,3345413343,Guadalajara,frecuente,Centro
C-486612EF0E,2026-09-11 18:07:53,Hugo Salazar,hugo.salazar.20@obelie.mx,3339188143,Guadalajara,frecuente,Plaza Obelie
C-45D91DAF84,2026-09-11 18:07:54,Ricardo Flores,ricardo.flores.16@obelie.mx,3368497137,Tonalá,nuevo,Sur
C-1F63929BB1,2026-09-11 18:07:54,Fernando Diaz,fernando.diaz.83@obelie.mx,3343563737,Tonalá,mayoreo,Norte
C-35902EA748,2026-09-11 18:07:55,Paola Nunez,paola.nunez.79@obelie.mx,3310281138,Zapopan,frecuente,Norte
C-C475C9DA9E,2026-09-11 18:07:55,Mateo Aguilar,mateo.aguilar.95@obelie.mx,3388051845,Zapopan,evento,Centro
C-DFDB8594E8,2026-09-11 18:07:56,Fernando Diaz,fernando.diaz.78@obelie.mx,3342043767,Tonalá,evento,Centro
C-BF499333DF,2026-09-11 18:07:57,Camila Herrera,camila.herrera.71@obelie.mx,3384494133,Zapopan,mayoreo,Plaza Obelie
C-4DD8E1BEFE,2026-09-11 18:07:58,Camila Herrera,camila.herrera.67@obelie.mx,3382344094,Tonalá,mayoreo,Centro
C-AAE1D4344E,2026-09-11 18:07:58,Sofia Ramirez,sofia.ramirez.53@obelie.mx,3322141401,Tlaquepaque,mayoreo,Sur
C-F26E305B58,2026-09-11 18:07:59,Jorge Castillo,jorge.castillo.89@obelie.mx,3313441948,Tlajomulco,evento,Centro
C-5398F1EC87,2026-09-11 18:08:00,Sofia Ramirez,sofia.ramirez.80@obelie.mx,3358009412,Tonalá,evento,Centro
C-62BDDC859D,2026-09-11 18:08:00,Andres Molina,andres.molina.65@obelie.mx,3335575369,Tlaquepaque,mayoreo,Plaza Obelie
C-FB3717DA09,2026-09-11 18:08:01,Paola Nunez,paola.nunez.10@obelie.mx,3385406828,Guadalajara,nuevo,Norte
C-66421B1DE9,2026-09-11 18:08:01,Elena Vargas,elena.vargas.81@obelie.mx,3388793280,Tlajomulco,nuevo,Plaza Obelie
C-E8A4F57482,2026-09-11 18:08:02,Sofia Ramirez,sofia.ramirez.63@obelie.mx,3337445635,Zapopan,evento,Centro
C-67BF3C93AE,2026-09-11 18:08:03,Sofia Ramirez,sofia.ramirez.40@obelie.mx,3375315988,Guadalajara,frecuente,Sur
C-B1482220CA,2026-09-11 18:08:04,Andres Molina,andres.molina.80@obelie.mx,3398058101,Guadalajara,evento,Sur
C-9E639664FC,2026-09-11 18:08:04,Camila Herrera,camila.herrera.31@obelie.mx,3311518071,Tlajomulco,evento,Centro
C-CC3254E4A4,2026-09-11 18:08:05,Andres Molina,andres.molina.40@obelie.mx,3346859431,Tonalá,mayoreo,Centro
C-4A56E0EB10,2026-09-11 18:08:06,Fernando Diaz,fernando.diaz.63@obelie.mx,3316101558,Tlajomulco,mayoreo,Sur
C-FAA07A5D1A,2026-09-11 18:08:06,Sofia Ramirez,sofia.ramirez.90@obelie.mx,3398996334,Zapopan,frecuente,Sur
C-54915FFD0B,2026-09-11 18:08:07,Valeria Ortiz,valeria.ortiz.79@obelie.mx,3362082990,Tonalá,evento,Centro
C-AA23842E70,2026-09-11 18:08:07,Jorge Castillo,jorge.castillo.40@obelie.mx,3325645098,Tlaquepaque,frecuente,Norte
C-1663537ED6,2026-09-11 18:08:08,Paola Nunez,paola.nunez.70@obelie.mx,3383591582,Zapopan,frecuente,Centro
C-1DBAAD63B1,2026-09-11 18:08:09,Hugo Salazar,hugo.salazar.95@obelie.mx,3352904334,Zapopan,evento,Sur
C-84B24FB34F,2026-09-11 18:08:09,Hugo Salazar,hugo.salazar.14@obelie.mx,3394848123,Zapopan,mayoreo,Plaza Obelie
C-DC979FB9CB,2026-09-11 18:08:10,Hugo Salazar,hugo.salazar.56@obelie.mx,3320302555,Guadalajara,mayoreo,Plaza Obelie
C-29BA7F96C4,2026-09-11 18:08:10,Elena Vargas,elena.vargas.75@obelie.mx,3346747485,Zapopan,mayoreo,Plaza Obelie
C-BA96CC815C,2026-09-11 18:08:11,Fernando Diaz,fernando.diaz.39@obelie.mx,3391953339,Tonalá,frecuente,Plaza Obelie
C-3A1D04438A,2026-09-11 18:08:12,Valeria Ortiz,valeria.ortiz.82@obelie.mx,3365066148,Tlaquepaque,frecuente,Centro
C-55F0F3BE7C,2026-09-11 18:08:13,Andres Molina,andres.molina.57@obelie.mx,3312569036,Tlaquepaque,evento,Norte
C-E10552FBBE,2026-09-11 18:08:13,Mateo Aguilar,mateo.aguilar.89@obelie.mx,3314769919,Tonalá,evento,Sur
C-BD911ABA4B,2026-09-11 18:08:14,Elena Vargas,elena.vargas.97@obelie.mx,3350086952,Tlajomulco,evento,Centro
C-ECB02655F1,2026-09-11 18:08:15,Valeria Ortiz,valeria.ortiz.28@obelie.mx,3369988191,Tlaquepaque,frecuente,Centro
C-FF7390D066,2026-09-11 18:08:15,Sofia Ramirez,sofia.ramirez.50@obelie.mx,3333487371,Tlaquepaque,nuevo,Norte
C-9A2BED473B,2026-09-11 18:08:16,Mateo Aguilar,mateo.aguilar.29@obelie.mx,3312691553,Tonalá,evento,Norte
C-CD5BF464AB,2026-09-11 18:08:17,Sofia Ramirez,sofia.ramirez.95@obelie.mx,3355775242,Tlaquepaque,frecuente,Sur
C-08E0FB85FE,2026-09-11 18:08:18,Hugo Salazar,hugo.salazar.27@obelie.mx,3359597145,Tonalá,evento,Norte
C-4765E8AD63,2026-09-11 18:08:19,Sofia Ramirez,sofia.ramirez.77@obelie.mx,3342257750,Tlajomulco,frecuente,Norte
C-E2A5C9460C,2026-09-11 18:08:19,Jorge Castillo,jorge.castillo.25@obelie.mx,3317808299,Guadalajara,frecuente,Centro
C-F108E4D340,2026-09-11 18:08:20,Valeria Ortiz,valeria.ortiz.17@obelie.mx,3336643951,Tonalá,frecuente,Plaza Obelie
C-7F6C125A76,2026-09-11 18:08:20,Hugo Salazar,hugo.salazar.37@obelie.mx,3363528685,Tonalá,evento,Plaza Obelie
C-EC73FB7E01,2026-09-11 18:08:21,Sofia Ramirez,sofia.ramirez.20@obelie.mx,3351118093,Tlaquepaque,frecuente,Centro
C-A4C83C73E0,2026-09-11 18:08:22,Jorge Castillo,jorge.castillo.47@obelie.mx,3398627111,Zapopan,mayoreo,Centro
C-4F20CB1508,2026-09-11 18:08:22,Daniela Pineda,daniela.pineda.44@obelie.mx,3328802034,Tonalá,nuevo,Norte
C-C6F2EC4433,2026-09-11 18:08:23,Daniela Pineda,daniela.pineda.84@obelie.mx,3361478904,Tlajomulco,nuevo,Centro
C-F8D94D0502,2026-09-11 18:08:24,Ricardo Flores,ricardo.flores.56@obelie.mx,3332914161,Zapopan,nuevo,Centro
C-91EDADA7B5,2026-09-11 18:08:24,Paola Nunez,paola.nunez.97@obelie.mx,3323387528,Guadalajara,mayoreo,Sur
C-720C90AA13,2026-09-11 18:08:25,Fernando Diaz,fernando.diaz.83@obelie.mx,3312954117,Tlaquepaque,frecuente,Plaza Obelie
C-AFF2625E0B,2026-09-11 18:08:26,Daniela Pineda,daniela.pineda.91@obelie.mx,3374999895,Tlaquepaque,nuevo,Centro
C-9735C8AAED,2026-09-11 18:08:26,Daniela Pineda,daniela.pineda.59@obelie.mx,3399789298,Guadalajara,frecuente,Plaza Obelie
C-4B383C7000,2026-09-11 18:08:27,Ricardo Flores,ricardo.flores.45@obelie.mx,3387691756,Tlajomulco,nuevo,Plaza Obelie
C-619D757843,2026-09-11 18:08:27,Ricardo Flores,ricardo.flores.69@obelie.mx,3393554515,Tlaquepaque,mayoreo,Sur
C-3DF92720F3,2026-09-11 18:08:28,Paola Nunez,paola.nunez.44@obelie.mx,3332111512,Guadalajara,frecuente,Centro
C-3D70AA7445,2026-09-11 18:08:28,Mateo Aguilar,mateo.aguilar.89@obelie.mx,3393025710,Tlaquepaque,mayoreo,Sur
C-928710032B,2026-09-11 18:08:29,Fernando Diaz,fernando.diaz.92@obelie.mx,3363213007,Tlajomulco,mayoreo,Norte
C-EDD6504C23,2026-09-11 18:08:29,Mateo Aguilar,mateo.aguilar.69@obelie.mx,3397153527,Guadalajara,evento,Centro
C-DFC77C6C2B,2026-09-11 18:08:30,Jorge Castillo,jorge.castillo.48@obelie.mx,3395162284,Guadalajara,mayoreo,Centro
C-9FA7251A22,2026-09-11 18:08:31,Daniela Pineda,daniela.pineda.41@obelie.mx,3345586340,Zapopan,frecuente,Sur
C-082CAE1F76,2026-09-11 18:08:31,Hugo Salazar,hugo.salazar.64@obelie.mx,3334029672,Guadalajara,frecuente,Norte
C-1C6145BCA6,2026-09-11 18:08:32,Paola Nunez,paola.nunez.79@obelie.mx,3320149840,Tlajomulco,nuevo,Centro
C-E66EA62909,2026-09-11 18:08:33,Daniela Pineda,daniela.pineda.93@obelie.mx,3362789300,Tlajomulco,mayoreo,Plaza Obelie
C-3E48A32E46,2026-09-11 18:08:34,Fernando Diaz,fernando.diaz.85@obelie.mx,3371958106,Guadalajara,evento,Sur
C-D826D7EB0B,2026-09-11 18:08:34,Jorge Castillo,jorge.castillo.15@obelie.mx,3368674431,Tonalá,frecuente,Norte
C-4F80939D30,2026-09-11 18:08:35,Ricardo Flores,ricardo.flores.99@obelie.mx,3321823435,Tlaquepaque,mayoreo,Plaza Obelie
C-52619D974F,2026-09-11 18:08:36,Sofia Ramirez,sofia.ramirez.48@obelie.mx,3359586714,Tlajomulco,mayoreo,Plaza Obelie
C-431DD2841D,2026-09-11 18:08:36,Ricardo Flores,ricardo.flores.99@obelie.mx,3390165287,Guadalajara,frecuente,Plaza Obelie
C-73A1094FBC,2026-09-11 18:08:37,Andres Molina,andres.molina.44@obelie.mx,3387254601,Tlaquepaque,mayoreo,Centro
C-37D26B77DF,2026-09-11 18:08:38,Valeria Ortiz,valeria.ortiz.76@obelie.mx,3397206781,Tonalá,mayoreo,Sur
C-0C1A6A34C8,2026-09-11 18:08:39,Andres Molina,andres.molina.30@obelie.mx,3360655291,Tlaquepaque,evento,Centro
C-270C31A79B,2026-09-11 18:08:39,Mateo Aguilar,mateo.aguilar.92@obelie.mx,3380518879,Guadalajara,evento,Plaza Obelie
C-E8371C125B,2026-09-11 18:08:40,Elena Vargas,elena.vargas.54@obelie.mx,3315332555,Zapopan,frecuente,Centro
C-E26FB17D1D,2026-09-11 18:08:40,Sofia Ramirez,sofia.ramirez.79@obelie.mx,3389702312,Tlajomulco,nuevo,Plaza Obelie
C-C85E14553C,2026-09-11 18:08:41,Jorge Castillo,jorge.castillo.82@obelie.mx,3381736844,Guadalajara,evento,Sur
C-05EDBA1B0B,2026-09-11 18:08:42,Fernando Diaz,fernando.diaz.17@obelie.mx,3352129736,Tlajomulco,mayoreo,Centro
C-26B0F32BF6,2026-09-11 18:08:42,Andres Molina,andres.molina.41@obelie.mx,3348908150,Tonalá,mayoreo,Plaza Obelie
C-4B6D218AE8,2026-09-11 18:08:43,Fernando Diaz,fernando.diaz.32@obelie.mx,3378014296,Guadalajara,mayoreo,Sur
C-53F01D9177,2026-09-11 18:08:44,Hugo Salazar,hugo.salazar.83@obelie.mx,3397882606,Tlajomulco,frecuente,Norte
C-D3C8B7E7CB,2026-09-11 18:08:45,Daniela Pineda,daniela.pineda.10@obelie.mx,3375798731,Guadalajara,mayoreo,Sur
C-FE90337A96,2026-09-11 18:08:45,Ricardo Flores,ricardo.flores.85@obelie.mx,3342802709,Tonalá,mayoreo,Sur
C-EDA60811A0,2026-09-11 18:08:46,Daniela Pineda,daniela.pineda.22@obelie.mx,3354083221,Tlajomulco,nuevo,Sur
C-61AAD6E418,2026-09-11 18:08:46,Ricardo Flores,ricardo.flores.99@obelie.mx,3347874961,Tonalá,mayoreo,Sur
C-C7007F7ECD,2026-09-11 18:08:47,Ricardo Flores,ricardo.flores.24@obelie.mx,3318556906,Tonalá,nuevo,Sur
C-BE4A43F1AF,2026-09-11 18:08:48,Hugo Salazar,hugo.salazar.50@obelie.mx,3340807155,Guadalajara,mayoreo,Norte
C-798554B117,2026-09-11 18:08:48,Elena Vargas,elena.vargas.55@obelie.mx,3316329839,Zapopan,frecuente,Sur
C-1C24EC1FFC,2026-09-11 18:08:49,Fernando Diaz,fernando.diaz.22@obelie.mx,3318594409,Guadalajara,mayoreo,Norte
C-05036B1ED0,2026-09-11 18:08:50,Ricardo Flores,ricardo.flores.65@obelie.mx,3336523846,Tlajomulco,frecuente,Sur
C-86C30C8137,2026-09-11 18:08:50,Andres Molina,andres.molina.16@obelie.mx,3367842002,Guadalajara,frecuente,Sur
C-BEC8FE1CA1,2026-09-11 18:08:51,Ricardo Flores,ricardo.flores.33@obelie.mx,3354434806,Tonalá,evento,Norte
C-2DF2627ACC,2026-09-11 18:08:52,Andres Molina,andres.molina.29@obelie.mx,3387303990,Tlaquepaque,frecuente,Sur
C-D50CDF044E,2026-09-11 18:08:52,Ricardo Flores,ricardo.flores.25@obelie.mx,3392253296,Zapopan,evento,Centro
C-5F5A8C5A6F,2026-09-11 18:08:53,Ricardo Flores,ricardo.flores.48@obelie.mx,3313774353,Tlajomulco,evento,Sur
C-7B37F42B08,2026-09-11 18:08:54,Valeria Ortiz,valeria.ortiz.39@obelie.mx,3377567219,Tlaquepaque,mayoreo,Plaza Obelie
C-1C078604B7,2026-09-11 18:08:54,Paola Nunez,paola.nunez.56@obelie.mx,3393789398,Tonalá,mayoreo,Plaza Obelie
C-290487710B,2026-09-11 18:08:55,Paola Nunez,paola.nunez.21@obelie.mx,3380114103,Tlaquepaque,nuevo,Centro
C-A3ADD9EDD6,2026-09-11 18:08:56,Paola Nunez,paola.nunez.20@obelie.mx,3387455227,Tlajomulco,nuevo,Centro
C-CDAC85B34C,2026-09-11 18:08:57,Fernando Diaz,fernando.diaz.89@obelie.mx,3331467053,Zapopan,mayoreo,Norte
C-3893B2CFDB,2026-09-11 18:08:57,Ricardo Flores,ricardo.flores.86@obelie.mx,3352127298,Tlaquepaque,nuevo,Sur
C-6FC47DE12C,2026-09-11 18:08:58,Sofia Ramirez,sofia.ramirez.92@obelie.mx,3374467577,Tlajomulco,evento,Sur
C-50F01D88A4,2026-09-11 18:08:59,Daniela Pineda,daniela.pineda.21@obelie.mx,3338125154,Tlaquepaque,nuevo,Norte
C-63C26C0387,2026-09-11 18:08:59,Fernando Diaz,fernando.diaz.26@obelie.mx,3365232602,Tlaquepaque,mayoreo,Plaza Obelie
C-E5B5E7CF74,2026-09-11 18:09:00,Jorge Castillo,jorge.castillo.45@obelie.mx,3374399517,Zapopan,nuevo,Norte
C-7D2E598A48,2026-09-11 18:09:01,Elena Vargas,elena.vargas.44@obelie.mx,3334583257,Guadalajara,evento,Centro
C-61AE4E8991,2026-09-11 18:09:02,Jorge Castillo,jorge.castillo.51@obelie.mx,3355601085,Guadalajara,frecuente,Sur
C-E2F1E8141C,2026-09-11 18:09:02,Andres Molina,andres.molina.27@obelie.mx,3350442364,Tlajomulco,frecuente,Sur
C-63C185637E,2026-09-11 18:09:03,Jorge Castillo,jorge.castillo.63@obelie.mx,3318343329,Tlaquepaque,nuevo,Plaza Obelie
C-1BFBBFD42E,2026-09-11 18:09:03,Daniela Pineda,daniela.pineda.37@obelie.mx,3385542540,Tlaquepaque,mayoreo,Sur
C-F950B66D88,2026-09-11 18:09:04,Camila Herrera,camila.herrera.39@obelie.mx,3364178742,Tlajomulco,evento,Norte
C-99618BAC38,2026-09-11 18:09:05,Camila Herrera,camila.herrera.80@obelie.mx,3326338296,Guadalajara,nuevo,Sur
C-E9DDCE6A1B,2026-09-11 18:09:05,Andres Molina,andres.molina.27@obelie.mx,3367249442,Zapopan,frecuente,Norte
C-16A80573F9,2026-09-11 18:09:06,Paola Nunez,paola.nunez.68@obelie.mx,3334165459,Zapopan,evento,Centro
C-B217ED89F8,2026-09-11 18:09:07,Camila Herrera,camila.herrera.86@obelie.mx,3334783465,Tlaquepaque,mayoreo,Centro
C-714C8A8C04,2026-09-11 18:09:08,Mateo Aguilar,mateo.aguilar.36@obelie.mx,3364819942,Tlaquepaque,evento,Norte
C-116F16B9E9,2026-09-11 18:09:08,Andres Molina,andres.molina.73@obelie.mx,3368276637,Tonalá,mayoreo,Centro
C-6065BCBCBF,2026-09-11 18:09:09,Camila Herrera,camila.herrera.16@obelie.mx,3356376970,Guadalajara,nuevo,Sur
C-FB9101193A,2026-09-11 18:09:09,Sofia Ramirez,sofia.ramirez.92@obelie.mx,3347149988,Zapopan,nuevo,Sur
C-28CF390993,2026-09-11 18:09:10,Daniela Pineda,daniela.pineda.23@obelie.mx,3345595033,Zapopan,mayoreo,Plaza Obelie
C-ED9A14116D,2026-09-11 18:09:10,Daniela Pineda,daniela.pineda.79@obelie.mx,3324037929,Zapopan,evento,Plaza Obelie
C-948991F7E0,2026-09-11 18:09:11,Andres Molina,andres.molina.41@obelie.mx,3366704002,Tonalá,mayoreo,Plaza Obelie
C-2838DB3244,2026-09-11 18:09:11,Elena Vargas,elena.vargas.50@obelie.mx,3383147714,Tonalá,mayoreo,Norte
C-E59874C9F3,2026-09-11 18:09:12,Fernando Diaz,fernando.diaz.23@obelie.mx,3315152632,Zapopan,nuevo,Centro
C-4CB3192A28,2026-09-11 18:09:13,Andres Molina,andres.molina.89@obelie.mx,3342289682,Tlaquepaque,evento,Sur
C-2F3A7E2E9B,2026-09-11 18:09:14,Mateo Aguilar,mateo.aguilar.47@obelie.mx,3385864213,Tlaquepaque,nuevo,Norte
C-70C6F9B211,2026-09-11 18:09:14,Mateo Aguilar,mateo.aguilar.89@obelie.mx,3394601915,Zapopan,evento,Sur
C-9527DF0D4E,2026-09-11 18:09:15,Fernando Diaz,fernando.diaz.97@obelie.mx,3378067447,Zapopan,evento,Plaza Obelie
C-941984FD5C,2026-09-11 18:09:16,Mateo Aguilar,mateo.aguilar.99@obelie.mx,3312977218,Tlajomulco,evento,Centro
C-AA395E3C58,2026-09-11 18:09:17,Valeria Ortiz,valeria.ortiz.27@obelie.mx,3320369238,Tlajomulco,evento,Norte
C-E579A088DD,2026-09-11 18:09:18,Fernando Diaz,fernando.diaz.45@obelie.mx,3310679526,Guadalajara,evento,Plaza Obelie
C-EBB2294606,2026-09-11 18:09:18,Camila Herrera,camila.herrera.50@obelie.mx,3356821191,Zapopan,mayoreo,Centro
C-391A839158,2026-09-11 18:09:19,Mateo Aguilar,mateo.aguilar.88@obelie.mx,3362802933,Tlajomulco,nuevo,Sur
C-A8AF0E1C38,2026-09-11 18:09:19,Daniela Pineda,daniela.pineda.54@obelie.mx,3317583947,Tonalá,mayoreo,Plaza Obelie
C-209B8CF94A,2026-09-11 18:09:20,Daniela Pineda,daniela.pineda.16@obelie.mx,3315482840,Tonalá,nuevo,Norte
C-C9A41A4C75,2026-09-11 18:09:21,Elena Vargas,elena.vargas.66@obelie.mx,3318146195,Tlajomulco,nuevo,Sur
C-F12C3555A2,2026-09-11 18:09:21,Andres Molina,andres.molina.46@obelie.mx,3347964299,Zapopan,evento,Sur
C-E67E313598,2026-09-11 18:09:22,Hugo Salazar,hugo.salazar.72@obelie.mx,3321278485,Tlajomulco,evento,Centro
C-04139E21FE,2026-09-11 18:09:23,Ricardo Flores,ricardo.flores.15@obelie.mx,3331101599,Guadalajara,nuevo,Centro
C-01C576FBA5,2026-09-11 18:09:23,Ricardo Flores,ricardo.flores.41@obelie.mx,3334059646,Tlajomulco,nuevo,Centro
C-C6C3637079,2026-09-11 18:09:23,Camila Herrera,camila.herrera.68@obelie.mx,3382146812,Tonalá,nuevo,Centro
C-BFDED6B5B3,2026-09-11 18:09:24,Sofia Ramirez,sofia.ramirez.13@obelie.mx,3332365993,Tlajomulco,nuevo,Sur
C-39A73260C4,2026-09-11 18:09:25,Andres Molina,andres.molina.25@obelie.mx,3311323805,Guadalajara,frecuente,Plaza Obelie
C-D43167B46B,2026-09-11 18:09:25,Sofia Ramirez,sofia.ramirez.19@obelie.mx,3352899266,Tlaquepaque,mayoreo,Centro
C-21880FC1A8,2026-09-11 18:09:26,Ricardo Flores,ricardo.flores.33@obelie.mx,3321865732,Zapopan,nuevo,Sur
C-5485A1F1C4,2026-09-11 18:09:27,Sofia Ramirez,sofia.ramirez.41@obelie.mx,3358263164,Tonalá,frecuente,Plaza Obelie
C-1C1F0D2547,2026-09-11 18:09:27,Hugo Salazar,hugo.salazar.76@obelie.mx,3367347224,Zapopan,nuevo,Centro
C-79E403757B,2026-09-11 18:09:28,Daniela Pineda,daniela.pineda.18@obelie.mx,3397764882,Guadalajara,evento,Centro
C-7369425F43,2026-09-11 18:09:29,Valeria Ortiz,valeria.ortiz.50@obelie.mx,3372967067,Tonalá,nuevo,Centro
C-3CEB9DB565,2026-09-11 18:09:29,Hugo Salazar,hugo.salazar.80@obelie.mx,3399582257,Tlaquepaque,evento,Norte
C-1B29C0761D,2026-09-11 18:09:30,Ricardo Flores,ricardo.flores.37@obelie.mx,3391485036,Tlajomulco,frecuente,Sur
C-A935097331,2026-09-11 18:09:31,Fernando Diaz,fernando.diaz.45@obelie.mx,3378181430,Tlaquepaque,evento,Centro
C-FDC839AD38,2026-09-11 18:09:31,Hugo Salazar,hugo.salazar.68@obelie.mx,3341825601,Tlaquepaque,mayoreo,Norte
C-CB55F9EA41,2026-09-11 18:09:32,Elena Vargas,elena.vargas.15@obelie.mx,3372052931,Tlajomulco,nuevo,Centro
C-5D48E4178D,2026-09-11 18:09:33,Camila Herrera,camila.herrera.94@obelie.mx,3339875562,Guadalajara,evento,Norte
C-8F72BEB44E,2026-09-11 18:09:33,Paola Nunez,paola.nunez.14@obelie.mx,3328829882,Tlaquepaque,frecuente,Norte
C-0424517547,2026-09-11 18:09:34,Andres Molina,andres.molina.87@obelie.mx,3366232393,Tlaquepaque,frecuente,Norte
C-1E1B4D4413,2026-09-11 18:09:35,Camila Herrera,camila.herrera.42@obelie.mx,3348607804,Guadalajara,frecuente,Centro
C-401DDA47AE,2026-09-11 18:09:35,Elena Vargas,elena.vargas.97@obelie.mx,3318417344,Tlaquepaque,nuevo,Centro
C-8B8F0C9547,2026-09-11 18:09:36,Sofia Ramirez,sofia.ramirez.66@obelie.mx,3320351602,Guadalajara,mayoreo,Centro
C-ED81A38D88,2026-09-11 18:09:37,Valeria Ortiz,valeria.ortiz.62@obelie.mx,3399437270,Tlajomulco,evento,Norte
C-69AAD736C1,2026-09-11 18:09:38,Valeria Ortiz,valeria.ortiz.70@obelie.mx,3344232873,Tlajomulco,frecuente,Sur
C-DF76454228,2026-09-11 18:09:38,Hugo Salazar,hugo.salazar.89@obelie.mx,3322977002,Guadalajara,frecuente,Centro
C-9E73E3B2FF,2026-09-11 18:09:39,Jorge Castillo,jorge.castillo.42@obelie.mx,3371611568,Tlaquepaque,frecuente,Sur
C-9DB57FE2C8,2026-09-11 18:09:39,Camila Herrera,camila.herrera.21@obelie.mx,3323373961,Tlaquepaque,evento,Sur
C-6ABB36A48B,2026-09-11 18:09:40,Elena Vargas,elena.vargas.28@obelie.mx,3364205196,Tlaquepaque,nuevo,Plaza Obelie
C-0C98275E66,2026-09-11 18:09:41,Andres Molina,andres.molina.71@obelie.mx,3358357509,Tlaquepaque,evento,Centro
C-47E970331D,2026-09-11 18:09:41,Andres Molina,andres.molina.94@obelie.mx,3336368299,Tlajomulco,mayoreo,Sur
C-94DF2CC4D0,2026-09-11 18:09:42,Fernando Diaz,fernando.diaz.88@obelie.mx,3324521800,Guadalajara,evento,Sur
C-F3DD375C5D,2026-09-11 18:09:43,Daniela Pineda,daniela.pineda.72@obelie.mx,3314314428,Tlaquepaque,mayoreo,Plaza Obelie
C-49B15C6D93,2026-09-11 18:09:43,Paola Nunez,paola.nunez.69@obelie.mx,3356266614,Zapopan,frecuente,Norte
C-20F447C4EA,2026-09-11 18:09:44,Valeria Ortiz,valeria.ortiz.75@obelie.mx,3390316547,Tonalá,frecuente,Centro
C-7B59E8233C,2026-09-11 18:09:45,Daniela Pineda,daniela.pineda.97@obelie.mx,3339946455,Tlajomulco,frecuente,Norte
C-6653E9FB83,2026-09-11 18:09:46,Fernando Diaz,fernando.diaz.79@obelie.mx,3315061663,Tlajomulco,nuevo,Sur
C-0FA312584D,2026-09-11 18:09:46,Valeria Ortiz,valeria.ortiz.24@obelie.mx,3321036257,Guadalajara,frecuente,Centro
C-CEB75BC01C,2026-09-11 18:09:47,Valeria Ortiz,valeria.ortiz.95@obelie.mx,3371374154,Tonalá,mayoreo,Centro
C-97270F6B97,2026-09-11 18:09:48,Hugo Salazar,hugo.salazar.83@obelie.mx,3355111719,Tlaquepaque,frecuente,Centro
C-2B2BC12E6B,2026-09-11 18:09:49,Sofia Ramirez,sofia.ramirez.91@obelie.mx,3365694240,Tlajomulco,nuevo,Centro
C-E7E396E9DE,2026-09-11 18:09:49,Daniela Pineda,daniela.pineda.11@obelie.mx,3396633519,Tlajomulco,evento,Sur
C-24C967377F,2026-09-11 18:09:50,Camila Herrera,camila.herrera.59@obelie.mx,3399925946,Tlajomulco,mayoreo,Plaza Obelie
C-AB0F8C7E8F,2026-09-11 18:09:51,Paola Nunez,paola.nunez.42@obelie.mx,3390503147,Zapopan,nuevo,Sur
C-1F10019B18,2026-09-11 18:09:51,Sofia Ramirez,sofia.ramirez.24@obelie.mx,3376597731,Tlaquepaque,frecuente,Norte
C-C13E696A28,2026-09-11 18:09:52,Daniela Pineda,daniela.pineda.43@obelie.mx,3339347346,Guadalajara,frecuente,Plaza Obelie
C-4556ED8514,2026-09-11 18:09:53,Fernando Diaz,fernando.diaz.52@obelie.mx,3395046076,Tlaquepaque,nuevo,Sur
C-8F114506D6,2026-09-11 18:09:53,Jorge Castillo,jorge.castillo.88@obelie.mx,3318363469,Tonalá,evento,Norte
C-B4C6DFEE92,2026-09-11 18:09:54,Ricardo Flores,ricardo.flores.94@obelie.mx,3310851850,Tonalá,evento,Sur
C-13BE1CE053,2026-09-11 18:09:54,Mateo Aguilar,mateo.aguilar.81@obelie.mx,3341862218,Zapopan,nuevo,Sur
C-9EC478D0A3,2026-09-11 18:09:55,Jorge Castillo,jorge.castillo.20@obelie.mx,3354794760,Tlajomulco,nuevo,Centro
C-55D4CC1893,2026-09-11 18:09:56,Camila Herrera,camila.herrera.80@obelie.mx,3318133443,Guadalajara,frecuente,Centro
C-3E72C6BDB0,2026-09-11 18:09:57,Fernando Diaz,fernando.diaz.68@obelie.mx,3341056256,Tlajomulco,mayoreo,Plaza Obelie
C-CCABEA3F2F,2026-09-11 18:09:57,Camila Herrera,camila.herrera.46@obelie.mx,3353921536,Tlaquepaque,mayoreo,Norte
C-203B576862,2026-09-11 18:09:58,Hugo Salazar,hugo.salazar.82@obelie.mx,3396207342,Tlajomulco,evento,Plaza Obelie
C-C24EB8A579,2026-09-11 18:09:59,Valeria Ortiz,valeria.ortiz.49@obelie.mx,3356749203,Tlajomulco,frecuente,Plaza Obelie
C-7D013A2848,2026-09-11 18:09:59,Jorge Castillo,jorge.castillo.80@obelie.mx,3373993159,Tlajomulco,nuevo,Plaza Obelie
C-68396D1EC3,2026-09-11 18:10:00,Ricardo Flores,ricardo.flores.66@obelie.mx,3394543644,Zapopan,evento,Sur
C-74430C31CB,2026-09-11 18:10:00,Elena Vargas,elena.vargas.80@obelie.mx,3397635297,Guadalajara,evento,Plaza Obelie
C-C003EB334B,2026-09-11 18:10:01,Jorge Castillo,jorge.castillo.85@obelie.mx,3362939767,Tlaquepaque,frecuente,Sur
C-D0ECD26FE0,2026-09-11 18:10:02,Daniela Pineda,daniela.pineda.64@obelie.mx,3378078010,Zapopan,frecuente,Norte
C-6D4A8B0518,2026-09-11 18:10:03,Jorge Castillo,jorge.castillo.17@obelie.mx,3365676990,Tlaquepaque,nuevo,Plaza Obelie
C-3EC5738275,2026-09-11 18:10:03,Fernando Diaz,fernando.diaz.84@obelie.mx,3380528474,Zapopan,mayoreo,Centro
C-03D9FA2206,2026-09-11 18:10:04,Jorge Castillo,jorge.castillo.25@obelie.mx,3356459232,Guadalajara,evento,Norte
C-7172264F43,2026-09-11 18:10:05,Ricardo Flores,ricardo.flores.55@obelie.mx,3394441437,Guadalajara,nuevo,Norte
C-22FBC21B2D,2026-09-11 18:10:06,Ricardo Flores,ricardo.flores.90@obelie.mx,3319939762,Tonalá,mayoreo,Sur
C-2BD01F76DA,2026-09-11 18:10:06,Mateo Aguilar,mateo.aguilar.94@obelie.mx,3334032378,Tonalá,nuevo,Sur
C-1B61DC0C11,2026-09-11 18:10:07,Camila Herrera,camila.herrera.30@obelie.mx,3349892478,Guadalajara,nuevo,Plaza Obelie
C-0406947E42,2026-09-11 18:10:07,Daniela Pineda,daniela.pineda.13@obelie.mx,3355653704,Guadalajara,nuevo,Centro
C-8E05BB8A1C,2026-09-11 18:10:08,Elena Vargas,elena.vargas.58@obelie.mx,3374035196,Tlaquepaque,nuevo,Sur
C-D51D8C57AB,2026-09-11 18:10:09,Ricardo Flores,ricardo.flores.84@obelie.mx,3334763270,Tlajomulco,mayoreo,Norte
C-86C782F417,2026-09-11 18:10:10,Sofia Ramirez,sofia.ramirez.97@obelie.mx,3386265677,Zapopan,frecuente,Plaza Obelie
C-7124D7C488,2026-09-11 18:10:11,Daniela Pineda,daniela.pineda.41@obelie.mx,3323592131,Zapopan,mayoreo,Plaza Obelie
C-8E353B12BC,2026-09-11 18:10:11,Mateo Aguilar,mateo.aguilar.85@obelie.mx,3330985435,Guadalajara,frecuente,Norte
C-C16AA194FE,2026-09-11 18:10:12,Elena Vargas,elena.vargas.12@obelie.mx,3365186579,Zapopan,mayoreo,Norte
C-C6DD3132B5,2026-09-11 18:10:13,Paola Nunez,paola.nunez.83@obelie.mx,3334182359,Tlajomulco,frecuente,Norte
C-9C25DA880E,2026-09-11 18:10:13,Sofia Ramirez,sofia.ramirez.26@obelie.mx,3384807069,Guadalajara,evento,Centro
C-BFA1148F99,2026-09-11 18:10:14,Elena Vargas,elena.vargas.65@obelie.mx,3345025293,Tonalá,mayoreo,Sur
C-814C45777B,2026-09-11 18:10:15,Hugo Salazar,hugo.salazar.36@obelie.mx,3399273101,Tonalá,frecuente,Sur
C-58E44F7162,2026-09-11 18:10:15,Camila Herrera,camila.herrera.43@obelie.mx,3319997020,Zapopan,evento,Sur
C-891910F4FB,2026-09-11 18:10:16,Daniela Pineda,daniela.pineda.98@obelie.mx,3354211183,Tonalá,evento,Sur
C-12711024DF,2026-09-11 18:10:17,Daniela Pineda,daniela.pineda.53@obelie.mx,3355398375,Tlaquepaque,nuevo,Sur
C-1B2BEA1F64,2026-09-11 18:10:17,Paola Nunez,paola.nunez.14@obelie.mx,3322679504,Zapopan,nuevo,Norte
C-432F61F7DB,2026-09-11 18:10:18,Sofia Ramirez,sofia.ramirez.74@obelie.mx,3329471245,Tlaquepaque,mayoreo,Centro
C-9E2A90FA2F,2026-09-11 18:10:19,Elena Vargas,elena.vargas.28@obelie.mx,3377169860,Guadalajara,evento,Plaza Obelie
C-7532370918,2026-09-11 18:10:19,Fernando Diaz,fernando.diaz.64@obelie.mx,3336829515,Tonalá,evento,Sur
C-F2074E2D73,2026-09-11 18:10:20,Jorge Castillo,jorge.castillo.72@obelie.mx,3397462451,Guadalajara,evento,Norte
C-D11F35CAA0,2026-09-11 18:10:20,Elena Vargas,elena.vargas.35@obelie.mx,3350943556,Tlajomulco,frecuente,Plaza Obelie
C-639F43057E,2026-09-11 18:10:21,Fernando Diaz,fernando.diaz.88@obelie.mx,3391961729,Tlajomulco,evento,Centro
C-227BA1A969,2026-09-11 18:10:22,Elena Vargas,elena.vargas.56@obelie.mx,3311972325,Tlaquepaque,nuevo,Plaza Obelie
C-569F61F569,2026-09-11 18:10:22,Hugo Salazar,hugo.salazar.31@obelie.mx,3346682091,Zapopan,frecuente,Sur
C-9B524B9414,2026-09-11 18:10:23,Paola Nunez,paola.nunez.41@obelie.mx,3345292099,Tlajomulco,frecuente,Norte
C-7C39C4AB19,2026-09-11 18:10:24,Elena Vargas,elena.vargas.68@obelie.mx,3362465377,Guadalajara,mayoreo,Sur
C-EADC4C0AC8,2026-09-11 18:10:24,Mateo Aguilar,mateo.aguilar.88@obelie.mx,3383294968,Tlaquepaque,evento,Sur
C-5E777F82B0,2026-09-11 18:10:25,Jorge Castillo,jorge.castillo.42@obelie.mx,3359906640,Tlaquepaque,frecuente,Sur
C-04EFC919B3,2026-09-11 18:10:26,Daniela Pineda,daniela.pineda.58@obelie.mx,3398209302,Tonalá,frecuente,Centro
C-C57259FBF3,2026-09-11 18:10:26,Ricardo Flores,ricardo.flores.55@obelie.mx,3385175888,Tonalá,evento,Plaza Obelie
C-EF142E213D,2026-09-11 18:10:27,Paola Nunez,paola.nunez.64@obelie.mx,3355268495,Zapopan,evento,Sur
C-016BEBE77A,2026-09-11 18:10:28,Elena Vargas,elena.vargas.81@obelie.mx,3373013890,Zapopan,mayoreo,Plaza Obelie
C-F6DDF49529,2026-09-11 18:10:28,Ricardo Flores,ricardo.flores.38@obelie.mx,3389132721,Guadalajara,frecuente,Sur
C-F5789C6BBC,2026-09-11 18:10:29,Mateo Aguilar,mateo.aguilar.36@obelie.mx,3393807996,Tlajomulco,frecuente,Norte
C-F329BB81D3,2026-09-11 18:10:29,Daniela Pineda,daniela.pineda.71@obelie.mx,3374948809,Tlaquepaque,nuevo,Norte
C-6C71792E7E,2026-09-11 18:10:30,Mateo Aguilar,mateo.aguilar.50@obelie.mx,3373844272,Zapopan,evento,Plaza Obelie
C-E9D09E4128,2026-09-11 18:10:31,Mateo Aguilar,mateo.aguilar.85@obelie.mx,3358836299,Tlaquepaque,nuevo,Plaza Obelie
C-031EDB100F,2026-09-11 18:10:31,Hugo Salazar,hugo.salazar.80@obelie.mx,3339011188,Tlaquepaque,nuevo,Sur
C-FC65955D99,2026-09-11 18:10:32,Daniela Pineda,daniela.pineda.63@obelie.mx,3394044618,Tlajomulco,nuevo,Norte
C-71CF72045D,2026-09-11 18:10:32,Mateo Aguilar,mateo.aguilar.93@obelie.mx,3324712784,Guadalajara,nuevo,Plaza Obelie
C-9EF984570C,2026-09-11 18:10:33,Hugo Salazar,hugo.salazar.36@obelie.mx,3311465106,Tlaquepaque,evento,Centro
C-8A95275676,2026-09-11 18:10:34,Fernando Diaz,fernando.diaz.52@obelie.mx,3324798050,Guadalajara,evento,Centro
C-6AB700D9EB,2026-09-11 18:10:34,Sofia Ramirez,sofia.ramirez.63@obelie.mx,3345351700,Tlajomulco,mayoreo,Norte
C-778B7F1643,2026-09-11 18:10:35,Ricardo Flores,ricardo.flores.66@obelie.mx,3399697772,Tlajomulco,evento,Norte
C-762E1C3E03,2026-09-11 18:10:36,Elena Vargas,elena.vargas.22@obelie.mx,3386837699,Tlaquepaque,evento,Plaza Obelie
C-18AFF602A8,2026-09-11 18:10:36,Jorge Castillo,jorge.castillo.29@obelie.mx,3356629447,Tlajomulco,frecuente,Centro
C-3A84A4EFFA,2026-09-11 18:10:37,Andres Molina,andres.molina.62@obelie.mx,3348564786,Tlaquepaque,mayoreo,Sur
C-DAEF103169,2026-09-11 18:10:38,Sofia Ramirez,sofia.ramirez.10@obelie.mx,3357896620,Tlajomulco,nuevo,Centro
C-5C7846D8AE,2026-09-11 18:10:39,Mateo Aguilar,mateo.aguilar.76@obelie.mx,3377851574,Zapopan,mayoreo,Plaza Obelie
C-E524F442F2,2026-09-11 18:10:39,Jorge Castillo,jorge.castillo.41@obelie.mx,3370865559,Zapopan,frecuente,Plaza Obelie
C-78AB55B8EA,2026-09-11 18:10:40,Mateo Aguilar,mateo.aguilar.94@obelie.mx,3358295026,Tlajomulco,frecuente,Centro
C-C4A8038DCC,2026-09-11 18:10:40,Daniela Pineda,daniela.pineda.80@obelie.mx,3369691588,Tlajomulco,nuevo,Plaza Obelie
C-4C8AAFB6D1,2026-09-11 18:10:41,Daniela Pineda,daniela.pineda.48@obelie.mx,3386625190,Guadalajara,nuevo,Sur
C-F6ECDF2A08,2026-09-11 18:10:41,Ricardo Flores,ricardo.flores.22@obelie.mx,3389946667,Guadalajara,nuevo,Centro
C-F65F7843B2,2026-09-11 18:10:42,Paola Nunez,paola.nunez.95@obelie.mx,3371459946,Tlajomulco,nuevo,Sur
C-EE5AF028B1,2026-09-11 18:10:43,Jorge Castillo,jorge.castillo.61@obelie.mx,3344988632,Tlajomulco,nuevo,Sur
C-A869CCB1D6,2026-09-11 18:10:44,Jorge Castillo,jorge.castillo.14@obelie.mx,3364463966,Zapopan,mayoreo,Sur
C-97719D70CA,2026-09-11 18:10:44,Sofia Ramirez,sofia.ramirez.51@obelie.mx,3399748062,Tonalá,frecuente,Norte
C-65A37FEAB2,2026-09-11 18:10:45,Daniela Pineda,daniela.pineda.18@obelie.mx,3323978983,Tlajomulco,frecuente,Plaza Obelie
C-EBE422D1EA,2026-09-11 18:10:45,Jorge Castillo,jorge.castillo.93@obelie.mx,3339961610,Guadalajara,nuevo,Norte
C-522A24DB53,2026-09-11 18:10:46,Paola Nunez,paola.nunez.62@obelie.mx,3336368428,Tonalá,frecuente,Norte
C-EEF52B35BB,2026-09-11 18:10:47,Elena Vargas,elena.vargas.13@obelie.mx,3372687782,Tonalá,frecuente,Plaza Obelie
C-DAD198583D,2026-09-11 18:10:47,Valeria Ortiz,valeria.ortiz.40@obelie.mx,3315621334,Zapopan,nuevo,Centro
C-7004AB858F,2026-09-11 18:10:48,Ricardo Flores,ricardo.flores.35@obelie.mx,3379956767,Tlaquepaque,evento,Plaza Obelie
C-BF27764504,2026-09-11 18:10:49,Hugo Salazar,hugo.salazar.33@obelie.mx,3328134937,Tonalá,nuevo,Plaza Obelie
C-99B23975DA,2026-09-11 18:10:49,Paola Nunez,paola.nunez.64@obelie.mx,3375855323,Zapopan,mayoreo,Sur
C-F31231C4C6,2026-09-11 18:10:50,Camila Herrera,camila.herrera.21@obelie.mx,3326515162,Zapopan,nuevo,Centro
C-F0FDA04469,2026-09-11 18:10:50,Ricardo Flores,ricardo.flores.87@obelie.mx,3325048132,Tlajomulco,evento,Sur
C-362EFF1BC7,2026-09-11 18:10:51,Mateo Aguilar,mateo.aguilar.92@obelie.mx,3345214592,Tonalá,frecuente,Centro
C-0BE5572731,2026-09-11 18:10:52,Mateo Aguilar,mateo.aguilar.82@obelie.mx,3375453551,Tonalá,mayoreo,Centro
C-BCC08AD29F,2026-09-11 18:10:53,Paola Nunez,paola.nunez.49@obelie.mx,3388121751,Tlajomulco,nuevo,Sur
C-8BA7C646D5,2026-09-11 18:10:54,Andres Molina,andres.molina.24@obelie.mx,3343999170,Tlaquepaque,nuevo,Centro
C-EB7FFFCBEF,2026-09-11 18:10:54,Daniela Pineda,daniela.pineda.27@obelie.mx,3360975429,Tlajomulco,nuevo,Centro
C-7D6C3761E8,2026-09-11 18:10:55,Valeria Ortiz,valeria.ortiz.71@obelie.mx,3381332709,Tonalá,nuevo,Centro
C-ED91ABFCF9,2026-09-11 18:10:56,Sofia Ramirez,sofia.ramirez.54@obelie.mx,3319814208,Tlajomulco,frecuente,Centro
C-F21FE36FC2,2026-09-11 18:10:56,Andres Molina,andres.molina.13@obelie.mx,3355374144,Tlajomulco,nuevo,Sur
C-78563E2B82,2026-09-11 18:10:57,Sofia Ramirez,sofia.ramirez.80@obelie.mx,3347002892,Guadalajara,mayoreo,Norte
C-1ECC6EF660,2026-09-11 18:10:58,Hugo Salazar,hugo.salazar.19@obelie.mx,3366441826,Zapopan,evento,Plaza Obelie
C-E0CE55E71C,2026-09-11 18:10:58,Valeria Ortiz,valeria.ortiz.62@obelie.mx,3326466773,Tonalá,mayoreo,Sur
C-C8025D0921,2026-09-11 18:10:59,Daniela Pineda,daniela.pineda.17@obelie.mx,3372179431,Zapopan,mayoreo,Sur
C-9A0B631996,2026-09-11 18:10:59,Ricardo Flores,ricardo.flores.67@obelie.mx,3381394412,Tlaquepaque,nuevo,Centro
C-B381AA2DEA,2026-09-11 18:11:00,Hugo Salazar,hugo.salazar.53@obelie.mx,3345268484,Tonalá,frecuente,Centro
C-113F1DF5C5,2026-09-11 18:11:01,Camila Herrera,camila.herrera.79@obelie.mx,3367895862,Tonalá,evento,Sur
C-0F351E5F91,2026-09-11 18:11:01,Fernando Diaz,fernando.diaz.79@obelie.mx,3349379599,Tlaquepaque,evento,Plaza Obelie
C-421BFA64F2,2026-09-11 18:11:02,Paola Nunez,paola.nunez.97@obelie.mx,3376637387,Tlajomulco,frecuente,Plaza Obelie
C-21EACEA692,2026-09-11 18:11:03,Fernando Diaz,fernando.diaz.56@obelie.mx,3339858653,Guadalajara,evento,Centro
C-3EB411F855,2026-09-11 18:11:03,Jorge Castillo,jorge.castillo.32@obelie.mx,3335563665,Tlaquepaque,mayoreo,Centro
C-BE5A583E56,2026-09-11 18:11:04,Valeria Ortiz,valeria.ortiz.22@obelie.mx,3348448282,Tlajomulco,evento,Sur
C-15723EBD94,2026-09-11 18:11:04,Sofia Ramirez,sofia.ramirez.96@obelie.mx,3380818734,Tonalá,nuevo,Plaza Obelie
C-7D0CE12712,2026-09-11 18:11:05,Mateo Aguilar,mateo.aguilar.29@obelie.mx,3335053908,Tlajomulco,mayoreo,Plaza Obelie
C-896C97205D,2026-09-11 18:11:06,Mateo Aguilar,mateo.aguilar.79@obelie.mx,3366719264,Tonalá,evento,Centro
C-3A2E1785AF,2026-09-11 18:11:07,Ricardo Flores,ricardo.flores.97@obelie.mx,3373832280,Tlajomulco,evento,Plaza Obelie
C-FBF08C7B10,2026-09-11 18:11:07,Ricardo Flores,ricardo.flores.54@obelie.mx,3361524998,Tlajomulco,nuevo,Plaza Obelie
C-F69E33AB3E,2026-09-11 18:11:08,Valeria Ortiz,valeria.ortiz.46@obelie.mx,3347977682,Tlajomulco,mayoreo,Centro
C-6B541FAB31,2026-09-11 18:11:09,Camila Herrera,camila.herrera.61@obelie.mx,3348628692,Tlaquepaque,evento,Plaza Obelie
C-EBCB75CFFE,2026-09-11 18:11:09,Paola Nunez,paola.nunez.39@obelie.mx,3340605835,Tonalá,nuevo,Plaza Obelie
C-270827BD88,2026-09-11 18:11:10,Mateo Aguilar,mateo.aguilar.58@obelie.mx,3347106529,Zapopan,frecuente,Sur
C-1F151E5A36,2026-09-11 18:11:11,Paola Nunez,paola.nunez.67@obelie.mx,3393199499,Tlajomulco,nuevo,Norte
C-F0C1E17D2A,2026-09-11 18:11:11,Camila Herrera,camila.herrera.61@obelie.mx,3319234442,Guadalajara,nuevo,Plaza Obelie
C-83CDC41A2C,2026-09-11 18:11:12,Valeria Ortiz,valeria.ortiz.75@obelie.mx,3367288248,Zapopan,frecuente,Norte
C-6F140FE31A,2026-09-11 18:11:13,Camila Herrera,camila.herrera.90@obelie.mx,3385018148,Guadalajara,nuevo,Norte
C-53ECD543DD,2026-09-11 18:11:13,Paola Nunez,paola.nunez.60@obelie.mx,3382984552,Zapopan,mayoreo,Centro
C-95D2867D05,2026-09-11 18:11:14,Daniela Pineda,daniela.pineda.81@obelie.mx,3370302951,Tonalá,mayoreo,Norte
C-EF8A7DA5BE,2026-09-11 18:11:15,Daniela Pineda,daniela.pineda.82@obelie.mx,3332692035,Tlaquepaque,frecuente,Plaza Obelie
C-2687EA8B62,2026-09-11 18:11:15,Ricardo Flores,ricardo.flores.50@obelie.mx,3339111950,Guadalajara,frecuente,Norte
C-81CC9F2883,2026-09-11 18:11:16,Daniela Pineda,daniela.pineda.19@obelie.mx,3352759390,Zapopan,mayoreo,Norte
C-C05D482AD9,2026-09-11 18:11:16,Ricardo Flores,ricardo.flores.33@obelie.mx,3328992643,Tonalá,frecuente,Centro
C-62C68607A4,2026-09-11 18:11:17,Camila Herrera,camila.herrera.86@obelie.mx,3373473980,Zapopan,mayoreo,Centro
C-45603BE9CC,2026-09-11 18:11:18,Ricardo Flores,ricardo.flores.81@obelie.mx,3366152979,Zapopan,mayoreo,Norte
C-7585A8037F,2026-09-11 18:11:18,Hugo Salazar,hugo.salazar.36@obelie.mx,3356439978,Tlajomulco,evento,Sur
C-143E437F86,2026-09-11 18:11:19,Paola Nunez,paola.nunez.45@obelie.mx,3322583750,Tonalá,evento,Centro
C-B13E59835C,2026-09-11 18:11:20,Andres Molina,andres.molina.36@obelie.mx,3374249823,Guadalajara,evento,Centro
C-FA246A7ED6,2026-09-11 18:11:21,Valeria Ortiz,valeria.ortiz.26@obelie.mx,3353445738,Tlaquepaque,mayoreo,Plaza Obelie
C-3A69F6A181,2026-09-11 18:11:21,Mateo Aguilar,mateo.aguilar.44@obelie.mx,3396744024,Tlaquepaque,nuevo,Centro
C-B36F5E40A5,2026-09-11 18:11:22,Andres Molina,andres.molina.83@obelie.mx,3322556573,Tlaquepaque,nuevo,Plaza Obelie
C-015DA17AD1,2026-09-11 18:11:22,Daniela Pineda,daniela.pineda.95@obelie.mx,3341174207,Zapopan,mayoreo,Plaza Obelie
C-5AF5668B43,2026-09-11 18:11:23,Hugo Salazar,hugo.salazar.53@obelie.mx,3355593627,Zapopan,nuevo,Norte
C-F24F111591,2026-09-11 18:11:24,Hugo Salazar,hugo.salazar.41@obelie.mx,3355162511,Guadalajara,mayoreo,Plaza Obelie
C-4DC1CACC0C,2026-09-11 18:11:25,Fernando Diaz,fernando.diaz.56@obelie.mx,3374136364,Tonalá,nuevo,Centro
C-9349A0BC10,2026-09-11 18:11:25,Fernando Diaz,fernando.diaz.56@obelie.mx,3315495759,Guadalajara,frecuente,Plaza Obelie
C-A1285159DA,2026-09-11 18:11:26,Hugo Salazar,hugo.salazar.42@obelie.mx,3337268808,Guadalajara,nuevo,Sur
C-BEED1B0ABA,2026-09-11 18:11:26,Mateo Aguilar,mateo.aguilar.71@obelie.mx,3314267804,Tlajomulco,mayoreo,Plaza Obelie
C-15100ED34F,2026-09-11 18:11:27,Valeria Ortiz,valeria.ortiz.67@obelie.mx,3335071073,Zapopan,frecuente,Plaza Obelie
C-FD42007632,2026-09-11 18:11:28,Ricardo Flores,ricardo.flores.16@obelie.mx,3333967953,Zapopan,nuevo,Sur
C-3EB6706E60,2026-09-11 18:11:29,Sofia Ramirez,sofia.ramirez.69@obelie.mx,3324176576,Guadalajara,evento,Centro
C-8DEC612A33,2026-09-11 18:11:29,Mateo Aguilar,mateo.aguilar.25@obelie.mx,3357922948,Tlaquepaque,frecuente,Sur
C-2825E5786A,2026-09-11 18:11:30,Andres Molina,andres.molina.13@obelie.mx,3398129338,Tlaquepaque,mayoreo,Plaza Obelie
C-0B80E5EDD7,2026-09-11 18:11:30,Camila Herrera,camila.herrera.10@obelie.mx,3371533794,Tlaquepaque,evento,Plaza Obelie
C-230A8E9CE2,2026-09-11 18:11:31,Ricardo Flores,ricardo.flores.93@obelie.mx,3333956266,Tlaquepaque,evento,Sur
C-D007E374D9,2026-09-11 18:11:31,Elena Vargas,elena.vargas.72@obelie.mx,3329102219,Guadalajara,mayoreo,Sur
C-FA7935A2F0,2026-09-11 18:11:32,Mateo Aguilar,mateo.aguilar.93@obelie.mx,3343715237,Tlajomulco,mayoreo,Centro
C-4F2F7D6A76,2026-09-11 18:11:33,Jorge Castillo,jorge.castillo.77@obelie.mx,3374541431,Guadalajara,nuevo,Norte
C-4F8E1F3FA8,2026-09-11 18:11:33,Paola Nunez,paola.nunez.90@obelie.mx,3398884728,Tlaquepaque,frecuente,Norte
C-5F7D42FAEF,2026-09-11 18:11:34,Andres Molina,andres.molina.74@obelie.mx,3381476091,Tlaquepaque,evento,Norte
C-D30A69F49D,2026-09-11 18:11:34,Elena Vargas,elena.vargas.72@obelie.mx,3394531072,Zapopan,frecuente,Norte
C-DBD93BFE92,2026-09-11 18:11:35,Daniela Pineda,daniela.pineda.70@obelie.mx,3388305404,Zapopan,mayoreo,Centro
C-E36ABB1B70,2026-09-11 18:11:36,Paola Nunez,paola.nunez.61@obelie.mx,3390233887,Tlaquepaque,mayoreo,Sur
C-B8C6B19272,2026-09-11 18:11:36,Valeria Ortiz,valeria.ortiz.48@obelie.mx,3351513682,Tlajomulco,frecuente,Plaza Obelie
C-7923BD6494,2026-09-11 18:11:37,Ricardo Flores,ricardo.flores.71@obelie.mx,3397238626,Guadalajara,nuevo,Norte
C-31E2B066DD,2026-09-11 18:11:37,Andres Molina,andres.molina.97@obelie.mx,3382507549,Tlaquepaque,evento,Centro
C-6B8E1DD058,2026-09-11 18:11:38,Hugo Salazar,hugo.salazar.61@obelie.mx,3368974652,Guadalajara,mayoreo,Plaza Obelie
C-FE79719FA9,2026-09-11 18:11:39,Daniela Pineda,daniela.pineda.33@obelie.mx,3396795994,Guadalajara,frecuente,Sur
C-2F793B20F2,2026-09-11 18:11:39,Mateo Aguilar,mateo.aguilar.15@obelie.mx,3393503372,Tonalá,evento,Sur
C-9033A30A8D,2026-09-11 18:11:40,Valeria Ortiz,valeria.ortiz.47@obelie.mx,3311047488,Tlajomulco,nuevo,Centro
C-6534550CDA,2026-09-11 18:11:41,Fernando Diaz,fernando.diaz.46@obelie.mx,3358754202,Guadalajara,mayoreo,Plaza Obelie
C-024C0346E5,2026-09-11 18:11:42,Hugo Salazar,hugo.salazar.86@obelie.mx,3311877543,Tonalá,mayoreo,Centro
C-410F5C0ABE,2026-09-11 18:11:43,Hugo Salazar,hugo.salazar.99@obelie.mx,3358083085,Guadalajara,mayoreo,Centro
C-96EBCB1B8F,2026-09-11 18:11:44,Jorge Castillo,jorge.castillo.86@obelie.mx,3353275308,Zapopan,mayoreo,Plaza Obelie
C-5667CED17B,2026-09-11 18:11:44,Fernando Diaz,fernando.diaz.63@obelie.mx,3398804007,Tlajomulco,nuevo,Norte
C-AE9FE7990D,2026-09-11 18:11:45,Jorge Castillo,jorge.castillo.86@obelie.mx,3384682449,Tlajomulco,evento,Centro
C-5D8FD5796E,2026-09-11 18:11:45,Andres Molina,andres.molina.32@obelie.mx,3356434217,Tlajomulco,frecuente,Plaza Obelie
C-FBB753154F,2026-09-11 18:11:46,Jorge Castillo,jorge.castillo.57@obelie.mx,3343578337,Tonalá,frecuente,Sur
C-18AA30C596,2026-09-11 18:11:46,Ricardo Flores,ricardo.flores.12@obelie.mx,3323999987,Tlaquepaque,frecuente,Norte
C-4D89EB2976,2026-09-11 18:11:47,Daniela Pineda,daniela.pineda.14@obelie.mx,3363683872,Tonalá,mayoreo,Centro
C-8FD6BC67BB,2026-09-11 18:11:48,Camila Herrera,camila.herrera.37@obelie.mx,3330409126,Zapopan,mayoreo,Plaza Obelie
C-A49BD84722,2026-09-11 18:11:48,Elena Vargas,elena.vargas.38@obelie.mx,3362038667,Tlaquepaque,mayoreo,Centro
C-D253FE7F10,2026-09-11 18:11:49,Valeria Ortiz,valeria.ortiz.90@obelie.mx,3313832932,Tlaquepaque,evento,Centro
C-6F6554BD67,2026-09-11 18:11:49,Jorge Castillo,jorge.castillo.44@obelie.mx,3328596276,Tlajomulco,mayoreo,Centro
C-CDAFF93E34,2026-09-11 18:11:50,Valeria Ortiz,valeria.ortiz.27@obelie.mx,3364325592,Zapopan,frecuente,Centro
C-737DF71753,2026-09-11 18:11:51,Sofia Ramirez,sofia.ramirez.41@obelie.mx,3319511216,Tlajomulco,nuevo,Plaza Obelie
C-7402FA2290,2026-09-11 18:11:51,Jorge Castillo,jorge.castillo.86@obelie.mx,3392034973,Zapopan,evento,Sur
C-54D83DA576,2026-09-11 18:11:52,Paola Nunez,paola.nunez.27@obelie.mx,3363741183,Zapopan,nuevo,Plaza Obelie
C-7B3E599271,2026-09-11 18:11:53,Andres Molina,andres.molina.57@obelie.mx,3353891879,Tonalá,nuevo,Plaza Obelie
C-8F587EB0EB,2026-09-11 18:11:53,Jorge Castillo,jorge.castillo.47@obelie.mx,3394121095,Zapopan,frecuente,Centro
C-F9BA4FB22F,2026-09-11 18:11:54,Jorge Castillo,jorge.castillo.90@obelie.mx,3313417370,Zapopan,mayoreo,Centro
C-CDCEE6BED8,2026-09-11 18:11:55,Jorge Castillo,jorge.castillo.69@obelie.mx,3359257960,Zapopan,mayoreo,Norte
C-902D1F0023,2026-09-11 18:11:55,Jorge Castillo,jorge.castillo.34@obelie.mx,3349122547,Guadalajara,evento,Sur
C-F5917CC9FE,2026-09-11 18:11:56,Camila Herrera,camila.herrera.46@obelie.mx,3375525128,Tlaquepaque,nuevo,Norte
C-6CDFA92F5C,2026-09-11 18:11:57,Daniela Pineda,daniela.pineda.96@obelie.mx,3399357837,Zapopan,nuevo,Norte
C-DDD0F914CF,2026-09-11 18:11:57,Ricardo Flores,ricardo.flores.78@obelie.mx,3319859615,Tlaquepaque,frecuente,Centro
C-2686AEE226,2026-09-11 18:11:58,Hugo Salazar,hugo.salazar.34@obelie.mx,3386968464,Tlajomulco,mayoreo,Plaza Obelie
C-850041AB3E,2026-09-11 18:11:59,Jorge Castillo,jorge.castillo.34@obelie.mx,3318655935,Tlajomulco,mayoreo,Sur
C-B1C5E9D481,2026-09-11 18:11:59,Andres Molina,andres.molina.65@obelie.mx,3390848289,Tonalá,nuevo,Sur
C-A56DD33044,2026-09-11 18:12:00,Hugo Salazar,hugo.salazar.39@obelie.mx,3353727318,Tlaquepaque,frecuente,Norte
C-965927B740,2026-09-11 18:12:00,Sofia Ramirez,sofia.ramirez.85@obelie.mx,3319776681,Zapopan,nuevo,Centro
C-C2C6DC4D9C,2026-09-11 18:12:01,Valeria Ortiz,valeria.ortiz.96@obelie.mx,3332051879,Tlajomulco,nuevo,Plaza Obelie
C-BCE33F15B2,2026-09-11 18:12:01,Mateo Aguilar,mateo.aguilar.93@obelie.mx,3396273061,Guadalajara,frecuente,Norte
C-211845C3DC,2026-09-11 18:12:02,Paola Nunez,paola.nunez.73@obelie.mx,3329878098,Tonalá,mayoreo,Sur
C-C99EE1310F,2026-09-11 18:12:03,Hugo Salazar,hugo.salazar.69@obelie.mx,3391545550,Tonalá,frecuente,Plaza Obelie
C-60A5D06CE2,2026-09-11 18:12:03,Hugo Salazar,hugo.salazar.71@obelie.mx,3384244738,Zapopan,nuevo,Plaza Obelie
C-E5D3D39293,2026-09-11 18:12:04,Jorge Castillo,jorge.castillo.18@obelie.mx,3341836887,Tlajomulco,evento,Centro
C-0A5B620741,2026-09-11 18:12:05,Paola Nunez,paola.nunez.59@obelie.mx,3360285732,Tlaquepaque,mayoreo,Norte
C-A9629826DE,2026-09-11 18:12:05,Paola Nunez,paola.nunez.42@obelie.mx,3381562350,Tlajomulco,mayoreo,Norte
C-066A147003,2026-09-11 18:12:06,Jorge Castillo,jorge.castillo.48@obelie.mx,3334877064,Zapopan,mayoreo,Plaza Obelie
C-9120C20C03,2026-09-11 18:12:06,Hugo Salazar,hugo.salazar.93@obelie.mx,3319964660,Tlajomulco,nuevo,Plaza Obelie
C-A9F4C94B7D,2026-09-11 18:12:07,Mateo Aguilar,mateo.aguilar.16@obelie.mx,3310183354,Guadalajara,evento,Norte
C-F1463CF096,2026-09-11 18:12:08,Hugo Salazar,hugo.salazar.25@obelie.mx,3368434267,Tlaquepaque,evento,Plaza Obelie
C-C314BDC2CF,2026-09-11 18:12:09,Elena Vargas,elena.vargas.60@obelie.mx,3393686893,Zapopan,nuevo,Plaza Obelie
C-25FFAACB9F,2026-09-11 18:12:09,Camila Herrera,camila.herrera.13@obelie.mx,3350483605,Tlaquepaque,frecuente,Norte
C-C4060D185D,2026-09-11 18:12:10,Jorge Castillo,jorge.castillo.96@obelie.mx,3376972036,Zapopan,evento,Sur
C-63F6D735B6,2026-09-11 18:12:10,Daniela Pineda,daniela.pineda.71@obelie.mx,3328896521,Tonalá,evento,Sur
C-9016698330,2026-09-11 18:12:11,Elena Vargas,elena.vargas.89@obelie.mx,3339524638,Tlajomulco,nuevo,Centro
C-0B499568F8,2026-09-11 18:12:12,Paola Nunez,paola.nunez.80@obelie.mx,3372351120,Zapopan,nuevo,Plaza Obelie
C-3B0F63168A,2026-09-11 18:12:12,Fernando Diaz,fernando.diaz.69@obelie.mx,3318744765,Tlajomulco,nuevo,Centro
C-2C1236745B,2026-09-11 18:12:13,Valeria Ortiz,valeria.ortiz.65@obelie.mx,3313421502,Guadalajara,evento,Norte
C-9835B91350,2026-09-11 18:12:14,Daniela Pineda,daniela.pineda.40@obelie.mx,3336838947,Guadalajara,evento,Sur
C-29BEE3C1E0,2026-09-11 18:12:14,Mateo Aguilar,mateo.aguilar.75@obelie.mx,3353162357,Tlajomulco,frecuente,Centro
C-C50F921726,2026-09-11 18:12:15,Ricardo Flores,ricardo.flores.10@obelie.mx,3319079384,Tlaquepaque,mayoreo,Centro
C-B262A39251,2026-09-11 18:12:16,Daniela Pineda,daniela.pineda.98@obelie.mx,3341141404,Tlaquepaque,mayoreo,Plaza Obelie
C-6401AD1854,2026-09-11 18:12:16,Sofia Ramirez,sofia.ramirez.10@obelie.mx,3318203591,Guadalajara,mayoreo,Centro
C-67EBA43363,2026-09-11 18:12:17,Fernando Diaz,fernando.diaz.42@obelie.mx,3386803405,Guadalajara,frecuente,Sur
C-C07811F66D,2026-09-11 18:12:18,Elena Vargas,elena.vargas.55@obelie.mx,3311631258,Tlaquepaque,evento,Norte
C-1A6CFB048C,2026-09-11 18:12:18,Camila Herrera,camila.herrera.12@obelie.mx,3379209684,Tonalá,frecuente,Plaza Obelie
C-40E423FE36,2026-09-11 18:12:18,Sofia Ramirez,sofia.ramirez.44@obelie.mx,3358781711,Tlaquepaque,nuevo,Centro
C-E4EBC389A8,2026-09-11 18:12:19,Jorge Castillo,jorge.castillo.13@obelie.mx,3338281189,Tonalá,evento,Plaza Obelie
C-6089F7C524,2026-09-11 18:12:20,Jorge Castillo,jorge.castillo.65@obelie.mx,3315852223,Zapopan,frecuente,Sur
C-20A6BF79BF,2026-09-11 18:12:20,Sofia Ramirez,sofia.ramirez.29@obelie.mx,3378664675,Zapopan,nuevo,Sur
C-D8A9D52A53,2026-09-11 18:12:21,Daniela Pineda,daniela.pineda.37@obelie.mx,3374725359,Tonalá,frecuente,Centro
C-AB2A30004D,2026-09-11 18:12:21,Paola Nunez,paola.nunez.47@obelie.mx,3346256092,Tlajomulco,nuevo,Plaza Obelie
C-B10BA5A880,2026-09-11 18:12:22,Ricardo Flores,ricardo.flores.66@obelie.mx,3354678602,Tlajomulco,mayoreo,Sur
C-E1B293725A,2026-09-11 18:12:23,Mateo Aguilar,mateo.aguilar.16@obelie.mx,3380295293,Guadalajara,nuevo,Plaza Obelie
C-E7C9527F18,2026-09-11 18:12:23,Elena Vargas,elena.vargas.38@obelie.mx,3395455014,Tlaquepaque,nuevo,Norte
C-25ACA17CFB,2026-09-11 18:12:24,Daniela Pineda,daniela.pineda.12@obelie.mx,3310546334,Guadalajara,evento,Sur
C-7E635975B5,2026-09-11 18:12:25,Camila Herrera,camila.herrera.86@obelie.mx,3323454578,Zapopan,mayoreo,Sur
C-068F532749,2026-09-11 18:12:25,Fernando Diaz,fernando.diaz.79@obelie.mx,3345753019,Guadalajara,nuevo,Sur
C-3F648C8D8D,2026-09-11 18:12:26,Jorge Castillo,jorge.castillo.70@obelie.mx,3318464585,Tlaquepaque,evento,Norte
C-EEFEAFB6E2,2026-09-11 18:12:27,Elena Vargas,elena.vargas.82@obelie.mx,3354838835,Tlaquepaque,frecuente,Sur
C-015B81C4AA,2026-09-11 18:12:27,Daniela Pineda,daniela.pineda.80@obelie.mx,3371542133,Tonalá,nuevo,Centro
C-01C531771D,2026-09-11 18:12:28,Ricardo Flores,ricardo.flores.19@obelie.mx,3339031449,Tlaquepaque,mayoreo,Norte
C-4799847D14,2026-09-11 18:12:29,Paola Nunez,paola.nunez.56@obelie.mx,3310172286,Zapopan,nuevo,Norte
C-4DD2370F52,2026-09-11 18:12:29,Jorge Castillo,jorge.castillo.78@obelie.mx,3343355234,Guadalajara,evento,Centro
C-8A5F76DFC6,2026-09-11 18:12:30,Camila Herrera,camila.herrera.88@obelie.mx,3387282987,Zapopan,nuevo,Plaza Obelie
C-4B508DC659,2026-09-11 18:12:31,Daniela Pineda,daniela.pineda.72@obelie.mx,3317176855,Tlajomulco,frecuente,Centro
C-AAC62A8BD4,2026-09-11 18:12:32,Valeria Ortiz,valeria.ortiz.82@obelie.mx,3379034343,Zapopan,frecuente,Plaza Obelie
C-39B55CCA8E,2026-09-11 18:12:32,Ricardo Flores,ricardo.flores.13@obelie.mx,3388145685,Zapopan,evento,Sur
C-6CDA0A8AB6,2026-09-11 18:12:33,Ricardo Flores,ricardo.flores.97@obelie.mx,3343143673,Tonalá,mayoreo,Norte
C-10E38FA5BB,2026-09-11 18:12:33,Jorge Castillo,jorge.castillo.17@obelie.mx,3316174322,Tlaquepaque,evento,Sur
C-F39B9D034C,2026-09-11 18:12:34,Sofia Ramirez,sofia.ramirez.22@obelie.mx,3344545032,Tonalá,nuevo,Sur
C-22EF53793C,2026-09-11 18:12:35,Jorge Castillo,jorge.castillo.37@obelie.mx,3350964081,Tonalá,mayoreo,Centro
C-4A7CC17D8B,2026-09-11 18:12:35,Mateo Aguilar,mateo.aguilar.49@obelie.mx,3390509970,Tlajomulco,nuevo,Plaza Obelie
C-FCE9528D0B,2026-09-11 18:12:36,Ricardo Flores,ricardo.flores.78@obelie.mx,3391483313,Tlaquepaque,nuevo,Sur
C-B1C7286C7C,2026-09-11 18:12:36,Paola Nunez,paola.nunez.60@obelie.mx,3375394337,Tlajomulco,nuevo,Centro
C-34FB7BF55E,2026-09-11 18:12:37,Andres Molina,andres.molina.83@obelie.mx,3367391763,Zapopan,frecuente,Centro
C-AB3CC89F6D,2026-09-11 18:12:38,Mateo Aguilar,mateo.aguilar.34@obelie.mx,3386068190,Tlaquepaque,frecuente,Sur
C-BD4A212DC1,2026-09-11 18:12:39,Ricardo Flores,ricardo.flores.77@obelie.mx,3319973523,Zapopan,mayoreo,Centro
C-9E45F90D14,2026-09-11 18:12:39,Mateo Aguilar,mateo.aguilar.39@obelie.mx,3348281728,Tonalá,frecuente,Norte
C-148E9915E8,2026-09-11 18:12:40,Jorge Castillo,jorge.castillo.85@obelie.mx,3382678798,Tonalá,frecuente,Norte
C-8A4A8AC110,2026-09-11 18:12:41,Paola Nunez,paola.nunez.39@obelie.mx,3344608998,Tonalá,frecuente,Centro
C-A4A2C2D151,2026-09-11 18:12:41,Paola Nunez,paola.nunez.58@obelie.mx,3357999149,Zapopan,mayoreo,Norte
C-8806AE726A,2026-09-11 18:12:42,Fernando Diaz,fernando.diaz.35@obelie.mx,3355661245,Zapopan,frecuente,Plaza Obelie
C-F8554D771A,2026-09-11 18:12:43,Paola Nunez,paola.nunez.45@obelie.mx,3323288829,Guadalajara,evento,Centro
C-EA5DE82638,2026-09-11 18:12:44,Jorge Castillo,jorge.castillo.96@obelie.mx,3323555945,Guadalajara,mayoreo,Centro
C-C44709F563,2026-09-11 18:12:44,Mateo Aguilar,mateo.aguilar.54@obelie.mx,3329126034,Guadalajara,mayoreo,Sur
C-0FA0880056,2026-09-11 18:12:45,Elena Vargas,elena.vargas.24@obelie.mx,3322426501,Tlajomulco,evento,Sur
C-177365AF1F,2026-09-11 18:12:45,Ricardo Flores,ricardo.flores.29@obelie.mx,3344788174,Zapopan,mayoreo,Norte
C-A291F6DEA2,2026-09-11 18:12:46,Ricardo Flores,ricardo.flores.34@obelie.mx,3327632586,Guadalajara,mayoreo,Centro
C-92250A2FBD,2026-09-11 18:12:46,Valeria Ortiz,valeria.ortiz.69@obelie.mx,3386285272,Tlajomulco,evento,Sur
C-D86D03C268,2026-09-11 18:12:47,Elena Vargas,elena.vargas.77@obelie.mx,3342137365,Tonalá,evento,Sur
C-E082BAD779,2026-09-11 18:12:48,Andres Molina,andres.molina.36@obelie.mx,3365264115,Tlajomulco,mayoreo,Norte
C-2817F73DA8,2026-09-11 18:12:49,Andres Molina,andres.molina.58@obelie.mx,3367648630,Tlajomulco,evento,Sur
C-89B76AC77C,2026-09-11 18:12:49,Camila Herrera,camila.herrera.88@obelie.mx,3335766156,Guadalajara,evento,Plaza Obelie
C-E1E9AC590D,2026-09-11 18:12:50,Mateo Aguilar,mateo.aguilar.88@obelie.mx,3360741641,Zapopan,mayoreo,Plaza Obelie
C-A14798E6FE,2026-09-11 18:12:50,Jorge Castillo,jorge.castillo.73@obelie.mx,3353687147,Tlaquepaque,evento,Sur
C-DAE0E6BE3E,2026-09-11 18:12:51,Sofia Ramirez,sofia.ramirez.94@obelie.mx,3345866507,Guadalajara,evento,Norte
C-3AFA9832DA,2026-09-11 18:12:51,Sofia Ramirez,sofia.ramirez.92@obelie.mx,3311713620,Tlaquepaque,mayoreo,Norte
C-B64D7399DC,2026-09-11 18:12:52,Sofia Ramirez,sofia.ramirez.97@obelie.mx,3310087203,Guadalajara,frecuente,Norte
C-74B2EC6477,2026-09-11 18:12:52,Mateo Aguilar,mateo.aguilar.13@obelie.mx,3330563873,Zapopan,mayoreo,Sur
C-4A4DCF8247,2026-09-11 18:12:53,Paola Nunez,paola.nunez.91@obelie.mx,3336401145,Guadalajara,mayoreo,Centro
C-7E18D66921,2026-09-11 18:12:54,Sofia Ramirez,sofia.ramirez.83@obelie.mx,3371369265,Zapopan,frecuente,Norte
C-F1ABB866F3,2026-09-11 18:12:54,Fernando Diaz,fernando.diaz.42@obelie.mx,3392811097,Tlajomulco,evento,Plaza Obelie
C-FF4BE67AAB,2026-09-11 18:12:55,Mateo Aguilar,mateo.aguilar.32@obelie.mx,3377862991,Tlajomulco,evento,Centro
C-E3BDF71885,2026-09-11 18:12:55,Andres Molina,andres.molina.41@obelie.mx,3379773295,Guadalajara,nuevo,Plaza Obelie
C-56A791459A,2026-09-11 18:12:56,Elena Vargas,elena.vargas.83@obelie.mx,3341819641,Tonalá,evento,Centro
C-50FC44AF43,2026-09-11 18:12:57,Fernando Diaz,fernando.diaz.89@obelie.mx,3381531500,Guadalajara,mayoreo,Centro
C-1310030357,2026-09-11 18:12:57,Fernando Diaz,fernando.diaz.41@obelie.mx,3354377718,Tlajomulco,mayoreo,Centro
C-C7D983CC2F,2026-09-11 18:12:58,Paola Nunez,paola.nunez.48@obelie.mx,3346461949,Zapopan,mayoreo,Centro
C-11C1336F05,2026-09-11 18:12:59,Mateo Aguilar,mateo.aguilar.36@obelie.mx,3381967050,Tlaquepaque,frecuente,Norte
C-69CEAAC1D8,2026-09-11 18:12:59,Sofia Ramirez,sofia.ramirez.16@obelie.mx,3382643187,Guadalajara,nuevo,Centro
C-00B3AA23B9,2026-09-11 18:13:00,Valeria Ortiz,valeria.ortiz.61@obelie.mx,3356301308,Tlaquepaque,frecuente,Plaza Obelie
C-2F29133E92,2026-09-11 18:13:01,Valeria Ortiz,valeria.ortiz.62@obelie.mx,3370187426,Guadalajara,evento,Norte
C-96014DB577,2026-09-11 18:13:01,Elena Vargas,elena.vargas.95@obelie.mx,3363708367,Tlaquepaque,evento,Norte
C-1994F364C3,2026-09-11 18:13:02,Hugo Salazar,hugo.salazar.65@obelie.mx,3321724351,Tonalá,evento,Sur
C-91576640A2,2026-09-11 18:13:03,Daniela Pineda,daniela.pineda.61@obelie.mx,3364035355,Tlajomulco,evento,Centro
C-E5B21D7757,2026-09-11 18:13:04,Hugo Salazar,hugo.salazar.13@obelie.mx,3388698333,Tlaquepaque,nuevo,Sur
C-866D9C4ED2,2026-09-11 18:13:04,Valeria Ortiz,valeria.ortiz.57@obelie.mx,3332303962,Tlaquepaque,nuevo,Plaza Obelie
C-9B950383AB,2026-09-11 18:13:05,Ricardo Flores,ricardo.flores.72@obelie.mx,3394883141,Guadalajara,nuevo,Centro
C-AF7246170B,2026-09-11 18:13:05,Sofia Ramirez,sofia.ramirez.85@obelie.mx,3351421927,Tonalá,evento,Plaza Obelie
C-C7A33DD124,2026-09-11 18:13:06,Mateo Aguilar,mateo.aguilar.90@obelie.mx,3329798265,Zapopan,frecuente,Norte
C-F15785D9F5,2026-09-11 18:13:07,Sofia Ramirez,sofia.ramirez.77@obelie.mx,3378424673,Guadalajara,mayoreo,Centro
C-F88E3B54FF,2026-09-11 18:13:07,Jorge Castillo,jorge.castillo.75@obelie.mx,3353298065,Zapopan,evento,Plaza Obelie
C-22C2A106CF,2026-09-11 18:13:08,Mateo Aguilar,mateo.aguilar.18@obelie.mx,3336242579,Tlaquepaque,frecuente,Centro
C-2414FAFD17,2026-09-11 18:13:09,Jorge Castillo,jorge.castillo.51@obelie.mx,3324823773,Tonalá,evento,Plaza Obelie
C-36D72C5E89,2026-09-11 18:13:10,Ricardo Flores,ricardo.flores.44@obelie.mx,3337543410,Tlaquepaque,nuevo,Norte
C-8AB3A78EE0,2026-09-11 18:13:10,Andres Molina,andres.molina.44@obelie.mx,3361728418,Tlajomulco,evento,Sur
C-7788234769,2026-09-11 18:13:11,Sofia Ramirez,sofia.ramirez.64@obelie.mx,3396516681,Tonalá,mayoreo,Norte
C-03868F3D02,2026-09-11 18:13:12,Sofia Ramirez,sofia.ramirez.67@obelie.mx,3321117717,Zapopan,nuevo,Norte
C-D351FA0CA4,2026-09-11 18:13:12,Fernando Diaz,fernando.diaz.28@obelie.mx,3383918106,Guadalajara,mayoreo,Norte
C-94A243D1B2,2026-09-11 18:13:13,Mateo Aguilar,mateo.aguilar.28@obelie.mx,3375494678,Guadalajara,nuevo,Sur
C-81241C5A6B,2026-09-11 18:13:13,Valeria Ortiz,valeria.ortiz.51@obelie.mx,3338346438,Tlajomulco,evento,Norte
C-E92BD157C4,2026-09-11 18:13:14,Sofia Ramirez,sofia.ramirez.28@obelie.mx,3387746916,Tlajomulco,evento,Plaza Obelie
C-4BA0BAB5EB,2026-09-11 18:13:15,Jorge Castillo,jorge.castillo.82@obelie.mx,3346431905,Tlaquepaque,mayoreo,Centro
C-C225208162,2026-09-11 18:13:15,Ricardo Flores,ricardo.flores.24@obelie.mx,3363468313,Tlaquepaque,frecuente,Centro
C-40BEDB8376,2026-09-11 18:13:16,Valeria Ortiz,valeria.ortiz.38@obelie.mx,3388222607,Tlajomulco,frecuente,Norte
C-E41FAC99E7,2026-09-11 18:13:16,Valeria Ortiz,valeria.ortiz.60@obelie.mx,3327129516,Tonalá,frecuente,Centro
C-6D6D6E8A34,2026-09-11 18:13:17,Ricardo Flores,ricardo.flores.50@obelie.mx,3337054705,Zapopan,evento,Sur
C-E5D962CB3E,2026-09-11 18:13:18,Valeria Ortiz,valeria.ortiz.50@obelie.mx,3399963531,Zapopan,nuevo,Sur
C-A34E22D4A9,2026-09-11 18:13:18,Mateo Aguilar,mateo.aguilar.71@obelie.mx,3393894961,Tlaquepaque,mayoreo,Norte
C-64005E8D29,2026-09-11 18:13:19,Paola Nunez,paola.nunez.15@obelie.mx,3348494245,Zapopan,nuevo,Centro
C-A6FAA5F16F,2026-09-11 18:13:20,Jorge Castillo,jorge.castillo.61@obelie.mx,3319517255,Zapopan,frecuente,Centro
C-D23D16A745,2026-09-11 18:13:20,Camila Herrera,camila.herrera.12@obelie.mx,3327414739,Tlaquepaque,mayoreo,Norte
C-B42240592D,2026-09-11 18:13:21,Hugo Salazar,hugo.salazar.51@obelie.mx,3383831557,Zapopan,frecuente,Sur
C-0E8F38717A,2026-09-11 18:13:21,Ricardo Flores,ricardo.flores.86@obelie.mx,3367742996,Zapopan,mayoreo,Sur
C-8117F1177E,2026-09-11 18:13:22,Hugo Salazar,hugo.salazar.14@obelie.mx,3362318124,Guadalajara,nuevo,Centro
C-F425C4C572,2026-09-11 18:13:23,Andres Molina,andres.molina.74@obelie.mx,3340084463,Tlaquepaque,frecuente,Norte
C-ECF845EDA8,2026-09-11 18:13:24,Valeria Ortiz,valeria.ortiz.19@obelie.mx,3327674151,Zapopan,mayoreo,Norte
C-ADFC54F59A,2026-09-11 18:13:25,Mateo Aguilar,mateo.aguilar.88@obelie.mx,3396863555,Zapopan,frecuente,Sur
C-93FF84EEE9,2026-09-11 18:13:25,Valeria Ortiz,valeria.ortiz.34@obelie.mx,3359308349,Guadalajara,nuevo,Plaza Obelie
C-4F454D0124,2026-09-11 18:13:26,Ricardo Flores,ricardo.flores.49@obelie.mx,3367551502,Tlajomulco,mayoreo,Norte
C-6066BEDCA4,2026-09-11 18:13:27,Valeria Ortiz,valeria.ortiz.65@obelie.mx,3382313725,Tonalá,mayoreo,Centro
C-52E5AE031C,2026-09-11 18:13:28,Mateo Aguilar,mateo.aguilar.13@obelie.mx,3340922623,Zapopan,nuevo,Sur
C-BE5215080A,2026-09-11 18:13:28,Daniela Pineda,daniela.pineda.87@obelie.mx,3359422650,Zapopan,evento,Plaza Obelie
C-2C451CC150,2026-09-11 18:13:28,Andres Molina,andres.molina.73@obelie.mx,3314718855,Tonalá,frecuente,Sur
C-D1F12F42E8,2026-09-11 18:13:29,Fernando Diaz,fernando.diaz.67@obelie.mx,3383402641,Guadalajara,nuevo,Plaza Obelie
C-252471FBD4,2026-09-11 18:13:30,Ricardo Flores,ricardo.flores.89@obelie.mx,3390095412,Tonalá,evento,Norte
C-95A68C4F27,2026-09-11 18:13:30,Daniela Pineda,daniela.pineda.47@obelie.mx,3314568964,Tonalá,mayoreo,Centro
C-3BD1FE997C,2026-09-11 18:13:31,Valeria Ortiz,valeria.ortiz.51@obelie.mx,3341514207,Tonalá,nuevo,Centro
C-79CDC3DCA0,2026-09-11 18:13:32,Fernando Diaz,fernando.diaz.82@obelie.mx,3342795233,Tonalá,frecuente,Centro
C-54AF01CD7E,2026-09-11 18:13:33,Camila Herrera,camila.herrera.43@obelie.mx,3317549040,Tlajomulco,mayoreo,Norte
C-1023639F42,2026-09-11 18:13:34,Elena Vargas,elena.vargas.66@obelie.mx,3377878717,Tlaquepaque,frecuente,Plaza Obelie
C-8231118DDD,2026-09-11 18:13:34,Ricardo Flores,ricardo.flores.21@obelie.mx,3334984910,Guadalajara,nuevo,Norte
C-0531ABD944,2026-09-11 18:13:35,Mateo Aguilar,mateo.aguilar.45@obelie.mx,3372925998,Zapopan,mayoreo,Centro
C-D3FC64F062,2026-09-11 18:13:36,Ricardo Flores,ricardo.flores.94@obelie.mx,3372881403,Guadalajara,evento,Norte
C-46128DB760,2026-09-11 18:13:36,Daniela Pineda,daniela.pineda.76@obelie.mx,3326155116,Zapopan,nuevo,Sur
C-2E60D53494,2026-09-11 18:13:37,Ricardo Flores,ricardo.flores.66@obelie.mx,3354603408,Zapopan,evento,Norte
C-8DA390E987,2026-09-11 18:13:38,Ricardo Flores,ricardo.flores.62@obelie.mx,3356918773,Tlajomulco,nuevo,Norte
C-EE519ECB58,2026-09-11 18:13:38,Camila Herrera,camila.herrera.46@obelie.mx,3329874402,Tlaquepaque,frecuente,Norte
C-F926AB315E,2026-09-11 18:13:39,Hugo Salazar,hugo.salazar.17@obelie.mx,3341366914,Tonalá,mayoreo,Plaza Obelie
C-00C3BF0DB7,2026-09-11 18:13:40,Sofia Ramirez,sofia.ramirez.50@obelie.mx,3337635612,Zapopan,mayoreo,Plaza Obelie
C-CCF67A1381,2026-09-11 18:13:40,Andres Molina,andres.molina.45@obelie.mx,3351518642,Tlajomulco,mayoreo,Plaza Obelie
C-800EF49D69,2026-09-11 18:13:41,Jorge Castillo,jorge.castillo.28@obelie.mx,3371253920,Guadalajara,frecuente,Centro
C-FFEC837E35,2026-09-11 18:13:40,Valeria Ortiz,valeria.ortiz.91@obelie.mx,3345436070,Zapopan,evento,Centro
C-4D2ED1E498,2026-09-11 18:13:42,Mateo Aguilar,mateo.aguilar.47@obelie.mx,3349606099,Guadalajara,evento,Sur
C-74AAC3EE82,2026-09-11 18:14:12,Sofia Ramirez,sofia.ramirez.36@obelie.mx,3314858761,Tlaquepaque,frecuente,Sur
C-F53BDAA63E,2026-09-11 18:14:13,Valeria Ortiz,valeria.ortiz.29@obelie.mx,3322019206,Tlaquepaque,evento,Norte
C-9AFCE6D010,2026-09-11 18:14:14,Elena Vargas,elena.vargas.90@obelie.mx,3346521542,Guadalajara,nuevo,Norte
C-6012CF9418,2026-09-11 18:14:14,Sofia Ramirez,sofia.ramirez.91@obelie.mx,3396275322,Guadalajara,mayoreo,Plaza Obelie
C-6F9CDAD977,2026-09-11 18:14:15,Paola Nunez,paola.nunez.59@obelie.mx,3389352872,Guadalajara,frecuente,Centro
C-EF8C093F30,2026-09-11 18:14:15,Elena Vargas,elena.vargas.91@obelie.mx,3391461255,Guadalajara,mayoreo,Plaza Obelie
C-832BB27DFC,2026-09-11 18:14:16,Fernando Diaz,fernando.diaz.19@obelie.mx,3395369859,Tlaquepaque,frecuente,Norte
C-9C8CE40F4F,2026-09-11 18:14:17,Daniela Pineda,daniela.pineda.71@obelie.mx,3325265606,Guadalajara,evento,Centro
C-06A965788B,2026-09-11 18:14:17,Paola Nunez,paola.nunez.83@obelie.mx,3330127642,Guadalajara,evento,Centro
C-B9CEE8D824,2026-09-11 18:14:18,Hugo Salazar,hugo.salazar.41@obelie.mx,3333292505,Zapopan,mayoreo,Centro
C-77987F381C,2026-09-11 18:14:19,Mateo Aguilar,mateo.aguilar.50@obelie.mx,3334125458,Tlajomulco,nuevo,Plaza Obelie
C-1F8A7AA85A,2026-09-11 18:14:20,Andres Molina,andres.molina.29@obelie.mx,3345504613,Tonalá,evento,Sur
C-C8B9C725BB,2026-09-11 18:14:20,Paola Nunez,paola.nunez.99@obelie.mx,3332946222,Zapopan,evento,Plaza Obelie
C-D06F60546D,2026-09-11 18:14:21,Daniela Pineda,daniela.pineda.98@obelie.mx,3395405843,Tlaquepaque,evento,Centro
C-7C9999590F,2026-09-11 18:14:22,Mateo Aguilar,mateo.aguilar.34@obelie.mx,3362033986,Tonalá,nuevo,Centro
C-4BD6E3194B,2026-09-11 18:14:22,Sofia Ramirez,sofia.ramirez.76@obelie.mx,3312282131,Guadalajara,mayoreo,Norte
C-0E8012B667,2026-09-11 18:14:23,Valeria Ortiz,valeria.ortiz.12@obelie.mx,3315101261,Tlaquepaque,evento,Centro
C-E179ABDCE0,2026-09-11 18:14:24,Sofia Ramirez,sofia.ramirez.76@obelie.mx,3346784035,Tonalá,evento,Sur
C-3994B3086C,2026-09-11 18:14:24,Paola Nunez,paola.nunez.46@obelie.mx,3350617065,Tonalá,frecuente,Norte
C-D849DC5729,2026-09-11 18:14:25,Camila Herrera,camila.herrera.37@obelie.mx,3389275347,Tlaquepaque,evento,Sur
C-6294C08258,2026-09-11 18:14:26,Jorge Castillo,jorge.castillo.17@obelie.mx,3319162058,Tlaquepaque,mayoreo,Plaza Obelie
C-133B8F9FA8,2026-09-11 18:14:27,Elena Vargas,elena.vargas.87@obelie.mx,3388796255,Tlajomulco,evento,Centro
C-FF24D9FF31,2026-09-11 18:14:27,Sofia Ramirez,sofia.ramirez.76@obelie.mx,3339778660,Tonalá,nuevo,Sur
C-4B150A75A2,2026-09-11 18:14:28,Hugo Salazar,hugo.salazar.32@obelie.mx,3341231162,Zapopan,frecuente,Sur
C-D82EDC3045,2026-09-11 18:14:28,Jorge Castillo,jorge.castillo.46@obelie.mx,3328848690,Tonalá,evento,Plaza Obelie
C-507E9801B2,2026-09-11 18:14:29,Andres Molina,andres.molina.79@obelie.mx,3394678073,Zapopan,frecuente,Norte
C-DCE097CF47,2026-09-11 18:14:29,Mateo Aguilar,mateo.aguilar.53@obelie.mx,3323758382,Tonalá,nuevo,Sur
C-963CCB6CE3,2026-09-11 18:14:30,Jorge Castillo,jorge.castillo.71@obelie.mx,3344277992,Tlajomulco,nuevo,Norte
C-1BA1343BDE,2026-09-11 18:14:31,Hugo Salazar,hugo.salazar.77@obelie.mx,3320671982,Zapopan,mayoreo,Norte
C-94940EFB43,2026-09-11 18:14:31,Paola Nunez,paola.nunez.82@obelie.mx,3330204712,Tlajomulco,nuevo,Centro
C-F149EE5A13,2026-09-11 18:14:32,Mateo Aguilar,mateo.aguilar.83@obelie.mx,3394584936,Tonalá,mayoreo,Norte
C-E06852EF41,2026-09-11 18:14:33,Sofia Ramirez,sofia.ramirez.60@obelie.mx,3364932901,Tonalá,frecuente,Norte
C-3A2AE90C3E,2026-09-11 18:14:33,Mateo Aguilar,mateo.aguilar.17@obelie.mx,3343457335,Guadalajara,evento,Norte
C-0CC75FE462,2026-09-11 18:14:34,Hugo Salazar,hugo.salazar.53@obelie.mx,3397974759,Tonalá,evento,Sur
C-A0A5B0B950,2026-09-11 18:14:35,Mateo Aguilar,mateo.aguilar.53@obelie.mx,3324753119,Zapopan,evento,Plaza Obelie
C-9C74FDAFF4,2026-09-11 18:14:35,Daniela Pineda,daniela.pineda.20@obelie.mx,3350231811,Tlaquepaque,evento,Plaza Obelie
C-77743FC094,2026-09-11 18:14:36,Paola Nunez,paola.nunez.48@obelie.mx,3374881341,Zapopan,evento,Norte
C-171375CE34,2026-09-11 18:14:37,Valeria Ortiz,valeria.ortiz.18@obelie.mx,3352421754,Guadalajara,frecuente,Sur
C-0D393EA914,2026-09-11 18:14:37,Hugo Salazar,hugo.salazar.47@obelie.mx,3368563127,Zapopan,frecuente,Norte
C-74C0331FC6,2026-09-11 18:14:38,Jorge Castillo,jorge.castillo.76@obelie.mx,3368912345,Tonalá,mayoreo,Sur
C-F5E30650B2,2026-09-11 18:14:38,Mateo Aguilar,mateo.aguilar.79@obelie.mx,3332367678,Zapopan,frecuente,Norte
C-B81372B46C,2026-09-11 18:14:39,Paola Nunez,paola.nunez.77@obelie.mx,3367181538,Tlajomulco,evento,Plaza Obelie
C-9492E95EB8,2026-09-11 18:14:40,Jorge Castillo,jorge.castillo.22@obelie.mx,3330212804,Tlaquepaque,mayoreo,Norte
C-5E8426BC6E,2026-09-11 18:14:40,Hugo Salazar,hugo.salazar.64@obelie.mx,3373674863,Guadalajara,mayoreo,Plaza Obelie
C-ACD7BF931D,2026-09-11 18:14:41,Valeria Ortiz,valeria.ortiz.16@obelie.mx,3396563279,Tlaquepaque,nuevo,Sur
C-17CD57D9BE,2026-09-11 18:14:42,Mateo Aguilar,mateo.aguilar.56@obelie.mx,3388172093,Zapopan,frecuente,Norte
C-7401B4238E,2026-09-11 18:14:43,Camila Herrera,camila.herrera.84@obelie.mx,3331851409,Tlajomulco,frecuente,Norte
C-20F22D9595,2026-09-11 18:14:43,Andres Molina,andres.molina.44@obelie.mx,3327855785,Tlajomulco,nuevo,Plaza Obelie
C-849DE3D379,2026-09-11 18:14:44,Elena Vargas,elena.vargas.47@obelie.mx,3380861976,Guadalajara,frecuente,Centro
C-38F2209C9B,2026-09-11 18:14:45,Jorge Castillo,jorge.castillo.44@obelie.mx,3370925936,Zapopan,frecuente,Plaza Obelie
C-6B4CC8F82C,2026-09-11 18:14:45,Jorge Castillo,jorge.castillo.69@obelie.mx,3356142747,Zapopan,frecuente,Plaza Obelie
C-85A8E97D8A,2026-09-11 18:14:46,Andres Molina,andres.molina.43@obelie.mx,3368159361,Tonalá,mayoreo,Norte
C-7C01A3D9B9,2026-09-11 18:14:46,Sofia Ramirez,sofia.ramirez.16@obelie.mx,3387329047,Zapopan,nuevo,Norte
C-34DEADB00A,2026-09-11 18:14:47,Andres Molina,andres.molina.97@obelie.mx,3317495441,Guadalajara,frecuente,Plaza Obelie
C-E377172C40,2026-09-11 18:14:48,Mateo Aguilar,mateo.aguilar.50@obelie.mx,3358404920,Guadalajara,evento,Norte
C-885D3981EB,2026-09-11 18:14:49,Elena Vargas,elena.vargas.44@obelie.mx,3367271526,Zapopan,frecuente,Norte
C-38AF306557,2026-09-11 18:14:49,Valeria Ortiz,valeria.ortiz.38@obelie.mx,3333176700,Guadalajara,mayoreo,Centro
C-FD5CDA4FF6,2026-09-11 18:14:50,Elena Vargas,elena.vargas.29@obelie.mx,3327254827,Tlaquepaque,nuevo,Norte
C-ED444A9E9F,2026-09-11 18:14:51,Daniela Pineda,daniela.pineda.32@obelie.mx,3325283143,Tonalá,mayoreo,Sur
C-B24CD881F1,2026-09-11 18:14:51,Andres Molina,andres.molina.80@obelie.mx,3391727671,Tlajomulco,frecuente,Centro
C-52A79102F7,2026-09-11 18:14:52,Valeria Ortiz,valeria.ortiz.64@obelie.mx,3320765927,Zapopan,evento,Sur
C-E1CFD04690,2026-09-11 18:14:53,Camila Herrera,camila.herrera.10@obelie.mx,3333855460,Tlaquepaque,evento,Sur
C-0B64E37DCC,2026-09-11 18:14:53,Hugo Salazar,hugo.salazar.78@obelie.mx,3322679529,Zapopan,evento,Plaza Obelie
C-EEAA476F60,2026-09-11 18:14:54,Camila Herrera,camila.herrera.76@obelie.mx,3320389189,Guadalajara,nuevo,Centro
C-9554C0024E,2026-09-11 18:14:54,Jorge Castillo,jorge.castillo.83@obelie.mx,3358597046,Tlaquepaque,mayoreo,Centro
C-D9987BF93D,2026-09-11 18:14:55,Elena Vargas,elena.vargas.86@obelie.mx,3321901105,Tlaquepaque,frecuente,Sur
C-F2E576A555,2026-09-11 18:14:56,Paola Nunez,paola.nunez.18@obelie.mx,3384062505,Tlajomulco,evento,Sur
C-1C410613E1,2026-09-11 18:14:56,Hugo Salazar,hugo.salazar.37@obelie.mx,3320984214,Zapopan,mayoreo,Centro
C-446640E1CF,2026-09-11 18:14:57,Andres Molina,andres.molina.49@obelie.mx,3327362062,Guadalajara,evento,Plaza Obelie
C-9D8684AFE0,2026-09-11 18:14:58,Elena Vargas,elena.vargas.36@obelie.mx,3311756830,Zapopan,nuevo,Plaza Obelie
C-7B1A2ED0B2,2026-09-11 18:14:58,Valeria Ortiz,valeria.ortiz.42@obelie.mx,3395182425,Guadalajara,frecuente,Sur
C-7A6AD08099,2026-09-11 18:14:59,Andres Molina,andres.molina.19@obelie.mx,3364248288,Tlaquepaque,nuevo,Norte
C-761C74C2FA,2026-09-11 18:14:59,Camila Herrera,camila.herrera.39@obelie.mx,3355002515,Tonalá,mayoreo,Centro
C-07C587D7F6,2026-09-11 18:15:00,Sofia Ramirez,sofia.ramirez.84@obelie.mx,3352651202,Tonalá,mayoreo,Sur
C-314702E46C,2026-09-11 18:15:01,Mateo Aguilar,mateo.aguilar.68@obelie.mx,3343694892,Guadalajara,mayoreo,Centro
C-F221DA25FD,2026-09-11 18:15:02,Paola Nunez,paola.nunez.97@obelie.mx,3342198397,Tonalá,nuevo,Centro
C-E1689ED701,2026-09-11 18:15:02,Elena Vargas,elena.vargas.42@obelie.mx,3313356281,Tonalá,nuevo,Sur
C-55596C871D,2026-09-11 18:15:03,Ricardo Flores,ricardo.flores.99@obelie.mx,3379412876,Tlajomulco,mayoreo,Norte
C-34C0A238F4,2026-09-11 18:15:03,Valeria Ortiz,valeria.ortiz.72@obelie.mx,3343015505,Tlajomulco,evento,Plaza Obelie
C-6C810A53C8,2026-09-11 18:15:04,Mateo Aguilar,mateo.aguilar.58@obelie.mx,3394064557,Tlajomulco,mayoreo,Centro
C-FD07F70F9C,2026-09-11 18:15:04,Andres Molina,andres.molina.15@obelie.mx,3350866087,Tonalá,frecuente,Norte
C-91093228EA,2026-09-11 18:15:05,Camila Herrera,camila.herrera.96@obelie.mx,3327907969,Tlajomulco,mayoreo,Centro
C-CE0A6E3E23,2026-09-11 18:15:05,Ricardo Flores,ricardo.flores.93@obelie.mx,3368997462,Tonalá,evento,Centro
C-1B4DEFB9D0,2026-09-11 18:15:06,Ricardo Flores,ricardo.flores.77@obelie.mx,3364208963,Tlajomulco,evento,Sur
C-A82F84E75C,2026-09-11 18:15:06,Hugo Salazar,hugo.salazar.24@obelie.mx,3337391612,Guadalajara,evento,Centro
C-80723C84CC,2026-09-11 18:15:07,Paola Nunez,paola.nunez.55@obelie.mx,3370537795,Tlaquepaque,frecuente,Sur
C-13DA8E43D8,2026-09-11 18:15:08,Paola Nunez,paola.nunez.29@obelie.mx,3319526841,Tonalá,mayoreo,Norte
C-AA22D8E16C,2026-09-11 18:15:09,Sofia Ramirez,sofia.ramirez.56@obelie.mx,3332732072,Guadalajara,evento,Sur
C-1B7EDC1A3D,2026-09-11 18:15:10,Valeria Ortiz,valeria.ortiz.37@obelie.mx,3322655324,Tonalá,mayoreo,Norte
C-A5E11F049E,2026-09-11 18:15:10,Elena Vargas,elena.vargas.40@obelie.mx,3373437682,Tlaquepaque,evento,Norte
C-6A1C6CE44F,2026-09-11 18:15:11,Ricardo Flores,ricardo.flores.17@obelie.mx,3326617741,Guadalajara,frecuente,Norte
C-B5C052C0BF,2026-09-11 18:15:12,Camila Herrera,camila.herrera.27@obelie.mx,3375105899,Zapopan,frecuente,Plaza Obelie
C-AEACF317E9,2026-09-11 18:15:12,Daniela Pineda,daniela.pineda.66@obelie.mx,3319168132,Guadalajara,nuevo,Plaza Obelie
C-D615ACB2CA,2026-09-11 18:15:13,Elena Vargas,elena.vargas.96@obelie.mx,3374181664,Tonalá,frecuente,Norte
C-A372188E16,2026-09-11 18:15:13,Ricardo Flores,ricardo.flores.98@obelie.mx,3313105728,Tlajomulco,mayoreo,Centro
C-9383D7519E,2026-09-11 18:15:14,Camila Herrera,camila.herrera.67@obelie.mx,3326781262,Zapopan,nuevo,Plaza Obelie
C-B3A838AAF3,2026-09-11 18:15:14,Valeria Ortiz,valeria.ortiz.86@obelie.mx,3384291254,Tlaquepaque,mayoreo,Norte
C-DC3A6D3D0C,2026-09-11 18:15:15,Hugo Salazar,hugo.salazar.14@obelie.mx,3342057072,Tlaquepaque,mayoreo,Norte
C-6D16E03470,2026-09-11 18:15:16,Paola Nunez,paola.nunez.42@obelie.mx,3364568111,Zapopan,mayoreo,Plaza Obelie
C-E6BE040ADD,2026-09-11 18:15:16,Hugo Salazar,hugo.salazar.66@obelie.mx,3328253258,Guadalajara,nuevo,Plaza Obelie
C-FA91F2F8D7,2026-09-11 18:15:17,Camila Herrera,camila.herrera.23@obelie.mx,3396128519,Zapopan,evento,Plaza Obelie
C-CD2CA4D767,2026-09-11 18:15:17,Sofia Ramirez,sofia.ramirez.91@obelie.mx,3390927336,Guadalajara,frecuente,Sur
C-59669A16EC,2026-09-11 18:15:18,Andres Molina,andres.molina.34@obelie.mx,3370607143,Zapopan,frecuente,Plaza Obelie
C-189C15B7E6,2026-09-11 18:15:18,Valeria Ortiz,valeria.ortiz.87@obelie.mx,3319373280,Tlaquepaque,nuevo,Plaza Obelie
C-8A6DF06E5B,2026-09-11 18:15:19,Hugo Salazar,hugo.salazar.98@obelie.mx,3315129819,Guadalajara,nuevo,Sur
C-667E320FC1,2026-09-11 18:15:20,Elena Vargas,elena.vargas.28@obelie.mx,3375744431,Tlajomulco,evento,Plaza Obelie
C-38814DCB2D,2026-09-11 18:15:20,Ricardo Flores,ricardo.flores.88@obelie.mx,3331933083,Guadalajara,evento,Sur
C-73EE6204F3,2026-09-11 18:15:21,Mateo Aguilar,mateo.aguilar.24@obelie.mx,3312081114,Tlaquepaque,nuevo,Centro
C-43E152F2D4,2026-09-11 18:15:22,Ricardo Flores,ricardo.flores.99@obelie.mx,3392046044,Zapopan,nuevo,Sur
C-1B6FFD0CFD,2026-09-11 18:15:22,Jorge Castillo,jorge.castillo.27@obelie.mx,3389853343,Zapopan,frecuente,Plaza Obelie
C-83D3054306,2026-09-11 18:15:23,Andres Molina,andres.molina.60@obelie.mx,3388301648,Tlaquepaque,frecuente,Sur
C-21FBF6D531,2026-09-11 18:15:23,Valeria Ortiz,valeria.ortiz.77@obelie.mx,3328052996,Tlaquepaque,nuevo,Sur
C-EE0309B800,2026-09-11 18:15:24,Daniela Pineda,daniela.pineda.52@obelie.mx,3350802517,Zapopan,evento,Centro
C-51BA8705FF,2026-09-11 18:15:25,Elena Vargas,elena.vargas.38@obelie.mx,3373756258,Tlaquepaque,nuevo,Sur
C-4810E7C1E8,2026-09-11 18:15:25,Jorge Castillo,jorge.castillo.28@obelie.mx,3348241331,Tlaquepaque,evento,Sur
C-FFDB6642B5,2026-09-11 18:15:26,Andres Molina,andres.molina.51@obelie.mx,3331984968,Guadalajara,mayoreo,Plaza Obelie
C-AE49FC0F9C,2026-09-11 18:15:27,Valeria Ortiz,valeria.ortiz.80@obelie.mx,3319477896,Tonalá,nuevo,Norte
C-71A66E1604,2026-09-11 18:15:28,Sofia Ramirez,sofia.ramirez.71@obelie.mx,3341181778,Tonalá,evento,Plaza Obelie
C-20A7CF1D95,2026-09-11 18:15:28,Ricardo Flores,ricardo.flores.13@obelie.mx,3313454511,Tonalá,mayoreo,Sur
C-811E289E5E,2026-09-11 18:15:29,Mateo Aguilar,mateo.aguilar.41@obelie.mx,3363432936,Tlajomulco,evento,Norte
C-072697BDA6,2026-09-11 18:15:29,Paola Nunez,paola.nunez.51@obelie.mx,3311476562,Zapopan,mayoreo,Plaza Obelie
C-FD1A3269A1,2026-09-11 18:15:30,Daniela Pineda,daniela.pineda.42@obelie.mx,3387824565,Tonalá,frecuente,Norte
C-DA4AC154B8,2026-09-11 18:15:30,Jorge Castillo,jorge.castillo.41@obelie.mx,3393305622,Guadalajara,mayoreo,Sur
C-C666A432B9,2026-09-11 18:15:31,Daniela Pineda,daniela.pineda.45@obelie.mx,3384104072,Tonalá,mayoreo,Centro
C-6C83930C34,2026-09-11 18:15:32,Sofia Ramirez,sofia.ramirez.47@obelie.mx,3390571778,Guadalajara,evento,Norte
C-66CA803E5E,2026-09-11 18:15:32,Elena Vargas,elena.vargas.85@obelie.mx,3345236266,Tlajomulco,mayoreo,Plaza Obelie
C-07521C3375,2026-09-11 18:15:33,Jorge Castillo,jorge.castillo.49@obelie.mx,3366752164,Tlaquepaque,nuevo,Centro
C-4ACFA37A5B,2026-09-11 18:15:33,Camila Herrera,camila.herrera.19@obelie.mx,3326452495,Tlajomulco,nuevo,Norte
C-4AF789ACB0,2026-09-11 18:15:34,Ricardo Flores,ricardo.flores.95@obelie.mx,3380009918,Zapopan,nuevo,Centro
C-0E9CD38F7E,2026-09-11 18:15:35,Camila Herrera,camila.herrera.28@obelie.mx,3346396205,Tlajomulco,mayoreo,Plaza Obelie
C-2FA35C8081,2026-09-11 18:15:36,Hugo Salazar,hugo.salazar.56@obelie.mx,3319843331,Tonalá,nuevo,Centro
C-D24D858BD7,2026-09-11 18:15:36,Ricardo Flores,ricardo.flores.46@obelie.mx,3399103876,Guadalajara,nuevo,Centro
C-05312E9CC5,2026-09-11 18:15:37,Hugo Salazar,hugo.salazar.62@obelie.mx,3370637514,Guadalajara,mayoreo,Norte
C-B62C296570,2026-09-11 18:15:37,Paola Nunez,paola.nunez.59@obelie.mx,3316471884,Tonalá,evento,Plaza Obelie
C-802BB1EDDD,2026-09-11 18:15:38,Jorge Castillo,jorge.castillo.90@obelie.mx,3360575058,Zapopan,frecuente,Centro
C-33FF5DF2E5,2026-09-11 18:15:39,Daniela Pineda,daniela.pineda.62@obelie.mx,3384785159,Tlaquepaque,frecuente,Norte
C-B6AD7FEF43,2026-09-11 18:15:39,Camila Herrera,camila.herrera.20@obelie.mx,3375413873,Tlajomulco,mayoreo,Sur
C-7D00B80081,2026-09-11 18:15:40,Hugo Salazar,hugo.salazar.91@obelie.mx,3316553185,Zapopan,evento,Centro
C-BDF420CCEC,2026-09-11 18:15:40,Mateo Aguilar,mateo.aguilar.97@obelie.mx,3385923729,Tlajomulco,mayoreo,Norte
C-3D421F4948,2026-09-11 18:15:41,Mateo Aguilar,mateo.aguilar.47@obelie.mx,3311264905,Zapopan,evento,Sur
C-58C33B8A8C,2026-09-11 18:15:42,Sofia Ramirez,sofia.ramirez.26@obelie.mx,3333401012,Tonalá,mayoreo,Norte
C-08FF74E046,2026-09-11 18:15:43,Paola Nunez,paola.nunez.13@obelie.mx,3393498029,Tlajomulco,mayoreo,Plaza Obelie
C-6C1B7DFE15,2026-09-11 18:15:43,Daniela Pineda,daniela.pineda.32@obelie.mx,3370274854,Tlajomulco,mayoreo,Centro
C-C6AE878E9B,2026-09-11 18:15:44,Sofia Ramirez,sofia.ramirez.36@obelie.mx,3378807001,Tlajomulco,nuevo,Centro
C-0EBBF46450,2026-09-11 18:15:44,Fernando Diaz,fernando.diaz.92@obelie.mx,3344479271,Zapopan,frecuente,Centro
C-1B3DE3EF0A,2026-09-11 18:15:45,Daniela Pineda,daniela.pineda.79@obelie.mx,3370858964,Tlaquepaque,mayoreo,Centro
C-00A1C4E323,2026-09-11 18:15:46,Daniela Pineda,daniela.pineda.63@obelie.mx,3318234263,Guadalajara,nuevo,Plaza Obelie
C-1FE0AD0E21,2026-09-11 18:15:46,Jorge Castillo,jorge.castillo.93@obelie.mx,3339814315,Tonalá,mayoreo,Plaza Obelie
C-4302E9380B,2026-09-11 18:15:47,Andres Molina,andres.molina.38@obelie.mx,3312554366,Tlajomulco,evento,Centro
C-AC4A82ABD3,2026-09-11 18:15:48,Paola Nunez,paola.nunez.92@obelie.mx,3343382191,Tonalá,nuevo,Norte
C-34C8D858CC,2026-09-11 18:15:48,Valeria Ortiz,valeria.ortiz.14@obelie.mx,3376971803,Guadalajara,nuevo,Norte
C-753D91905F,2026-09-11 18:15:49,Elena Vargas,elena.vargas.87@obelie.mx,3380011409,Guadalajara,nuevo,Centro
C-857B575597,2026-09-11 18:15:49,Daniela Pineda,daniela.pineda.23@obelie.mx,3364883512,Tlaquepaque,nuevo,Centro
C-C3B56C346D,2026-09-11 18:15:50,Paola Nunez,paola.nunez.14@obelie.mx,3372828835,Tonalá,evento,Norte
C-C2D30FE539,2026-09-11 18:15:51,Valeria Ortiz,valeria.ortiz.76@obelie.mx,3311743185,Tlajomulco,evento,Norte
C-CC6B40AE7A,2026-09-11 18:15:51,Andres Molina,andres.molina.28@obelie.mx,3325207527,Zapopan,nuevo,Norte
C-CFE78F14FB,2026-09-11 18:15:52,Sofia Ramirez,sofia.ramirez.78@obelie.mx,3364426003,Tlaquepaque,evento,Norte
C-6DA7145649,2026-09-11 18:15:53,Fernando Diaz,fernando.diaz.58@obelie.mx,3347175180,Tonalá,evento,Plaza Obelie
C-3F013BD556,2026-09-11 18:15:53,Elena Vargas,elena.vargas.28@obelie.mx,3353825394,Tlaquepaque,evento,Norte
C-2948701F3B,2026-09-11 18:15:54,Elena Vargas,elena.vargas.49@obelie.mx,3366719200,Zapopan,evento,Sur
C-1B874D8B37,2026-09-11 18:15:54,Mateo Aguilar,mateo.aguilar.15@obelie.mx,3336408928,Guadalajara,evento,Plaza Obelie
C-E47E14E758,2026-09-11 18:15:55,Ricardo Flores,ricardo.flores.15@obelie.mx,3337114539,Tlajomulco,nuevo,Norte
C-5A7E6A6352,2026-09-11 18:15:56,Daniela Pineda,daniela.pineda.80@obelie.mx,3311965645,Tlajomulco,evento,Centro
C-EA013B1BE3,2026-09-11 18:15:56,Daniela Pineda,daniela.pineda.73@obelie.mx,3376329950,Zapopan,frecuente,Norte
C-FF5C935112,2026-09-11 18:15:57,Andres Molina,andres.molina.13@obelie.mx,3390035559,Tlaquepaque,frecuente,Sur
C-19EBADE9C9,2026-09-11 18:15:58,Sofia Ramirez,sofia.ramirez.81@obelie.mx,3314411127,Tlajomulco,nuevo,Norte
C-39DE527E5A,2026-09-11 18:15:58,Sofia Ramirez,sofia.ramirez.12@obelie.mx,3366297924,Tonalá,frecuente,Plaza Obelie
C-ABA09C7189,2026-09-11 18:15:59,Valeria Ortiz,valeria.ortiz.62@obelie.mx,3369401120,Tonalá,mayoreo,Sur
C-CD01629EB7,2026-09-11 18:15:59,Daniela Pineda,daniela.pineda.57@obelie.mx,3341966285,Guadalajara,evento,Sur
C-569B40E51E,2026-09-11 18:16:00,Ricardo Flores,ricardo.flores.41@obelie.mx,3358276642,Guadalajara,frecuente,Norte
C-DBD16BCE07,2026-09-11 18:16:00,Paola Nunez,paola.nunez.12@obelie.mx,3385683821,Tlaquepaque,nuevo,Sur
C-66F0BCD196,2026-09-11 18:16:01,Fernando Diaz,fernando.diaz.48@obelie.mx,3359471320,Zapopan,nuevo,Centro
C-93FCBC8B6E,2026-09-11 18:16:01,Ricardo Flores,ricardo.flores.73@obelie.mx,3320807330,Zapopan,evento,Sur
C-37CEF32032,2026-09-11 18:16:02,Sofia Ramirez,sofia.ramirez.59@obelie.mx,3371649710,Guadalajara,evento,Sur
C-22CF3C46C5,2026-09-11 18:16:03,Jorge Castillo,jorge.castillo.23@obelie.mx,3351278064,Tonalá,frecuente,Sur
C-EE079BAB88,2026-09-11 18:16:03,Paola Nunez,paola.nunez.80@obelie.mx,3359821491,Tonalá,mayoreo,Plaza Obelie
C-36DE0F6EF2,2026-09-11 18:16:04,Valeria Ortiz,valeria.ortiz.12@obelie.mx,3395075011,Tlaquepaque,evento,Sur
C-082E0C3D6C,2026-09-11 18:16:05,Ricardo Flores,ricardo.flores.79@obelie.mx,3332387644,Guadalajara,mayoreo,Plaza Obelie
C-179602E3F6,2026-09-11 18:16:05,Fernando Diaz,fernando.diaz.40@obelie.mx,3384959661,Zapopan,mayoreo,Centro
C-DEA5A497D4,2026-09-11 18:16:06,Jorge Castillo,jorge.castillo.26@obelie.mx,3388522280,Zapopan,evento,Sur
C-FD986AF872,2026-09-11 18:16:07,Fernando Diaz,fernando.diaz.53@obelie.mx,3395887018,Tlaquepaque,nuevo,Sur
C-914E9EFB82,2026-09-11 18:16:07,Sofia Ramirez,sofia.ramirez.65@obelie.mx,3331666568,Tlaquepaque,evento,Sur
C-6C9B8BEAC8,2026-09-11 18:16:08,Paola Nunez,paola.nunez.86@obelie.mx,3389757082,Guadalajara,frecuente,Centro
C-77E24006A4,2026-09-11 18:16:08,Valeria Ortiz,valeria.ortiz.85@obelie.mx,3327054977,Guadalajara,frecuente,Sur
C-3A7FE07D09,2026-09-11 18:16:09,Mateo Aguilar,mateo.aguilar.14@obelie.mx,3332115398,Guadalajara,evento,Plaza Obelie
C-ED3C6269E4,2026-09-11 18:16:10,Sofia Ramirez,sofia.ramirez.55@obelie.mx,3398113810,Zapopan,nuevo,Plaza Obelie
C-DC96C94E9C,2026-09-11 18:16:10,Jorge Castillo,jorge.castillo.92@obelie.mx,3398137203,Tonalá,evento,Centro
C-ABE3449BD9,2026-09-11 18:16:11,Camila Herrera,camila.herrera.99@obelie.mx,3352983390,Tonalá,frecuente,Centro
C-4778D228D7,2026-09-11 18:16:11,Valeria Ortiz,valeria.ortiz.69@obelie.mx,3340771166,Tlajomulco,mayoreo,Centro
C-76F48B1FEF,2026-09-11 18:16:12,Fernando Diaz,fernando.diaz.55@obelie.mx,3365118326,Tlajomulco,frecuente,Norte
C-1FC1F5D331,2026-09-11 18:16:12,Valeria Ortiz,valeria.ortiz.35@obelie.mx,3338307654,Tonalá,frecuente,Centro
C-3D43990313,2026-09-11 18:16:13,Daniela Pineda,daniela.pineda.90@obelie.mx,3316159881,Tlaquepaque,mayoreo,Plaza Obelie
C-9E0D649F56,2026-09-11 18:16:14,Ricardo Flores,ricardo.flores.73@obelie.mx,3315321186,Guadalajara,frecuente,Sur
C-3627F14C10,2026-09-11 18:16:14,Fernando Diaz,fernando.diaz.37@obelie.mx,3390679949,Guadalajara,evento,Sur
C-CD2C812D79,2026-09-11 18:16:15,Andres Molina,andres.molina.43@obelie.mx,3380904419,Tlaquepaque,frecuente,Centro
C-C8779C2AB3,2026-09-11 18:16:16,Camila Herrera,camila.herrera.87@obelie.mx,3351599931,Tlajomulco,evento,Sur
C-8C3A464552,2026-09-11 18:16:16,Elena Vargas,elena.vargas.39@obelie.mx,3332296501,Guadalajara,nuevo,Norte
C-96ED0A9071,2026-09-11 18:16:17,Fernando Diaz,fernando.diaz.21@obelie.mx,3397747488,Tlajomulco,nuevo,Centro
C-79F3E55827,2026-09-11 18:16:18,Paola Nunez,paola.nunez.73@obelie.mx,3389873067,Tlaquepaque,nuevo,Centro
C-F8AAA3F5D6,2026-09-11 18:16:18,Jorge Castillo,jorge.castillo.42@obelie.mx,3366985191,Tlajomulco,nuevo,Centro
C-20F9967C25,2026-09-11 18:16:19,Fernando Diaz,fernando.diaz.99@obelie.mx,3342054732,Zapopan,nuevo,Norte
C-47EB089188,2026-09-11 18:16:19,Paola Nunez,paola.nunez.50@obelie.mx,3348245484,Zapopan,nuevo,Norte
C-4605D4360E,2026-09-11 18:16:20,Camila Herrera,camila.herrera.62@obelie.mx,3359575161,Guadalajara,mayoreo,Centro
C-3E26381677,2026-09-11 18:16:21,Hugo Salazar,hugo.salazar.10@obelie.mx,3340295103,Tlajomulco,mayoreo,Norte
C-D59D00E864,2026-09-11 18:16:22,Andres Molina,andres.molina.75@obelie.mx,3359301944,Zapopan,nuevo,Centro
C-749BF50BB3,2026-09-11 18:16:22,Hugo Salazar,hugo.salazar.14@obelie.mx,3344094387,Tlaquepaque,nuevo,Norte
C-5DF2D50793,2026-09-11 18:16:22,Mateo Aguilar,mateo.aguilar.62@obelie.mx,3371275551,Zapopan,evento,Norte
C-DD4DC3537A,2026-09-11 18:16:23,Ricardo Flores,ricardo.flores.23@obelie.mx,3368622378,Guadalajara,frecuente,Norte
C-39653A4358,2026-09-11 18:16:24,Fernando Diaz,fernando.diaz.49@obelie.mx,3361634773,Guadalajara,nuevo,Norte
C-EC59A134EB,2026-09-11 18:16:24,Camila Herrera,camila.herrera.13@obelie.mx,3324658301,Guadalajara,evento,Norte
C-D0A974CE2F,2026-09-11 18:16:25,Camila Herrera,camila.herrera.75@obelie.mx,3386162870,Tonalá,nuevo,Centro
C-B71780B4E5,2026-09-11 18:16:25,Ricardo Flores,ricardo.flores.28@obelie.mx,3382996784,Zapopan,nuevo,Plaza Obelie
C-A82E40D139,2026-09-11 18:16:26,Valeria Ortiz,valeria.ortiz.17@obelie.mx,3324467473,Tlaquepaque,frecuente,Norte
C-8CFA512904,2026-09-11 18:16:27,Valeria Ortiz,valeria.ortiz.21@obelie.mx,3388142612,Tlaquepaque,mayoreo,Centro
C-5C09C93087,2026-09-11 18:16:27,Daniela Pineda,daniela.pineda.54@obelie.mx,3319333289,Tlajomulco,mayoreo,Norte
C-1747794E6D,2026-09-11 18:16:28,Mateo Aguilar,mateo.aguilar.56@obelie.mx,3359874130,Tlajomulco,nuevo,Norte
C-32D1A982AB,2026-09-11 18:16:29,Camila Herrera,camila.herrera.64@obelie.mx,3376784761,Guadalajara,frecuente,Norte
C-5179E096A0,2026-09-11 18:16:29,Camila Herrera,camila.herrera.90@obelie.mx,3399528191,Tlaquepaque,nuevo,Centro
C-E0A67B0329,2026-09-11 18:16:30,Sofia Ramirez,sofia.ramirez.29@obelie.mx,3335067491,Guadalajara,evento,Centro
C-E1685E10A1,2026-09-11 18:16:31,Mateo Aguilar,mateo.aguilar.79@obelie.mx,3344301194,Tlaquepaque,frecuente,Sur
C-9A532AF4B5,2026-09-11 18:16:31,Paola Nunez,paola.nunez.36@obelie.mx,3361875228,Guadalajara,frecuente,Norte
C-01D5FDDA05,2026-09-11 18:16:32,Jorge Castillo,jorge.castillo.35@obelie.mx,3364572399,Tlajomulco,frecuente,Plaza Obelie
C-F74BE8D041,2026-09-11 18:16:33,Elena Vargas,elena.vargas.74@obelie.mx,3369098480,Guadalajara,frecuente,Plaza Obelie
C-0D1BD1F307,2026-09-11 18:16:33,Ricardo Flores,ricardo.flores.76@obelie.mx,3387053952,Tlaquepaque,frecuente,Plaza Obelie
C-9EE0FBDA42,2026-09-11 18:16:34,Jorge Castillo,jorge.castillo.95@obelie.mx,3386151802,Tonalá,frecuente,Sur
C-CDA79F034A,2026-09-11 18:16:35,Valeria Ortiz,valeria.ortiz.28@obelie.mx,3340456590,Guadalajara,frecuente,Centro
C-23949E86A0,2026-09-11 18:16:36,Valeria Ortiz,valeria.ortiz.95@obelie.mx,3382399956,Zapopan,evento,Norte
C-34D4F349AB,2026-09-11 18:16:36,Paola Nunez,paola.nunez.63@obelie.mx,3348126090,Guadalajara,nuevo,Sur
C-1F73DD36AC,2026-09-11 18:16:37,Paola Nunez,paola.nunez.56@obelie.mx,3375058884,Tlaquepaque,nuevo,Norte
C-A30A3EF235,2026-09-11 18:16:38,Sofia Ramirez,sofia.ramirez.43@obelie.mx,3379544556,Tlaquepaque,mayoreo,Centro
C-A4DB9B3EF4,2026-09-11 18:16:38,Jorge Castillo,jorge.castillo.47@obelie.mx,3349038950,Tlaquepaque,nuevo,Centro
C-730448995F,2026-09-11 18:16:39,Ricardo Flores,ricardo.flores.30@obelie.mx,3341253777,Guadalajara,frecuente,Centro
C-D1D1244FC4,2026-09-11 18:16:40,Valeria Ortiz,valeria.ortiz.14@obelie.mx,3310319123,Zapopan,mayoreo,Plaza Obelie
C-F5698777AC,2026-09-11 18:16:40,Ricardo Flores,ricardo.flores.85@obelie.mx,3384943059,Guadalajara,evento,Centro
C-C31BFFA5D7,2026-09-11 18:16:41,Camila Herrera,camila.herrera.14@obelie.mx,3363291877,Tonalá,nuevo,Norte
C-D7E205399E,2026-09-11 18:16:42,Ricardo Flores,ricardo.flores.50@obelie.mx,3377377120,Tlajomulco,mayoreo,Norte
C-8876FB148D,2026-09-11 18:16:42,Fernando Diaz,fernando.diaz.78@obelie.mx,3383949906,Zapopan,nuevo,Norte
C-0934576D9C,2026-09-11 18:16:43,Daniela Pineda,daniela.pineda.78@obelie.mx,3326502417,Tonalá,mayoreo,Plaza Obelie
C-28372B3583,2026-09-11 18:16:44,Camila Herrera,camila.herrera.50@obelie.mx,3330945388,Tlaquepaque,evento,Norte
C-C063BA64F6,2026-09-11 18:16:44,Hugo Salazar,hugo.salazar.43@obelie.mx,3343599818,Zapopan,mayoreo,Plaza Obelie
C-F582B01238,2026-09-11 18:16:45,Mateo Aguilar,mateo.aguilar.39@obelie.mx,3332347338,Zapopan,nuevo,Centro
C-E55B5D35BB,2026-09-11 18:16:45,Elena Vargas,elena.vargas.79@obelie.mx,3390437622,Guadalajara,frecuente,Sur
C-B3CC6BB9EF,2026-09-11 18:16:46,Camila Herrera,camila.herrera.96@obelie.mx,3332789839,Tlajomulco,mayoreo,Plaza Obelie
C-CB5A469FE4,2026-09-11 18:16:47,Daniela Pineda,daniela.pineda.68@obelie.mx,3312462287,Zapopan,mayoreo,Sur
C-68C0AE9FF5,2026-09-11 18:16:47,Hugo Salazar,hugo.salazar.41@obelie.mx,3379574072,Tlaquepaque,evento,Plaza Obelie
C-6E082C8F29,2026-09-11 18:16:48,Camila Herrera,camila.herrera.71@obelie.mx,3340012216,Tonalá,mayoreo,Centro
C-2A0ADF29CE,2026-09-11 18:16:48,Daniela Pineda,daniela.pineda.51@obelie.mx,3343511698,Tonalá,mayoreo,Norte
C-708C118872,2026-09-11 18:16:49,Elena Vargas,elena.vargas.51@obelie.mx,3345413003,Guadalajara,nuevo,Plaza Obelie
C-037AF1BCD8,2026-09-11 18:16:49,Hugo Salazar,hugo.salazar.27@obelie.mx,3374386878,Zapopan,mayoreo,Centro
C-A87BB892ED,2026-09-11 18:16:50,Sofia Ramirez,sofia.ramirez.37@obelie.mx,3322036800,Zapopan,mayoreo,Norte
C-FD0317A398,2026-09-11 18:16:51,Paola Nunez,paola.nunez.75@obelie.mx,3310958363,Tonalá,mayoreo,Norte
C-5AC12B5732,2026-09-11 18:16:51,Daniela Pineda,daniela.pineda.88@obelie.mx,3394076910,Guadalajara,nuevo,Centro
C-D374626D79,2026-09-11 18:16:52,Hugo Salazar,hugo.salazar.10@obelie.mx,3399522172,Guadalajara,frecuente,Sur
C-39F77988CE,2026-09-11 18:16:53,Mateo Aguilar,mateo.aguilar.67@obelie.mx,3379633050,Guadalajara,mayoreo,Norte
C-57A5DD6B6A,2026-09-11 18:16:54,Daniela Pineda,daniela.pineda.79@obelie.mx,3363383969,Guadalajara,frecuente,Centro
C-37D2A62A38,2026-09-11 18:16:55,Andres Molina,andres.molina.54@obelie.mx,3345763849,Tlaquepaque,nuevo,Centro
C-0A4683A1FE,2026-09-11 18:16:55,Paola Nunez,paola.nunez.93@obelie.mx,3391427349,Zapopan,nuevo,Norte
C-FF7E6C510B,2026-09-11 18:16:56,Fernando Diaz,fernando.diaz.24@obelie.mx,3391822755,Guadalajara,mayoreo,Plaza Obelie
C-36A68B26EE,2026-09-11 18:16:56,Fernando Diaz,fernando.diaz.44@obelie.mx,3371271044,Tonalá,frecuente,Centro
C-895F7952A5,2026-09-11 18:16:57,Andres Molina,andres.molina.58@obelie.mx,3310122315,Zapopan,mayoreo,Norte
C-AC8875323C,2026-09-11 18:16:58,Sofia Ramirez,sofia.ramirez.54@obelie.mx,3341844141,Tlaquepaque,frecuente,Plaza Obelie
C-C7F669EA66,2026-09-11 18:16:59,Hugo Salazar,hugo.salazar.68@obelie.mx,3359098358,Tlajomulco,evento,Norte
C-471CB5486A,2026-09-11 18:16:59,Valeria Ortiz,valeria.ortiz.94@obelie.mx,3324265804,Tlaquepaque,frecuente,Plaza Obelie
C-0BFB5CA5F8,2026-09-11 18:17:00,Camila Herrera,camila.herrera.68@obelie.mx,3393047249,Tonalá,frecuente,Norte
C-9A8A945152,2026-09-11 18:17:00,Valeria Ortiz,valeria.ortiz.15@obelie.mx,3346421620,Tlajomulco,nuevo,Norte
C-7097614962,2026-09-11 18:17:01,Sofia Ramirez,sofia.ramirez.51@obelie.mx,3347916591,Tonalá,nuevo,Plaza Obelie
C-D40026B4D4,2026-09-11 18:17:02,Paola Nunez,paola.nunez.79@obelie.mx,3318124656,Tonalá,frecuente,Plaza Obelie
C-77CE2B1058,2026-09-11 18:17:03,Ricardo Flores,ricardo.flores.76@obelie.mx,3396148806,Tonalá,frecuente,Sur
C-BFE8093BBD,2026-09-11 18:17:03,Jorge Castillo,jorge.castillo.54@obelie.mx,3357362649,Tlaquepaque,evento,Plaza Obelie
C-642AD80E91,2026-09-11 18:17:04,Mateo Aguilar,mateo.aguilar.21@obelie.mx,3399733480,Tlaquepaque,frecuente,Plaza Obelie
C-905CB3DC6C,2026-09-11 18:17:05,Camila Herrera,camila.herrera.82@obelie.mx,3399955278,Tonalá,evento,Plaza Obelie
C-38BB90ABD2,2026-09-11 18:17:05,Sofia Ramirez,sofia.ramirez.37@obelie.mx,3326824935,Guadalajara,mayoreo,Norte
C-4E86D2BECA,2026-09-11 18:17:06,Mateo Aguilar,mateo.aguilar.65@obelie.mx,3320097731,Zapopan,nuevo,Plaza Obelie
C-6DE4EA7B53,2026-09-11 18:17:07,Fernando Diaz,fernando.diaz.12@obelie.mx,3395296471,Tonalá,mayoreo,Sur
C-2CD45ABF4F,2026-09-11 18:17:07,Ricardo Flores,ricardo.flores.41@obelie.mx,3320446797,Tlajomulco,frecuente,Sur
C-CCDAA58A59,2026-09-11 18:17:08,Daniela Pineda,daniela.pineda.69@obelie.mx,3381188327,Tlaquepaque,nuevo,Norte
C-6D765B14A4,2026-09-11 18:17:08,Mateo Aguilar,mateo.aguilar.41@obelie.mx,3346873704,Tonalá,nuevo,Sur
C-9D8AD4F045,2026-09-11 18:17:09,Daniela Pineda,daniela.pineda.27@obelie.mx,3349559111,Tonalá,nuevo,Centro
C-9643DAEC08,2026-09-11 18:17:10,Hugo Salazar,hugo.salazar.27@obelie.mx,3324251823,Guadalajara,nuevo,Centro
C-7121F92071,2026-09-11 18:17:11,Mateo Aguilar,mateo.aguilar.96@obelie.mx,3388068486,Zapopan,nuevo,Norte
C-4F84406E63,2026-09-11 18:17:11,Elena Vargas,elena.vargas.35@obelie.mx,3381179334,Guadalajara,evento,Norte
C-EEA3150EB5,2026-09-11 18:17:12,Fernando Diaz,fernando.diaz.67@obelie.mx,3321484354,Guadalajara,mayoreo,Sur
C-A70D33E531,2026-09-11 18:17:13,Jorge Castillo,jorge.castillo.48@obelie.mx,3394459159,Tlajomulco,nuevo,Plaza Obelie
C-2B65E52E86,2026-09-11 18:17:13,Paola Nunez,paola.nunez.54@obelie.mx,3347674942,Zapopan,evento,Centro
C-F8D274F3F0,2026-09-11 18:17:14,Fernando Diaz,fernando.diaz.52@obelie.mx,3362402779,Tlaquepaque,evento,Plaza Obelie
C-6FED938B3B,2026-09-11 18:17:14,Jorge Castillo,jorge.castillo.95@obelie.mx,3319137597,Zapopan,frecuente,Centro
C-432364C993,2026-09-11 18:17:15,Hugo Salazar,hugo.salazar.50@obelie.mx,3387786651,Tlaquepaque,evento,Centro
C-0CD2D7AE21,2026-09-11 18:17:15,Fernando Diaz,fernando.diaz.51@obelie.mx,3347118703,Tlajomulco,frecuente,Norte
C-65838E496A,2026-09-11 18:17:16,Andres Molina,andres.molina.38@obelie.mx,3372171698,Guadalajara,nuevo,Plaza Obelie
C-67FE080057,2026-09-11 18:17:16,Daniela Pineda,daniela.pineda.25@obelie.mx,3310773387,Guadalajara,mayoreo,Norte
C-3EA6EBB2DF,2026-09-11 18:17:17,Hugo Salazar,hugo.salazar.44@obelie.mx,3398894094,Tlajomulco,mayoreo,Norte
C-F7CE8F3655,2026-09-11 18:17:18,Hugo Salazar,hugo.salazar.59@obelie.mx,3320802104,Tlaquepaque,frecuente,Plaza Obelie
C-C5938A492C,2026-09-11 18:17:19,Sofia Ramirez,sofia.ramirez.55@obelie.mx,3322729022,Tlaquepaque,frecuente,Centro
C-81E8EF5B9D,2026-09-11 18:17:19,Camila Herrera,camila.herrera.12@obelie.mx,3366995058,Tlaquepaque,evento,Sur
C-135F1BB097,2026-09-11 18:17:20,Hugo Salazar,hugo.salazar.95@obelie.mx,3326313518,Tonalá,evento,Plaza Obelie
C-1E2963996C,2026-09-11 18:17:21,Hugo Salazar,hugo.salazar.28@obelie.mx,3325542673,Tlaquepaque,nuevo,Plaza Obelie
C-CA3F023199,2026-09-11 18:17:21,Valeria Ortiz,valeria.ortiz.42@obelie.mx,3339451091,Tlajomulco,mayoreo,Sur
C-1D134A1F68,2026-09-11 18:17:22,Valeria Ortiz,valeria.ortiz.56@obelie.mx,3386124874,Tlajomulco,nuevo,Sur
C-4D8246C99F,2026-09-11 18:17:23,Valeria Ortiz,valeria.ortiz.67@obelie.mx,3398392755,Guadalajara,evento,Sur
C-EC3A5D84C9,2026-09-11 18:17:24,Andres Molina,andres.molina.85@obelie.mx,3342399473,Zapopan,frecuente,Norte
C-EB0D50458E,2026-09-11 18:17:24,Elena Vargas,elena.vargas.48@obelie.mx,3383775962,Guadalajara,frecuente,Sur
C-1A35498A1D,2026-09-11 18:17:25,Jorge Castillo,jorge.castillo.84@obelie.mx,3370214078,Guadalajara,frecuente,Centro
C-0A8FD9C475,2026-09-11 18:17:25,Mateo Aguilar,mateo.aguilar.19@obelie.mx,3312042227,Tonalá,frecuente,Centro
C-39AFCA134A,2026-09-11 18:17:26,Mateo Aguilar,mateo.aguilar.53@obelie.mx,3344089657,Tlaquepaque,mayoreo,Sur
C-438B5E9168,2026-09-11 18:17:27,Daniela Pineda,daniela.pineda.44@obelie.mx,3338149074,Guadalajara,nuevo,Norte
C-C40F82CB6E,2026-09-11 18:17:27,Camila Herrera,camila.herrera.70@obelie.mx,3388575076,Tlaquepaque,nuevo,Norte
C-EC78B28902,2026-09-11 18:17:28,Daniela Pineda,daniela.pineda.10@obelie.mx,3384507026,Tlaquepaque,nuevo,Sur
C-10C0DC8E10,2026-09-11 18:17:29,Daniela Pineda,daniela.pineda.42@obelie.mx,3396112563,Tonalá,mayoreo,Sur
C-9D51B1F59D,2026-09-11 18:17:30,Ricardo Flores,ricardo.flores.90@obelie.mx,3325179880,Tlaquepaque,mayoreo,Plaza Obelie
C-111E36BFD1,2026-09-11 18:17:30,Mateo Aguilar,mateo.aguilar.67@obelie.mx,3363735692,Tonalá,mayoreo,Sur
C-4B47A047FB,2026-09-11 18:17:31,Daniela Pineda,daniela.pineda.84@obelie.mx,3345452240,Guadalajara,nuevo,Norte
C-4EF3A163C3,2026-09-11 18:17:31,Jorge Castillo,jorge.castillo.61@obelie.mx,3340707677,Guadalajara,nuevo,Sur
C-61AD76CBCA,2026-09-11 18:17:32,Jorge Castillo,jorge.castillo.19@obelie.mx,3383318882,Zapopan,mayoreo,Centro
C-CFEECE5070,2026-09-11 18:17:33,Daniela Pineda,daniela.pineda.28@obelie.mx,3360301216,Tlaquepaque,nuevo,Centro
C-511979AD12,2026-09-11 18:17:33,Daniela Pineda,daniela.pineda.28@obelie.mx,3385784656,Tonalá,nuevo,Centro
C-1C73170F7E,2026-09-11 18:17:34,Hugo Salazar,hugo.salazar.61@obelie.mx,3347867285,Zapopan,mayoreo,Sur
C-C0430708B4,2026-09-11 18:17:35,Jorge Castillo,jorge.castillo.49@obelie.mx,3352373167,Tonalá,evento,Centro
C-508758FCF2,2026-09-11 18:17:36,Ricardo Flores,ricardo.flores.92@obelie.mx,3363905036,Guadalajara,mayoreo,Sur
C-49DB9D7A14,2026-09-11 18:17:36,Jorge Castillo,jorge.castillo.53@obelie.mx,3373368599,Zapopan,evento,Norte
C-34F5D08F02,2026-09-11 18:17:37,Ricardo Flores,ricardo.flores.55@obelie.mx,3357764202,Tlajomulco,evento,Norte
C-4ACA106A49,2026-09-11 18:17:37,Hugo Salazar,hugo.salazar.32@obelie.mx,3373387854,Guadalajara,nuevo,Plaza Obelie
C-B77F7370D7,2026-09-11 18:17:38,Sofia Ramirez,sofia.ramirez.26@obelie.mx,3325477637,Zapopan,nuevo,Centro
C-39E443A0DC,2026-09-11 18:17:39,Daniela Pineda,daniela.pineda.91@obelie.mx,3322071519,Tonalá,mayoreo,Centro
C-DC3628B5F6,2026-09-11 18:17:40,Mateo Aguilar,mateo.aguilar.40@obelie.mx,3396795805,Zapopan,evento,Centro
C-76987E4C8E,2026-09-11 18:17:40,Jorge Castillo,jorge.castillo.16@obelie.mx,3350228180,Tlajomulco,nuevo,Plaza Obelie
C-8550438EB3,2026-09-11 18:17:41,Fernando Diaz,fernando.diaz.68@obelie.mx,3385857277,Tlajomulco,evento,Norte
C-6243323E1B,2026-09-11 18:17:42,Jorge Castillo,jorge.castillo.26@obelie.mx,3394797637,Guadalajara,mayoreo,Norte
C-0156231A2F,2026-09-11 18:17:42,Mateo Aguilar,mateo.aguilar.52@obelie.mx,3392257723,Tlajomulco,mayoreo,Norte
C-070C644527,2026-09-11 18:17:43,Ricardo Flores,ricardo.flores.54@obelie.mx,3377789857,Zapopan,frecuente,Sur
C-684B635748,2026-09-11 18:17:44,Hugo Salazar,hugo.salazar.97@obelie.mx,3373532487,Tlajomulco,nuevo,Centro
C-817D4FA3DA,2026-09-11 18:17:45,Ricardo Flores,ricardo.flores.16@obelie.mx,3335068573,Guadalajara,evento,Sur
C-BDCAF8D149,2026-09-11 18:17:45,Fernando Diaz,fernando.diaz.55@obelie.mx,3398271954,Tlajomulco,frecuente,Centro
C-1466D8858E,2026-09-11 18:17:46,Daniela Pineda,daniela.pineda.30@obelie.mx,3341386159,Tlaquepaque,evento,Norte
C-27A1CEB7A7,2026-09-11 18:17:47,Jorge Castillo,jorge.castillo.66@obelie.mx,3326931350,Tlaquepaque,nuevo,Sur
C-C2E1786ED3,2026-09-11 18:17:47,Elena Vargas,elena.vargas.41@obelie.mx,3375855386,Tlaquepaque,nuevo,Norte
C-3F76F65FE1,2026-09-11 18:17:48,Elena Vargas,elena.vargas.20@obelie.mx,3326493718,Tlajomulco,mayoreo,Sur
C-D2452DD88C,2026-09-11 18:17:48,Mateo Aguilar,mateo.aguilar.54@obelie.mx,3340117883,Tlaquepaque,evento,Norte
C-BEFC6513F7,2026-09-11 18:17:49,Jorge Castillo,jorge.castillo.67@obelie.mx,3347847210,Tlajomulco,mayoreo,Plaza Obelie
C-4D6259B775,2026-09-11 18:17:50,Mateo Aguilar,mateo.aguilar.11@obelie.mx,3331142972,Tonalá,nuevo,Sur
C-D431CA48D1,2026-09-11 18:17:50,Fernando Diaz,fernando.diaz.65@obelie.mx,3399424423,Tlaquepaque,nuevo,Plaza Obelie
C-6AFA0D3C11,2026-09-11 18:17:51,Elena Vargas,elena.vargas.28@obelie.mx,3311825522,Tonalá,evento,Centro
C-21145613B1,2026-09-11 18:17:52,Mateo Aguilar,mateo.aguilar.46@obelie.mx,3344629022,Tlajomulco,mayoreo,Norte
C-F04C1DC69E,2026-09-11 18:17:53,Hugo Salazar,hugo.salazar.33@obelie.mx,3317139619,Guadalajara,mayoreo,Sur
C-3F4A4C935F,2026-09-11 18:17:53,Fernando Diaz,fernando.diaz.34@obelie.mx,3379873872,Tlaquepaque,evento,Norte
C-2D17F34962,2026-09-11 18:17:54,Fernando Diaz,fernando.diaz.61@obelie.mx,3326576006,Tlajomulco,nuevo,Plaza Obelie
C-85D3461E96,2026-09-11 18:17:54,Sofia Ramirez,sofia.ramirez.27@obelie.mx,3365619978,Tonalá,mayoreo,Plaza Obelie
C-53D8802675,2026-09-11 18:17:55,Jorge Castillo,jorge.castillo.99@obelie.mx,3335842692,Tlajomulco,mayoreo,Centro
C-F3AD46CD71,2026-09-11 18:17:56,Hugo Salazar,hugo.salazar.35@obelie.mx,3384806115,Zapopan,mayoreo,Plaza Obelie
C-45F470C516,2026-09-11 18:17:56,Valeria Ortiz,valeria.ortiz.82@obelie.mx,3332399998,Tlajomulco,nuevo,Sur
C-9642CA06F6,2026-09-11 18:17:57,Ricardo Flores,ricardo.flores.82@obelie.mx,3347965460,Tonalá,nuevo,Sur
C-A087D7F1FC,2026-09-11 18:17:58,Mateo Aguilar,mateo.aguilar.40@obelie.mx,3395445800,Tlajomulco,mayoreo,Centro
C-74B8B8B4E7,2026-09-11 18:17:58,Jorge Castillo,jorge.castillo.62@obelie.mx,3378591186,Tlaquepaque,mayoreo,Plaza Obelie
C-9EB3BC91B9,2026-09-11 18:17:59,Camila Herrera,camila.herrera.98@obelie.mx,3371097032,Guadalajara,mayoreo,Norte
C-678EDB7F86,2026-09-11 18:18:00,Valeria Ortiz,valeria.ortiz.84@obelie.mx,3350929149,Tlaquepaque,frecuente,Plaza Obelie
C-60F8EE737B,2026-09-11 18:18:01,Fernando Diaz,fernando.diaz.51@obelie.mx,3342869463,Zapopan,mayoreo,Sur
C-E91D399FF1,2026-09-11 18:18:02,Mateo Aguilar,mateo.aguilar.88@obelie.mx,3397126808,Zapopan,frecuente,Norte
C-F3F345E769,2026-09-11 18:18:02,Ricardo Flores,ricardo.flores.95@obelie.mx,3333188382,Zapopan,nuevo,Centro
C-C49172E358,2026-09-11 18:18:03,Paola Nunez,paola.nunez.40@obelie.mx,3341983427,Guadalajara,evento,Sur
C-808C29B555,2026-09-11 18:18:04,Valeria Ortiz,valeria.ortiz.24@obelie.mx,3380235496,Zapopan,evento,Centro
C-702CF33A92,2026-09-11 18:18:04,Mateo Aguilar,mateo.aguilar.93@obelie.mx,3385411376,Tonalá,evento,Sur
C-BABF15F7AD,2026-09-11 18:18:05,Daniela Pineda,daniela.pineda.81@obelie.mx,3342801970,Tlaquepaque,frecuente,Sur
C-0D8C646DF1,2026-09-11 18:18:06,Daniela Pineda,daniela.pineda.54@obelie.mx,3355111889,Guadalajara,mayoreo,Plaza Obelie
C-B1341D4C3D,2026-09-11 18:18:06,Andres Molina,andres.molina.20@obelie.mx,3387607487,Tonalá,evento,Centro
C-AEDB5EDCB3,2026-09-11 18:18:07,Fernando Diaz,fernando.diaz.76@obelie.mx,3347791905,Tlajomulco,frecuente,Centro
C-294D6ADBB3,2026-09-11 18:18:08,Mateo Aguilar,mateo.aguilar.63@obelie.mx,3320263285,Tlajomulco,evento,Sur
C-139039A934,2026-09-11 18:18:08,Camila Herrera,camila.herrera.70@obelie.mx,3311082802,Tlajomulco,nuevo,Sur
C-87E8BAD651,2026-09-11 18:18:09,Daniela Pineda,daniela.pineda.13@obelie.mx,3328721902,Tonalá,nuevo,Norte
C-80356BDCD9,2026-09-11 18:18:10,Camila Herrera,camila.herrera.99@obelie.mx,3342096057,Zapopan,mayoreo,Centro
C-E406CCE08E,2026-09-11 18:18:10,Sofia Ramirez,sofia.ramirez.25@obelie.mx,3361937808,Tlajomulco,evento,Sur
C-20D0B82779,2026-09-11 18:18:11,Jorge Castillo,jorge.castillo.30@obelie.mx,3392326065,Tlajomulco,frecuente,Plaza Obelie
C-1D318780D7,2026-09-11 18:18:11,Fernando Diaz,fernando.diaz.12@obelie.mx,3337586206,Tlajomulco,nuevo,Sur
C-861A545DF0,2026-09-11 18:18:12,Valeria Ortiz,valeria.ortiz.93@obelie.mx,3378242248,Tlaquepaque,frecuente,Norte
C-0BF990E6FA,2026-09-11 18:18:13,Paola Nunez,paola.nunez.23@obelie.mx,3340054400,Guadalajara,evento,Norte
C-374BFD47BC,2026-09-11 18:18:13,Camila Herrera,camila.herrera.50@obelie.mx,3349826084,Guadalajara,nuevo,Centro
C-4B6C3E24CB,2026-09-11 18:18:14,Sofia Ramirez,sofia.ramirez.58@obelie.mx,3359745658,Guadalajara,evento,Norte
C-EC179C20C4,2026-09-11 18:18:15,Hugo Salazar,hugo.salazar.65@obelie.mx,3367954438,Tonalá,mayoreo,Centro
C-3A72F6C8CB,2026-09-11 18:18:16,Daniela Pineda,daniela.pineda.58@obelie.mx,3385885445,Tlajomulco,frecuente,Sur
C-5DD9C028B9,2026-09-11 18:18:17,Valeria Ortiz,valeria.ortiz.64@obelie.mx,3365028826,Tonalá,nuevo,Centro
C-E659EC3F62,2026-09-11 18:18:17,Ricardo Flores,ricardo.flores.58@obelie.mx,3323043048,Guadalajara,mayoreo,Norte
C-D614BB5899,2026-09-11 18:18:18,Paola Nunez,paola.nunez.25@obelie.mx,3315462771,Tlajomulco,nuevo,Plaza Obelie
C-E650D737C0,2026-09-11 18:18:18,Daniela Pineda,daniela.pineda.67@obelie.mx,3370442660,Tonalá,nuevo,Plaza Obelie
C-5C5D75DC17,2026-09-11 18:18:19,Daniela Pineda,daniela.pineda.40@obelie.mx,3362178211,Tlajomulco,mayoreo,Centro
C-336DB9EABD,2026-09-11 18:18:20,Valeria Ortiz,valeria.ortiz.92@obelie.mx,3350256564,Tlaquepaque,nuevo,Norte
C-2B41FE11B7,2026-09-11 18:18:20,Valeria Ortiz,valeria.ortiz.67@obelie.mx,3369541915,Tonalá,mayoreo,Sur
C-86AA54CEA8,2026-09-11 18:18:21,Fernando Diaz,fernando.diaz.27@obelie.mx,3352424404,Tonalá,frecuente,Norte
C-B07789DEC0,2026-09-11 18:18:22,Elena Vargas,elena.vargas.73@obelie.mx,3374438197,Tonalá,nuevo,Sur
C-DC1C0B638F,2026-09-11 18:18:23,Elena Vargas,elena.vargas.54@obelie.mx,3335814794,Tlaquepaque,mayoreo,Sur
C-B24F5B3722,2026-09-11 18:18:23,Ricardo Flores,ricardo.flores.26@obelie.mx,3328365840,Tonalá,mayoreo,Plaza Obelie
C-2232A23AC6,2026-09-11 18:18:24,Camila Herrera,camila.herrera.52@obelie.mx,3328732703,Tlaquepaque,evento,Plaza Obelie
C-F4C2C09ACB,2026-09-11 18:18:25,Sofia Ramirez,sofia.ramirez.85@obelie.mx,3342744313,Zapopan,evento,Sur
C-E546C85EBF,2026-09-11 18:18:25,Valeria Ortiz,valeria.ortiz.99@obelie.mx,3392926631,Zapopan,evento,Centro
C-235571F474,2026-09-11 18:18:26,Fernando Diaz,fernando.diaz.29@obelie.mx,3322382497,Zapopan,mayoreo,Norte
C-AA3456FD91,2026-09-11 18:18:26,Elena Vargas,elena.vargas.74@obelie.mx,3395938436,Tlaquepaque,evento,Sur
C-1621CB3D29,2026-09-11 18:18:27,Camila Herrera,camila.herrera.94@obelie.mx,3369387697,Tonalá,frecuente,Plaza Obelie
C-913BA46ABE,2026-09-11 18:18:28,Fernando Diaz,fernando.diaz.92@obelie.mx,3312276884,Tlajomulco,mayoreo,Plaza Obelie
C-D54BF5B048,2026-09-11 18:18:29,Mateo Aguilar,mateo.aguilar.59@obelie.mx,3378572966,Guadalajara,evento,Sur
C-E26F8BE5A2,2026-09-11 18:18:29,Andres Molina,andres.molina.56@obelie.mx,3382409549,Tonalá,frecuente,Sur
C-8BE5A029E3,2026-09-11 18:18:29,Paola Nunez,paola.nunez.80@obelie.mx,3380942568,Guadalajara,frecuente,Plaza Obelie
C-A1FFDA02DF,2026-09-11 18:18:30,Ricardo Flores,ricardo.flores.11@obelie.mx,3347445944,Tlaquepaque,mayoreo,Centro
C-06A3ED2FC4,2026-09-11 18:18:31,Andres Molina,andres.molina.19@obelie.mx,3345243763,Tonalá,mayoreo,Norte
C-FF21811B95,2026-09-11 18:18:32,Valeria Ortiz,valeria.ortiz.72@obelie.mx,3398001534,Zapopan,nuevo,Plaza Obelie
C-0FBA34D7E6,2026-09-11 18:18:32,Valeria Ortiz,valeria.ortiz.87@obelie.mx,3354638117,Tlajomulco,frecuente,Norte
C-7291970700,2026-09-11 18:18:33,Daniela Pineda,daniela.pineda.52@obelie.mx,3356303734,Tlajomulco,nuevo,Centro
C-2CBCC41050,2026-09-11 18:18:34,Fernando Diaz,fernando.diaz.57@obelie.mx,3371343074,Tlaquepaque,evento,Plaza Obelie
C-15F4C63FE7,2026-09-11 18:18:34,Ricardo Flores,ricardo.flores.18@obelie.mx,3323819417,Guadalajara,frecuente,Sur
C-56C07CC895,2026-09-11 18:18:35,Sofia Ramirez,sofia.ramirez.35@obelie.mx,3385516160,Zapopan,mayoreo,Sur
C-819E9F2877,2026-09-11 18:18:36,Paola Nunez,paola.nunez.72@obelie.mx,3390947301,Tonalá,frecuente,Centro
C-E4FDEBCF72,2026-09-11 18:18:37,Daniela Pineda,daniela.pineda.65@obelie.mx,3324577012,Zapopan,evento,Centro
C-118714CC02,2026-09-11 18:18:37,Camila Herrera,camila.herrera.63@obelie.mx,3353559232,Tlajomulco,evento,Norte
C-8C9FA77A09,2026-09-11 18:18:38,Ricardo Flores,ricardo.flores.71@obelie.mx,3315603598,Tlajomulco,mayoreo,Plaza Obelie
C-34F264704D,2026-09-11 18:18:39,Fernando Diaz,fernando.diaz.19@obelie.mx,3360632016,Tlajomulco,mayoreo,Sur
C-39AF32DF03,2026-09-11 18:18:39,Jorge Castillo,jorge.castillo.54@obelie.mx,3374821125,Tonalá,frecuente,Sur
C-69571F445D,2026-09-11 18:18:40,Fernando Diaz,fernando.diaz.71@obelie.mx,3338061966,Zapopan,nuevo,Plaza Obelie
C-BE2D0A1CA5,2026-09-11 18:18:40,Mateo Aguilar,mateo.aguilar.56@obelie.mx,3343874035,Zapopan,mayoreo,Plaza Obelie
C-B223534C57,2026-09-11 18:18:41,Camila Herrera,camila.herrera.68@obelie.mx,3379126464,Tonalá,frecuente,Norte
C-2C421F974C,2026-09-11 18:18:42,Valeria Ortiz,valeria.ortiz.69@obelie.mx,3341142875,Tlaquepaque,evento,Centro
C-93000ED79F,2026-09-11 18:18:43,Paola Nunez,paola.nunez.20@obelie.mx,3382631379,Tlaquepaque,evento,Centro
C-50065DCFDB,2026-09-11 18:18:43,Andres Molina,andres.molina.53@obelie.mx,3319312670,Tlaquepaque,mayoreo,Sur
C-901F1C2BD5,2026-09-11 18:18:44,Daniela Pineda,daniela.pineda.46@obelie.mx,3361932648,Tlajomulco,nuevo,Plaza Obelie
C-5EB3068BF4,2026-09-11 18:18:45,Fernando Diaz,fernando.diaz.56@obelie.mx,3330418839,Zapopan,nuevo,Centro
C-21AFFF180C,2026-09-11 18:18:46,Hugo Salazar,hugo.salazar.22@obelie.mx,3312183679,Tonalá,nuevo,Centro
C-05A2F3C940,2026-09-11 18:18:46,Andres Molina,andres.molina.17@obelie.mx,3342889825,Tlaquepaque,frecuente,Norte
C-6FBC73B5B6,2026-09-11 18:18:47,Camila Herrera,camila.herrera.94@obelie.mx,3354438984,Tlaquepaque,evento,Sur
C-E0320923DD,2026-09-11 18:18:48,Jorge Castillo,jorge.castillo.60@obelie.mx,3331313738,Tlajomulco,nuevo,Centro
C-82F8814996,2026-09-11 18:18:49,Andres Molina,andres.molina.38@obelie.mx,3333764471,Tonalá,frecuente,Sur
C-D04937BB24,2026-09-11 18:18:49,Camila Herrera,camila.herrera.76@obelie.mx,3339492225,Tlaquepaque,frecuente,Sur
C-46540A761E,2026-09-11 18:18:50,Valeria Ortiz,valeria.ortiz.53@obelie.mx,3311284111,Tlaquepaque,frecuente,Norte
C-341B2ED85E,2026-09-11 18:18:51,Valeria Ortiz,valeria.ortiz.72@obelie.mx,3323162760,Guadalajara,mayoreo,Centro
C-12B8E280B6,2026-09-11 18:18:51,Elena Vargas,elena.vargas.32@obelie.mx,3398572958,Tonalá,mayoreo,Norte
C-400AC868E4,2026-09-11 18:18:52,Valeria Ortiz,valeria.ortiz.72@obelie.mx,3368288844,Tlajomulco,evento,Sur
C-DE71DE1D2B,2026-09-11 18:18:53,Elena Vargas,elena.vargas.62@obelie.mx,3317357520,Guadalajara,mayoreo,Norte
C-E26FA46655,2026-09-11 18:18:53,Mateo Aguilar,mateo.aguilar.70@obelie.mx,3320194418,Tlaquepaque,evento,Plaza Obelie
C-EE4A938FC3,2026-09-11 18:18:54,Sofia Ramirez,sofia.ramirez.63@obelie.mx,3389313312,Zapopan,mayoreo,Plaza Obelie
C-E63DB03794,2026-09-11 18:18:54,Elena Vargas,elena.vargas.14@obelie.mx,3355804060,Guadalajara,nuevo,Centro
C-642A02CD8E,2026-09-11 18:18:55,Elena Vargas,elena.vargas.19@obelie.mx,3350958577,Guadalajara,frecuente,Centro
C-510C5AFE77,2026-09-11 18:18:56,Ricardo Flores,ricardo.flores.64@obelie.mx,3352681552,Tlaquepaque,frecuente,Sur
C-47C9C4E956,2026-09-11 18:18:57,Hugo Salazar,hugo.salazar.48@obelie.mx,3390039407,Zapopan,evento,Centro
C-865CB3EAA2,2026-09-11 18:18:57,Ricardo Flores,ricardo.flores.92@obelie.mx,3356714441,Guadalajara,nuevo,Norte
C-BCDEB3A56B,2026-09-11 18:18:58,Sofia Ramirez,sofia.ramirez.25@obelie.mx,3351633137,Guadalajara,nuevo,Centro
C-24BD93E9BC,2026-09-11 18:18:58,Camila Herrera,camila.herrera.70@obelie.mx,3377691952,Guadalajara,evento,Centro
C-6915ED7B5C,2026-09-11 18:18:59,Mateo Aguilar,mateo.aguilar.70@obelie.mx,3385184427,Zapopan,mayoreo,Plaza Obelie
C-232E53109F,2026-09-11 18:19:00,Camila Herrera,camila.herrera.20@obelie.mx,3339447852,Guadalajara,nuevo,Plaza Obelie
C-0FB2BD41F7,2026-09-11 18:19:00,Jorge Castillo,jorge.castillo.54@obelie.mx,3350331160,Tonalá,evento,Plaza Obelie
C-02E93EAA64,2026-09-11 18:19:01,Andres Molina,andres.molina.13@obelie.mx,3335455167,Guadalajara,mayoreo,Sur
C-B1601954C3,2026-09-11 18:19:02,Paola Nunez,paola.nunez.92@obelie.mx,3348879868,Guadalajara,frecuente,Norte
C-937A7639B9,2026-09-11 18:19:02,Camila Herrera,camila.herrera.68@obelie.mx,3327036388,Tonalá,evento,Sur
C-1A1C31DDEE,2026-09-11 18:19:03,Paola Nunez,paola.nunez.52@obelie.mx,3346789161,Guadalajara,evento,Sur
C-20618BC745,2026-09-11 18:19:04,Andres Molina,andres.molina.29@obelie.mx,3397224059,Zapopan,mayoreo,Centro
C-7E181ED58A,2026-09-11 18:19:04,Paola Nunez,paola.nunez.41@obelie.mx,3365455466,Guadalajara,frecuente,Sur
C-900EDB9EA3,2026-09-11 18:19:04,Valeria Ortiz,valeria.ortiz.41@obelie.mx,3342007875,Tonalá,mayoreo,Norte
C-6E07BD9718,2026-09-11 18:19:05,Fernando Diaz,fernando.diaz.48@obelie.mx,3331811556,Tlaquepaque,mayoreo,Plaza Obelie
C-99E5FBB3B2,2026-09-11 18:19:06,Hugo Salazar,hugo.salazar.33@obelie.mx,3339644754,Zapopan,mayoreo,Centro
C-DA61A7B96E,2026-09-11 18:19:06,Andres Molina,andres.molina.28@obelie.mx,3383396804,Guadalajara,evento,Centro
C-B55131018C,2026-09-11 18:19:07,Andres Molina,andres.molina.99@obelie.mx,3314178106,Tlajomulco,frecuente,Sur
C-E6287E7728,2026-09-11 18:19:07,Jorge Castillo,jorge.castillo.16@obelie.mx,3330798491,Zapopan,mayoreo,Norte
C-C15259EAE0,2026-09-11 18:19:08,Paola Nunez,paola.nunez.93@obelie.mx,3331579765,Tlajomulco,nuevo,Sur
C-2D6DE9E0DF,2026-09-11 18:19:09,Hugo Salazar,hugo.salazar.82@obelie.mx,3319936452,Tonalá,evento,Sur
C-59CF34413E,2026-09-11 18:19:10,Mateo Aguilar,mateo.aguilar.46@obelie.mx,3310995185,Tlaquepaque,nuevo,Sur
C-B8171F397E,2026-09-11 18:19:10,Mateo Aguilar,mateo.aguilar.36@obelie.mx,3355443767,Zapopan,mayoreo,Sur
C-C338D4F295,2026-09-11 18:19:11,Daniela Pineda,daniela.pineda.25@obelie.mx,3320662152,Tlaquepaque,evento,Plaza Obelie
C-DF2353DDF6,2026-09-11 18:19:12,Mateo Aguilar,mateo.aguilar.47@obelie.mx,3392973804,Tonalá,nuevo,Centro
C-5EC79F6624,2026-09-11 18:19:13,Fernando Diaz,fernando.diaz.25@obelie.mx,3391892801,Guadalajara,frecuente,Plaza Obelie
C-2E7D68F1E7,2026-09-11 18:19:13,Elena Vargas,elena.vargas.65@obelie.mx,3318298868,Tlajomulco,mayoreo,Plaza Obelie
C-136D6E79A3,2026-09-11 18:19:14,Elena Vargas,elena.vargas.63@obelie.mx,3385326210,Guadalajara,mayoreo,Centro
C-794B67818C,2026-09-11 18:19:15,Camila Herrera,camila.herrera.39@obelie.mx,3370592294,Tlajomulco,evento,Sur
C-89986F539B,2026-09-11 18:19:16,Paola Nunez,paola.nunez.57@obelie.mx,3331429530,Guadalajara,mayoreo,Centro
C-A957EF100E,2026-09-11 18:19:16,Hugo Salazar,hugo.salazar.68@obelie.mx,3317877226,Tlaquepaque,evento,Norte
C-9D670F9FEF,2026-09-11 18:19:17,Ricardo Flores,ricardo.flores.25@obelie.mx,3382585150,Guadalajara,evento,Plaza Obelie
C-55ADD18CC6,2026-09-11 18:19:18,Andres Molina,andres.molina.38@obelie.mx,3331326269,Tlajomulco,evento,Centro
C-359D8A7613,2026-09-11 18:19:19,Paola Nunez,paola.nunez.94@obelie.mx,3368315209,Tlajomulco,mayoreo,Sur
C-9D27B5F930,2026-09-11 18:19:19,Ricardo Flores,ricardo.flores.35@obelie.mx,3331258547,Zapopan,frecuente,Norte
C-80C34BC4DD,2026-09-11 18:19:20,Camila Herrera,camila.herrera.60@obelie.mx,3338938083,Tlaquepaque,frecuente,Sur
C-290CB8E1EC,2026-09-11 18:19:21,Sofia Ramirez,sofia.ramirez.76@obelie.mx,3339987739,Guadalajara,frecuente,Centro
C-5636A9F772,2026-09-11 18:19:21,Hugo Salazar,hugo.salazar.45@obelie.mx,3383939213,Zapopan,frecuente,Sur
C-3B3EBB6FD3,2026-09-11 18:19:22,Fernando Diaz,fernando.diaz.62@obelie.mx,3376168468,Tonalá,nuevo,Sur
C-6478908E85,2026-09-11 18:19:22,Jorge Castillo,jorge.castillo.42@obelie.mx,3389115332,Tlajomulco,mayoreo,Sur
C-9DCABC69A4,2026-09-11 18:19:23,Elena Vargas,elena.vargas.15@obelie.mx,3349333651,Guadalajara,mayoreo,Centro
C-A916EEB2FC,2026-09-11 18:19:23,Camila Herrera,camila.herrera.25@obelie.mx,3343455815,Tonalá,evento,Plaza Obelie
C-3640C07CCA,2026-09-11 18:19:24,Daniela Pineda,daniela.pineda.90@obelie.mx,3395373941,Zapopan,evento,Plaza Obelie
C-7BCE1C616E,2026-09-11 18:19:25,Elena Vargas,elena.vargas.86@obelie.mx,3349924520,Guadalajara,mayoreo,Norte
C-A9E0F50B06,2026-09-11 18:19:25,Valeria Ortiz,valeria.ortiz.63@obelie.mx,3389279082,Tonalá,mayoreo,Plaza Obelie
C-BF12C2A257,2026-09-11 18:19:26,Paola Nunez,paola.nunez.61@obelie.mx,3345032722,Tlajomulco,mayoreo,Norte
C-9E4AC073D8,2026-09-11 18:19:27,Andres Molina,andres.molina.18@obelie.mx,3379026075,Tlajomulco,mayoreo,Plaza Obelie
C-3EEFC5CF4E,2026-09-11 18:19:27,Camila Herrera,camila.herrera.90@obelie.mx,3386009812,Guadalajara,mayoreo,Plaza Obelie
C-0EC4493D79,2026-09-11 18:19:28,Camila Herrera,camila.herrera.98@obelie.mx,3317124458,Tlajomulco,frecuente,Centro
C-3A76B54B33,2026-09-11 18:19:29,Elena Vargas,elena.vargas.48@obelie.mx,3325824041,Tonalá,nuevo,Sur
C-CC47E98D7F,2026-09-11 18:19:30,Jorge Castillo,jorge.castillo.67@obelie.mx,3377526222,Tlaquepaque,nuevo,Sur
C-F2B5ADB554,2026-09-11 18:19:30,Elena Vargas,elena.vargas.18@obelie.mx,3357285108,Tonalá,mayoreo,Norte
C-E2F6F2CFCC,2026-09-11 18:19:31,Hugo Salazar,hugo.salazar.87@obelie.mx,3352928088,Tonalá,mayoreo,Plaza Obelie
C-E1B706E1BD,2026-09-11 18:19:31,Elena Vargas,elena.vargas.97@obelie.mx,3384842084,Tonalá,frecuente,Plaza Obelie
C-6D9A6CF73A,2026-09-11 18:19:32,Jorge Castillo,jorge.castillo.86@obelie.mx,3383143838,Tonalá,mayoreo,Centro
C-894389D871,2026-09-11 18:19:33,Andres Molina,andres.molina.79@obelie.mx,3339946027,Tlajomulco,nuevo,Plaza Obelie
C-7781253B32,2026-09-11 18:19:34,Paola Nunez,paola.nunez.27@obelie.mx,3375812881,Guadalajara,frecuente,Sur
C-BF25EB7AD2,2026-09-11 18:19:34,Valeria Ortiz,valeria.ortiz.45@obelie.mx,3340368812,Guadalajara,nuevo,Centro
C-BC68DD7340,2026-09-11 18:19:35,Andres Molina,andres.molina.71@obelie.mx,3355455314,Tlaquepaque,nuevo,Sur
C-C7C478FB63,2026-09-11 18:19:36,Daniela Pineda,daniela.pineda.64@obelie.mx,3345362790,Tlajomulco,evento,Plaza Obelie
C-38DF89B269,2026-09-11 18:19:36,Valeria Ortiz,valeria.ortiz.23@obelie.mx,3311073086,Tonalá,mayoreo,Plaza Obelie
C-6C8EE4B8E1,2026-09-11 18:19:37,Valeria Ortiz,valeria.ortiz.30@obelie.mx,3383697666,Zapopan,mayoreo,Sur
C-FEEF7152BE,2026-09-11 18:19:38,Valeria Ortiz,valeria.ortiz.41@obelie.mx,3321045179,Tlajomulco,mayoreo,Sur
C-1962FCDC7C,2026-09-11 18:19:39,Sofia Ramirez,sofia.ramirez.64@obelie.mx,3389808971,Guadalajara,evento,Sur
C-15A36D3A60,2026-09-11 18:19:39,Valeria Ortiz,valeria.ortiz.14@obelie.mx,3389354121,Zapopan,frecuente,Centro
C-FF696E8A79,2026-09-11 18:19:40,Camila Herrera,camila.herrera.45@obelie.mx,3354891163,Zapopan,frecuente,Sur
C-B9E48D9B9A,2026-09-11 18:19:41,Paola Nunez,paola.nunez.20@obelie.mx,3392147010,Tlajomulco,frecuente,Centro
C-1C4FF1EF50,2026-09-11 18:19:41,Mateo Aguilar,mateo.aguilar.90@obelie.mx,3348056155,Zapopan,frecuente,Sur
C-4C3572040A,2026-09-11 18:19:42,Jorge Castillo,jorge.castillo.86@obelie.mx,3386797232,Tlajomulco,nuevo,Plaza Obelie
C-4CF93C4CBF,2026-09-11 18:19:42,Jorge Castillo,jorge.castillo.43@obelie.mx,3379709333,Tlaquepaque,evento,Norte
C-61FF09155B,2026-09-11 18:19:43,Camila Herrera,camila.herrera.35@obelie.mx,3360677730,Zapopan,mayoreo,Plaza Obelie
C-1BE1CDDC36,2026-09-11 18:19:44,Jorge Castillo,jorge.castillo.22@obelie.mx,3320935127,Guadalajara,frecuente,Centro
C-2F1ADC72B1,2026-09-11 18:19:44,Valeria Ortiz,valeria.ortiz.35@obelie.mx,3385673084,Tlaquepaque,nuevo,Centro
C-85D8C4115C,2026-09-11 18:19:45,Mateo Aguilar,mateo.aguilar.25@obelie.mx,3336914669,Tlajomulco,mayoreo,Sur
C-2B0A1E15A2,2026-09-11 18:19:45,Paola Nunez,paola.nunez.13@obelie.mx,3362024414,Tlajomulco,mayoreo,Sur
C-FCE5194F9C,2026-09-11 18:19:46,Daniela Pineda,daniela.pineda.70@obelie.mx,3358979507,Zapopan,evento,Plaza Obelie
C-4713D6246F,2026-09-11 18:19:47,Fernando Diaz,fernando.diaz.33@obelie.mx,3317005000,Guadalajara,nuevo,Sur
C-4D4CD078B1,2026-09-11 18:19:47,Ricardo Flores,ricardo.flores.93@obelie.mx,3364498794,Zapopan,frecuente,Norte
C-23B95E99DA,2026-09-11 18:19:48,Ricardo Flores,ricardo.flores.92@obelie.mx,3318913216,Zapopan,nuevo,Sur
C-30667A65A8,2026-09-11 18:19:48,Valeria Ortiz,valeria.ortiz.26@obelie.mx,3334913472,Zapopan,evento,Sur
C-12EF395419,2026-09-11 18:19:49,Andres Molina,andres.molina.57@obelie.mx,3343762518,Tlaquepaque,mayoreo,Sur
C-FB0E279746,2026-09-11 18:19:50,Paola Nunez,paola.nunez.93@obelie.mx,3365805370,Tlajomulco,evento,Centro
C-B5397F6669,2026-09-11 18:19:50,Ricardo Flores,ricardo.flores.16@obelie.mx,3363246417,Tlajomulco,nuevo,Plaza Obelie
C-C38C76BE56,2026-09-11 18:19:51,Jorge Castillo,jorge.castillo.48@obelie.mx,3359958579,Tlajomulco,evento,Plaza Obelie
C-D93CB391E0,2026-09-11 18:19:52,Valeria Ortiz,valeria.ortiz.85@obelie.mx,3339743953,Tonalá,frecuente,Centro
C-C79C98D1B8,2026-09-11 18:19:52,Daniela Pineda,daniela.pineda.53@obelie.mx,3396627912,Tonalá,nuevo,Sur
C-E2E5674972,2026-09-11 18:19:53,Camila Herrera,camila.herrera.67@obelie.mx,3397893803,Tlajomulco,evento,Centro
C-80D3F45EBE,2026-09-11 18:19:53,Paola Nunez,paola.nunez.87@obelie.mx,3363812028,Zapopan,mayoreo,Sur
C-CFD5744993,2026-09-11 18:19:54,Daniela Pineda,daniela.pineda.14@obelie.mx,3330624685,Tonalá,evento,Centro
C-D266FEC92A,2026-09-11 18:19:54,Fernando Diaz,fernando.diaz.90@obelie.mx,3317355323,Tlajomulco,evento,Plaza Obelie
C-D018BA3B66,2026-09-11 18:19:55,Sofia Ramirez,sofia.ramirez.49@obelie.mx,3343036657,Tlaquepaque,evento,Plaza Obelie
C-3848AEC0F3,2026-09-11 18:19:56,Paola Nunez,paola.nunez.30@obelie.mx,3391122390,Tlaquepaque,evento,Sur
C-EA36A958F3,2026-09-11 18:19:57,Paola Nunez,paola.nunez.95@obelie.mx,3356652040,Tonalá,frecuente,Centro
C-72EAE15C1C,2026-09-11 18:19:57,Paola Nunez,paola.nunez.34@obelie.mx,3329386232,Tlajomulco,evento,Centro
C-CDD2DFB7F2,2026-09-11 18:19:58,Mateo Aguilar,mateo.aguilar.68@obelie.mx,3390826028,Tlaquepaque,nuevo,Sur
C-9AA423BDD5,2026-09-11 18:19:58,Fernando Diaz,fernando.diaz.53@obelie.mx,3397985286,Tlaquepaque,evento,Norte
C-BB2F096B50,2026-09-11 18:19:59,Andres Molina,andres.molina.93@obelie.mx,3374056994,Tonalá,frecuente,Plaza Obelie
C-533B1A8253,2026-09-11 18:20:00,Paola Nunez,paola.nunez.33@obelie.mx,3349707440,Tlajomulco,evento,Centro
C-DC69A3D04B,2026-09-11 18:20:00,Camila Herrera,camila.herrera.76@obelie.mx,3320813114,Tonalá,nuevo,Sur
C-66FAE39EFE,2026-09-11 18:20:01,Hugo Salazar,hugo.salazar.60@obelie.mx,3364339216,Guadalajara,frecuente,Norte
C-3C840D9C6C,2026-09-11 18:20:01,Hugo Salazar,hugo.salazar.97@obelie.mx,3363016284,Guadalajara,evento,Plaza Obelie
C-8C05B8C4F0,2026-09-11 18:20:02,Hugo Salazar,hugo.salazar.31@obelie.mx,3399256830,Tonalá,evento,Norte
C-3FA62A9E54,2026-09-11 18:20:03,Ricardo Flores,ricardo.flores.90@obelie.mx,3344695828,Tlajomulco,mayoreo,Norte
C-A55D872AB2,2026-09-11 18:20:04,Andres Molina,andres.molina.65@obelie.mx,3332817715,Tlajomulco,evento,Sur
C-7C7C7B652A,2026-09-11 18:20:04,Valeria Ortiz,valeria.ortiz.57@obelie.mx,3364072939,Tonalá,frecuente,Sur
C-695774C625,2026-09-11 18:20:05,Andres Molina,andres.molina.93@obelie.mx,3362124702,Tonalá,frecuente,Norte
C-58AEAEC6DA,2026-09-11 18:20:05,Hugo Salazar,hugo.salazar.97@obelie.mx,3360065489,Guadalajara,mayoreo,Plaza Obelie
C-456241D807,2026-09-11 18:20:06,Daniela Pineda,daniela.pineda.99@obelie.mx,3340826268,Zapopan,frecuente,Centro
C-CBC409B7BE,2026-09-11 18:20:07,Camila Herrera,camila.herrera.94@obelie.mx,3336893349,Tlaquepaque,evento,Centro
C-67BC6A36B4,2026-09-11 18:20:08,Valeria Ortiz,valeria.ortiz.13@obelie.mx,3324042230,Tlaquepaque,evento,Plaza Obelie
C-1903573F70,2026-09-11 18:20:08,Elena Vargas,elena.vargas.20@obelie.mx,3394113532,Tlaquepaque,evento,Sur
C-BD1E259B31,2026-09-11 18:20:09,Ricardo Flores,ricardo.flores.57@obelie.mx,3322595643,Tlajomulco,mayoreo,Plaza Obelie
C-00063CD623,2026-09-11 18:20:10,Andres Molina,andres.molina.44@obelie.mx,3360577149,Zapopan,frecuente,Centro
C-179D305E29,2026-09-11 18:20:10,Mateo Aguilar,mateo.aguilar.98@obelie.mx,3338784482,Guadalajara,evento,Plaza Obelie
C-53ADA21B0C,2026-09-11 18:20:11,Daniela Pineda,daniela.pineda.64@obelie.mx,3332065972,Zapopan,mayoreo,Plaza Obelie
C-60C11DDAD7,2026-09-11 18:20:11,Jorge Castillo,jorge.castillo.73@obelie.mx,3394614181,Tlajomulco,mayoreo,Centro
C-6E25E59A2A,2026-09-11 18:20:12,Mateo Aguilar,mateo.aguilar.14@obelie.mx,3321952879,Tonalá,mayoreo,Plaza Obelie
C-2EA4E443D8,2026-09-11 18:20:12,Sofia Ramirez,sofia.ramirez.50@obelie.mx,3398961947,Tonalá,nuevo,Sur
C-88BEDC8FA6,2026-09-11 18:20:13,Camila Herrera,camila.herrera.20@obelie.mx,3376461976,Zapopan,nuevo,Sur
C-C2E5A958EB,2026-09-11 18:20:14,Daniela Pineda,daniela.pineda.59@obelie.mx,3340492375,Tlaquepaque,nuevo,Sur
C-423F7967F2,2026-09-11 18:20:14,Hugo Salazar,hugo.salazar.27@obelie.mx,3328419679,Tonalá,nuevo,Sur
C-0ED138D283,2026-09-11 18:20:15,Hugo Salazar,hugo.salazar.12@obelie.mx,3373182623,Tlaquepaque,frecuente,Sur
C-57730D13D6,2026-09-11 18:20:15,Ricardo Flores,ricardo.flores.42@obelie.mx,3392776884,Tlajomulco,nuevo,Centro
C-AD242A98BD,2026-09-11 18:20:16,Daniela Pineda,daniela.pineda.37@obelie.mx,3310243379,Tlaquepaque,nuevo,Centro
C-7C466A32F9,2026-09-11 18:20:16,Camila Herrera,camila.herrera.65@obelie.mx,3316196371,Tonalá,evento,Sur
C-B3C12CCF75,2026-09-11 18:20:17,Jorge Castillo,jorge.castillo.75@obelie.mx,3365643674,Tlajomulco,evento,Centro
C-76DE6F032A,2026-09-11 18:20:18,Mateo Aguilar,mateo.aguilar.75@obelie.mx,3339116370,Zapopan,evento,Centro
C-CAEE358196,2026-09-11 18:20:18,Jorge Castillo,jorge.castillo.33@obelie.mx,3311382788,Zapopan,nuevo,Centro
C-C2CB4DD65E,2026-09-11 18:20:19,Jorge Castillo,jorge.castillo.84@obelie.mx,3343631519,Tlajomulco,frecuente,Norte
C-FC1C5EFD1C,2026-09-11 18:20:20,Andres Molina,andres.molina.68@obelie.mx,3372263929,Zapopan,evento,Plaza Obelie
C-5E78BB7C7C,2026-09-11 18:20:20,Sofia Ramirez,sofia.ramirez.66@obelie.mx,3316816851,Tonalá,nuevo,Sur
C-576BD2747F,2026-09-11 18:20:21,Valeria Ortiz,valeria.ortiz.14@obelie.mx,3376103691,Tonalá,evento,Plaza Obelie
C-6B5B1F9854,2026-09-11 18:20:22,Valeria Ortiz,valeria.ortiz.82@obelie.mx,3318861433,Tonalá,nuevo,Centro
C-8F59D7AEF9,2026-09-11 18:20:22,Mateo Aguilar,mateo.aguilar.90@obelie.mx,3338051348,Tonalá,nuevo,Centro
C-8769C41CEB,2026-09-11 18:20:23,Jorge Castillo,jorge.castillo.12@obelie.mx,3394036658,Tlajomulco,evento,Plaza Obelie
C-89E5559E1D,2026-09-11 18:20:23,Hugo Salazar,hugo.salazar.85@obelie.mx,3372364083,Zapopan,mayoreo,Norte
C-A69DA50165,2026-09-11 18:20:24,Mateo Aguilar,mateo.aguilar.36@obelie.mx,3394904934,Zapopan,frecuente,Centro
C-3DBCEACE65,2026-09-11 18:20:25,Valeria Ortiz,valeria.ortiz.64@obelie.mx,3316801628,Tlajomulco,frecuente,Centro
C-A5F514FBB0,2026-09-11 18:20:25,Ricardo Flores,ricardo.flores.76@obelie.mx,3379197179,Zapopan,nuevo,Sur
C-52FF8B9032,2026-09-11 18:20:26,Mateo Aguilar,mateo.aguilar.44@obelie.mx,3314035611,Zapopan,evento,Centro
C-D455E27AD3,2026-09-11 18:20:27,Andres Molina,andres.molina.47@obelie.mx,3321648064,Zapopan,nuevo,Norte
C-8F2EC82008,2026-09-11 18:20:28,Daniela Pineda,daniela.pineda.98@obelie.mx,3343259198,Tlajomulco,mayoreo,Norte
C-5BE953ABD0,2026-09-11 18:20:28,Hugo Salazar,hugo.salazar.46@obelie.mx,3360917841,Zapopan,evento,Plaza Obelie
C-C245B7405E,2026-09-11 18:20:29,Paola Nunez,paola.nunez.87@obelie.mx,3352936233,Tonalá,mayoreo,Centro
C-2E5B7C4437,2026-09-11 18:20:29,Paola Nunez,paola.nunez.38@obelie.mx,3379784142,Tlaquepaque,mayoreo,Sur
C-2FCA920DEB,2026-09-11 18:20:30,Jorge Castillo,jorge.castillo.71@obelie.mx,3379561247,Tlaquepaque,evento,Sur
C-951E3FD495,2026-09-11 18:20:30,Daniela Pineda,daniela.pineda.91@obelie.mx,3377523156,Tlaquepaque,evento,Norte
C-1EC647B7A7,2026-09-11 18:20:31,Paola Nunez,paola.nunez.73@obelie.mx,3340884312,Tlajomulco,nuevo,Norte
C-52054708A2,2026-09-11 18:20:32,Mateo Aguilar,mateo.aguilar.20@obelie.mx,3320038111,Zapopan,mayoreo,Centro
C-9088928D37,2026-09-11 18:20:32,Sofia Ramirez,sofia.ramirez.40@obelie.mx,3334008838,Tlaquepaque,nuevo,Plaza Obelie
C-83D93CFF91,2026-09-11 18:20:33,Fernando Diaz,fernando.diaz.46@obelie.mx,3362538045,Tlajomulco,frecuente,Centro
C-31E927F1FE,2026-09-11 18:20:34,Elena Vargas,elena.vargas.73@obelie.mx,3354061658,Tlaquepaque,frecuente,Sur
C-D3C4E5B6F6,2026-09-11 18:20:34,Fernando Diaz,fernando.diaz.73@obelie.mx,3346114910,Guadalajara,frecuente,Centro
C-732BB3EAC5,2026-09-11 18:20:35,Jorge Castillo,jorge.castillo.21@obelie.mx,3316176018,Tlaquepaque,evento,Centro
C-80698D6353,2026-09-11 18:20:36,Camila Herrera,camila.herrera.47@obelie.mx,3379558815,Tonalá,evento,Sur
C-4880BB83F9,2026-09-11 18:20:37,Jorge Castillo,jorge.castillo.29@obelie.mx,3362364528,Tlajomulco,evento,Centro
C-D193C8BFBC,2026-09-11 18:20:37,Paola Nunez,paola.nunez.88@obelie.mx,3379288660,Tlaquepaque,evento,Centro
C-479F60771F,2026-09-11 18:20:38,Ricardo Flores,ricardo.flores.68@obelie.mx,3380141986,Guadalajara,frecuente,Plaza Obelie
C-B6438B55C8,2026-09-11 18:20:38,Sofia Ramirez,sofia.ramirez.73@obelie.mx,3363263384,Guadalajara,evento,Sur
C-2E35629D4A,2026-09-11 18:20:39,Valeria Ortiz,valeria.ortiz.36@obelie.mx,3369841728,Tlaquepaque,evento,Norte
C-941234FFE5,2026-09-11 18:20:40,Jorge Castillo,jorge.castillo.11@obelie.mx,3366309612,Tlaquepaque,nuevo,Norte
C-BA755A5699,2026-09-11 18:20:41,Daniela Pineda,daniela.pineda.95@obelie.mx,3325504476,Tlajomulco,frecuente,Plaza Obelie
C-E433023561,2026-09-11 18:20:41,Paola Nunez,paola.nunez.71@obelie.mx,3396761965,Tonalá,nuevo,Centro
C-B00659298F,2026-09-11 18:20:42,Paola Nunez,paola.nunez.13@obelie.mx,3314133020,Guadalajara,evento,Centro
C-F104E927D4,2026-09-11 18:20:42,Hugo Salazar,hugo.salazar.56@obelie.mx,3371594970,Zapopan,mayoreo,Norte
C-113D600301,2026-09-11 18:20:43,Valeria Ortiz,valeria.ortiz.86@obelie.mx,3330475342,Zapopan,nuevo,Norte
C-543B148104,2026-09-11 18:20:43,Ricardo Flores,ricardo.flores.92@obelie.mx,3311866317,Guadalajara,frecuente,Centro
C-C8F11D6C73,2026-09-11 18:20:44,Ricardo Flores,ricardo.flores.88@obelie.mx,3375384188,Tlaquepaque,frecuente,Plaza Obelie
C-217F7B9C07,2026-09-11 18:20:45,Valeria Ortiz,valeria.ortiz.39@obelie.mx,3331692231,Guadalajara,nuevo,Norte
C-AAD0232EE5,2026-09-11 18:20:45,Valeria Ortiz,valeria.ortiz.64@obelie.mx,3334226023,Tonalá,frecuente,Sur
C-E779C0A484,2026-09-11 18:20:46,Daniela Pineda,daniela.pineda.57@obelie.mx,3360349729,Tlaquepaque,frecuente,Centro
C-A8B3231F8B,2026-09-11 18:20:46,Daniela Pineda,daniela.pineda.87@obelie.mx,3390436692,Tonalá,mayoreo,Sur
C-78BE7032D1,2026-09-11 18:20:47,Fernando Diaz,fernando.diaz.25@obelie.mx,3325445670,Tlajomulco,evento,Plaza Obelie
C-74C962AFFD,2026-09-11 18:20:48,Camila Herrera,camila.herrera.65@obelie.mx,3312624182,Zapopan,frecuente,Plaza Obelie
C-331E0CA182,2026-09-11 18:20:48,Daniela Pineda,daniela.pineda.18@obelie.mx,3326322746,Tlajomulco,evento,Sur
C-CE0D8D5074,2026-09-11 18:20:49,Sofia Ramirez,sofia.ramirez.90@obelie.mx,3323364882,Tlajomulco,frecuente,Plaza Obelie
C-70D5F642FA,2026-09-11 18:20:50,Daniela Pineda,daniela.pineda.28@obelie.mx,3325495005,Tonalá,nuevo,Plaza Obelie
C-622FE8DDC9,2026-09-11 18:20:51,Paola Nunez,paola.nunez.56@obelie.mx,3319521753,Tonalá,frecuente,Norte
C-44CD535B61,2026-09-11 18:20:52,Ricardo Flores,ricardo.flores.86@obelie.mx,3330621762,Zapopan,evento,Centro
C-1165C4F81A,2026-09-11 18:20:52,Ricardo Flores,ricardo.flores.85@obelie.mx,3339992521,Tonalá,nuevo,Norte
C-7331449233,2026-09-11 18:20:53,Camila Herrera,camila.herrera.85@obelie.mx,3351187529,Zapopan,frecuente,Sur
C-5ECFE2D35A,2026-09-11 18:20:54,Paola Nunez,paola.nunez.13@obelie.mx,3344843656,Zapopan,evento,Plaza Obelie
C-28A06A34B1,2026-09-11 18:20:55,Paola Nunez,paola.nunez.80@obelie.mx,3355992170,Tonalá,evento,Sur
C-0887D3F1CB,2026-09-11 18:20:55,Valeria Ortiz,valeria.ortiz.15@obelie.mx,3314703259,Tlaquepaque,mayoreo,Sur
C-C8C022D8D2,2026-09-11 18:20:56,Fernando Diaz,fernando.diaz.46@obelie.mx,3366373497,Guadalajara,nuevo,Centro
C-BC3281D906,2026-09-11 18:20:56,Valeria Ortiz,valeria.ortiz.57@obelie.mx,3381294525,Tlaquepaque,frecuente,Norte
C-06339F041F,2026-09-11 18:20:57,Mateo Aguilar,mateo.aguilar.81@obelie.mx,3337541794,Guadalajara,frecuente,Norte
C-AAD46212DE,2026-09-11 18:20:58,Sofia Ramirez,sofia.ramirez.52@obelie.mx,3396426025,Guadalajara,mayoreo,Sur
C-65389C2034,2026-09-11 18:20:58,Ricardo Flores,ricardo.flores.44@obelie.mx,3355967924,Tonalá,mayoreo,Sur
C-D03FDEFE1A,2026-09-11 18:20:59,Elena Vargas,elena.vargas.59@obelie.mx,3393797875,Tlaquepaque,evento,Centro
C-28FBE93690,2026-09-11 18:21:00,Hugo Salazar,hugo.salazar.42@obelie.mx,3396905505,Tlaquepaque,evento,Plaza Obelie
C-5A8313C3B2,2026-09-11 18:21:01,Mateo Aguilar,mateo.aguilar.93@obelie.mx,3356015650,Tonalá,evento,Centro
C-87129434E6,2026-09-11 18:21:01,Elena Vargas,elena.vargas.26@obelie.mx,3380076778,Zapopan,evento,Sur
C-EB92B2DA24,2026-09-11 18:21:02,Ricardo Flores,ricardo.flores.73@obelie.mx,3328603443,Tlaquepaque,frecuente,Centro
C-D2ADC9098E,2026-09-11 18:21:03,Andres Molina,andres.molina.65@obelie.mx,3342787693,Guadalajara,mayoreo,Centro
C-216F00079D,2026-09-11 18:21:03,Ricardo Flores,ricardo.flores.38@obelie.mx,3381099133,Zapopan,nuevo,Norte
C-9ABE0C8394,2026-09-11 18:21:04,Elena Vargas,elena.vargas.54@obelie.mx,3333057213,Guadalajara,mayoreo,Sur
C-9AEC994338,2026-09-11 18:21:04,Valeria Ortiz,valeria.ortiz.76@obelie.mx,3355464987,Guadalajara,evento,Norte
C-AFC2D71A3D,2026-09-11 18:21:05,Daniela Pineda,daniela.pineda.81@obelie.mx,3326873648,Tlajomulco,nuevo,Norte
C-46DF55ADB1,2026-09-11 18:21:05,Andres Molina,andres.molina.27@obelie.mx,3315504332,Guadalajara,nuevo,Sur
C-7A86EB8F37,2026-09-11 18:21:06,Jorge Castillo,jorge.castillo.12@obelie.mx,3313476149,Guadalajara,evento,Centro
C-97378111FB,2026-09-11 18:21:07,Mateo Aguilar,mateo.aguilar.28@obelie.mx,3346025323,Tonalá,evento,Sur
C-929B32E8BA,2026-09-11 18:21:07,Elena Vargas,elena.vargas.98@obelie.mx,3377456719,Tlaquepaque,evento,Sur
C-87E46961EF,2026-09-11 18:21:08,Paola Nunez,paola.nunez.27@obelie.mx,3372051498,Tonalá,frecuente,Norte
C-21DB0446EE,2026-09-11 18:21:09,Daniela Pineda,daniela.pineda.66@obelie.mx,3323755656,Tonalá,frecuente,Centro
C-6468D4E86B,2026-09-11 18:21:09,Valeria Ortiz,valeria.ortiz.47@obelie.mx,3372516680,Tlajomulco,nuevo,Norte
C-032E14B9F4,2026-09-11 18:21:10,Fernando Diaz,fernando.diaz.94@obelie.mx,3373967604,Zapopan,frecuente,Plaza Obelie
C-D938B8DB1A,2026-09-11 18:21:11,Fernando Diaz,fernando.diaz.86@obelie.mx,3343668513,Tlaquepaque,mayoreo,Norte
C-D107E6A8C0,2026-09-11 18:21:11,Hugo Salazar,hugo.salazar.84@obelie.mx,3315171683,Zapopan,frecuente,Centro
C-C2E99EF134,2026-09-11 18:21:12,Paola Nunez,paola.nunez.42@obelie.mx,3316072049,Tlajomulco,evento,Plaza Obelie
C-A4766F6D6A,2026-09-11 18:21:13,Paola Nunez,paola.nunez.98@obelie.mx,3347806354,Guadalajara,nuevo,Sur
C-CFDF8CA2D4,2026-09-11 18:21:14,Sofia Ramirez,sofia.ramirez.29@obelie.mx,3389421475,Tlaquepaque,nuevo,Centro
C-B42C7D3006,2026-09-11 18:21:14,Sofia Ramirez,sofia.ramirez.76@obelie.mx,3397046659,Tonalá,mayoreo,Sur
C-2A8C70EC50,2026-09-11 18:21:15,Paola Nunez,paola.nunez.25@obelie.mx,3386884887,Tonalá,nuevo,Centro
C-79D03B8F19,2026-09-11 18:21:16,Sofia Ramirez,sofia.ramirez.21@obelie.mx,3396953197,Guadalajara,mayoreo,Norte
C-C2475F5FCC,2026-09-11 18:21:16,Sofia Ramirez,sofia.ramirez.92@obelie.mx,3396706781,Tlaquepaque,mayoreo,Sur
C-6FF1B0C3CE,2026-09-11 18:21:17,Daniela Pineda,daniela.pineda.45@obelie.mx,3384808430,Tlajomulco,nuevo,Sur
C-E8EF62A0D7,2026-09-11 18:21:17,Elena Vargas,elena.vargas.59@obelie.mx,3344186358,Tlajomulco,evento,Centro
C-1B74B9F7FB,2026-09-11 18:21:18,Camila Herrera,camila.herrera.49@obelie.mx,3323163568,Guadalajara,mayoreo,Centro
C-28B3C81079,2026-09-11 18:21:19,Fernando Diaz,fernando.diaz.33@obelie.mx,3329609102,Tlaquepaque,mayoreo,Sur
C-5C1A29D31F,2026-09-11 18:21:19,Fernando Diaz,fernando.diaz.68@obelie.mx,3317252960,Zapopan,nuevo,Plaza Obelie
C-D15BFFB20A,2026-09-11 18:21:20,Valeria Ortiz,valeria.ortiz.33@obelie.mx,3399734591,Tlaquepaque,mayoreo,Plaza Obelie
C-CA4E5A01B5,2026-09-11 18:21:21,Mateo Aguilar,mateo.aguilar.60@obelie.mx,3339747224,Tlaquepaque,frecuente,Plaza Obelie
C-EBA04B1ABB,2026-09-11 18:21:21,Fernando Diaz,fernando.diaz.63@obelie.mx,3395941040,Tlaquepaque,frecuente,Sur
C-BC02DDEABE,2026-09-11 18:21:22,Paola Nunez,paola.nunez.83@obelie.mx,3354664578,Zapopan,mayoreo,Sur
C-1C887334E1,2026-09-11 18:21:23,Sofia Ramirez,sofia.ramirez.46@obelie.mx,3361357639,Zapopan,frecuente,Plaza Obelie
C-BF10AD975F,2026-09-11 18:21:23,Andres Molina,andres.molina.42@obelie.mx,3318322367,Tonalá,nuevo,Norte
C-C3A094FB1D,2026-09-11 18:21:24,Mateo Aguilar,mateo.aguilar.28@obelie.mx,3367186549,Tlaquepaque,frecuente,Centro
C-AA18309A0B,2026-09-11 18:21:24,Valeria Ortiz,valeria.ortiz.82@obelie.mx,3380319450,Tonalá,evento,Sur
C-66C6A6CAFB,2026-09-11 18:21:25,Sofia Ramirez,sofia.ramirez.82@obelie.mx,3338156340,Zapopan,mayoreo,Sur
C-65DA19A691,2026-09-11 18:21:26,Daniela Pineda,daniela.pineda.31@obelie.mx,3341169113,Zapopan,frecuente,Centro
C-42AF0D7005,2026-09-11 18:21:27,Hugo Salazar,hugo.salazar.13@obelie.mx,3344514226,Tlaquepaque,nuevo,Centro
C-F8737F3A84,2026-09-11 18:21:27,Jorge Castillo,jorge.castillo.46@obelie.mx,3312589314,Tonalá,frecuente,Centro
C-37778FBB30,2026-09-11 18:21:28,Valeria Ortiz,valeria.ortiz.97@obelie.mx,3352071920,Zapopan,mayoreo,Centro
C-807C2E76F0,2026-09-11 18:21:28,Daniela Pineda,daniela.pineda.52@obelie.mx,3315395619,Guadalajara,evento,Norte
C-029AD1FB02,2026-09-11 18:21:29,Valeria Ortiz,valeria.ortiz.15@obelie.mx,3356443134,Tlajomulco,frecuente,Centro
C-B83215A8F9,2026-09-11 18:21:30,Fernando Diaz,fernando.diaz.63@obelie.mx,3399602809,Zapopan,nuevo,Plaza Obelie
C-EDF1DA6C5F,2026-09-11 18:21:30,Valeria Ortiz,valeria.ortiz.41@obelie.mx,3310666481,Guadalajara,evento,Centro
C-289A9F675B,2026-09-11 18:21:31,Mateo Aguilar,mateo.aguilar.45@obelie.mx,3352667719,Tonalá,nuevo,Centro
C-F1C8AFAEA7,2026-09-11 18:21:32,Sofia Ramirez,sofia.ramirez.28@obelie.mx,3369878869,Tlajomulco,frecuente,Sur
C-36C27EEF37,2026-09-11 18:21:32,Andres Molina,andres.molina.98@obelie.mx,3372347517,Zapopan,frecuente,Plaza Obelie
C-CAF0A0072A,2026-09-11 18:21:33,Valeria Ortiz,valeria.ortiz.71@obelie.mx,3379835378,Tonalá,nuevo,Sur
C-C873870484,2026-09-11 18:21:33,Jorge Castillo,jorge.castillo.56@obelie.mx,3384719492,Guadalajara,nuevo,Plaza Obelie
C-925B780EF2,2026-09-11 18:21:34,Andres Molina,andres.molina.57@obelie.mx,3358596079,Guadalajara,evento,Sur
C-FDDB67EE16,2026-09-11 18:21:35,Hugo Salazar,hugo.salazar.50@obelie.mx,3321163146,Tlajomulco,mayoreo,Norte
C-319F7FE245,2026-09-11 18:21:35,Mateo Aguilar,mateo.aguilar.37@obelie.mx,3332489092,Tonalá,evento,Centro
C-DB139DAAC5,2026-09-11 18:21:36,Fernando Diaz,fernando.diaz.15@obelie.mx,3312115794,Tlaquepaque,mayoreo,Plaza Obelie
C-5C4232E006,2026-09-11 18:21:37,Mateo Aguilar,mateo.aguilar.41@obelie.mx,3348491417,Guadalajara,frecuente,Plaza Obelie
C-72C5359257,2026-09-11 18:21:37,Andres Molina,andres.molina.72@obelie.mx,3342081148,Tonalá,nuevo,Norte
C-E351528CE3,2026-09-11 18:21:38,Sofia Ramirez,sofia.ramirez.34@obelie.mx,3381894725,Guadalajara,frecuente,Norte
C-420C4F43CC,2026-09-11 18:21:39,Elena Vargas,elena.vargas.50@obelie.mx,3369446984,Zapopan,nuevo,Norte
C-FB53BA3C8F,2026-09-11 18:21:39,Valeria Ortiz,valeria.ortiz.73@obelie.mx,3319044431,Tlajomulco,mayoreo,Centro
C-444826DF54,2026-09-11 18:21:40,Hugo Salazar,hugo.salazar.51@obelie.mx,3345851524,Tonalá,evento,Plaza Obelie
C-661E6E8B15,2026-09-11 18:21:40,Jorge Castillo,jorge.castillo.31@obelie.mx,3316241655,Guadalajara,mayoreo,Sur
C-599BC47F52,2026-09-11 18:21:41,Sofia Ramirez,sofia.ramirez.90@obelie.mx,3370013821,Tonalá,frecuente,Sur
C-C1A3B38317,2026-09-11 18:21:42,Hugo Salazar,hugo.salazar.73@obelie.mx,3349629101,Tlajomulco,mayoreo,Centro
C-1DF85E5F7C,2026-09-11 18:21:42,Mateo Aguilar,mateo.aguilar.54@obelie.mx,3385341669,Tlaquepaque,frecuente,Centro
C-86CB6C5461,2026-09-11 18:21:43,Camila Herrera,camila.herrera.46@obelie.mx,3323438649,Tlaquepaque,mayoreo,Plaza Obelie
C-5097D099B9,2026-09-11 18:21:44,Ricardo Flores,ricardo.flores.40@obelie.mx,3361379941,Guadalajara,nuevo,Centro
C-6D6456FBB3,2026-09-11 18:21:45,Hugo Salazar,hugo.salazar.59@obelie.mx,3336501436,Tlaquepaque,evento,Plaza Obelie
C-11D80BCF17,2026-09-11 18:21:45,Fernando Diaz,fernando.diaz.15@obelie.mx,3389149857,Guadalajara,frecuente,Centro
C-6D6764D453,2026-09-11 18:21:46,Elena Vargas,elena.vargas.71@obelie.mx,3374427078,Tonalá,frecuente,Centro
C-9ADE4E1383,2026-09-11 18:21:46,Valeria Ortiz,valeria.ortiz.46@obelie.mx,3357921307,Tlaquepaque,evento,Sur
C-1B8A0EED0C,2026-09-11 18:21:47,Paola Nunez,paola.nunez.34@obelie.mx,3314258773,Tlaquepaque,mayoreo,Norte
C-FF4E41F983,2026-09-11 18:21:48,Paola Nunez,paola.nunez.85@obelie.mx,3350057032,Guadalajara,nuevo,Norte
C-4CEC313AD2,2026-09-11 18:21:48,Mateo Aguilar,mateo.aguilar.11@obelie.mx,3342472200,Zapopan,nuevo,Plaza Obelie
C-5F841CC808,2026-09-11 18:21:49,Fernando Diaz,fernando.diaz.41@obelie.mx,3336057347,Zapopan,mayoreo,Plaza Obelie
C-3641868968,2026-09-11 18:21:49,Valeria Ortiz,valeria.ortiz.90@obelie.mx,3367272545,Guadalajara,evento,Centro
C-083B9BFB24,2026-09-11 18:21:50,Daniela Pineda,daniela.pineda.21@obelie.mx,3323175232,Tonalá,frecuente,Plaza Obelie
C-DDC9154675,2026-09-11 18:21:51,Andres Molina,andres.molina.69@obelie.mx,3336423157,Tlajomulco,evento,Sur
C-A11EA854F9,2026-09-11 18:21:51,Camila Herrera,camila.herrera.12@obelie.mx,3369743411,Tlaquepaque,frecuente,Centro
C-C72F39FABA,2026-09-11 18:21:52,Valeria Ortiz,valeria.ortiz.94@obelie.mx,3398222314,Zapopan,mayoreo,Norte
C-FDD6C42178,2026-09-11 18:21:52,Valeria Ortiz,valeria.ortiz.37@obelie.mx,3380096191,Zapopan,nuevo,Sur
C-182185770E,2026-09-11 18:21:53,Daniela Pineda,daniela.pineda.96@obelie.mx,3344993169,Zapopan,mayoreo,Centro
C-26B2B304F8,2026-09-11 18:21:54,Hugo Salazar,hugo.salazar.59@obelie.mx,3369863636,Tlaquepaque,nuevo,Sur
C-BE5CC200EB,2026-09-11 18:21:54,Ricardo Flores,ricardo.flores.61@obelie.mx,3398295532,Tlaquepaque,evento,Sur
C-4684219543,2026-09-11 18:21:55,Jorge Castillo,jorge.castillo.47@obelie.mx,3387975714,Tonalá,evento,Plaza Obelie
C-F4EA6CDCC3,2026-09-11 18:21:56,Jorge Castillo,jorge.castillo.51@obelie.mx,3397942360,Tonalá,frecuente,Centro
C-3245455337,2026-09-11 18:21:57,Hugo Salazar,hugo.salazar.30@obelie.mx,3383012430,Guadalajara,nuevo,Centro
C-C752D01D24,2026-09-11 18:21:57,Andres Molina,andres.molina.81@obelie.mx,3316954601,Tlaquepaque,frecuente,Centro
C-781BBF565C,2026-09-11 18:21:58,Ricardo Flores,ricardo.flores.58@obelie.mx,3367243904,Guadalajara,frecuente,Centro
C-559427FE27,2026-09-11 18:21:58,Valeria Ortiz,valeria.ortiz.54@obelie.mx,3335423422,Guadalajara,evento,Norte
C-088F98AF6B,2026-09-11 18:21:59,Andres Molina,andres.molina.78@obelie.mx,3311053219,Tonalá,nuevo,Sur
C-19B56E48F8,2026-09-11 18:22:00,Camila Herrera,camila.herrera.98@obelie.mx,3334355129,Tlaquepaque,evento,Plaza Obelie
C-7694CCAAA2,2026-09-11 18:22:00,Mateo Aguilar,mateo.aguilar.21@obelie.mx,3378005289,Tlaquepaque,mayoreo,Plaza Obelie
C-44B37A4F0D,2026-09-11 18:22:01,Mateo Aguilar,mateo.aguilar.60@obelie.mx,3360085258,Guadalajara,nuevo,Centro
C-4E3B45FAD4,2026-09-11 18:22:02,Sofia Ramirez,sofia.ramirez.93@obelie.mx,3378774587,Guadalajara,frecuente,Norte
C-7265C6E511,2026-09-11 18:22:02,Fernando Diaz,fernando.diaz.50@obelie.mx,3359291375,Zapopan,evento,Sur
C-09EDF0FA6B,2026-09-11 18:22:03,Daniela Pineda,daniela.pineda.97@obelie.mx,3339975612,Tlaquepaque,frecuente,Centro
C-B61999AC98,2026-09-11 18:22:04,Elena Vargas,elena.vargas.32@obelie.mx,3339407412,Zapopan,evento,Plaza Obelie
C-C01FCABF84,2026-09-11 18:22:04,Camila Herrera,camila.herrera.42@obelie.mx,3336992550,Guadalajara,evento,Centro
C-FC9CE1B39E,2026-09-11 18:22:05,Ricardo Flores,ricardo.flores.88@obelie.mx,3361082890,Tonalá,nuevo,Sur
C-E4F9F72E6C,2026-09-11 18:22:05,Mateo Aguilar,mateo.aguilar.23@obelie.mx,3361955944,Tlajomulco,mayoreo,Centro
C-37179BBE9F,2026-09-11 18:22:06,Elena Vargas,elena.vargas.24@obelie.mx,3376632469,Tlajomulco,nuevo,Norte
C-73B4FAD8C7,2026-09-11 18:22:07,Valeria Ortiz,valeria.ortiz.89@obelie.mx,3370696559,Tonalá,nuevo,Centro
C-4FB1881EDA,2026-09-11 18:22:07,Sofia Ramirez,sofia.ramirez.69@obelie.mx,3335755835,Tlajomulco,frecuente,Sur
C-A29227759A,2026-09-11 18:22:08,Jorge Castillo,jorge.castillo.83@obelie.mx,3310123622,Tlajomulco,mayoreo,Norte
C-AEF2C8C794,2026-09-11 18:22:09,Hugo Salazar,hugo.salazar.74@obelie.mx,3395423011,Zapopan,frecuente,Plaza Obelie
C-A5FCC7DF20,2026-09-11 18:22:09,Jorge Castillo,jorge.castillo.30@obelie.mx,3348099159,Tlaquepaque,nuevo,Centro
C-8CAB41EDC4,2026-09-11 18:22:10,Paola Nunez,paola.nunez.85@obelie.mx,3382495492,Guadalajara,evento,Norte
C-7C36E2826F,2026-09-11 18:22:10,Daniela Pineda,daniela.pineda.22@obelie.mx,3369065310,Guadalajara,evento,Centro
C-D18FE17CF2,2026-09-11 18:22:11,Valeria Ortiz,valeria.ortiz.97@obelie.mx,3392502174,Tlajomulco,mayoreo,Sur
C-D27DFD976B,2026-09-11 18:22:12,Mateo Aguilar,mateo.aguilar.27@obelie.mx,3316425599,Tonalá,evento,Plaza Obelie
C-8A1962B38C,2026-09-11 18:22:13,Daniela Pineda,daniela.pineda.91@obelie.mx,3342516152,Zapopan,mayoreo,Norte
C-36E51FED4E,2026-09-11 18:22:13,Valeria Ortiz,valeria.ortiz.95@obelie.mx,3375577737,Tlajomulco,nuevo,Plaza Obelie
C-7F774087FC,2026-09-11 18:22:14,Fernando Diaz,fernando.diaz.54@obelie.mx,3374587906,Tlaquepaque,nuevo,Centro
C-856F48444C,2026-09-11 18:22:15,Elena Vargas,elena.vargas.28@obelie.mx,3320992925,Tlajomulco,nuevo,Sur
C-8B373747FF,2026-09-11 18:22:15,Elena Vargas,elena.vargas.20@obelie.mx,3385479401,Guadalajara,evento,Centro
C-C78F64A17B,2026-09-11 18:22:16,Daniela Pineda,daniela.pineda.38@obelie.mx,3334384805,Tlajomulco,nuevo,Plaza Obelie
C-299EB267E8,2026-09-11 18:22:16,Daniela Pineda,daniela.pineda.12@obelie.mx,3337201244,Guadalajara,evento,Sur
C-600798C1C1,2026-09-11 18:22:17,Paola Nunez,paola.nunez.75@obelie.mx,3359029826,Zapopan,nuevo,Norte
C-5545E777C4,2026-09-11 18:22:18,Hugo Salazar,hugo.salazar.54@obelie.mx,3331093666,Guadalajara,frecuente,Norte
C-CA8702FF68,2026-09-11 18:22:19,Daniela Pineda,daniela.pineda.94@obelie.mx,3361688859,Tonalá,frecuente,Centro
C-84E54874C1,2026-09-11 18:22:20,Paola Nunez,paola.nunez.66@obelie.mx,3378881904,Tlaquepaque,mayoreo,Plaza Obelie
C-74C4549D9E,2026-09-11 18:22:20,Jorge Castillo,jorge.castillo.82@obelie.mx,3321125761,Guadalajara,nuevo,Sur
C-E4B785EADB,2026-09-11 18:22:20,Elena Vargas,elena.vargas.18@obelie.mx,3310819655,Guadalajara,evento,Plaza Obelie
C-C70592E080,2026-09-11 18:22:21,Andres Molina,andres.molina.94@obelie.mx,3383269421,Guadalajara,frecuente,Sur
C-53E1376BE0,2026-09-11 18:22:22,Fernando Diaz,fernando.diaz.76@obelie.mx,3365522886,Tlajomulco,frecuente,Norte
C-C428B60DDC,2026-09-11 18:22:22,Fernando Diaz,fernando.diaz.37@obelie.mx,3313503382,Tonalá,evento,Centro
C-504144C354,2026-09-11 18:22:23,Valeria Ortiz,valeria.ortiz.44@obelie.mx,3350654343,Tlaquepaque,mayoreo,Norte
C-0308D7C8B9,2026-09-11 18:22:24,Fernando Diaz,fernando.diaz.97@obelie.mx,3391042630,Zapopan,evento,Norte
C-AAE5CA3A8F,2026-09-11 18:22:24,Jorge Castillo,jorge.castillo.52@obelie.mx,3384449668,Tlajomulco,mayoreo,Norte
C-6C6E9D13D6,2026-09-11 18:22:25,Elena Vargas,elena.vargas.59@obelie.mx,3323685019,Tonalá,nuevo,Centro
C-506CA79F6E,2026-09-11 18:22:25,Valeria Ortiz,valeria.ortiz.72@obelie.mx,3335219362,Guadalajara,frecuente,Norte
C-93E3C3A7FE,2026-09-11 18:22:26,Fernando Diaz,fernando.diaz.90@obelie.mx,3375778061,Zapopan,nuevo,Plaza Obelie
C-24FE3C939A,2026-09-11 18:22:27,Camila Herrera,camila.herrera.43@obelie.mx,3340696354,Zapopan,nuevo,Norte
C-D0FEAB6E38,2026-09-11 18:22:27,Paola Nunez,paola.nunez.65@obelie.mx,3357239567,Tlaquepaque,nuevo,Centro
C-7A1A02EF3C,2026-09-11 18:22:28,Paola Nunez,paola.nunez.10@obelie.mx,3339307681,Tlajomulco,nuevo,Norte
C-CB3491773E,2026-09-11 18:22:28,Valeria Ortiz,valeria.ortiz.45@obelie.mx,3353375509,Tonalá,frecuente,Plaza Obelie
C-0F148313C5,2026-09-11 18:22:29,Elena Vargas,elena.vargas.26@obelie.mx,3368791487,Zapopan,evento,Plaza Obelie
C-24F180E903,2026-09-11 18:22:30,Ricardo Flores,ricardo.flores.61@obelie.mx,3350499629,Tlaquepaque,nuevo,Plaza Obelie
C-6DA2F4DC1F,2026-09-11 18:22:30,Camila Herrera,camila.herrera.51@obelie.mx,3319863192,Zapopan,mayoreo,Norte
C-ADD446478F,2026-09-11 18:22:31,Elena Vargas,elena.vargas.50@obelie.mx,3339537184,Zapopan,nuevo,Sur
C-119D700F41,2026-09-11 18:22:31,Fernando Diaz,fernando.diaz.94@obelie.mx,3339143118,Tlajomulco,mayoreo,Norte
C-6DB31CFC22,2026-09-11 18:22:32,Mateo Aguilar,mateo.aguilar.68@obelie.mx,3368212410,Guadalajara,evento,Plaza Obelie
C-7978F16603,2026-09-11 18:22:33,Paola Nunez,paola.nunez.89@obelie.mx,3346606288,Zapopan,frecuente,Norte
C-46FF4FF6E1,2026-09-11 18:22:34,Mateo Aguilar,mateo.aguilar.45@obelie.mx,3392792794,Tlaquepaque,nuevo,Plaza Obelie
C-C753A32CC8,2026-09-11 18:22:34,Sofia Ramirez,sofia.ramirez.21@obelie.mx,3315221586,Zapopan,evento,Plaza Obelie
C-FA522AB966,2026-09-11 18:22:35,Fernando Diaz,fernando.diaz.96@obelie.mx,3322961328,Guadalajara,mayoreo,Norte
C-45659147C0,2026-09-11 18:22:35,Paola Nunez,paola.nunez.83@obelie.mx,3360315031,Tonalá,mayoreo,Centro
C-41950388EF,2026-09-11 18:22:36,Valeria Ortiz,valeria.ortiz.83@obelie.mx,3347406227,Tlaquepaque,frecuente,Centro
C-64C49A93AA,2026-09-11 18:22:36,Andres Molina,andres.molina.80@obelie.mx,3334366668,Guadalajara,frecuente,Plaza Obelie
C-A651CF2223,2026-09-11 18:22:37,Sofia Ramirez,sofia.ramirez.14@obelie.mx,3388052320,Guadalajara,frecuente,Norte
C-16293332CA,2026-09-11 18:22:37,Fernando Diaz,fernando.diaz.25@obelie.mx,3341939828,Zapopan,evento,Centro
C-84531252B3,2026-09-11 18:22:38,Andres Molina,andres.molina.14@obelie.mx,3335168242,Tonalá,mayoreo,Sur
C-61842E18A9,2026-09-11 18:22:39,Camila Herrera,camila.herrera.13@obelie.mx,3354275033,Tlaquepaque,mayoreo,Centro
C-3C7ED016E9,2026-09-11 18:22:39,Camila Herrera,camila.herrera.36@obelie.mx,3342743404,Zapopan,evento,Plaza Obelie
C-3B702CF1D6,2026-09-11 18:22:40,Ricardo Flores,ricardo.flores.76@obelie.mx,3325307047,Tlaquepaque,nuevo,Plaza Obelie
C-766877659B,2026-09-11 18:22:41,Daniela Pineda,daniela.pineda.38@obelie.mx,3312738856,Tlajomulco,frecuente,Sur
C-5E3427384A,2026-09-11 18:22:42,Jorge Castillo,jorge.castillo.13@obelie.mx,3310902887,Zapopan,nuevo,Plaza Obelie
C-91420363B2,2026-09-11 18:22:43,Fernando Diaz,fernando.diaz.60@obelie.mx,3384249973,Tonalá,mayoreo,Centro
C-0A64C0CDCE,2026-09-11 18:22:43,Valeria Ortiz,valeria.ortiz.17@obelie.mx,3331322515,Guadalajara,nuevo,Sur
C-B8B547DDC8,2026-09-11 18:22:44,Valeria Ortiz,valeria.ortiz.32@obelie.mx,3392744606,Tlajomulco,nuevo,Sur
C-A34DCE14AE,2026-09-11 18:22:44,Jorge Castillo,jorge.castillo.94@obelie.mx,3342635707,Tlaquepaque,nuevo,Plaza Obelie
C-0E8CB30922,2026-09-11 18:22:45,Paola Nunez,paola.nunez.77@obelie.mx,3329535335,Guadalajara,mayoreo,Centro
C-22F8EDD81A,2026-09-11 18:22:46,Camila Herrera,camila.herrera.67@obelie.mx,3376824470,Tonalá,mayoreo,Norte
C-F0D4927E61,2026-09-11 18:22:46,Daniela Pineda,daniela.pineda.79@obelie.mx,3365943542,Tlaquepaque,mayoreo,Norte
C-07C93EFE04,2026-09-11 18:22:47,Camila Herrera,camila.herrera.45@obelie.mx,3370255439,Guadalajara,mayoreo,Centro
C-E0DEA2B78D,2026-09-11 18:22:48,Fernando Diaz,fernando.diaz.64@obelie.mx,3323879923,Zapopan,frecuente,Sur
C-A0F74F2A33,2026-09-11 18:22:48,Andres Molina,andres.molina.36@obelie.mx,3346383354,Tlaquepaque,mayoreo,Centro
C-993ECC3A36,2026-09-11 18:22:49,Valeria Ortiz,valeria.ortiz.90@obelie.mx,3374419715,Zapopan,evento,Norte
C-1880762D81,2026-09-11 18:22:50,Camila Herrera,camila.herrera.80@obelie.mx,3377351433,Zapopan,frecuente,Norte
C-F64007E5D6,2026-09-11 18:22:50,Camila Herrera,camila.herrera.40@obelie.mx,3384169863,Guadalajara,nuevo,Plaza Obelie
C-D0DDA1B75B,2026-09-11 18:22:51,Mateo Aguilar,mateo.aguilar.19@obelie.mx,3339153454,Guadalajara,frecuente,Centro
C-4BFA6351E9,2026-09-11 18:22:51,Andres Molina,andres.molina.40@obelie.mx,3357235285,Tlaquepaque,frecuente,Norte
C-AFE71A20FA,2026-09-11 18:22:52,Camila Herrera,camila.herrera.88@obelie.mx,3327427565,Zapopan,mayoreo,Sur
C-1099FB964F,2026-09-11 18:22:52,Fernando Diaz,fernando.diaz.13@obelie.mx,3395911532,Tonalá,evento,Norte
C-3F04C4ACDE,2026-09-11 18:22:53,Ricardo Flores,ricardo.flores.66@obelie.mx,3376783095,Tonalá,nuevo,Sur
C-21042B99F8,2026-09-11 18:22:53,Andres Molina,andres.molina.21@obelie.mx,3377131686,Tonalá,evento,Sur
C-F8E889DA7D,2026-09-11 18:22:54,Sofia Ramirez,sofia.ramirez.14@obelie.mx,3365061650,Guadalajara,frecuente,Centro
C-2905F60932,2026-09-11 18:22:55,Valeria Ortiz,valeria.ortiz.51@obelie.mx,3361446616,Tlajomulco,evento,Sur
C-826383BD88,2026-09-11 18:22:55,Valeria Ortiz,valeria.ortiz.52@obelie.mx,3368342681,Zapopan,nuevo,Centro
C-B17583BE33,2026-09-11 18:22:56,Camila Herrera,camila.herrera.81@obelie.mx,3369356959,Tlaquepaque,mayoreo,Plaza Obelie
C-122C61FD31,2026-09-11 18:22:56,Hugo Salazar,hugo.salazar.23@obelie.mx,3391127203,Tlajomulco,frecuente,Centro
C-4F14904770,2026-09-11 18:22:57,Daniela Pineda,daniela.pineda.20@obelie.mx,3339903116,Tonalá,evento,Sur
C-2B913A4586,2026-09-11 18:22:58,Jorge Castillo,jorge.castillo.16@obelie.mx,3324596250,Guadalajara,frecuente,Centro
C-3706D46E0E,2026-09-11 18:22:58,Paola Nunez,paola.nunez.49@obelie.mx,3320745806,Tlajomulco,evento,Norte
C-3761DC1E7D,2026-09-11 18:22:59,Paola Nunez,paola.nunez.86@obelie.mx,3376906809,Tlajomulco,mayoreo,Plaza Obelie
C-17E22ADB9B,2026-09-11 18:22:59,Elena Vargas,elena.vargas.79@obelie.mx,3317438608,Tlaquepaque,evento,Norte
C-A580608FAA,2026-09-11 18:23:00,Ricardo Flores,ricardo.flores.36@obelie.mx,3382682213,Zapopan,evento,Norte
C-FC733F667F,2026-09-11 18:23:01,Jorge Castillo,jorge.castillo.42@obelie.mx,3394873215,Zapopan,evento,Sur
C-1BBB44E4F2,2026-09-11 18:23:01,Valeria Ortiz,valeria.ortiz.65@obelie.mx,3333626492,Tonalá,frecuente,Sur
C-91857C0B6A,2026-09-11 18:23:02,Ricardo Flores,ricardo.flores.55@obelie.mx,3313497343,Tonalá,frecuente,Sur
C-7CC7EA024D,2026-09-11 18:23:02,Valeria Ortiz,valeria.ortiz.77@obelie.mx,3347936265,Tlaquepaque,mayoreo,Sur
C-C230855422,2026-09-11 18:23:03,Jorge Castillo,jorge.castillo.42@obelie.mx,3368396709,Tlajomulco,frecuente,Centro
C-BABD46F1A7,2026-09-11 18:23:04,Valeria Ortiz,valeria.ortiz.64@obelie.mx,3356414906,Tlaquepaque,evento,Norte
C-4FAC97DA1E,2026-09-11 18:23:04,Daniela Pineda,daniela.pineda.81@obelie.mx,3316534438,Tonalá,evento,Sur
C-9E230579EE,2026-09-11 18:23:05,Fernando Diaz,fernando.diaz.34@obelie.mx,3339638863,Tlaquepaque,frecuente,Sur
C-D930BAFA7D,2026-09-11 18:23:06,Ricardo Flores,ricardo.flores.48@obelie.mx,3346724235,Zapopan,nuevo,Norte
C-5A53CB2FA6,2026-09-11 18:23:06,Elena Vargas,elena.vargas.69@obelie.mx,3325978061,Guadalajara,nuevo,Norte
C-5CBC9F9C05,2026-09-11 18:23:07,Fernando Diaz,fernando.diaz.10@obelie.mx,3378126104,Zapopan,nuevo,Sur
C-35045E56E8,2026-09-11 18:23:08,Mateo Aguilar,mateo.aguilar.33@obelie.mx,3375107092,Tlajomulco,mayoreo,Plaza Obelie
C-038AC402BF,2026-09-11 18:23:09,Camila Herrera,camila.herrera.66@obelie.mx,3318548393,Tlajomulco,evento,Plaza Obelie
C-5090F94F35,2026-09-11 18:23:09,Ricardo Flores,ricardo.flores.20@obelie.mx,3312757863,Tlaquepaque,mayoreo,Centro
C-5958106BD6,2026-09-11 18:23:10,Valeria Ortiz,valeria.ortiz.75@obelie.mx,3313438262,Guadalajara,evento,Centro
C-9E99161767,2026-09-11 18:23:10,Hugo Salazar,hugo.salazar.52@obelie.mx,3386697409,Tonalá,nuevo,Norte
C-095798D1C8,2026-09-11 18:23:11,Jorge Castillo,jorge.castillo.14@obelie.mx,3378818163,Tonalá,mayoreo,Norte
C-BFA04A752A,2026-09-11 18:23:12,Fernando Diaz,fernando.diaz.23@obelie.mx,3320772981,Zapopan,evento,Centro
C-59CD91093D,2026-09-11 18:23:12,Jorge Castillo,jorge.castillo.72@obelie.mx,3333816002,Tonalá,mayoreo,Centro
C-7EB2FDC745,2026-09-11 18:23:13,Mateo Aguilar,mateo.aguilar.61@obelie.mx,3334672065,Tlajomulco,mayoreo,Sur
C-4C959D39A5,2026-09-11 18:23:14,Sofia Ramirez,sofia.ramirez.71@obelie.mx,3379688247,Zapopan,mayoreo,Sur
C-072066BF7F,2026-09-11 18:23:15,Camila Herrera,camila.herrera.91@obelie.mx,3336539335,Tonalá,nuevo,Plaza Obelie
C-864494C01B,2026-09-11 18:23:16,Camila Herrera,camila.herrera.39@obelie.mx,3339006335,Tlaquepaque,evento,Plaza Obelie
C-A5A8A45772,2026-09-11 18:23:16,Daniela Pineda,daniela.pineda.88@obelie.mx,3351477175,Tlaquepaque,frecuente,Plaza Obelie
C-BE74B8D697,2026-09-11 18:23:17,Hugo Salazar,hugo.salazar.11@obelie.mx,3344055930,Tlaquepaque,nuevo,Centro
C-BD5AE565F0,2026-09-11 18:23:18,Mateo Aguilar,mateo.aguilar.57@obelie.mx,3375107114,Zapopan,evento,Norte
C-3425394945,2026-09-11 18:23:18,Valeria Ortiz,valeria.ortiz.68@obelie.mx,3370569086,Zapopan,mayoreo,Centro
C-37BB83930D,2026-09-11 18:23:19,Valeria Ortiz,valeria.ortiz.16@obelie.mx,3313379736,Tlajomulco,evento,Norte
C-A54C3DD9B8,2026-09-11 18:23:19,Andres Molina,andres.molina.93@obelie.mx,3355727835,Tonalá,nuevo,Centro
C-14A121C4D1,2026-09-11 18:23:20,Hugo Salazar,hugo.salazar.10@obelie.mx,3313785892,Zapopan,nuevo,Plaza Obelie
C-EB6FB20859,2026-09-11 18:23:20,Jorge Castillo,jorge.castillo.55@obelie.mx,3348989710,Tonalá,evento,Norte
C-04FCB60926,2026-09-11 18:23:21,Hugo Salazar,hugo.salazar.18@obelie.mx,3340054929,Tonalá,mayoreo,Sur
C-06892BE479,2026-09-11 18:23:22,Hugo Salazar,hugo.salazar.63@obelie.mx,3320628857,Tonalá,mayoreo,Sur
C-C2F6E46C58,2026-09-11 18:23:22,Mateo Aguilar,mateo.aguilar.87@obelie.mx,3324202698,Tonalá,mayoreo,Centro
C-B55A09041C,2026-09-11 18:23:23,Andres Molina,andres.molina.72@obelie.mx,3324523908,Tlajomulco,nuevo,Plaza Obelie
C-D591E584CC,2026-09-11 18:23:23,Elena Vargas,elena.vargas.42@obelie.mx,3322608415,Tlaquepaque,frecuente,Centro
C-1F3488C823,2026-09-11 18:23:24,Hugo Salazar,hugo.salazar.99@obelie.mx,3399067232,Tonalá,evento,Plaza Obelie
C-8C9DCE8607,2026-09-11 18:23:24,Valeria Ortiz,valeria.ortiz.34@obelie.mx,3376821148,Guadalajara,mayoreo,Plaza Obelie
C-A78B804F4D,2026-09-11 18:23:25,Jorge Castillo,jorge.castillo.33@obelie.mx,3353653902,Tlajomulco,mayoreo,Plaza Obelie
C-6866CF98BE,2026-09-11 18:23:26,Fernando Diaz,fernando.diaz.44@obelie.mx,3362575865,Tlajomulco,nuevo,Sur
C-6D864506AA,2026-09-11 18:23:26,Sofia Ramirez,sofia.ramirez.94@obelie.mx,3375432141,Guadalajara,nuevo,Centro
C-89C2B154D9,2026-09-11 18:23:27,Ricardo Flores,ricardo.flores.27@obelie.mx,3380358631,Tlajomulco,frecuente,Plaza Obelie
C-841EC1712C,2026-09-11 18:23:28,Paola Nunez,paola.nunez.67@obelie.mx,3355771231,Zapopan,evento,Centro
C-D3405D6A21,2026-09-11 18:23:28,Andres Molina,andres.molina.90@obelie.mx,3391984023,Tlajomulco,nuevo,Norte
C-E271487620,2026-09-11 18:23:29,Elena Vargas,elena.vargas.27@obelie.mx,3317589367,Tlaquepaque,mayoreo,Centro
C-BFE46C72FC,2026-09-11 18:23:30,Paola Nunez,paola.nunez.30@obelie.mx,3389197642,Tlaquepaque,evento,Sur
C-82D8D2BEF8,2026-09-11 18:23:31,Ricardo Flores,ricardo.flores.12@obelie.mx,3367427523,Zapopan,mayoreo,Sur
C-E4E36BECCD,2026-09-11 18:23:31,Paola Nunez,paola.nunez.98@obelie.mx,3371753250,Tlaquepaque,frecuente,Plaza Obelie
C-19A6C9FAC1,2026-09-11 18:23:32,Hugo Salazar,hugo.salazar.88@obelie.mx,3390201709,Guadalajara,mayoreo,Norte
C-A5452058C5,2026-09-11 18:23:33,Camila Herrera,camila.herrera.96@obelie.mx,3328284515,Tonalá,frecuente,Plaza Obelie
C-325F231917,2026-09-11 18:23:33,Elena Vargas,elena.vargas.56@obelie.mx,3327298512,Guadalajara,frecuente,Plaza Obelie
C-98E0E1D728,2026-09-11 18:23:34,Mateo Aguilar,mateo.aguilar.60@obelie.mx,3348549218,Tlajomulco,evento,Centro
C-845506ED3A,2026-09-11 18:23:35,Fernando Diaz,fernando.diaz.11@obelie.mx,3376246291,Tonalá,mayoreo,Sur
C-FAE30BF9BC,2026-09-11 18:23:35,Valeria Ortiz,valeria.ortiz.90@obelie.mx,3342452751,Tlajomulco,mayoreo,Sur
C-C6614043C2,2026-09-11 18:23:36,Elena Vargas,elena.vargas.46@obelie.mx,3343484101,Tonalá,mayoreo,Norte
C-07C81EF182,2026-09-11 18:23:36,Daniela Pineda,daniela.pineda.37@obelie.mx,3315408696,Guadalajara,evento,Norte
C-47EBF4B959,2026-09-11 18:23:37,Sofia Ramirez,sofia.ramirez.72@obelie.mx,3354767242,Tlaquepaque,mayoreo,Plaza Obelie
C-59F36FD575,2026-09-11 18:23:37,Camila Herrera,camila.herrera.71@obelie.mx,3366697370,Tonalá,nuevo,Norte
C-A4D63B4725,2026-09-11 18:23:38,Ricardo Flores,ricardo.flores.33@obelie.mx,3330919771,Zapopan,nuevo,Centro
C-75FB122B71,2026-09-11 18:23:39,Andres Molina,andres.molina.64@obelie.mx,3393203478,Tonalá,mayoreo,Norte
C-C6EBBF02AD,2026-09-11 18:23:39,Fernando Diaz,fernando.diaz.21@obelie.mx,3344944366,Zapopan,nuevo,Plaza Obelie
C-9CB1CFF39E,2026-09-11 18:23:40,Ricardo Flores,ricardo.flores.27@obelie.mx,3398686634,Tonalá,mayoreo,Centro
C-7C8CED10D3,2026-09-11 18:23:40,Fernando Diaz,fernando.diaz.63@obelie.mx,3383849150,Zapopan,frecuente,Plaza Obelie
C-8CEFA52080,2026-09-11 18:23:41,Sofia Ramirez,sofia.ramirez.10@obelie.mx,3327082780,Zapopan,nuevo,Norte
C-7A8F98D83B,2026-09-11 18:23:42,Paola Nunez,paola.nunez.70@obelie.mx,3374152831,Zapopan,frecuente,Sur
C-616E390580,2026-09-11 18:23:42,Valeria Ortiz,valeria.ortiz.47@obelie.mx,3368074372,Tlajomulco,frecuente,Centro
C-05CF93DEDD,2026-09-11 18:23:43,Sofia Ramirez,sofia.ramirez.32@obelie.mx,3389958441,Zapopan,mayoreo,Centro
C-4398ACAE53,2026-09-11 18:23:43,Valeria Ortiz,valeria.ortiz.43@obelie.mx,3339508156,Zapopan,mayoreo,Centro
C-8395650A49,2026-09-11 18:23:44,Daniela Pineda,daniela.pineda.85@obelie.mx,3311649297,Guadalajara,evento,Sur
C-9A4C1FF52C,2026-09-11 18:23:45,Valeria Ortiz,valeria.ortiz.23@obelie.mx,3332472212,Tonalá,evento,Sur
C-BBEB259B0F,2026-09-11 18:23:46,Andres Molina,andres.molina.47@obelie.mx,3338656879,Tlajomulco,frecuente,Plaza Obelie
C-71B36B4E72,2026-09-11 18:23:46,Camila Herrera,camila.herrera.56@obelie.mx,3387151802,Tlajomulco,evento,Norte
C-54CDEAB09B,2026-09-11 18:23:47,Valeria Ortiz,valeria.ortiz.93@obelie.mx,3321207161,Tonalá,nuevo,Centro
C-0994E47521,2026-09-11 18:23:47,Hugo Salazar,hugo.salazar.50@obelie.mx,3314219809,Guadalajara,frecuente,Centro
C-8D9A853146,2026-09-11 18:23:48,Paola Nunez,paola.nunez.68@obelie.mx,3310728220,Tlajomulco,mayoreo,Sur
C-E2A430B901,2026-09-11 18:23:48,Valeria Ortiz,valeria.ortiz.21@obelie.mx,3321425861,Tlajomulco,nuevo,Sur
C-A084352308,2026-09-11 18:23:49,Jorge Castillo,jorge.castillo.87@obelie.mx,3343454524,Tlaquepaque,frecuente,Norte
C-6F41107131,2026-09-11 18:23:50,Elena Vargas,elena.vargas.73@obelie.mx,3381206228,Guadalajara,mayoreo,Centro
C-A08470D698,2026-09-11 18:23:50,Hugo Salazar,hugo.salazar.36@obelie.mx,3369818722,Zapopan,mayoreo,Plaza Obelie
C-6BF6E70352,2026-09-11 18:23:51,Hugo Salazar,hugo.salazar.67@obelie.mx,3323309621,Zapopan,mayoreo,Sur
C-2199393FC7,2026-09-11 18:23:52,Daniela Pineda,daniela.pineda.78@obelie.mx,3349691659,Tlaquepaque,frecuente,Norte
C-3CE13A3EC6,2026-09-11 18:23:52,Elena Vargas,elena.vargas.70@obelie.mx,3372896697,Tlaquepaque,nuevo,Sur
C-8A80DBA1F8,2026-09-11 18:23:53,Paola Nunez,paola.nunez.94@obelie.mx,3393581430,Zapopan,nuevo,Plaza Obelie
C-2EE17C6AE8,2026-09-11 18:23:53,Jorge Castillo,jorge.castillo.14@obelie.mx,3323854319,Zapopan,evento,Sur
C-7AC9307F80,2026-09-11 18:23:54,Fernando Diaz,fernando.diaz.69@obelie.mx,3314427520,Tlajomulco,mayoreo,Plaza Obelie
C-3F07405C56,2026-09-11 18:23:55,Mateo Aguilar,mateo.aguilar.19@obelie.mx,3314485610,Zapopan,evento,Centro
C-9E6200DA1F,2026-09-11 18:23:56,Hugo Salazar,hugo.salazar.80@obelie.mx,3319585928,Tonalá,mayoreo,Centro
C-26ABB614FA,2026-09-11 18:23:56,Sofia Ramirez,sofia.ramirez.48@obelie.mx,3365169544,Zapopan,frecuente,Centro
C-E4F7C66C7C,2026-09-11 18:23:57,Ricardo Flores,ricardo.flores.49@obelie.mx,3334251342,Tlaquepaque,frecuente,Centro
C-0081B3450B,2026-09-11 18:23:58,Daniela Pineda,daniela.pineda.69@obelie.mx,3347581515,Guadalajara,evento,Norte
C-148B9445B6,2026-09-11 18:23:59,Hugo Salazar,hugo.salazar.13@obelie.mx,3377803589,Guadalajara,nuevo,Centro
C-E92D961824,2026-09-11 18:23:59,Camila Herrera,camila.herrera.45@obelie.mx,3332559519,Tlaquepaque,mayoreo,Norte
C-A1A7193722,2026-09-11 18:24:00,Camila Herrera,camila.herrera.72@obelie.mx,3345945089,Tlajomulco,nuevo,Centro
C-F498546664,2026-09-11 18:24:00,Sofia Ramirez,sofia.ramirez.41@obelie.mx,3362153579,Zapopan,evento,Centro
C-E08D35DD1C,2026-09-11 18:24:01,Daniela Pineda,daniela.pineda.42@obelie.mx,3375117682,Tlajomulco,frecuente,Plaza Obelie
C-9432E46923,2026-09-11 18:24:02,Andres Molina,andres.molina.45@obelie.mx,3380111010,Zapopan,evento,Sur
C-545EFEE2A9,2026-09-11 18:24:03,Jorge Castillo,jorge.castillo.22@obelie.mx,3322457184,Tlajomulco,mayoreo,Centro
C-3E4CA4DBE1,2026-09-11 18:24:04,Sofia Ramirez,sofia.ramirez.43@obelie.mx,3354765023,Guadalajara,evento,Norte
C-183827E8C8,2026-09-11 18:24:04,Jorge Castillo,jorge.castillo.84@obelie.mx,3362837965,Guadalajara,nuevo,Plaza Obelie
C-F4F8588E8A,2026-09-11 18:24:05,Elena Vargas,elena.vargas.59@obelie.mx,3391214094,Tlaquepaque,mayoreo,Centro
C-C79BD890DC,2026-09-11 18:24:05,Sofia Ramirez,sofia.ramirez.22@obelie.mx,3378723957,Tonalá,mayoreo,Sur
C-FFEAC4677D,2026-09-11 18:24:06,Paola Nunez,paola.nunez.18@obelie.mx,3336724547,Tonalá,frecuente,Plaza Obelie
C-10BA42A98A,2026-09-11 18:24:07,Andres Molina,andres.molina.91@obelie.mx,3313463995,Tlaquepaque,evento,Sur
C-7DB185FEAC,2026-09-11 18:24:08,Jorge Castillo,jorge.castillo.15@obelie.mx,3388828950,Tonalá,frecuente,Plaza Obelie
C-5A071FC492,2026-09-11 18:24:08,Camila Herrera,camila.herrera.70@obelie.mx,3391231366,Zapopan,mayoreo,Centro
C-078E039297,2026-09-11 18:24:09,Daniela Pineda,daniela.pineda.60@obelie.mx,3324106183,Tlajomulco,mayoreo,Plaza Obelie
C-E58907528B,2026-09-11 18:24:09,Daniela Pineda,daniela.pineda.91@obelie.mx,3345457675,Tlajomulco,mayoreo,Norte
C-31918F4211,2026-09-11 18:24:10,Camila Herrera,camila.herrera.33@obelie.mx,3367557121,Tlaquepaque,frecuente,Norte
C-9FC4EE758B,2026-09-11 18:24:11,Camila Herrera,camila.herrera.53@obelie.mx,3324291715,Zapopan,nuevo,Sur
C-AC7F2F6E64,2026-09-11 18:24:11,Elena Vargas,elena.vargas.98@obelie.mx,3388146887,Tonalá,evento,Norte
C-0FB4A240BC,2026-09-11 18:24:12,Paola Nunez,paola.nunez.16@obelie.mx,3371207976,Tonalá,nuevo,Norte
C-D8783FC8F1,2026-09-11 18:24:13,Ricardo Flores,ricardo.flores.87@obelie.mx,3320559402,Tlajomulco,mayoreo,Norte
C-0E4E2124EA,2026-09-11 18:24:13,Mateo Aguilar,mateo.aguilar.76@obelie.mx,3376394947,Tlaquepaque,evento,Plaza Obelie
C-A2B1760FA6,2026-09-11 18:24:14,Valeria Ortiz,valeria.ortiz.31@obelie.mx,3369356509,Tonalá,frecuente,Sur
C-81A15C025B,2026-09-11 18:24:14,Sofia Ramirez,sofia.ramirez.32@obelie.mx,3321965074,Tonalá,frecuente,Sur
C-508CA24ACB,2026-09-11 18:24:15,Andres Molina,andres.molina.84@obelie.mx,3376302425,Guadalajara,evento,Norte
C-9BFC78E319,2026-09-11 18:24:16,Camila Herrera,camila.herrera.34@obelie.mx,3315924934,Tlaquepaque,evento,Norte
C-E05A357073,2026-09-11 18:24:16,Hugo Salazar,hugo.salazar.60@obelie.mx,3379969419,Zapopan,frecuente,Centro
C-98AC3C0115,2026-09-11 18:24:17,Valeria Ortiz,valeria.ortiz.79@obelie.mx,3321989807,Tlaquepaque,evento,Plaza Obelie
C-B53A14C180,2026-09-11 18:24:17,Elena Vargas,elena.vargas.79@obelie.mx,3361494365,Tlajomulco,mayoreo,Centro
C-AD97F85B49,2026-09-11 18:24:18,Paola Nunez,paola.nunez.80@obelie.mx,3364929501,Guadalajara,frecuente,Norte
C-787DB04E9C,2026-09-11 18:24:19,Mateo Aguilar,mateo.aguilar.79@obelie.mx,3364803565,Tlajomulco,frecuente,Sur
C-DE45086277,2026-09-11 18:24:19,Hugo Salazar,hugo.salazar.36@obelie.mx,3370957787,Tlaquepaque,nuevo,Centro
C-43F2555702,2026-09-11 18:24:20,Daniela Pineda,daniela.pineda.50@obelie.mx,3377775448,Zapopan,nuevo,Plaza Obelie
C-BC0FEE60AF,2026-09-11 18:24:21,Sofia Ramirez,sofia.ramirez.54@obelie.mx,3389661388,Zapopan,nuevo,Norte
C-2921FDAE60,2026-09-11 18:24:21,Camila Herrera,camila.herrera.85@obelie.mx,3337923155,Guadalajara,mayoreo,Sur
C-3FE7CDA119,2026-09-11 18:24:22,Elena Vargas,elena.vargas.83@obelie.mx,3338469516,Guadalajara,frecuente,Norte
C-C9CC5731EF,2026-09-11 18:24:23,Camila Herrera,camila.herrera.91@obelie.mx,3342032195,Tlaquepaque,frecuente,Norte
C-F0CAE4D312,2026-09-11 18:24:23,Elena Vargas,elena.vargas.18@obelie.mx,3359179117,Tonalá,evento,Norte
C-7FF378A255,2026-09-11 18:24:24,Valeria Ortiz,valeria.ortiz.30@obelie.mx,3385314223,Zapopan,evento,Plaza Obelie
C-3946D9ED00,2026-09-11 18:24:25,Camila Herrera,camila.herrera.62@obelie.mx,3316067390,Tonalá,mayoreo,Centro
C-FBB7B950D0,2026-09-11 18:24:25,Ricardo Flores,ricardo.flores.73@obelie.mx,3377177483,Zapopan,evento,Centro
C-FD584F8375,2026-09-11 18:24:26,Valeria Ortiz,valeria.ortiz.25@obelie.mx,3366244718,Tonalá,nuevo,Plaza Obelie
C-D894426B25,2026-09-11 18:24:27,Sofia Ramirez,sofia.ramirez.74@obelie.mx,3378068025,Tlaquepaque,nuevo,Plaza Obelie
C-F28A4FE7AE,2026-09-11 18:24:28,Valeria Ortiz,valeria.ortiz.54@obelie.mx,3313816610,Guadalajara,mayoreo,Plaza Obelie
C-90D97C8F88,2026-09-11 18:24:28,Paola Nunez,paola.nunez.42@obelie.mx,3366662797,Tonalá,evento,Sur
C-78DB320C1D,2026-09-11 18:24:29,Paola Nunez,paola.nunez.44@obelie.mx,3332763515,Tlajomulco,nuevo,Plaza Obelie
C-B4A6D6C1EA,2026-09-11 18:24:30,Elena Vargas,elena.vargas.86@obelie.mx,3387551065,Guadalajara,nuevo,Plaza Obelie
C-21DA961F7F,2026-09-11 18:24:30,Andres Molina,andres.molina.90@obelie.mx,3315292801,Guadalajara,mayoreo,Norte
C-F12C2593D2,2026-09-11 18:24:31,Sofia Ramirez,sofia.ramirez.79@obelie.mx,3391375730,Tonalá,evento,Norte
C-285462C8E4,2026-09-11 18:24:31,Daniela Pineda,daniela.pineda.12@obelie.mx,3311033077,Zapopan,nuevo,Norte
C-86617915ED,2026-09-11 18:24:32,Mateo Aguilar,mateo.aguilar.53@obelie.mx,3340165401,Zapopan,nuevo,Sur
C-83F94433A4,2026-09-11 18:24:33,Hugo Salazar,hugo.salazar.16@obelie.mx,3355457134,Tlaquepaque,frecuente,Norte
C-17C652C7D2,2026-09-11 18:24:34,Paola Nunez,paola.nunez.52@obelie.mx,3385217186,Tlajomulco,evento,Sur
C-F3A18890B9,2026-09-11 18:24:34,Paola Nunez,paola.nunez.55@obelie.mx,3311355372,Tonalá,nuevo,Centro
C-79F2C36564,2026-09-11 18:24:35,Fernando Diaz,fernando.diaz.57@obelie.mx,3381656966,Tlaquepaque,evento,Sur
C-118787418B,2026-09-11 18:24:35,Daniela Pineda,daniela.pineda.34@obelie.mx,3399074179,Tlaquepaque,nuevo,Sur
C-39BCC63FEB,2026-09-11 18:24:36,Mateo Aguilar,mateo.aguilar.27@obelie.mx,3332346843,Tlaquepaque,evento,Norte
C-B36178AAFD,2026-09-11 18:24:37,Sofia Ramirez,sofia.ramirez.64@obelie.mx,3356943759,Tonalá,nuevo,Plaza Obelie
C-A3064DF0F6,2026-09-11 18:24:38,Camila Herrera,camila.herrera.27@obelie.mx,3371965299,Tonalá,mayoreo,Sur
C-F0DF928D38,2026-09-11 18:24:38,Andres Molina,andres.molina.16@obelie.mx,3324015261,Tonalá,nuevo,Plaza Obelie
C-D04B253696,2026-09-11 18:24:39,Hugo Salazar,hugo.salazar.37@obelie.mx,3363317632,Tlajomulco,nuevo,Norte
C-56C27181B1,2026-09-11 18:24:39,Jorge Castillo,jorge.castillo.99@obelie.mx,3391801878,Zapopan,nuevo,Plaza Obelie
C-486F96E89B,2026-09-11 18:24:40,Andres Molina,andres.molina.47@obelie.mx,3321601053,Tlajomulco,mayoreo,Sur
C-AE8AC92EC9,2026-09-11 18:24:41,Sofia Ramirez,sofia.ramirez.91@obelie.mx,3399571414,Tlaquepaque,frecuente,Centro
C-06428F9F2A,2026-09-11 18:24:41,Elena Vargas,elena.vargas.95@obelie.mx,3385187409,Tlajomulco,mayoreo,Sur
C-7FE73EE324,2026-09-11 18:24:42,Mateo Aguilar,mateo.aguilar.95@obelie.mx,3327746548,Tlaquepaque,mayoreo,Norte
C-1490BB1DBF,2026-09-11 18:24:43,Jorge Castillo,jorge.castillo.64@obelie.mx,3365414983,Tlaquepaque,nuevo,Plaza Obelie
C-2363D82917,2026-09-11 18:24:43,Elena Vargas,elena.vargas.78@obelie.mx,3382537039,Guadalajara,mayoreo,Centro
C-6ED7C0F996,2026-09-11 18:24:44,Paola Nunez,paola.nunez.77@obelie.mx,3328638197,Tonalá,mayoreo,Norte
C-D8F14D49CB,2026-09-11 18:24:44,Camila Herrera,camila.herrera.69@obelie.mx,3385521171,Tlaquepaque,frecuente,Plaza Obelie
C-878B6C5939,2026-09-11 18:24:45,Elena Vargas,elena.vargas.25@obelie.mx,3380507117,Tlajomulco,nuevo,Plaza Obelie
C-F1877975E9,2026-09-11 18:24:45,Sofia Ramirez,sofia.ramirez.78@obelie.mx,3376695633,Guadalajara,nuevo,Centro
C-EE7F46B7BC,2026-09-11 18:24:46,Hugo Salazar,hugo.salazar.78@obelie.mx,3371503252,Tonalá,evento,Centro
C-93F7AA7883,2026-09-11 18:24:47,Sofia Ramirez,sofia.ramirez.88@obelie.mx,3365745149,Zapopan,frecuente,Plaza Obelie
C-C55AEA5EC1,2026-09-11 18:24:47,Daniela Pineda,daniela.pineda.40@obelie.mx,3361349010,Tlajomulco,evento,Norte
C-C305EDE008,2026-09-11 18:24:48,Mateo Aguilar,mateo.aguilar.73@obelie.mx,3342934815,Tonalá,evento,Plaza Obelie
C-45DA51D632,2026-09-11 18:24:49,Daniela Pineda,daniela.pineda.20@obelie.mx,3360239563,Tonalá,nuevo,Centro
C-3E285A8EE6,2026-09-11 18:24:50,Fernando Diaz,fernando.diaz.14@obelie.mx,3388923939,Tlaquepaque,frecuente,Sur
C-9DF240AB4F,2026-09-11 18:24:50,Andres Molina,andres.molina.30@obelie.mx,3390767702,Guadalajara,mayoreo,Norte
C-F521B2E64C,2026-09-11 18:24:51,Sofia Ramirez,sofia.ramirez.32@obelie.mx,3353755178,Zapopan,frecuente,Centro
C-15EDA9F918,2026-09-11 18:24:51,Ricardo Flores,ricardo.flores.97@obelie.mx,3349453872,Guadalajara,mayoreo,Centro
C-401E639E33,2026-09-11 18:24:52,Valeria Ortiz,valeria.ortiz.15@obelie.mx,3327505173,Guadalajara,mayoreo,Centro
C-703AEBC80A,2026-09-11 18:24:53,Sofia Ramirez,sofia.ramirez.53@obelie.mx,3366133022,Guadalajara,evento,Plaza Obelie
C-474D6D8802,2026-09-11 18:24:53,Valeria Ortiz,valeria.ortiz.40@obelie.mx,3342807431,Zapopan,mayoreo,Sur
C-04296EA01B,2026-09-11 18:24:54,Valeria Ortiz,valeria.ortiz.97@obelie.mx,3373136513,Tlajomulco,evento,Sur
C-E7F8047519,2026-09-11 18:24:55,Ricardo Flores,ricardo.flores.91@obelie.mx,3393015929,Guadalajara,frecuente,Sur
C-49810ABCE6,2026-09-11 18:24:55,Jorge Castillo,jorge.castillo.43@obelie.mx,3346121525,Guadalajara,frecuente,Centro
C-15D34EE228,2026-09-11 18:24:56,Mateo Aguilar,mateo.aguilar.70@obelie.mx,3348353296,Tlaquepaque,mayoreo,Plaza Obelie
C-FABE77DB0B,2026-09-11 18:24:56,Valeria Ortiz,valeria.ortiz.67@obelie.mx,3335707109,Zapopan,frecuente,Sur
C-4DCBB1A666,2026-09-11 18:24:57,Jorge Castillo,jorge.castillo.44@obelie.mx,3354651140,Guadalajara,evento,Plaza Obelie
C-101ADDBFBD,2026-09-11 18:24:57,Andres Molina,andres.molina.60@obelie.mx,3332379613,Tlajomulco,frecuente,Centro
C-992D08A1DC,2026-09-11 18:24:58,Ricardo Flores,ricardo.flores.18@obelie.mx,3364367852,Zapopan,mayoreo,Centro
C-FD325B0517,2026-09-11 18:24:58,Andres Molina,andres.molina.27@obelie.mx,3330088819,Zapopan,frecuente,Norte
C-8E849B3939,2026-09-11 18:24:59,Mateo Aguilar,mateo.aguilar.81@obelie.mx,3345507484,Tonalá,evento,Norte
C-BACED71816,2026-09-11 18:25:00,Paola Nunez,paola.nunez.65@obelie.mx,3377602610,Guadalajara,evento,Centro
C-D88DD363A9,2026-09-11 18:25:01,Ricardo Flores,ricardo.flores.94@obelie.mx,3349857745,Tonalá,nuevo,Plaza Obelie
C-BBB683775F,2026-09-11 18:25:01,Hugo Salazar,hugo.salazar.22@obelie.mx,3337723632,Tlaquepaque,evento,Centro
C-E92D5CA01F,2026-09-11 18:25:02,Fernando Diaz,fernando.diaz.76@obelie.mx,3334956118,Tlajomulco,frecuente,Centro
C-CE9FAFF1E6,2026-09-11 18:25:03,Jorge Castillo,jorge.castillo.16@obelie.mx,3331797227,Tonalá,nuevo,Centro
C-9501240FB3,2026-09-11 18:25:03,Ricardo Flores,ricardo.flores.45@obelie.mx,3343802286,Tlaquepaque,evento,Centro
C-0E60ABACD3,2026-09-11 18:25:04,Hugo Salazar,hugo.salazar.49@obelie.mx,3345642736,Tlajomulco,frecuente,Centro
C-2AADAFC7EF,2026-09-11 18:25:05,Camila Herrera,camila.herrera.81@obelie.mx,3327903561,Tonalá,evento,Plaza Obelie
C-135E48DC09,2026-09-11 18:25:05,Elena Vargas,elena.vargas.95@obelie.mx,3381492544,Tlajomulco,nuevo,Sur
C-6C321A3639,2026-09-11 18:25:06,Paola Nunez,paola.nunez.99@obelie.mx,3391576705,Tlaquepaque,mayoreo,Centro
C-C3F437FAFD,2026-09-11 18:25:06,Ricardo Flores,ricardo.flores.27@obelie.mx,3318796239,Tlajomulco,frecuente,Plaza Obelie
C-99A68CF6E8,2026-09-11 18:25:07,Valeria Ortiz,valeria.ortiz.27@obelie.mx,3324324764,Tlaquepaque,nuevo,Plaza Obelie
C-CA8328D429,2026-09-11 18:25:08,Valeria Ortiz,valeria.ortiz.97@obelie.mx,3353862016,Guadalajara,mayoreo,Norte
C-C3E2F49690,2026-09-11 18:25:08,Sofia Ramirez,sofia.ramirez.84@obelie.mx,3325075230,Tlajomulco,nuevo,Plaza Obelie
C-07EC28F49A,2026-09-11 18:25:09,Mateo Aguilar,mateo.aguilar.70@obelie.mx,3333019595,Guadalajara,evento,Centro
C-573906E7B7,2026-09-11 18:25:10,Camila Herrera,camila.herrera.87@obelie.mx,3341207753,Zapopan,evento,Plaza Obelie
C-692499D9C8,2026-09-11 18:25:10,Daniela Pineda,daniela.pineda.26@obelie.mx,3367879808,Guadalajara,evento,Centro
C-239C22F0FF,2026-09-11 18:25:11,Elena Vargas,elena.vargas.11@obelie.mx,3364432063,Guadalajara,frecuente,Sur
C-F847AF9F39,2026-09-11 18:25:12,Fernando Diaz,fernando.diaz.56@obelie.mx,3325459121,Tlajomulco,frecuente,Sur
C-56B082267B,2026-09-11 18:25:12,Camila Herrera,camila.herrera.94@obelie.mx,3338764350,Tonalá,frecuente,Centro
C-7E0B667FBA,2026-09-11 18:25:13,Mateo Aguilar,mateo.aguilar.95@obelie.mx,3347648711,Zapopan,evento,Norte
C-4BB3F50940,2026-09-11 18:25:14,Daniela Pineda,daniela.pineda.85@obelie.mx,3385436094,Zapopan,evento,Sur
C-6B7F2B72DF,2026-09-11 18:25:14,Elena Vargas,elena.vargas.54@obelie.mx,3353309357,Tonalá,nuevo,Norte
C-ED1FBEDFDE,2026-09-11 18:25:15,Mateo Aguilar,mateo.aguilar.61@obelie.mx,3358089585,Guadalajara,mayoreo,Norte
C-6773591791,2026-09-11 18:25:15,Sofia Ramirez,sofia.ramirez.69@obelie.mx,3379867925,Guadalajara,mayoreo,Centro
C-7EEEC7A9DF,2026-09-11 18:25:16,Jorge Castillo,jorge.castillo.27@obelie.mx,3319088151,Tonalá,mayoreo,Sur
C-4B6536F7AA,2026-09-11 18:25:17,Fernando Diaz,fernando.diaz.83@obelie.mx,3314584034,Tlaquepaque,nuevo,Norte
C-D248E0F03A,2026-09-11 18:25:17,Camila Herrera,camila.herrera.88@obelie.mx,3389536758,Tonalá,nuevo,Sur
C-F1BBCEAA41,2026-09-11 18:25:18,Camila Herrera,camila.herrera.25@obelie.mx,3320609343,Guadalajara,mayoreo,Sur
C-DE2F17A697,2026-09-11 18:25:18,Fernando Diaz,fernando.diaz.83@obelie.mx,3359625583,Tlajomulco,mayoreo,Norte
C-E47FDCF5C8,2026-09-11 18:25:19,Jorge Castillo,jorge.castillo.78@obelie.mx,3373107369,Tonalá,frecuente,Sur
C-805BF59457,2026-09-11 18:25:19,Paola Nunez,paola.nunez.39@obelie.mx,3387576960,Tlaquepaque,mayoreo,Norte
C-6E84D7CE1C,2026-09-11 18:25:20,Fernando Diaz,fernando.diaz.57@obelie.mx,3399271475,Tlaquepaque,nuevo,Centro
C-2319E0142D,2026-09-11 18:25:21,Jorge Castillo,jorge.castillo.77@obelie.mx,3351235785,Tlaquepaque,mayoreo,Norte
C-BE34E1760F,2026-09-11 18:25:21,Mateo Aguilar,mateo.aguilar.22@obelie.mx,3373965111,Tonalá,mayoreo,Sur
C-9838A57521,2026-09-11 18:25:22,Andres Molina,andres.molina.73@obelie.mx,3334507104,Guadalajara,frecuente,Plaza Obelie
C-7565B8FBBD,2026-09-11 18:25:22,Paola Nunez,paola.nunez.72@obelie.mx,3316827951,Tlaquepaque,frecuente,Centro
C-5636787F53,2026-09-11 18:25:23,Elena Vargas,elena.vargas.35@obelie.mx,3330964732,Tlaquepaque,nuevo,Centro
C-607EC88392,2026-09-11 18:25:24,Daniela Pineda,daniela.pineda.34@obelie.mx,3363709882,Tlaquepaque,mayoreo,Sur
C-208DDA23FB,2026-09-11 18:25:24,Paola Nunez,paola.nunez.84@obelie.mx,3372812372,Zapopan,mayoreo,Centro
C-1440936322,2026-09-11 18:25:25,Paola Nunez,paola.nunez.85@obelie.mx,3375619091,Guadalajara,mayoreo,Norte
C-6D1BFD18E2,2026-09-11 18:25:25,Hugo Salazar,hugo.salazar.26@obelie.mx,3371782722,Tlaquepaque,frecuente,Plaza Obelie
C-DA48C26A50,2026-09-11 18:25:26,Ricardo Flores,ricardo.flores.55@obelie.mx,3356494461,Tonalá,nuevo,Sur
C-9171DED971,2026-09-11 18:25:26,Camila Herrera,camila.herrera.37@obelie.mx,3377883711,Tlajomulco,evento,Centro
C-B774C51CD5,2026-09-11 18:25:27,Ricardo Flores,ricardo.flores.33@obelie.mx,3318104758,Tlaquepaque,evento,Norte
C-E738C9DD54,2026-09-11 18:25:28,Daniela Pineda,daniela.pineda.94@obelie.mx,3368445595,Tonalá,evento,Sur
C-BAF9F802BD,2026-09-11 18:25:28,Jorge Castillo,jorge.castillo.96@obelie.mx,3395131514,Guadalajara,frecuente,Sur
C-3D2AC81E54,2026-09-11 18:25:29,Camila Herrera,camila.herrera.70@obelie.mx,3351017792,Zapopan,evento,Centro
C-E02DD47ACF,2026-09-11 18:25:30,Valeria Ortiz,valeria.ortiz.80@obelie.mx,3328444968,Zapopan,nuevo,Plaza Obelie
C-7D353E3273,2026-09-11 18:25:31,Elena Vargas,elena.vargas.30@obelie.mx,3363519482,Tonalá,frecuente,Sur
C-3C27D90225,2026-09-11 18:25:31,Camila Herrera,camila.herrera.29@obelie.mx,3387351047,Zapopan,nuevo,Centro
C-4C4FE2444F,2026-09-11 18:25:32,Daniela Pineda,daniela.pineda.43@obelie.mx,3392821346,Tlaquepaque,frecuente,Norte
C-D7EBFCDCB4,2026-09-11 18:25:32,Camila Herrera,camila.herrera.21@obelie.mx,3399349725,Guadalajara,evento,Sur
C-F2CB94E6BE,2026-09-11 18:25:33,Andres Molina,andres.molina.16@obelie.mx,3317485436,Guadalajara,nuevo,Sur
C-E96A7C9E77,2026-09-11 18:25:33,Paola Nunez,paola.nunez.14@obelie.mx,3311392119,Zapopan,mayoreo,Sur
C-8879B87284,2026-09-11 18:25:34,Elena Vargas,elena.vargas.18@obelie.mx,3350952088,Tlaquepaque,frecuente,Plaza Obelie
C-2F57B81A65,2026-09-11 18:25:35,Elena Vargas,elena.vargas.79@obelie.mx,3384058863,Tonalá,nuevo,Centro
C-46638B68F1,2026-09-11 18:25:35,Jorge Castillo,jorge.castillo.68@obelie.mx,3311324032,Tlajomulco,frecuente,Sur
C-0E9DF9D6E0,2026-09-11 18:25:36,Paola Nunez,paola.nunez.87@obelie.mx,3322569882,Tonalá,mayoreo,Sur
C-F9A6A7A7CF,2026-09-11 18:25:37,Andres Molina,andres.molina.50@obelie.mx,3374373975,Tlajomulco,nuevo,Centro
C-8E139A26C7,2026-09-11 18:25:37,Jorge Castillo,jorge.castillo.92@obelie.mx,3383818758,Zapopan,nuevo,Norte
C-0AAB800B33,2026-09-11 18:25:38,Ricardo Flores,ricardo.flores.48@obelie.mx,3371224847,Guadalajara,mayoreo,Sur
C-C5B7B7FD09,2026-09-11 18:25:38,Valeria Ortiz,valeria.ortiz.72@obelie.mx,3366441193,Zapopan,frecuente,Centro
C-EC313FB2CF,2026-09-11 18:25:39,Valeria Ortiz,valeria.ortiz.65@obelie.mx,3348732171,Tlaquepaque,nuevo,Plaza Obelie
C-7693CCE21A,2026-09-11 18:25:39,Fernando Diaz,fernando.diaz.11@obelie.mx,3397756658,Tlajomulco,mayoreo,Centro
C-6753688563,2026-09-11 18:25:40,Ricardo Flores,ricardo.flores.75@obelie.mx,3389295827,Zapopan,frecuente,Centro
C-7A9F9846A6,2026-09-11 18:25:41,Andres Molina,andres.molina.11@obelie.mx,3375673242,Tlajomulco,frecuente,Centro
C-E12B133A10,2026-09-11 18:25:42,Paola Nunez,paola.nunez.33@obelie.mx,3325433572,Tlaquepaque,nuevo,Sur
C-9D16C2C68E,2026-09-11 18:25:42,Jorge Castillo,jorge.castillo.26@obelie.mx,3354892145,Tlajomulco,nuevo,Norte
C-B4252CBED3,2026-09-11 18:25:43,Hugo Salazar,hugo.salazar.91@obelie.mx,3338718425,Tonalá,nuevo,Sur
C-019E966A1F,2026-09-11 18:25:44,Valeria Ortiz,valeria.ortiz.80@obelie.mx,3359702377,Guadalajara,evento,Sur
C-F1DF6D1E1A,2026-09-11 18:25:45,Jorge Castillo,jorge.castillo.55@obelie.mx,3318025105,Guadalajara,evento,Plaza Obelie
C-5B3374CBF3,2026-09-11 18:25:45,Andres Molina,andres.molina.87@obelie.mx,3399604938,Tlaquepaque,evento,Norte
C-72012A0C44,2026-09-11 18:25:46,Elena Vargas,elena.vargas.65@obelie.mx,3317357724,Guadalajara,mayoreo,Sur
C-972C1E4B95,2026-09-11 18:25:47,Hugo Salazar,hugo.salazar.29@obelie.mx,3392405111,Tlajomulco,frecuente,Plaza Obelie
C-D4E29C2B3C,2026-09-11 18:25:48,Hugo Salazar,hugo.salazar.60@obelie.mx,3348635062,Zapopan,mayoreo,Sur
C-A7BBF34589,2026-09-11 18:25:48,Sofia Ramirez,sofia.ramirez.77@obelie.mx,3311938609,Zapopan,evento,Centro
C-FB1FAC5633,2026-09-11 18:25:49,Ricardo Flores,ricardo.flores.80@obelie.mx,3334326217,Tonalá,evento,Centro
C-D0A8EFD66E,2026-09-11 18:25:50,Fernando Diaz,fernando.diaz.94@obelie.mx,3388108636,Tlaquepaque,frecuente,Centro
C-DFB3B4A5AB,2026-09-11 18:25:51,Hugo Salazar,hugo.salazar.80@obelie.mx,3332609378,Tonalá,frecuente,Plaza Obelie
C-44CEFF5085,2026-09-11 18:25:51,Mateo Aguilar,mateo.aguilar.96@obelie.mx,3328443833,Zapopan,frecuente,Centro
C-DA4161B061,2026-09-11 18:25:52,Hugo Salazar,hugo.salazar.18@obelie.mx,3331487710,Tlaquepaque,nuevo,Plaza Obelie
C-63F463A10F,2026-09-11 18:25:52,Elena Vargas,elena.vargas.66@obelie.mx,3373534304,Tlaquepaque,nuevo,Sur
C-19659B85DF,2026-09-11 18:25:53,Paola Nunez,paola.nunez.57@obelie.mx,3338964278,Tlajomulco,evento,Sur
C-952327461E,2026-09-11 18:25:53,Paola Nunez,paola.nunez.83@obelie.mx,3362604480,Guadalajara,mayoreo,Centro
C-B7D0CA9E38,2026-09-11 18:25:54,Valeria Ortiz,valeria.ortiz.93@obelie.mx,3362311838,Tlajomulco,frecuente,Norte
C-0ACF452392,2026-09-11 18:25:55,Mateo Aguilar,mateo.aguilar.91@obelie.mx,3351468994,Tlajomulco,evento,Sur
C-F237335F11,2026-09-11 18:25:55,Andres Molina,andres.molina.52@obelie.mx,3386828927,Tlaquepaque,evento,Centro
C-1144B111D8,2026-09-11 18:25:56,Hugo Salazar,hugo.salazar.72@obelie.mx,3395605561,Tonalá,nuevo,Sur
C-8D2F3D681A,2026-09-11 18:25:57,Camila Herrera,camila.herrera.24@obelie.mx,3385606484,Tonalá,nuevo,Norte
C-AC1DD8787A,2026-09-11 18:25:57,Andres Molina,andres.molina.58@obelie.mx,3348963161,Tlaquepaque,nuevo,Sur
C-CB79C3F2A1,2026-09-11 18:25:58,Ricardo Flores,ricardo.flores.72@obelie.mx,3381475180,Zapopan,frecuente,Sur
C-2B6A32C377,2026-09-11 18:25:58,Mateo Aguilar,mateo.aguilar.70@obelie.mx,3328515940,Tlaquepaque,nuevo,Sur
C-6218EE8AE5,2026-09-11 18:25:59,Paola Nunez,paola.nunez.95@obelie.mx,3341873519,Tlaquepaque,evento,Plaza Obelie
C-DEF0BB139F,2026-09-11 18:25:59,Sofia Ramirez,sofia.ramirez.25@obelie.mx,3387112569,Tlajomulco,nuevo,Centro
C-B829AA416B,2026-09-11 18:26:00,Jorge Castillo,jorge.castillo.71@obelie.mx,3330724164,Guadalajara,nuevo,Sur
C-8E61565CB6,2026-09-11 18:26:01,Camila Herrera,camila.herrera.29@obelie.mx,3365256115,Guadalajara,frecuente,Centro
C-495FF9CD03,2026-09-11 18:26:02,Mateo Aguilar,mateo.aguilar.86@obelie.mx,3375937180,Guadalajara,evento,Norte
C-B90A17236A,2026-09-11 18:26:03,Fernando Diaz,fernando.diaz.46@obelie.mx,3328785236,Tonalá,nuevo,Sur
C-BBEBE98507,2026-09-11 18:26:03,Elena Vargas,elena.vargas.51@obelie.mx,3321124477,Tlaquepaque,mayoreo,Sur
C-737E8AA556,2026-09-11 18:26:04,Hugo Salazar,hugo.salazar.14@obelie.mx,3316138027,Tonalá,evento,Plaza Obelie
C-C9AFC7156C,2026-09-11 18:26:05,Sofia Ramirez,sofia.ramirez.92@obelie.mx,3360945187,Tlajomulco,nuevo,Norte
C-2EDAAEF6AB,2026-09-11 18:26:06,Hugo Salazar,hugo.salazar.11@obelie.mx,3365315358,Tlajomulco,evento,Plaza Obelie
C-67DAE826B5,2026-09-11 18:26:06,Elena Vargas,elena.vargas.60@obelie.mx,3328066463,Tlajomulco,mayoreo,Centro
C-10F23D9057,2026-09-11 18:26:07,Valeria Ortiz,valeria.ortiz.57@obelie.mx,3322595902,Tonalá,mayoreo,Norte
C-9E6CF76CF2,2026-09-11 18:26:07,Elena Vargas,elena.vargas.83@obelie.mx,3370676226,Guadalajara,mayoreo,Sur
C-670961B477,2026-09-11 18:26:08,Sofia Ramirez,sofia.ramirez.74@obelie.mx,3331968557,Zapopan,frecuente,Sur
C-86492DDD36,2026-09-11 18:26:08,Hugo Salazar,hugo.salazar.21@obelie.mx,3358602227,Zapopan,mayoreo,Plaza Obelie
C-44B729EF9F,2026-09-11 18:26:09,Elena Vargas,elena.vargas.40@obelie.mx,3386205386,Tlaquepaque,frecuente,Norte
C-6252A9A0E1,2026-09-11 18:26:10,Sofia Ramirez,sofia.ramirez.24@obelie.mx,3393967804,Tlajomulco,frecuente,Plaza Obelie
C-75655109F2,2026-09-11 18:26:11,Sofia Ramirez,sofia.ramirez.48@obelie.mx,3363412630,Guadalajara,nuevo,Centro
C-1236E9A765,2026-09-11 18:26:11,Camila Herrera,camila.herrera.90@obelie.mx,3361997060,Tlajomulco,evento,Plaza Obelie
C-423A01D867,2026-09-11 18:26:12,Elena Vargas,elena.vargas.80@obelie.mx,3323427549,Tlaquepaque,nuevo,Plaza Obelie
C-E241A653F8,2026-09-11 18:26:13,Elena Vargas,elena.vargas.98@obelie.mx,3396601198,Tonalá,nuevo,Norte
C-563416EDF8,2026-09-11 18:26:14,Sofia Ramirez,sofia.ramirez.30@obelie.mx,3364682127,Tlaquepaque,evento,Sur
C-DC4BE9D089,2026-09-11 18:26:14,Fernando Diaz,fernando.diaz.48@obelie.mx,3378246359,Tlajomulco,nuevo,Norte
C-6F1E2A76E8,2026-09-11 18:26:15,Fernando Diaz,fernando.diaz.80@obelie.mx,3397162644,Tlajomulco,evento,Plaza Obelie
C-32D24DEDB7,2026-09-11 18:26:16,Andres Molina,andres.molina.19@obelie.mx,3370598770,Tonalá,nuevo,Norte
C-FB027CD3CB,2026-09-11 18:26:16,Daniela Pineda,daniela.pineda.88@obelie.mx,3333789413,Tlaquepaque,evento,Norte
C-77660C9833,2026-09-11 18:26:17,Paola Nunez,paola.nunez.63@obelie.mx,3392676593,Tonalá,nuevo,Plaza Obelie
C-70C13DAECE,2026-09-11 18:26:18,Andres Molina,andres.molina.54@obelie.mx,3322323868,Tlaquepaque,evento,Centro
C-AC1D0F22CC,2026-09-11 18:26:18,Daniela Pineda,daniela.pineda.72@obelie.mx,3395077564,Tonalá,nuevo,Sur
C-C7ABD3CC6F,2026-09-11 18:26:19,Paola Nunez,paola.nunez.78@obelie.mx,3338824806,Zapopan,mayoreo,Centro
C-FB70D50524,2026-09-11 18:26:20,Mateo Aguilar,mateo.aguilar.35@obelie.mx,3378883901,Zapopan,frecuente,Sur
C-14894AB3C1,2026-09-11 18:26:20,Elena Vargas,elena.vargas.69@obelie.mx,3332604742,Guadalajara,evento,Centro
C-E059EE03C5,2026-09-11 18:26:21,Sofia Ramirez,sofia.ramirez.81@obelie.mx,3336292269,Tlajomulco,mayoreo,Plaza Obelie
C-FF91B6AD1B,2026-09-11 18:26:22,Camila Herrera,camila.herrera.60@obelie.mx,3392555308,Tlaquepaque,evento,Centro
C-1DA94C280A,2026-09-11 18:26:22,Valeria Ortiz,valeria.ortiz.89@obelie.mx,3359987017,Zapopan,frecuente,Sur
C-7A42CC05F1,2026-09-11 18:26:23,Elena Vargas,elena.vargas.87@obelie.mx,3311277865,Tonalá,mayoreo,Norte
C-270382DFC2,2026-09-11 18:26:24,Daniela Pineda,daniela.pineda.22@obelie.mx,3392593157,Tonalá,mayoreo,Centro
C-88DD2444A4,2026-09-11 18:26:25,Daniela Pineda,daniela.pineda.45@obelie.mx,3396951858,Tlajomulco,mayoreo,Centro
C-2A08B725A8,2026-09-11 18:26:25,Daniela Pineda,daniela.pineda.18@obelie.mx,3348569605,Zapopan,nuevo,Norte
C-8DC9878A9B,2026-09-11 18:26:26,Mateo Aguilar,mateo.aguilar.37@obelie.mx,3358459793,Zapopan,nuevo,Centro
C-2219F70B3A,2026-09-11 18:26:27,Elena Vargas,elena.vargas.39@obelie.mx,3331925440,Tlajomulco,mayoreo,Sur
C-6B032F470C,2026-09-11 18:26:27,Jorge Castillo,jorge.castillo.71@obelie.mx,3375199379,Tlajomulco,nuevo,Sur
C-07B8BD194D,2026-09-11 18:26:28,Elena Vargas,elena.vargas.79@obelie.mx,3384408131,Tlaquepaque,evento,Centro
C-E80DD032A2,2026-09-11 18:26:28,Ricardo Flores,ricardo.flores.10@obelie.mx,3343024118,Zapopan,mayoreo,Plaza Obelie
C-88CC5808BF,2026-09-11 18:26:29,Camila Herrera,camila.herrera.31@obelie.mx,3364449364,Tlajomulco,evento,Sur
C-B439B0FBA3,2026-09-11 18:26:30,Jorge Castillo,jorge.castillo.34@obelie.mx,3364635521,Tlaquepaque,mayoreo,Plaza Obelie
C-80FBB00B7B,2026-09-11 18:26:30,Andres Molina,andres.molina.29@obelie.mx,3385849570,Guadalajara,nuevo,Sur
C-C52682B0A8,2026-09-11 18:26:31,Fernando Diaz,fernando.diaz.41@obelie.mx,3361499947,Tonalá,mayoreo,Norte
C-98E24A3348,2026-09-11 18:26:32,Ricardo Flores,ricardo.flores.83@obelie.mx,3317553303,Tlajomulco,evento,Norte
C-DFB2BB22D4,2026-09-11 18:26:32,Valeria Ortiz,valeria.ortiz.53@obelie.mx,3348228945,Zapopan,evento,Centro
C-A784C25FE7,2026-09-11 18:26:33,Elena Vargas,elena.vargas.16@obelie.mx,3328563235,Tlaquepaque,nuevo,Plaza Obelie
C-27F751330F,2026-09-11 18:26:34,Sofia Ramirez,sofia.ramirez.27@obelie.mx,3353161304,Tlajomulco,evento,Centro
C-CC69EE6FF3,2026-09-11 18:26:34,Mateo Aguilar,mateo.aguilar.97@obelie.mx,3323693628,Tlajomulco,evento,Plaza Obelie
C-6F19FEC9A1,2026-09-11 18:26:35,Mateo Aguilar,mateo.aguilar.77@obelie.mx,3375626197,Guadalajara,evento,Centro
C-0FBF15CCBC,2026-09-11 18:26:35,Elena Vargas,elena.vargas.97@obelie.mx,3328108142,Tlajomulco,frecuente,Sur
C-9BDDDA201A,2026-09-11 18:26:36,Elena Vargas,elena.vargas.88@obelie.mx,3373918400,Tlajomulco,frecuente,Centro
C-EF77D7CAC5,2026-09-11 18:26:37,Daniela Pineda,daniela.pineda.68@obelie.mx,3361816928,Tonalá,frecuente,Plaza Obelie
C-5BC62595A8,2026-09-11 18:26:38,Fernando Diaz,fernando.diaz.20@obelie.mx,3384522643,Tlaquepaque,evento,Norte
C-EA908FE288,2026-09-11 18:26:38,Jorge Castillo,jorge.castillo.67@obelie.mx,3344203003,Tlajomulco,frecuente,Plaza Obelie
C-FF416AA5A0,2026-09-11 18:26:39,Hugo Salazar,hugo.salazar.47@obelie.mx,3365896632,Zapopan,nuevo,Norte
C-3B01D2FA0B,2026-09-11 18:26:40,Paola Nunez,paola.nunez.93@obelie.mx,3368667232,Tlajomulco,nuevo,Sur
C-69E0762611,2026-09-11 18:26:40,Daniela Pineda,daniela.pineda.36@obelie.mx,3348118406,Tlaquepaque,nuevo,Norte
C-DF7DFB3D1E,2026-09-11 18:26:41,Daniela Pineda,daniela.pineda.76@obelie.mx,3397945953,Zapopan,mayoreo,Centro
C-319CED2455,2026-09-11 18:26:41,Camila Herrera,camila.herrera.50@obelie.mx,3355904237,Tonalá,mayoreo,Centro
C-811373AFB5,2026-09-11 18:26:41,Fernando Diaz,fernando.diaz.17@obelie.mx,3331946094,Zapopan,nuevo,Norte
C-95874FE3D3,2026-09-11 18:26:42,Ricardo Flores,ricardo.flores.80@obelie.mx,3398382268,Zapopan,mayoreo,Plaza Obelie
C-38A4012E48,2026-09-11 18:26:42,Mateo Aguilar,mateo.aguilar.73@obelie.mx,3322693707,Tlaquepaque,evento,Plaza Obelie
C-6ACE08EE5B,2026-09-11 18:26:43,Andres Molina,andres.molina.14@obelie.mx,3344138950,Tlaquepaque,evento,Centro
C-7E54EE7C03,2026-09-11 18:26:44,Sofia Ramirez,sofia.ramirez.61@obelie.mx,3370634220,Zapopan,mayoreo,Centro
C-D48C5EA23B,2026-09-11 18:26:44,Jorge Castillo,jorge.castillo.99@obelie.mx,3367162729,Tlajomulco,evento,Norte
C-3F1AC9E0B1,2026-09-11 18:26:45,Valeria Ortiz,valeria.ortiz.31@obelie.mx,3385464907,Zapopan,frecuente,Sur
C-699702D670,2026-09-11 18:26:45,Valeria Ortiz,valeria.ortiz.91@obelie.mx,3377832976,Tlaquepaque,evento,Plaza Obelie
C-AFE80FABDB,2026-09-11 18:26:46,Mateo Aguilar,mateo.aguilar.83@obelie.mx,3392541403,Tonalá,frecuente,Norte
C-1622F0E7FE,2026-09-11 18:26:46,Jorge Castillo,jorge.castillo.16@obelie.mx,3327687690,Tonalá,nuevo,Plaza Obelie
C-F957CC8DD1,2026-09-11 18:26:47,Daniela Pineda,daniela.pineda.74@obelie.mx,3321696372,Tlajomulco,nuevo,Centro
C-10F4BD2980,2026-09-11 18:26:48,Daniela Pineda,daniela.pineda.39@obelie.mx,3398076197,Tlaquepaque,frecuente,Sur
C-6C4A2DFBD8,2026-09-11 18:26:48,Elena Vargas,elena.vargas.65@obelie.mx,3353276924,Tlaquepaque,mayoreo,Sur
C-8AC5859646,2026-09-11 18:26:49,Hugo Salazar,hugo.salazar.81@obelie.mx,3365451189,Tlaquepaque,mayoreo,Centro
C-494238030B,2026-09-11 18:26:50,Elena Vargas,elena.vargas.84@obelie.mx,3334661577,Tonalá,nuevo,Norte
C-22EF5B1EDF,2026-09-11 18:26:50,Ricardo Flores,ricardo.flores.87@obelie.mx,3371987322,Guadalajara,evento,Plaza Obelie
C-3F94743F09,2026-09-11 18:26:51,Ricardo Flores,ricardo.flores.88@obelie.mx,3337325487,Zapopan,nuevo,Norte
C-70ED2C6820,2026-09-11 18:26:51,Sofia Ramirez,sofia.ramirez.97@obelie.mx,3339375865,Zapopan,mayoreo,Centro
C-A8BD01D743,2026-09-11 18:26:52,Daniela Pineda,daniela.pineda.13@obelie.mx,3398329352,Tlaquepaque,evento,Sur
C-C64DDD3F8D,2026-09-11 18:26:53,Elena Vargas,elena.vargas.40@obelie.mx,3310225036,Tlaquepaque,nuevo,Norte
C-1FD8B254A8,2026-09-11 18:26:53,Valeria Ortiz,valeria.ortiz.48@obelie.mx,3375391221,Zapopan,mayoreo,Norte
C-80136598B2,2026-09-11 18:26:54,Jorge Castillo,jorge.castillo.31@obelie.mx,3312311275,Guadalajara,mayoreo,Norte
C-F427D2679C,2026-09-11 18:26:54,Mateo Aguilar,mateo.aguilar.23@obelie.mx,3356918382,Guadalajara,evento,Sur
C-61CE12ED4F,2026-09-11 18:26:55,Camila Herrera,camila.herrera.80@obelie.mx,3361171298,Guadalajara,frecuente,Centro
C-6C47885B13,2026-09-11 18:26:56,Jorge Castillo,jorge.castillo.89@obelie.mx,3318064487,Tlaquepaque,mayoreo,Sur
C-9D4562F291,2026-09-11 18:26:56,Ricardo Flores,ricardo.flores.60@obelie.mx,3394991027,Tlajomulco,frecuente,Sur
C-156FCFC147,2026-09-11 18:26:57,Camila Herrera,camila.herrera.82@obelie.mx,3353217544,Guadalajara,evento,Centro
C-6CE9262214,2026-09-11 18:26:58,Ricardo Flores,ricardo.flores.39@obelie.mx,3384695533,Guadalajara,nuevo,Plaza Obelie
C-A2EDDBE2C2,2026-09-11 18:26:59,Mateo Aguilar,mateo.aguilar.57@obelie.mx,3333216935,Tlaquepaque,nuevo,Centro
C-189ABC449F,2026-09-11 18:26:59,Mateo Aguilar,mateo.aguilar.36@obelie.mx,3371844369,Guadalajara,nuevo,Plaza Obelie
C-95520D8E77,2026-09-11 18:27:00,Hugo Salazar,hugo.salazar.39@obelie.mx,3312508439,Tlaquepaque,mayoreo,Centro
C-347A500B06,2026-09-11 18:27:00,Elena Vargas,elena.vargas.63@obelie.mx,3392448883,Tonalá,nuevo,Plaza Obelie
C-A0BBDA8E39,2026-09-11 18:27:01,Paola Nunez,paola.nunez.16@obelie.mx,3372921225,Tonalá,mayoreo,Norte
C-2B44369E56,2026-09-11 18:27:01,Fernando Diaz,fernando.diaz.88@obelie.mx,3361879455,Tlaquepaque,mayoreo,Sur
C-8A92752B38,2026-09-11 18:27:01,Andres Molina,andres.molina.24@obelie.mx,3312703285,Tlaquepaque,evento,Centro
C-CBA6189247,2026-09-11 18:27:02,Paola Nunez,paola.nunez.34@obelie.mx,3347712400,Tonalá,mayoreo,Sur
C-A3CEC4A032,2026-09-11 18:27:03,Hugo Salazar,hugo.salazar.19@obelie.mx,3391072536,Tlajomulco,nuevo,Norte
C-2DDFBD9B9C,2026-09-11 18:27:04,Sofia Ramirez,sofia.ramirez.22@obelie.mx,3346419399,Guadalajara,evento,Norte
C-ECE9FEA6DD,2026-09-11 18:27:04,Camila Herrera,camila.herrera.70@obelie.mx,3390505798,Guadalajara,frecuente,Centro
C-A35224B296,2026-09-11 18:27:05,Andres Molina,andres.molina.32@obelie.mx,3395209264,Zapopan,frecuente,Norte
C-76EFB9648F,2026-09-11 18:27:05,Mateo Aguilar,mateo.aguilar.81@obelie.mx,3318824503,Tlaquepaque,mayoreo,Sur
C-F4C582847F,2026-09-11 18:27:06,Daniela Pineda,daniela.pineda.12@obelie.mx,3360662231,Zapopan,mayoreo,Centro
C-EC95F889E1,2026-09-11 18:27:06,Mateo Aguilar,mateo.aguilar.46@obelie.mx,3338437130,Guadalajara,evento,Plaza Obelie
C-B7BBE9F953,2026-09-11 18:27:07,Sofia Ramirez,sofia.ramirez.93@obelie.mx,3316403127,Tlaquepaque,evento,Plaza Obelie
C-0D22813911,2026-09-11 18:27:08,Hugo Salazar,hugo.salazar.50@obelie.mx,3397494804,Zapopan,frecuente,Sur
C-52E30098F4,2026-09-11 18:27:08,Elena Vargas,elena.vargas.32@obelie.mx,3333767970,Guadalajara,mayoreo,Sur
C-7A20581DC9,2026-09-11 18:27:09,Sofia Ramirez,sofia.ramirez.80@obelie.mx,3338718571,Guadalajara,frecuente,Sur
C-E2C69E76DA,2026-09-11 18:27:10,Daniela Pineda,daniela.pineda.82@obelie.mx,3352758149,Zapopan,evento,Norte
C-05DE435D64,2026-09-11 18:27:10,Elena Vargas,elena.vargas.17@obelie.mx,3385386238,Tonalá,evento,Centro
C-1F12C1E6AE,2026-09-11 18:27:11,Camila Herrera,camila.herrera.66@obelie.mx,3372197565,Guadalajara,mayoreo,Plaza Obelie
C-99EF22FFA7,2026-09-11 18:27:11,Daniela Pineda,daniela.pineda.95@obelie.mx,3313456483,Tonalá,mayoreo,Plaza Obelie
C-0B172B6A91,2026-09-11 18:27:12,Daniela Pineda,daniela.pineda.89@obelie.mx,3398806636,Tlaquepaque,nuevo,Plaza Obelie
C-E5CF1358BE,2026-09-11 18:27:13,Fernando Diaz,fernando.diaz.25@obelie.mx,3369467578,Tlajomulco,mayoreo,Plaza Obelie
C-23930F1C66,2026-09-11 18:27:14,Camila Herrera,camila.herrera.65@obelie.mx,3361746039,Guadalajara,nuevo,Centro
C-4A0B37CF03,2026-09-11 18:27:14,Camila Herrera,camila.herrera.35@obelie.mx,3360987534,Tonalá,frecuente,Norte
C-7512A3A3CD,2026-09-11 18:27:15,Jorge Castillo,jorge.castillo.38@obelie.mx,3323943200,Tonalá,frecuente,Norte
C-982A85EFE1,2026-09-11 18:27:16,Sofia Ramirez,sofia.ramirez.29@obelie.mx,3346158824,Tonalá,nuevo,Plaza Obelie
C-8E117FEB03,2026-09-11 18:27:17,Paola Nunez,paola.nunez.20@obelie.mx,3333443699,Tonalá,evento,Sur
C-3A13250507,2026-09-11 18:27:17,Jorge Castillo,jorge.castillo.31@obelie.mx,3336467570,Tlaquepaque,nuevo,Plaza Obelie
C-4704745349,2026-09-11 18:27:18,Ricardo Flores,ricardo.flores.49@obelie.mx,3392169925,Zapopan,evento,Sur
C-3E645BBF30,2026-09-11 18:27:19,Camila Herrera,camila.herrera.38@obelie.mx,3369075400,Tonalá,frecuente,Norte
C-AC7109C60E,2026-09-11 18:27:20,Sofia Ramirez,sofia.ramirez.34@obelie.mx,3328286571,Guadalajara,nuevo,Plaza Obelie
C-F17C908408,2026-09-11 18:27:21,Elena Vargas,elena.vargas.40@obelie.mx,3390559683,Tlajomulco,frecuente,Plaza Obelie
C-7799477533,2026-09-11 18:27:21,Elena Vargas,elena.vargas.79@obelie.mx,3368305011,Guadalajara,frecuente,Norte
C-96359E4A36,2026-09-11 18:27:22,Andres Molina,andres.molina.94@obelie.mx,3326087412,Tonalá,mayoreo,Norte
C-6AD06875B5,2026-09-11 18:27:22,Andres Molina,andres.molina.37@obelie.mx,3390123080,Zapopan,frecuente,Sur
C-59E4A67200,2026-09-11 18:27:23,Elena Vargas,elena.vargas.79@obelie.mx,3376025570,Tonalá,nuevo,Sur
C-8112C0D1CF,2026-09-11 18:27:24,Andres Molina,andres.molina.28@obelie.mx,3371634762,Guadalajara,nuevo,Sur
C-827E9866F5,2026-09-11 18:27:24,Camila Herrera,camila.herrera.22@obelie.mx,3341249869,Tlaquepaque,evento,Plaza Obelie
C-0836686E18,2026-09-11 18:27:25,Camila Herrera,camila.herrera.59@obelie.mx,3326853478,Tonalá,nuevo,Norte
C-2818169225,2026-09-11 18:27:26,Valeria Ortiz,valeria.ortiz.33@obelie.mx,3363098375,Tlaquepaque,frecuente,Norte
C-21586FC439,2026-09-11 18:27:26,Mateo Aguilar,mateo.aguilar.97@obelie.mx,3326522985,Tlajomulco,nuevo,Norte
C-E167AC2AD1,2026-09-11 18:27:27,Camila Herrera,camila.herrera.30@obelie.mx,3314819084,Tlajomulco,frecuente,Centro
C-591E953726,2026-09-11 18:27:28,Ricardo Flores,ricardo.flores.59@obelie.mx,3377974639,Tlajomulco,frecuente,Plaza Obelie
C-4195CC17CA,2026-09-11 18:27:29,Mateo Aguilar,mateo.aguilar.19@obelie.mx,3322173705,Tonalá,mayoreo,Centro
C-61E431FF7A,2026-09-11 18:27:29,Valeria Ortiz,valeria.ortiz.86@obelie.mx,3334044757,Zapopan,evento,Norte
C-6DA62F33AA,2026-09-11 18:27:30,Ricardo Flores,ricardo.flores.80@obelie.mx,3336676913,Zapopan,evento,Sur
C-F5CC34BDE9,2026-09-11 18:27:31,Paola Nunez,paola.nunez.77@obelie.mx,3316788303,Tlaquepaque,mayoreo,Norte
C-687BBD28CD,2026-09-11 18:27:31,Camila Herrera,camila.herrera.50@obelie.mx,3315146496,Zapopan,nuevo,Norte
C-E7D7097B60,2026-09-11 18:27:32,Ricardo Flores,ricardo.flores.80@obelie.mx,3390873909,Tlajomulco,nuevo,Sur
C-C9E6640F5E,2026-09-11 18:27:33,Daniela Pineda,daniela.pineda.88@obelie.mx,3349781998,Tlaquepaque,mayoreo,Plaza Obelie
C-23F04F2605,2026-09-11 18:27:34,Valeria Ortiz,valeria.ortiz.91@obelie.mx,3311624060,Tlajomulco,evento,Plaza Obelie
C-7C65AC382D,2026-09-11 18:27:34,Jorge Castillo,jorge.castillo.73@obelie.mx,3319069612,Guadalajara,mayoreo,Centro
C-22FBD92E17,2026-09-11 18:27:35,Jorge Castillo,jorge.castillo.46@obelie.mx,3360994877,Tlaquepaque,mayoreo,Norte
C-F273958500,2026-09-11 18:27:36,Sofia Ramirez,sofia.ramirez.63@obelie.mx,3325041448,Tonalá,evento,Norte
C-9026294569,2026-09-11 18:27:36,Hugo Salazar,hugo.salazar.19@obelie.mx,3366134334,Tlaquepaque,nuevo,Plaza Obelie
C-C817E8CC74,2026-09-11 18:27:37,Andres Molina,andres.molina.29@obelie.mx,3385507820,Zapopan,frecuente,Norte
C-A442ADD038,2026-09-11 18:27:38,Valeria Ortiz,valeria.ortiz.97@obelie.mx,3343089223,Tonalá,evento,Sur
C-FD596BD93B,2026-09-11 18:27:39,Jorge Castillo,jorge.castillo.61@obelie.mx,3394012879,Tlaquepaque,nuevo,Sur
C-CCB3A7D772,2026-09-11 18:27:39,Daniela Pineda,daniela.pineda.69@obelie.mx,3377227266,Guadalajara,mayoreo,Plaza Obelie
C-04EB72C5C3,2026-09-11 18:27:40,Mateo Aguilar,mateo.aguilar.94@obelie.mx,3389096797,Tlaquepaque,frecuente,Plaza Obelie
C-ABF2CA1DE5,2026-09-11 18:27:41,Paola Nunez,paola.nunez.95@obelie.mx,3336883908,Tlaquepaque,nuevo,Centro
C-C8D8F73445,2026-09-11 18:27:42,Paola Nunez,paola.nunez.79@obelie.mx,3328346240,Zapopan,nuevo,Norte
C-B6DC2C8394,2026-09-11 18:27:42,Sofia Ramirez,sofia.ramirez.53@obelie.mx,3336983713,Tonalá,evento,Centro
C-6CABCC0A10,2026-09-11 18:27:43,Jorge Castillo,jorge.castillo.20@obelie.mx,3342532362,Zapopan,mayoreo,Plaza Obelie
C-96FBA826D9,2026-09-11 18:27:44,Camila Herrera,camila.herrera.33@obelie.mx,3319689891,Tonalá,frecuente,Sur
C-CC6A9D3DA9,2026-09-11 18:27:44,Sofia Ramirez,sofia.ramirez.77@obelie.mx,3369917056,Tonalá,evento,Centro
C-B09CFCA04C,2026-09-11 18:27:45,Fernando Diaz,fernando.diaz.92@obelie.mx,3335386490,Tlaquepaque,nuevo,Sur
C-F0CFE29B50,2026-09-11 18:27:45,Fernando Diaz,fernando.diaz.96@obelie.mx,3398235326,Tlajomulco,nuevo,Sur
C-13A8D1A135,2026-09-11 18:27:46,Valeria Ortiz,valeria.ortiz.27@obelie.mx,3339379293,Tlaquepaque,frecuente,Sur
C-92D8338083,2026-09-11 18:27:46,Valeria Ortiz,valeria.ortiz.89@obelie.mx,3338729189,Tlajomulco,nuevo,Centro
C-9928C01817,2026-09-11 18:27:47,Hugo Salazar,hugo.salazar.62@obelie.mx,3371609682,Zapopan,nuevo,Plaza Obelie
C-234755FC97,2026-09-11 18:27:48,Valeria Ortiz,valeria.ortiz.60@obelie.mx,3361734265,Zapopan,mayoreo,Plaza Obelie
C-DA622F702E,2026-09-11 18:27:48,Valeria Ortiz,valeria.ortiz.11@obelie.mx,3352059828,Tlaquepaque,mayoreo,Centro
C-1473E8146E,2026-09-11 18:27:49,Jorge Castillo,jorge.castillo.21@obelie.mx,3382292824,Tlaquepaque,nuevo,Centro
C-0FEECF671C,2026-09-11 18:27:50,Mateo Aguilar,mateo.aguilar.14@obelie.mx,3388413276,Zapopan,frecuente,Norte
C-1ECF3FEE1F,2026-09-11 18:27:50,Hugo Salazar,hugo.salazar.48@obelie.mx,3339912325,Guadalajara,frecuente,Norte
C-0089978FF1,2026-09-11 18:27:51,Mateo Aguilar,mateo.aguilar.75@obelie.mx,3384338641,Tonalá,nuevo,Sur
C-970928492D,2026-09-11 18:27:52,Andres Molina,andres.molina.15@obelie.mx,3336229270,Tlaquepaque,evento,Sur
C-B516098FFB,2026-09-11 18:27:52,Ricardo Flores,ricardo.flores.35@obelie.mx,3391777533,Zapopan,evento,Sur
C-9CB4A3023D,2026-09-11 18:27:53,Jorge Castillo,jorge.castillo.42@obelie.mx,3331586926,Guadalajara,nuevo,Norte
C-CE4CFF4303,2026-09-11 18:27:54,Hugo Salazar,hugo.salazar.61@obelie.mx,3354746958,Tlaquepaque,nuevo,Norte
C-A2EE2AC546,2026-09-11 18:27:54,Mateo Aguilar,mateo.aguilar.24@obelie.mx,3313802938,Zapopan,evento,Centro
C-39AB32EC09,2026-09-11 18:27:55,Hugo Salazar,hugo.salazar.85@obelie.mx,3390781357,Tlaquepaque,mayoreo,Sur
C-9E6BBB774E,2026-09-11 18:27:56,Daniela Pineda,daniela.pineda.48@obelie.mx,3399355251,Guadalajara,frecuente,Plaza Obelie
C-86BEC3A1D2,2026-09-11 18:27:56,Jorge Castillo,jorge.castillo.33@obelie.mx,3334857542,Guadalajara,frecuente,Centro
C-4536FA8879,2026-09-11 18:27:57,Valeria Ortiz,valeria.ortiz.67@obelie.mx,3339956020,Zapopan,frecuente,Norte
C-934DA4DCBF,2026-09-11 18:27:57,Jorge Castillo,jorge.castillo.17@obelie.mx,3358643901,Tonalá,evento,Plaza Obelie
C-7B0C00D3A7,2026-09-11 18:27:58,Daniela Pineda,daniela.pineda.21@obelie.mx,3326022141,Zapopan,evento,Norte
C-121B8FFFDB,2026-09-11 18:27:59,Camila Herrera,camila.herrera.20@obelie.mx,3345915891,Guadalajara,nuevo,Centro
C-185FCDB360,2026-09-11 18:27:59,Ricardo Flores,ricardo.flores.51@obelie.mx,3341039023,Tonalá,mayoreo,Centro
C-79290E88D7,2026-09-11 18:28:00,Sofia Ramirez,sofia.ramirez.86@obelie.mx,3385306269,Tlaquepaque,nuevo,Centro
C-6D1612EC12,2026-09-11 18:28:00,Hugo Salazar,hugo.salazar.64@obelie.mx,3351728801,Tonalá,frecuente,Centro
C-79E429AFA6,2026-09-11 18:28:01,Valeria Ortiz,valeria.ortiz.39@obelie.mx,3397863374,Tonalá,evento,Norte
C-FE41069C24,2026-09-11 18:28:02,Elena Vargas,elena.vargas.55@obelie.mx,3391705739,Tlajomulco,mayoreo,Norte
C-CFE35EFAD5,2026-09-11 18:28:02,Elena Vargas,elena.vargas.46@obelie.mx,3313352991,Guadalajara,nuevo,Norte
C-3B9AE5C860,2026-09-11 18:28:03,Paola Nunez,paola.nunez.44@obelie.mx,3328262119,Zapopan,frecuente,Centro
C-6CE89DBE43,2026-09-11 18:28:03,Valeria Ortiz,valeria.ortiz.32@obelie.mx,3352456755,Tlajomulco,evento,Plaza Obelie
C-AF345E66F2,2026-09-11 18:28:04,Camila Herrera,camila.herrera.83@obelie.mx,3340638394,Zapopan,mayoreo,Sur
C-9358568F5E,2026-09-11 18:28:05,Andres Molina,andres.molina.39@obelie.mx,3332046158,Tlaquepaque,frecuente,Plaza Obelie
C-44E2C2F205,2026-09-11 18:28:05,Hugo Salazar,hugo.salazar.25@obelie.mx,3389095307,Tonalá,evento,Plaza Obelie
C-F8B065F1FB,2026-09-11 18:28:06,Camila Herrera,camila.herrera.31@obelie.mx,3354098430,Guadalajara,mayoreo,Centro
C-38C0DD4E4A,2026-09-11 18:28:07,Mateo Aguilar,mateo.aguilar.11@obelie.mx,3360497687,Tlajomulco,mayoreo,Sur
C-77B38C1CA6,2026-09-11 18:28:07,Hugo Salazar,hugo.salazar.31@obelie.mx,3382374301,Tlaquepaque,mayoreo,Centro
C-59F4AEE866,2026-09-11 18:28:08,Sofia Ramirez,sofia.ramirez.31@obelie.mx,3385229726,Tlajomulco,mayoreo,Norte
C-E481498A2A,2026-09-11 18:28:09,Elena Vargas,elena.vargas.57@obelie.mx,3380855905,Tlajomulco,frecuente,Sur
C-D77E44BDAD,2026-09-11 18:28:09,Fernando Diaz,fernando.diaz.33@obelie.mx,3331743681,Tlajomulco,mayoreo,Norte
C-5339D5EBB2,2026-09-11 18:28:10,Ricardo Flores,ricardo.flores.30@obelie.mx,3354274340,Tonalá,mayoreo,Centro
C-F891F3D915,2026-09-11 18:28:11,Ricardo Flores,ricardo.flores.82@obelie.mx,3321483197,Tonalá,nuevo,Plaza Obelie
C-09BB54BDB4,2026-09-11 18:28:11,Elena Vargas,elena.vargas.82@obelie.mx,3350396747,Guadalajara,evento,Sur
C-2138E90705,2026-09-11 18:28:12,Andres Molina,andres.molina.24@obelie.mx,3386322390,Zapopan,evento,Plaza Obelie
C-72CDE87176,2026-09-11 18:28:12,Andres Molina,andres.molina.92@obelie.mx,3368385402,Guadalajara,evento,Norte
C-F62BB3FF96,2026-09-11 18:28:13,Paola Nunez,paola.nunez.22@obelie.mx,3369611199,Tonalá,mayoreo,Centro
C-99D144E373,2026-09-11 18:28:13,Sofia Ramirez,sofia.ramirez.67@obelie.mx,3346455205,Tonalá,nuevo,Plaza Obelie
C-C4A7356B83,2026-09-11 18:28:14,Andres Molina,andres.molina.78@obelie.mx,3368725155,Tlajomulco,mayoreo,Plaza Obelie
C-561BE3BB00,2026-09-11 18:28:15,Jorge Castillo,jorge.castillo.12@obelie.mx,3339409087,Tlajomulco,nuevo,Norte
C-1FD54267A8,2026-09-11 18:28:15,Ricardo Flores,ricardo.flores.57@obelie.mx,3349979945,Zapopan,mayoreo,Sur
C-49414985F1,2026-09-11 18:28:16,Hugo Salazar,hugo.salazar.97@obelie.mx,3352734554,Tonalá,mayoreo,Sur
C-AF21EE4D8D,2026-09-11 18:28:17,Sofia Ramirez,sofia.ramirez.99@obelie.mx,3378701699,Tlaquepaque,evento,Sur
C-0C08215B1B,2026-09-11 18:28:17,Andres Molina,andres.molina.83@obelie.mx,3356538531,Tlaquepaque,evento,Centro
C-306DCC13FE,2026-09-11 18:28:18,Camila Herrera,camila.herrera.38@obelie.mx,3328666277,Guadalajara,nuevo,Sur
C-2B486A33D8,2026-09-11 18:28:19,Ricardo Flores,ricardo.flores.94@obelie.mx,3313797688,Tlajomulco,evento,Centro
C-9FC878D63D,2026-09-11 18:28:19,Elena Vargas,elena.vargas.62@obelie.mx,3369316220,Zapopan,mayoreo,Plaza Obelie
C-E4081B6F59,2026-09-11 18:28:20,Camila Herrera,camila.herrera.30@obelie.mx,3326413466,Guadalajara,mayoreo,Norte
C-8B94D6F63E,2026-09-11 18:28:21,Fernando Diaz,fernando.diaz.12@obelie.mx,3381631317,Tonalá,mayoreo,Centro
C-851662EED2,2026-09-11 18:28:21,Ricardo Flores,ricardo.flores.91@obelie.mx,3379018890,Tonalá,evento,Plaza Obelie
C-3C9DCCF70C,2026-09-11 18:28:22,Valeria Ortiz,valeria.ortiz.44@obelie.mx,3394972078,Tlaquepaque,nuevo,Centro
C-A12459FD04,2026-09-11 18:28:22,Camila Herrera,camila.herrera.86@obelie.mx,3321003754,Zapopan,evento,Norte
C-4C8E3C1AE0,2026-09-11 18:28:23,Elena Vargas,elena.vargas.11@obelie.mx,3347582680,Tonalá,evento,Norte
C-5BBEA7AC0F,2026-09-11 18:28:23,Hugo Salazar,hugo.salazar.77@obelie.mx,3390622532,Tlaquepaque,evento,Plaza Obelie
C-8004179D0C,2026-09-11 18:28:24,Paola Nunez,paola.nunez.21@obelie.mx,3386369580,Guadalajara,mayoreo,Sur
C-030218BD63,2026-09-11 18:28:25,Ricardo Flores,ricardo.flores.58@obelie.mx,3376551236,Tlajomulco,evento,Centro
C-F94054CBBC,2026-09-11 18:28:25,Paola Nunez,paola.nunez.14@obelie.mx,3383452829,Zapopan,evento,Norte
C-9591C53A1F,2026-09-11 18:28:26,Elena Vargas,elena.vargas.67@obelie.mx,3342562465,Zapopan,mayoreo,Plaza Obelie
C-E399296A70,2026-09-11 18:28:27,Sofia Ramirez,sofia.ramirez.31@obelie.mx,3385274198,Tonalá,frecuente,Plaza Obelie
C-80F63626BC,2026-09-11 18:28:27,Daniela Pineda,daniela.pineda.29@obelie.mx,3387906989,Guadalajara,evento,Norte
C-49F5E88C36,2026-09-11 18:28:28,Valeria Ortiz,valeria.ortiz.71@obelie.mx,3399616104,Tonalá,frecuente,Centro
C-4CAC06960C,2026-09-11 18:28:29,Hugo Salazar,hugo.salazar.41@obelie.mx,3315173980,Tlaquepaque,nuevo,Centro
C-8330E06F8B,2026-09-11 18:28:29,Hugo Salazar,hugo.salazar.68@obelie.mx,3330867668,Tonalá,nuevo,Norte
C-2D1FF7EA12,2026-09-11 18:28:30,Daniela Pineda,daniela.pineda.91@obelie.mx,3366768538,Tonalá,evento,Norte
C-75799C512F,2026-09-11 18:28:31,Hugo Salazar,hugo.salazar.35@obelie.mx,3364201271,Tlajomulco,evento,Centro
C-3D2E467C41,2026-09-11 18:28:31,Elena Vargas,elena.vargas.84@obelie.mx,3357251215,Guadalajara,evento,Centro
C-C63A6EE2F3,2026-09-11 18:28:32,Paola Nunez,paola.nunez.17@obelie.mx,3340734189,Zapopan,frecuente,Plaza Obelie
C-1EC4B3F154,2026-09-11 18:28:32,Hugo Salazar,hugo.salazar.30@obelie.mx,3339942079,Tlajomulco,frecuente,Plaza Obelie
C-9AD00E78A4,2026-09-11 18:28:33,Elena Vargas,elena.vargas.29@obelie.mx,3361126148,Zapopan,nuevo,Norte
C-A22A29FB97,2026-09-11 18:28:34,Andres Molina,andres.molina.59@obelie.mx,3331105262,Guadalajara,frecuente,Norte
C-4970777D47,2026-09-11 18:28:35,Daniela Pineda,daniela.pineda.22@obelie.mx,3353481676,Tlajomulco,mayoreo,Plaza Obelie
C-A9B9AF254D,2026-09-11 18:28:35,Camila Herrera,camila.herrera.68@obelie.mx,3359363024,Zapopan,nuevo,Sur
C-EF38FE4C02,2026-09-11 18:28:36,Hugo Salazar,hugo.salazar.62@obelie.mx,3317017922,Zapopan,evento,Plaza Obelie
C-640A09F91F,2026-09-11 18:28:36,Paola Nunez,paola.nunez.28@obelie.mx,3326812685,Guadalajara,mayoreo,Sur
C-432201A43A,2026-09-11 18:28:37,Camila Herrera,camila.herrera.22@obelie.mx,3372241366,Zapopan,mayoreo,Plaza Obelie
C-B8A2DF7785,2026-09-11 18:28:37,Jorge Castillo,jorge.castillo.41@obelie.mx,3337809054,Tonalá,nuevo,Plaza Obelie
C-456EF63556,2026-09-11 18:28:38,Hugo Salazar,hugo.salazar.30@obelie.mx,3332936283,Tlajomulco,frecuente,Sur
C-6FC65D0044,2026-09-11 18:28:38,Sofia Ramirez,sofia.ramirez.85@obelie.mx,3363891803,Tonalá,frecuente,Centro
C-DA8F6E9D91,2026-09-11 18:28:39,Valeria Ortiz,valeria.ortiz.39@obelie.mx,3365118909,Tonalá,nuevo,Norte
C-48722CA465,2026-09-11 18:28:40,Mateo Aguilar,mateo.aguilar.20@obelie.mx,3357514675,Guadalajara,nuevo,Sur
C-924BD5F8D3,2026-09-11 18:28:40,Camila Herrera,camila.herrera.75@obelie.mx,3385557838,Tlajomulco,evento,Centro
C-A9944923BC,2026-09-11 18:28:40,Valeria Ortiz,valeria.ortiz.74@obelie.mx,3349259741,Tonalá,nuevo,Norte
C-8E2B9E1D7C,2026-09-11 18:28:41,Hugo Salazar,hugo.salazar.27@obelie.mx,3328108380,Tlajomulco,evento,Sur
C-A05C9EBBAE,2026-09-11 18:28:42,Fernando Diaz,fernando.diaz.18@obelie.mx,3363668132,Tonalá,mayoreo,Norte
C-C640ACA56D,2026-09-11 18:28:43,Fernando Diaz,fernando.diaz.30@obelie.mx,3356005404,Tlajomulco,frecuente,Norte
C-2F178289D1,2026-09-11 18:28:44,Daniela Pineda,daniela.pineda.86@obelie.mx,3371762707,Zapopan,frecuente,Sur
C-40AE81E32D,2026-09-11 18:28:44,Mateo Aguilar,mateo.aguilar.45@obelie.mx,3349592688,Tlajomulco,evento,Plaza Obelie
C-6663923EC8,2026-09-11 18:28:45,Fernando Diaz,fernando.diaz.60@obelie.mx,3351982546,Tlajomulco,mayoreo,Plaza Obelie
C-034380F727,2026-09-11 18:28:46,Fernando Diaz,fernando.diaz.46@obelie.mx,3347807566,Guadalajara,nuevo,Plaza Obelie
C-DD3056266B,2026-09-11 18:28:46,Paola Nunez,paola.nunez.99@obelie.mx,3381691307,Tlaquepaque,mayoreo,Sur
C-03784CD2AD,2026-09-11 18:28:47,Fernando Diaz,fernando.diaz.81@obelie.mx,3377265094,Zapopan,nuevo,Norte
C-880153E710,2026-09-11 18:28:48,Andres Molina,andres.molina.43@obelie.mx,3359288065,Guadalajara,frecuente,Norte
C-BF61C7E9FF,2026-09-11 18:28:49,Elena Vargas,elena.vargas.89@obelie.mx,3363182420,Guadalajara,evento,Plaza Obelie
C-FBE4714F93,2026-09-11 18:28:49,Paola Nunez,paola.nunez.31@obelie.mx,3346354077,Tlaquepaque,mayoreo,Sur
C-FEB4412F4A,2026-09-11 18:28:50,Daniela Pineda,daniela.pineda.87@obelie.mx,3329992677,Tlajomulco,evento,Sur
C-50EA4D51B3,2026-09-11 18:28:50,Valeria Ortiz,valeria.ortiz.18@obelie.mx,3369552332,Tonalá,frecuente,Plaza Obelie
C-2A3ED24BBD,2026-09-11 18:28:51,Andres Molina,andres.molina.30@obelie.mx,3336393353,Tonalá,nuevo,Plaza Obelie
C-E9DCE368F8,2026-09-11 18:28:52,Daniela Pineda,daniela.pineda.36@obelie.mx,3366782336,Guadalajara,frecuente,Centro
C-5FC4695976,2026-09-11 18:28:52,Sofia Ramirez,sofia.ramirez.37@obelie.mx,3336028947,Tlajomulco,nuevo,Plaza Obelie
C-C36969B467,2026-09-11 18:28:53,Andres Molina,andres.molina.66@obelie.mx,3377148874,Tlaquepaque,evento,Centro
C-B4F97D49A5,2026-09-11 18:28:53,Camila Herrera,camila.herrera.53@obelie.mx,3320386977,Tlajomulco,evento,Sur
C-8B2676DBB0,2026-09-11 18:28:54,Ricardo Flores,ricardo.flores.16@obelie.mx,3359638202,Tlajomulco,evento,Norte
C-A35B9C9B43,2026-09-11 18:28:55,Camila Herrera,camila.herrera.72@obelie.mx,3361405991,Tlajomulco,evento,Sur
C-229C516390,2026-09-11 18:28:55,Valeria Ortiz,valeria.ortiz.69@obelie.mx,3355515484,Tonalá,frecuente,Sur
C-D02000E794,2026-09-11 18:28:56,Andres Molina,andres.molina.91@obelie.mx,3357779644,Tlaquepaque,nuevo,Norte
C-417F3E470F,2026-09-11 18:28:57,Ricardo Flores,ricardo.flores.61@obelie.mx,3347996126,Tlaquepaque,mayoreo,Norte
C-F4BB7CE74E,2026-09-11 18:28:57,Hugo Salazar,hugo.salazar.99@obelie.mx,3342765512,Zapopan,nuevo,Centro
C-399D1C03EC,2026-09-11 18:28:58,Daniela Pineda,daniela.pineda.25@obelie.mx,3346658603,Zapopan,evento,Centro
C-00DF00C9F6,2026-09-11 18:28:59,Hugo Salazar,hugo.salazar.31@obelie.mx,3379044599,Zapopan,frecuente,Norte
C-F3B2F4CB96,2026-09-11 18:28:59,Sofia Ramirez,sofia.ramirez.45@obelie.mx,3318543538,Tlaquepaque,evento,Centro
C-715F7E0204,2026-09-11 18:29:00,Mateo Aguilar,mateo.aguilar.67@obelie.mx,3376458007,Tlajomulco,frecuente,Plaza Obelie
C-CC47DCF8B2,2026-09-11 18:29:00,Daniela Pineda,daniela.pineda.65@obelie.mx,3394034962,Tlajomulco,mayoreo,Plaza Obelie
C-5660520391,2026-09-11 18:29:01,Ricardo Flores,ricardo.flores.10@obelie.mx,3393462477,Tlaquepaque,evento,Sur
C-A40027AA5C,2026-09-11 18:29:02,Mateo Aguilar,mateo.aguilar.52@obelie.mx,3338513759,Zapopan,frecuente,Sur
C-8724A349A6,2026-09-11 18:29:02,Paola Nunez,paola.nunez.45@obelie.mx,3375876514,Guadalajara,nuevo,Plaza Obelie
C-14B5024834,2026-09-11 18:29:03,Camila Herrera,camila.herrera.64@obelie.mx,3310007871,Guadalajara,evento,Plaza Obelie
C-672B0CB405,2026-09-11 18:29:04,Sofia Ramirez,sofia.ramirez.94@obelie.mx,3339309183,Tlajomulco,mayoreo,Sur
C-55CA1A2DCE,2026-09-11 18:29:04,Valeria Ortiz,valeria.ortiz.31@obelie.mx,3357533110,Guadalajara,nuevo,Sur
C-8FD4F7FDEC,2026-09-11 18:29:05,Daniela Pineda,daniela.pineda.24@obelie.mx,3327117829,Guadalajara,mayoreo,Sur
C-144B632F3C,2026-09-11 18:29:06,Elena Vargas,elena.vargas.75@obelie.mx,3392722610,Tonalá,frecuente,Sur
C-89B7489579,2026-09-11 18:29:06,Paola Nunez,paola.nunez.89@obelie.mx,3371781535,Guadalajara,evento,Norte
C-07CFC01380,2026-09-11 18:29:07,Hugo Salazar,hugo.salazar.34@obelie.mx,3310611167,Guadalajara,nuevo,Plaza Obelie
C-77B5E3BFAB,2026-09-11 18:29:08,Ricardo Flores,ricardo.flores.44@obelie.mx,3396699243,Tonalá,mayoreo,Plaza Obelie
C-05B3B141F4,2026-09-11 18:29:08,Hugo Salazar,hugo.salazar.44@obelie.mx,3351662004,Zapopan,frecuente,Sur
C-F60877EE42,2026-09-11 18:29:09,Elena Vargas,elena.vargas.91@obelie.mx,3334442483,Guadalajara,frecuente,Centro
C-023CDFEEDF,2026-09-11 18:29:10,Hugo Salazar,hugo.salazar.89@obelie.mx,3372437242,Guadalajara,mayoreo,Sur
C-9860C48966,2026-09-11 18:29:10,Ricardo Flores,ricardo.flores.71@obelie.mx,3379358795,Guadalajara,evento,Norte
C-A7C03C7B03,2026-09-11 18:29:11,Jorge Castillo,jorge.castillo.17@obelie.mx,3331415001,Zapopan,frecuente,Plaza Obelie
C-6BD1583A9D,2026-09-11 18:29:12,Mateo Aguilar,mateo.aguilar.21@obelie.mx,3313812255,Tonalá,frecuente,Plaza Obelie
C-BF9E70C068,2026-09-11 18:29:12,Hugo Salazar,hugo.salazar.96@obelie.mx,3397942263,Tlaquepaque,nuevo,Sur
C-032C8E965D,2026-09-11 18:29:13,Camila Herrera,camila.herrera.39@obelie.mx,3372451094,Guadalajara,frecuente,Norte
C-61E014B37F,2026-09-11 18:29:14,Daniela Pineda,daniela.pineda.71@obelie.mx,3347236290,Guadalajara,nuevo,Centro
C-DDC6615FE5,2026-09-11 18:29:14,Mateo Aguilar,mateo.aguilar.54@obelie.mx,3358635457,Guadalajara,frecuente,Sur
C-ED0AE4C6FE,2026-09-11 18:29:15,Hugo Salazar,hugo.salazar.70@obelie.mx,3327858025,Zapopan,mayoreo,Norte
C-0CACF6BB42,2026-09-11 18:29:15,Valeria Ortiz,valeria.ortiz.30@obelie.mx,3384438136,Tlajomulco,mayoreo,Sur
C-F776946BD1,2026-09-11 18:29:16,Fernando Diaz,fernando.diaz.25@obelie.mx,3372115135,Tlaquepaque,mayoreo,Plaza Obelie
C-D0D10F77A3,2026-09-11 18:29:16,Valeria Ortiz,valeria.ortiz.21@obelie.mx,3393506008,Zapopan,frecuente,Plaza Obelie
C-121DBE3227,2026-09-11 18:29:17,Hugo Salazar,hugo.salazar.54@obelie.mx,3388047303,Tlaquepaque,frecuente,Plaza Obelie
C-CF184C6CC6,2026-09-11 18:29:17,Hugo Salazar,hugo.salazar.62@obelie.mx,3341027138,Guadalajara,nuevo,Plaza Obelie
C-9AF553A523,2026-09-11 18:29:18,Elena Vargas,elena.vargas.68@obelie.mx,3362934255,Guadalajara,mayoreo,Sur
C-BA17E1F2E4,2026-09-11 18:29:19,Fernando Diaz,fernando.diaz.17@obelie.mx,3398209414,Tlaquepaque,frecuente,Sur
C-948656FC8A,2026-09-11 18:29:19,Jorge Castillo,jorge.castillo.23@obelie.mx,3375131712,Zapopan,nuevo,Centro
C-DEBC729947,2026-09-11 18:29:20,Fernando Diaz,fernando.diaz.69@obelie.mx,3335209064,Tonalá,mayoreo,Norte
C-580398C06C,2026-09-11 18:29:20,Fernando Diaz,fernando.diaz.55@obelie.mx,3347385644,Guadalajara,frecuente,Centro
C-DDB2A7BA5B,2026-09-11 18:29:21,Fernando Diaz,fernando.diaz.92@obelie.mx,3330775254,Tonalá,nuevo,Centro
C-E892A4E7F3,2026-09-11 18:29:22,Sofia Ramirez,sofia.ramirez.18@obelie.mx,3355807204,Tlaquepaque,evento,Centro
C-8A0A81FC23,2026-09-11 18:29:23,Sofia Ramirez,sofia.ramirez.63@obelie.mx,3348274019,Tlaquepaque,frecuente,Norte
C-E6EF4F48F3,2026-09-11 18:29:23,Elena Vargas,elena.vargas.32@obelie.mx,3311841783,Tonalá,nuevo,Sur
C-3507A1BF2A,2026-09-11 18:29:24,Hugo Salazar,hugo.salazar.14@obelie.mx,3312291888,Guadalajara,nuevo,Plaza Obelie
C-C02E2D18B0,2026-09-11 18:29:24,Camila Herrera,camila.herrera.47@obelie.mx,3388004548,Tonalá,nuevo,Norte
C-38CFDEC677,2026-09-11 18:29:25,Fernando Diaz,fernando.diaz.17@obelie.mx,3369798814,Tonalá,frecuente,Sur
C-A30AC384F2,2026-09-11 18:29:26,Jorge Castillo,jorge.castillo.59@obelie.mx,3374169849,Zapopan,mayoreo,Plaza Obelie
C-F2BB75A981,2026-09-11 18:29:26,Jorge Castillo,jorge.castillo.78@obelie.mx,3370729144,Guadalajara,evento,Sur
C-E067A6CC97,2026-09-11 18:29:27,Fernando Diaz,fernando.diaz.80@obelie.mx,3354424383,Zapopan,evento,Centro
C-511F06FDC8,2026-09-11 18:29:27,Daniela Pineda,daniela.pineda.30@obelie.mx,3392967566,Tonalá,evento,Plaza Obelie
C-91893D7A4B,2026-09-11 18:29:28,Elena Vargas,elena.vargas.50@obelie.mx,3396818218,Guadalajara,evento,Norte
C-0A104109D0,2026-09-11 18:29:28,Sofia Ramirez,sofia.ramirez.45@obelie.mx,3377532939,Guadalajara,mayoreo,Sur
C-CA2E88346B,2026-09-11 18:29:29,Andres Molina,andres.molina.22@obelie.mx,3396647328,Guadalajara,nuevo,Norte
C-B30D5BF0F6,2026-09-11 18:29:30,Paola Nunez,paola.nunez.34@obelie.mx,3391444072,Tonalá,mayoreo,Centro
C-9C31EAE0E1,2026-09-11 18:29:31,Andres Molina,andres.molina.74@obelie.mx,3313926072,Tlajomulco,evento,Sur
C-C24CFD51BA,2026-09-11 18:29:31,Camila Herrera,camila.herrera.53@obelie.mx,3327041977,Guadalajara,mayoreo,Norte
C-F964D8E773,2026-09-11 18:29:32,Elena Vargas,elena.vargas.32@obelie.mx,3315064635,Zapopan,nuevo,Sur
C-0C455CCE63,2026-09-11 18:29:33,Valeria Ortiz,valeria.ortiz.17@obelie.mx,3392306333,Tlaquepaque,nuevo,Centro
C-DB5EA5073E,2026-09-11 18:29:33,Sofia Ramirez,sofia.ramirez.17@obelie.mx,3369968869,Tlajomulco,nuevo,Centro
C-E45C47EE86,2026-09-11 18:29:34,Valeria Ortiz,valeria.ortiz.88@obelie.mx,3376204504,Tonalá,mayoreo,Norte
C-5B6A334387,2026-09-11 18:29:34,Sofia Ramirez,sofia.ramirez.55@obelie.mx,3361303098,Guadalajara,mayoreo,Norte
C-251366D503,2026-09-11 18:29:35,Camila Herrera,camila.herrera.64@obelie.mx,3331612599,Zapopan,evento,Centro
C-B00579A775,2026-09-11 18:29:36,Camila Herrera,camila.herrera.77@obelie.mx,3396455804,Guadalajara,nuevo,Sur
C-9E537A4012,2026-09-11 18:29:36,Paola Nunez,paola.nunez.66@obelie.mx,3365433789,Tonalá,evento,Sur
C-0A8D97347D,2026-09-11 18:29:37,Jorge Castillo,jorge.castillo.63@obelie.mx,3311377987,Zapopan,frecuente,Plaza Obelie
C-43C83DA470,2026-09-11 18:29:38,Fernando Diaz,fernando.diaz.10@obelie.mx,3384971715,Tlaquepaque,mayoreo,Norte
C-09374178D2,2026-09-11 18:29:38,Mateo Aguilar,mateo.aguilar.27@obelie.mx,3347314477,Tlaquepaque,frecuente,Sur
C-D972650A88,2026-09-11 18:29:39,Mateo Aguilar,mateo.aguilar.84@obelie.mx,3373198964,Zapopan,evento,Centro
C-15FFB1F6F6,2026-09-11 18:29:40,Elena Vargas,elena.vargas.61@obelie.mx,3314719429,Guadalajara,mayoreo,Sur
C-F1BFC245E0,2026-09-11 18:29:40,Sofia Ramirez,sofia.ramirez.25@obelie.mx,3385248034,Tonalá,mayoreo,Norte
C-DEAECA13EF,2026-09-11 18:29:41,Sofia Ramirez,sofia.ramirez.83@obelie.mx,3325778717,Tlajomulco,frecuente,Centro
C-05638EE4F3,2026-09-11 18:29:42,Fernando Diaz,fernando.diaz.93@obelie.mx,3352282330,Tonalá,mayoreo,Plaza Obelie
C-F7457989E0,2026-09-11 18:29:43,Camila Herrera,camila.herrera.66@obelie.mx,3373562848,Tlaquepaque,evento,Plaza Obelie
C-DF746CFABA,2026-09-11 18:29:43,Valeria Ortiz,valeria.ortiz.30@obelie.mx,3382862462,Zapopan,mayoreo,Sur
C-7EAFD08D3F,2026-09-11 18:29:44,Jorge Castillo,jorge.castillo.30@obelie.mx,3343466828,Tlaquepaque,nuevo,Centro
C-A53E87B13F,2026-09-11 18:29:44,Hugo Salazar,hugo.salazar.92@obelie.mx,3385091018,Zapopan,frecuente,Centro
C-8A0155D6BF,2026-09-11 18:29:45,Paola Nunez,paola.nunez.39@obelie.mx,3361052852,Tonalá,evento,Norte
C-5E4F93AAF0,2026-09-11 18:29:46,Ricardo Flores,ricardo.flores.30@obelie.mx,3334456943,Zapopan,nuevo,Norte
C-DE76A028FD,2026-09-11 18:29:47,Sofia Ramirez,sofia.ramirez.20@obelie.mx,3374882524,Tlaquepaque,evento,Sur
C-0D12290831,2026-09-11 18:29:47,Mateo Aguilar,mateo.aguilar.78@obelie.mx,3326689124,Tonalá,evento,Centro
C-30B1993C0C,2026-09-11 18:29:48,Elena Vargas,elena.vargas.34@obelie.mx,3318802801,Tlajomulco,evento,Norte
C-BB129B7F2F,2026-09-11 18:29:48,Elena Vargas,elena.vargas.55@obelie.mx,3316461554,Zapopan,evento,Centro
C-63709E1475,2026-09-11 18:29:49,Camila Herrera,camila.herrera.36@obelie.mx,3393102418,Tonalá,mayoreo,Plaza Obelie
C-27AA391EF1,2026-09-11 18:29:50,Camila Herrera,camila.herrera.45@obelie.mx,3333092679,Zapopan,nuevo,Norte
C-CA5BCD44E5,2026-09-11 18:29:51,Ricardo Flores,ricardo.flores.17@obelie.mx,3395536324,Tlajomulco,nuevo,Norte
C-E2B01B926A,2026-09-11 18:29:51,Elena Vargas,elena.vargas.23@obelie.mx,3390398009,Tonalá,mayoreo,Norte
C-03EB7E0574,2026-09-11 18:29:52,Sofia Ramirez,sofia.ramirez.45@obelie.mx,3395217116,Zapopan,nuevo,Norte
C-CC33FD69BC,2026-09-11 18:29:53,Jorge Castillo,jorge.castillo.77@obelie.mx,3383196559,Tlaquepaque,frecuente,Sur
C-DDEF3DAF03,2026-09-11 18:29:53,Camila Herrera,camila.herrera.76@obelie.mx,3325819050,Tlajomulco,mayoreo,Plaza Obelie
C-1449318F93,2026-09-11 18:29:54,Paola Nunez,paola.nunez.24@obelie.mx,3387235574,Tonalá,frecuente,Norte
C-1BD39D71E4,2026-09-11 18:29:55,Valeria Ortiz,valeria.ortiz.95@obelie.mx,3356119254,Guadalajara,evento,Norte
C-AE298701B0,2026-09-11 18:29:55,Jorge Castillo,jorge.castillo.12@obelie.mx,3373757859,Tlaquepaque,evento,Plaza Obelie
C-1B314110D0,2026-09-11 18:29:56,Sofia Ramirez,sofia.ramirez.50@obelie.mx,3380355084,Tlajomulco,frecuente,Plaza Obelie
C-64E9774A23,2026-09-11 18:29:56,Paola Nunez,paola.nunez.93@obelie.mx,3352947042,Zapopan,nuevo,Norte
C-55328A209E,2026-09-11 18:29:57,Andres Molina,andres.molina.98@obelie.mx,3319894454,Guadalajara,frecuente,Sur
C-A884C2177E,2026-09-11 18:29:58,Mateo Aguilar,mateo.aguilar.13@obelie.mx,3376182766,Zapopan,nuevo,Sur
C-C9C86E4DB5,2026-09-11 18:29:58,Jorge Castillo,jorge.castillo.30@obelie.mx,3369297890,Guadalajara,frecuente,Centro
C-DB814A1E14,2026-09-11 18:29:59,Sofia Ramirez,sofia.ramirez.84@obelie.mx,3371898478,Guadalajara,mayoreo,Centro
C-158259089C,2026-09-11 18:30:00,Valeria Ortiz,valeria.ortiz.93@obelie.mx,3382556217,Tonalá,mayoreo,Centro
C-D80012C5F4,2026-09-11 18:30:00,Andres Molina,andres.molina.56@obelie.mx,3359664933,Tlaquepaque,evento,Centro
C-2B1E823838,2026-09-11 18:30:01,Paola Nunez,paola.nunez.43@obelie.mx,3360056189,Tlajomulco,nuevo,Norte
C-2602D10A99,2026-09-11 18:30:02,Sofia Ramirez,sofia.ramirez.91@obelie.mx,3344298962,Guadalajara,frecuente,Centro
C-6713CCEC11,2026-09-11 18:30:02,Daniela Pineda,daniela.pineda.33@obelie.mx,3375543743,Guadalajara,evento,Centro
C-82DD25B54F,2026-09-11 18:30:03,Mateo Aguilar,mateo.aguilar.31@obelie.mx,3393891049,Tlajomulco,frecuente,Sur
C-0113B33761,2026-09-11 18:30:04,Andres Molina,andres.molina.22@obelie.mx,3353723996,Guadalajara,frecuente,Sur
C-2F4BE23971,2026-09-11 18:30:04,Mateo Aguilar,mateo.aguilar.54@obelie.mx,3366142256,Zapopan,mayoreo,Centro
C-C3D97F99E6,2026-09-11 18:30:05,Camila Herrera,camila.herrera.17@obelie.mx,3349122421,Guadalajara,frecuente,Centro
C-583FC4F152,2026-09-11 18:30:06,Hugo Salazar,hugo.salazar.41@obelie.mx,3329199287,Tlajomulco,mayoreo,Centro
C-AFE634A050,2026-09-11 18:30:06,Paola Nunez,paola.nunez.51@obelie.mx,3369343332,Tlaquepaque,frecuente,Centro
C-F43861633F,2026-09-11 18:30:07,Valeria Ortiz,valeria.ortiz.44@obelie.mx,3388991372,Tlaquepaque,mayoreo,Centro
C-9FD7EC262D,2026-09-11 18:30:08,Elena Vargas,elena.vargas.33@obelie.mx,3394483288,Guadalajara,mayoreo,Centro
C-831B84F79A,2026-09-11 18:30:09,Daniela Pineda,daniela.pineda.51@obelie.mx,3321313279,Tlajomulco,mayoreo,Sur
C-FDA014B706,2026-09-11 18:30:09,Hugo Salazar,hugo.salazar.19@obelie.mx,3395099037,Tlaquepaque,nuevo,Plaza Obelie
C-6EF32E6FCB,2026-09-11 18:30:10,Elena Vargas,elena.vargas.65@obelie.mx,3353349070,Tlajomulco,frecuente,Sur
C-7991763E2F,2026-09-11 18:30:11,Valeria Ortiz,valeria.ortiz.52@obelie.mx,3318641647,Tlajomulco,evento,Sur
C-0492CA8823,2026-09-11 18:30:11,Elena Vargas,elena.vargas.49@obelie.mx,3338661219,Tonalá,nuevo,Norte
C-2CE46BDF43,2026-09-11 18:30:12,Valeria Ortiz,valeria.ortiz.29@obelie.mx,3343375488,Tlaquepaque,nuevo,Plaza Obelie
C-0917E97A40,2026-09-11 18:30:13,Mateo Aguilar,mateo.aguilar.60@obelie.mx,3347426997,Tlajomulco,nuevo,Norte
C-D5B94E92BC,2026-09-11 18:30:14,Andres Molina,andres.molina.73@obelie.mx,3344888729,Guadalajara,frecuente,Sur
C-FDC18EB59D,2026-09-11 18:30:15,Sofia Ramirez,sofia.ramirez.92@obelie.mx,3331589500,Guadalajara,frecuente,Plaza Obelie
C-81358EA6A8,2026-09-11 18:30:15,Elena Vargas,elena.vargas.55@obelie.mx,3340324692,Guadalajara,mayoreo,Centro
C-E0F2214D57,2026-09-11 18:30:16,Andres Molina,andres.molina.36@obelie.mx,3310903460,Tlaquepaque,frecuente,Sur
C-13620C1342,2026-09-11 18:30:16,Mateo Aguilar,mateo.aguilar.59@obelie.mx,3353037835,Zapopan,nuevo,Norte
C-3E4D938CD5,2026-09-11 18:30:17,Camila Herrera,camila.herrera.44@obelie.mx,3317587918,Tlajomulco,frecuente,Norte
C-76F8943908,2026-09-11 18:30:18,Paola Nunez,paola.nunez.50@obelie.mx,3336232339,Tlajomulco,evento,Norte
C-FA760A498D,2026-09-11 18:30:18,Andres Molina,andres.molina.72@obelie.mx,3394023122,Zapopan,frecuente,Plaza Obelie
C-25732818EF,2026-09-11 18:30:19,Paola Nunez,paola.nunez.54@obelie.mx,3317468776,Tonalá,nuevo,Sur
C-6E30AF4B97,2026-09-11 18:30:20,Andres Molina,andres.molina.11@obelie.mx,3314396588,Tlaquepaque,evento,Centro
C-22388B5338,2026-09-11 18:30:21,Daniela Pineda,daniela.pineda.73@obelie.mx,3398953678,Guadalajara,mayoreo,Norte
C-C18FDFBC4C,2026-09-11 18:30:22,Ricardo Flores,ricardo.flores.37@obelie.mx,3320147964,Tlaquepaque,evento,Plaza Obelie
C-64F9F868CA,2026-09-11 18:30:22,Sofia Ramirez,sofia.ramirez.52@obelie.mx,3327557050,Zapopan,evento,Plaza Obelie
C-9DACA68984,2026-09-11 18:30:23,Mateo Aguilar,mateo.aguilar.97@obelie.mx,3372615187,Tlaquepaque,nuevo,Sur
C-ACD6E70202,2026-09-11 18:30:23,Fernando Diaz,fernando.diaz.81@obelie.mx,3348442790,Tonalá,evento,Plaza Obelie
C-76E6B473BE,2026-09-11 18:30:24,Paola Nunez,paola.nunez.61@obelie.mx,3329481227,Tonalá,mayoreo,Plaza Obelie
C-20E5D83FBB,2026-09-11 18:30:25,Fernando Diaz,fernando.diaz.99@obelie.mx,3399212337,Tlajomulco,evento,Sur
C-4EF6EF91A3,2026-09-11 18:30:26,Ricardo Flores,ricardo.flores.93@obelie.mx,3350731395,Tonalá,nuevo,Plaza Obelie
C-41A13710DF,2026-09-11 18:30:26,Jorge Castillo,jorge.castillo.98@obelie.mx,3333252025,Tlajomulco,nuevo,Centro
C-7A71DA40D7,2026-09-11 18:30:27,Ricardo Flores,ricardo.flores.89@obelie.mx,3326748797,Guadalajara,mayoreo,Sur
C-CB8AEACAEC,2026-09-11 18:30:27,Sofia Ramirez,sofia.ramirez.18@obelie.mx,3396092248,Tlajomulco,evento,Plaza Obelie
C-287389B1ED,2026-09-11 18:30:28,Sofia Ramirez,sofia.ramirez.30@obelie.mx,3341468888,Zapopan,nuevo,Sur
C-1981C3F7D7,2026-09-11 18:30:29,Jorge Castillo,jorge.castillo.49@obelie.mx,3358885733,Tlaquepaque,nuevo,Plaza Obelie
C-05252AEF5E,2026-09-11 18:30:30,Andres Molina,andres.molina.29@obelie.mx,3353705962,Tonalá,nuevo,Sur
C-BE13805D3F,2026-09-11 18:30:31,Elena Vargas,elena.vargas.76@obelie.mx,3378677950,Tlajomulco,evento,Sur
C-C943C7A86E,2026-09-11 18:30:32,Camila Herrera,camila.herrera.86@obelie.mx,3360786548,Guadalajara,mayoreo,Plaza Obelie
C-44174A8F91,2026-09-11 18:30:32,Sofia Ramirez,sofia.ramirez.79@obelie.mx,3322879759,Tlaquepaque,frecuente,Plaza Obelie
C-1120CD8E02,2026-09-11 18:30:33,Daniela Pineda,daniela.pineda.73@obelie.mx,3325641478,Guadalajara,mayoreo,Norte
C-63DAF09AC0,2026-09-11 18:30:34,Valeria Ortiz,valeria.ortiz.39@obelie.mx,3310389087,Tonalá,frecuente,Plaza Obelie
C-0CB28FC981,2026-09-11 18:30:35,Paola Nunez,paola.nunez.77@obelie.mx,3365399596,Tonalá,evento,Centro
C-B0B1CEE82E,2026-09-11 18:30:35,Valeria Ortiz,valeria.ortiz.45@obelie.mx,3365959268,Zapopan,nuevo,Sur
C-0A5DB68460,2026-09-11 18:30:36,Hugo Salazar,hugo.salazar.72@obelie.mx,3310284737,Tlajomulco,mayoreo,Plaza Obelie
C-19DAF1B767,2026-09-11 18:30:37,Daniela Pineda,daniela.pineda.23@obelie.mx,3383779534,Guadalajara,evento,Centro
C-742E08EA0F,2026-09-11 18:30:38,Daniela Pineda,daniela.pineda.67@obelie.mx,3326009742,Zapopan,nuevo,Centro
C-4097608215,2026-09-11 18:30:38,Andres Molina,andres.molina.74@obelie.mx,3388026744,Tonalá,mayoreo,Norte
C-D30749087A,2026-09-11 18:30:39,Hugo Salazar,hugo.salazar.28@obelie.mx,3323691085,Zapopan,frecuente,Sur
C-D39470D310,2026-09-11 18:30:39,Andres Molina,andres.molina.33@obelie.mx,3322166287,Guadalajara,frecuente,Sur
C-62D137127F,2026-09-11 18:30:40,Hugo Salazar,hugo.salazar.29@obelie.mx,3378147187,Zapopan,mayoreo,Centro
C-EE9D6760D3,2026-09-11 18:30:40,Jorge Castillo,jorge.castillo.13@obelie.mx,3381439612,Tlajomulco,nuevo,Sur
C-D16FB0CC56,2026-09-11 18:30:41,Hugo Salazar,hugo.salazar.13@obelie.mx,3344148576,Zapopan,mayoreo,Plaza Obelie
C-18288AC87C,2026-09-11 18:30:42,Sofia Ramirez,sofia.ramirez.59@obelie.mx,3311644295,Zapopan,frecuente,Norte
C-BCA0AABDDF,2026-09-11 18:30:42,Jorge Castillo,jorge.castillo.13@obelie.mx,3398991414,Tonalá,nuevo,Norte
C-D16C0C3372,2026-09-11 18:30:43,Hugo Salazar,hugo.salazar.48@obelie.mx,3340649616,Tonalá,nuevo,Plaza Obelie
C-8C47463B16,2026-09-11 18:30:44,Valeria Ortiz,valeria.ortiz.30@obelie.mx,3359793755,Zapopan,frecuente,Centro
C-FAE9CA2037,2026-09-11 18:30:45,Mateo Aguilar,mateo.aguilar.42@obelie.mx,3366216219,Tlajomulco,evento,Plaza Obelie
C-A0F010ED02,2026-09-11 18:30:45,Ricardo Flores,ricardo.flores.57@obelie.mx,3339622702,Tlaquepaque,mayoreo,Norte
C-9DAE4EFE7F,2026-09-11 18:30:46,Hugo Salazar,hugo.salazar.35@obelie.mx,3398165379,Tonalá,mayoreo,Norte
C-6BF5E4CB07,2026-09-11 18:30:46,Camila Herrera,camila.herrera.17@obelie.mx,3331593174,Zapopan,mayoreo,Centro
C-5583E2BE45,2026-09-11 18:30:47,Valeria Ortiz,valeria.ortiz.30@obelie.mx,3317899365,Tonalá,mayoreo,Norte
C-1B372F605C,2026-09-11 18:30:47,Ricardo Flores,ricardo.flores.91@obelie.mx,3333168394,Guadalajara,nuevo,Sur
C-CA783724A5,2026-09-11 18:30:48,Jorge Castillo,jorge.castillo.46@obelie.mx,3371022231,Tlajomulco,mayoreo,Sur
C-4DFE1694F6,2026-09-11 18:30:49,Fernando Diaz,fernando.diaz.10@obelie.mx,3356653645,Zapopan,evento,Norte
C-9C333BE327,2026-09-11 18:30:49,Valeria Ortiz,valeria.ortiz.34@obelie.mx,3384758001,Zapopan,mayoreo,Centro
C-03FBB4A3E3,2026-09-11 18:30:50,Elena Vargas,elena.vargas.95@obelie.mx,3355897540,Zapopan,frecuente,Sur
C-30F2FE9FA2,2026-09-11 18:30:51,Ricardo Flores,ricardo.flores.18@obelie.mx,3325554877,Zapopan,evento,Centro
C-F0FD571E33,2026-09-11 18:30:51,Fernando Diaz,fernando.diaz.44@obelie.mx,3387869285,Guadalajara,frecuente,Centro
C-442D4CBDD8,2026-09-11 18:30:52,Camila Herrera,camila.herrera.82@obelie.mx,3328643264,Tlajomulco,evento,Plaza Obelie
C-D0E4EC0398,2026-09-11 18:30:52,Valeria Ortiz,valeria.ortiz.27@obelie.mx,3326385858,Guadalajara,nuevo,Centro
C-B7DD81CABE,2026-09-11 18:30:53,Ricardo Flores,ricardo.flores.65@obelie.mx,3317138674,Zapopan,mayoreo,Centro
C-3A426E37C1,2026-09-11 18:30:54,Ricardo Flores,ricardo.flores.89@obelie.mx,3340078631,Tonalá,nuevo,Sur
C-25371D2FD1,2026-09-11 18:30:54,Sofia Ramirez,sofia.ramirez.73@obelie.mx,3371713968,Zapopan,evento,Plaza Obelie
C-1379C9DF24,2026-09-11 18:30:55,Daniela Pineda,daniela.pineda.75@obelie.mx,3311216297,Guadalajara,frecuente,Plaza Obelie
C-E38D36A582,2026-09-11 18:30:56,Camila Herrera,camila.herrera.89@obelie.mx,3328763336,Zapopan,frecuente,Plaza Obelie
C-427D0B2FC5,2026-09-11 18:30:57,Jorge Castillo,jorge.castillo.90@obelie.mx,3377256637,Tlajomulco,nuevo,Norte
C-A4C9CC40B5,2026-09-11 18:30:57,Hugo Salazar,hugo.salazar.46@obelie.mx,3369235856,Tlaquepaque,mayoreo,Centro
C-4E1D69807E,2026-09-11 18:30:58,Valeria Ortiz,valeria.ortiz.36@obelie.mx,3384059928,Guadalajara,nuevo,Sur
C-C1215853CF,2026-09-11 18:30:59,Paola Nunez,paola.nunez.16@obelie.mx,3327971735,Guadalajara,evento,Centro
C-E1999A4606,2026-09-11 18:30:59,Camila Herrera,camila.herrera.28@obelie.mx,3377646079,Guadalajara,evento,Centro
C-C47C5C72F0,2026-09-11 18:31:00,Camila Herrera,camila.herrera.24@obelie.mx,3388876646,Tlaquepaque,mayoreo,Sur
C-D92743C372,2026-09-11 18:31:01,Elena Vargas,elena.vargas.34@obelie.mx,3363599461,Tlaquepaque,nuevo,Sur
C-9F50335C62,2026-09-11 18:31:01,Daniela Pineda,daniela.pineda.24@obelie.mx,3379845804,Tlaquepaque,frecuente,Norte
C-03A78424CA,2026-09-11 18:31:02,Mateo Aguilar,mateo.aguilar.28@obelie.mx,3316056564,Guadalajara,mayoreo,Sur
C-0CDD05C116,2026-09-11 18:31:02,Andres Molina,andres.molina.76@obelie.mx,3376539478,Guadalajara,mayoreo,Centro
C-55A4370137,2026-09-11 18:31:03,Elena Vargas,elena.vargas.36@obelie.mx,3325869453,Tlaquepaque,nuevo,Plaza Obelie
C-FE1A29AE5F,2026-09-11 18:31:03,Ricardo Flores,ricardo.flores.79@obelie.mx,3312592731,Tonalá,frecuente,Centro
C-8581D80A09,2026-09-11 18:31:04,Mateo Aguilar,mateo.aguilar.94@obelie.mx,3313834049,Guadalajara,mayoreo,Sur
C-3393FECE3D,2026-09-11 18:31:04,Hugo Salazar,hugo.salazar.85@obelie.mx,3327813588,Guadalajara,evento,Centro
C-7008F6F03A,2026-09-11 18:31:05,Paola Nunez,paola.nunez.77@obelie.mx,3314755233,Guadalajara,frecuente,Sur
C-37FAAF82B7,2026-09-11 18:31:05,Andres Molina,andres.molina.26@obelie.mx,3341032424,Tlajomulco,nuevo,Centro
C-99AC5DC638,2026-09-11 18:31:06,Fernando Diaz,fernando.diaz.38@obelie.mx,3336599282,Guadalajara,mayoreo,Norte
C-AEC39712D8,2026-09-11 18:31:07,Andres Molina,andres.molina.39@obelie.mx,3378258654,Tlajomulco,mayoreo,Norte
C-40EA6CD2BC,2026-09-11 18:31:08,Mateo Aguilar,mateo.aguilar.72@obelie.mx,3312335629,Tlaquepaque,nuevo,Plaza Obelie
C-F9A0690448,2026-09-11 18:31:08,Andres Molina,andres.molina.31@obelie.mx,3344416772,Guadalajara,frecuente,Plaza Obelie
C-DC27DF85A2,2026-09-11 18:31:09,Mateo Aguilar,mateo.aguilar.10@obelie.mx,3324099997,Tonalá,evento,Centro
C-1D51EC88BA,2026-09-11 18:31:10,Paola Nunez,paola.nunez.55@obelie.mx,3382573930,Tlaquepaque,mayoreo,Norte
C-0A1E0C4369,2026-09-11 18:31:10,Andres Molina,andres.molina.52@obelie.mx,3330067041,Tlajomulco,nuevo,Norte
C-E9A2DEA3EF,2026-09-11 18:31:11,Sofia Ramirez,sofia.ramirez.54@obelie.mx,3325258893,Guadalajara,nuevo,Norte
C-A7F5E5E357,2026-09-11 18:31:12,Elena Vargas,elena.vargas.94@obelie.mx,3316725749,Tonalá,frecuente,Sur
C-1DD00FA626,2026-09-11 18:31:12,Hugo Salazar,hugo.salazar.75@obelie.mx,3330753621,Tlaquepaque,mayoreo,Sur
C-DC6E6BC6F5,2026-09-11 18:31:13,Fernando Diaz,fernando.diaz.85@obelie.mx,3390928782,Zapopan,frecuente,Sur
C-5ECD43F5D8,2026-09-11 18:31:14,Camila Herrera,camila.herrera.73@obelie.mx,3352353914,Tlajomulco,mayoreo,Centro
C-E11270D58F,2026-09-11 18:31:14,Fernando Diaz,fernando.diaz.57@obelie.mx,3340893294,Tlajomulco,mayoreo,Sur
C-DE9D2F4E23,2026-09-11 18:31:15,Valeria Ortiz,valeria.ortiz.24@obelie.mx,3365565383,Zapopan,nuevo,Plaza Obelie
C-93A327EAA0,2026-09-11 18:31:16,Daniela Pineda,daniela.pineda.70@obelie.mx,3320948460,Zapopan,nuevo,Centro
C-C0D3B9FE55,2026-09-11 18:31:16,Hugo Salazar,hugo.salazar.37@obelie.mx,3351817796,Tlajomulco,nuevo,Plaza Obelie
C-246D2F11B3,2026-09-11 18:31:17,Ricardo Flores,ricardo.flores.43@obelie.mx,3349945235,Zapopan,evento,Norte
C-23A17969C1,2026-09-11 18:31:17,Sofia Ramirez,sofia.ramirez.14@obelie.mx,3380412010,Tlaquepaque,nuevo,Norte
C-E7D2EE48E7,2026-09-11 18:31:18,Hugo Salazar,hugo.salazar.57@obelie.mx,3356374949,Tlajomulco,frecuente,Sur
C-B90D93615E,2026-09-11 18:31:18,Camila Herrera,camila.herrera.81@obelie.mx,3396115373,Zapopan,frecuente,Plaza Obelie
C-44545FF709,2026-09-11 18:31:19,Sofia Ramirez,sofia.ramirez.51@obelie.mx,3353569466,Zapopan,mayoreo,Centro
C-E49DC81315,2026-09-11 18:31:20,Jorge Castillo,jorge.castillo.84@obelie.mx,3323724214,Tlaquepaque,evento,Norte
C-6BA6ACA0EF,2026-09-11 18:31:20,Sofia Ramirez,sofia.ramirez.48@obelie.mx,3350184890,Tonalá,evento,Centro
C-2D488C1113,2026-09-11 18:31:21,Jorge Castillo,jorge.castillo.94@obelie.mx,3387174236,Guadalajara,nuevo,Norte
C-DA208E49D0,2026-09-11 18:31:21,Sofia Ramirez,sofia.ramirez.10@obelie.mx,3318757015,Tonalá,evento,Centro
C-27097AB27B,2026-09-11 18:31:22,Daniela Pineda,daniela.pineda.89@obelie.mx,3374012889,Zapopan,nuevo,Sur
C-1E0253CE72,2026-09-11 18:31:23,Elena Vargas,elena.vargas.87@obelie.mx,3388545304,Tlaquepaque,nuevo,Sur
C-1237C67F7A,2026-09-11 18:31:24,Sofia Ramirez,sofia.ramirez.40@obelie.mx,3341878741,Tlaquepaque,mayoreo,Plaza Obelie
C-F84DD41F6E,2026-09-11 18:31:24,Jorge Castillo,jorge.castillo.39@obelie.mx,3325014840,Zapopan,evento,Plaza Obelie
C-C7ADA93773,2026-09-11 18:31:25,Sofia Ramirez,sofia.ramirez.12@obelie.mx,3381256832,Tlajomulco,evento,Norte
C-05D3BBF0C5,2026-09-11 18:31:26,Valeria Ortiz,valeria.ortiz.97@obelie.mx,3386372758,Tlajomulco,frecuente,Centro
C-81F1E72C5F,2026-09-11 18:31:27,Hugo Salazar,hugo.salazar.58@obelie.mx,3363696630,Tonalá,nuevo,Sur
C-4CA16D35D4,2026-09-11 18:31:27,Mateo Aguilar,mateo.aguilar.75@obelie.mx,3334717068,Tlajomulco,mayoreo,Plaza Obelie
C-BB74790E79,2026-09-11 18:31:28,Paola Nunez,paola.nunez.30@obelie.mx,3383492959,Tlaquepaque,nuevo,Norte
C-464909886D,2026-09-11 18:31:29,Andres Molina,andres.molina.14@obelie.mx,3322023544,Tlaquepaque,evento,Plaza Obelie
C-9C9A812D44,2026-09-11 18:31:29,Mateo Aguilar,mateo.aguilar.75@obelie.mx,3377261073,Tlaquepaque,evento,Sur
C-CB5F1D31B7,2026-09-11 18:31:30,Jorge Castillo,jorge.castillo.11@obelie.mx,3335849239,Guadalajara,mayoreo,Plaza Obelie
C-3CB11BE63A,2026-09-11 18:31:31,Hugo Salazar,hugo.salazar.69@obelie.mx,3315493386,Tlaquepaque,mayoreo,Sur
C-6DC359BF47,2026-09-11 18:31:31,Daniela Pineda,daniela.pineda.70@obelie.mx,3318453950,Zapopan,frecuente,Norte
C-7FB0BA69D0,2026-09-11 18:31:32,Jorge Castillo,jorge.castillo.14@obelie.mx,3346975380,Tlaquepaque,mayoreo,Plaza Obelie
C-E2267EA319,2026-09-11 18:31:33,Valeria Ortiz,valeria.ortiz.54@obelie.mx,3324484185,Tonalá,frecuente,Plaza Obelie
C-1C1544CF5A,2026-09-11 18:31:34,Ricardo Flores,ricardo.flores.74@obelie.mx,3344501276,Tlaquepaque,nuevo,Centro
C-FCED3AF6B0,2026-09-11 18:31:34,Sofia Ramirez,sofia.ramirez.66@obelie.mx,3342388564,Tlaquepaque,frecuente,Plaza Obelie
C-71D3458D25,2026-09-11 18:31:35,Fernando Diaz,fernando.diaz.41@obelie.mx,3372364689,Tlajomulco,evento,Centro
C-68BDE7F99F,2026-09-11 18:31:35,Paola Nunez,paola.nunez.97@obelie.mx,3339399253,Guadalajara,evento,Centro
C-5F340F68E8,2026-09-11 18:31:36,Andres Molina,andres.molina.77@obelie.mx,3356985183,Zapopan,frecuente,Centro
C-3DF654A387,2026-09-11 18:31:36,Ricardo Flores,ricardo.flores.97@obelie.mx,3333546048,Guadalajara,evento,Sur
C-6773DE2621,2026-09-11 18:31:37,Mateo Aguilar,mateo.aguilar.40@obelie.mx,3381046003,Zapopan,frecuente,Norte
C-92919CDB9E,2026-09-11 18:31:37,Andres Molina,andres.molina.31@obelie.mx,3327866202,Tlaquepaque,evento,Norte
C-B9CCB42D1A,2026-09-11 18:31:38,Andres Molina,andres.molina.16@obelie.mx,3326091163,Tlajomulco,evento,Norte
C-42C24077FD,2026-09-11 18:31:38,Ricardo Flores,ricardo.flores.28@obelie.mx,3361429885,Guadalajara,frecuente,Norte
C-7C27580068,2026-09-11 18:31:39,Camila Herrera,camila.herrera.13@obelie.mx,3394096990,Tlajomulco,frecuente,Norte
C-FD9053FFA3,2026-09-11 18:31:40,Mateo Aguilar,mateo.aguilar.75@obelie.mx,3399577132,Guadalajara,evento,Centro
C-7F7258B32C,2026-09-11 18:31:41,Sofia Ramirez,sofia.ramirez.32@obelie.mx,3326017994,Tlaquepaque,evento,Sur
C-E0394C9686,2026-09-11 18:31:41,Elena Vargas,elena.vargas.18@obelie.mx,3328539651,Zapopan,nuevo,Plaza Obelie
C-39B714A8DA,2026-09-11 18:31:42,Paola Nunez,paola.nunez.14@obelie.mx,3396506267,Zapopan,nuevo,Plaza Obelie
C-56FBEA709D,2026-09-11 18:31:43,Elena Vargas,elena.vargas.64@obelie.mx,3327773796,Zapopan,evento,Sur
C-C7B5B614DC,2026-09-11 18:31:43,Mateo Aguilar,mateo.aguilar.34@obelie.mx,3318701089,Tlajomulco,frecuente,Plaza Obelie
C-0251E274C6,2026-09-11 18:31:44,Paola Nunez,paola.nunez.93@obelie.mx,3376437928,Tlajomulco,frecuente,Centro
C-867B1C0BC1,2026-09-11 18:31:44,Ricardo Flores,ricardo.flores.62@obelie.mx,3343281227,Tlajomulco,frecuente,Norte
C-F123767CBC,2026-09-11 18:31:45,Mateo Aguilar,mateo.aguilar.90@obelie.mx,3361217048,Guadalajara,mayoreo,Norte
C-09D17078EC,2026-09-11 18:31:46,Daniela Pineda,daniela.pineda.46@obelie.mx,3352188451,Zapopan,mayoreo,Centro
C-92A0144C86,2026-09-11 18:31:47,Andres Molina,andres.molina.37@obelie.mx,3314587812,Guadalajara,mayoreo,Norte
C-AA4A423569,2026-09-11 18:31:47,Fernando Diaz,fernando.diaz.73@obelie.mx,3324929261,Guadalajara,frecuente,Norte
C-81219BFB8F,2026-09-11 18:31:48,Paola Nunez,paola.nunez.56@obelie.mx,3350823265,Tlaquepaque,nuevo,Norte
C-B1964AB8B5,2026-09-11 18:31:48,Sofia Ramirez,sofia.ramirez.23@obelie.mx,3382257534,Tlaquepaque,frecuente,Norte
C-E4877D088D,2026-09-11 18:31:49,Camila Herrera,camila.herrera.21@obelie.mx,3372953310,Zapopan,nuevo,Centro
C-D411732CEA,2026-09-11 18:31:50,Andres Molina,andres.molina.85@obelie.mx,3388888205,Tonalá,evento,Plaza Obelie
C-44CBB98A79,2026-09-11 18:31:50,Andres Molina,andres.molina.43@obelie.mx,3356338352,Tonalá,frecuente,Sur
C-332A1BC740,2026-09-11 18:31:51,Jorge Castillo,jorge.castillo.10@obelie.mx,3343078039,Guadalajara,mayoreo,Sur
C-8A65BF1264,2026-09-11 18:31:52,Fernando Diaz,fernando.diaz.25@obelie.mx,3344943126,Zapopan,frecuente,Norte
C-8CAE90109B,2026-09-11 18:31:52,Hugo Salazar,hugo.salazar.85@obelie.mx,3371868822,Zapopan,evento,Sur
C-5942C41EAC,2026-09-11 18:31:53,Andres Molina,andres.molina.40@obelie.mx,3373226832,Guadalajara,nuevo,Centro
C-88D76B552D,2026-09-11 18:31:53,Valeria Ortiz,valeria.ortiz.97@obelie.mx,3333682355,Tlajomulco,mayoreo,Norte
C-CE2A2C7F6B,2026-09-11 18:31:54,Valeria Ortiz,valeria.ortiz.46@obelie.mx,3384866310,Zapopan,mayoreo,Centro
C-CA0731E36D,2026-09-11 18:31:55,Andres Molina,andres.molina.10@obelie.mx,3383904307,Guadalajara,evento,Centro
C-A21D3A614A,2026-09-11 18:31:55,Mateo Aguilar,mateo.aguilar.48@obelie.mx,3326257260,Tonalá,frecuente,Norte
C-653DB84F6D,2026-09-11 18:31:56,Sofia Ramirez,sofia.ramirez.85@obelie.mx,3367384086,Tlaquepaque,mayoreo,Sur
C-A71C5242EA,2026-09-11 18:31:57,Camila Herrera,camila.herrera.44@obelie.mx,3340347848,Tlaquepaque,frecuente,Centro
C-292368BE05,2026-09-11 18:31:57,Andres Molina,andres.molina.94@obelie.mx,3351023917,Tlaquepaque,evento,Norte
C-969A87A11D,2026-09-11 18:31:58,Ricardo Flores,ricardo.flores.33@obelie.mx,3372466666,Zapopan,frecuente,Sur
C-A86C68689D,2026-09-11 18:31:59,Sofia Ramirez,sofia.ramirez.80@obelie.mx,3345699312,Tonalá,evento,Plaza Obelie
C-6D402E129F,2026-09-11 18:32:00,Elena Vargas,elena.vargas.82@obelie.mx,3383924621,Zapopan,frecuente,Sur
C-2934206B83,2026-09-11 18:32:01,Camila Herrera,camila.herrera.17@obelie.mx,3336821216,Tonalá,frecuente,Centro
C-BDC3E4BB51,2026-09-11 18:32:01,Andres Molina,andres.molina.88@obelie.mx,3348718169,Zapopan,evento,Centro
C-D0B1DE419A,2026-09-11 18:32:02,Jorge Castillo,jorge.castillo.63@obelie.mx,3312734416,Tlaquepaque,frecuente,Plaza Obelie
C-67F61BECAB,2026-09-11 18:32:02,Hugo Salazar,hugo.salazar.99@obelie.mx,3316654696,Zapopan,mayoreo,Centro
C-C91385A310,2026-09-11 18:32:03,Daniela Pineda,daniela.pineda.28@obelie.mx,3311146100,Tonalá,evento,Sur
C-041739D954,2026-09-11 18:32:04,Daniela Pineda,daniela.pineda.55@obelie.mx,3394746739,Tlajomulco,evento,Sur
C-EFE35BF625,2026-09-11 18:32:05,Hugo Salazar,hugo.salazar.61@obelie.mx,3393823547,Tlajomulco,evento,Norte
C-C2F8159A87,2026-09-11 18:32:06,Paola Nunez,paola.nunez.58@obelie.mx,3330524560,Zapopan,evento,Plaza Obelie
C-85301F701A,2026-09-11 18:32:06,Fernando Diaz,fernando.diaz.64@obelie.mx,3378266515,Tlaquepaque,frecuente,Sur
C-74770F1307,2026-09-11 18:32:07,Camila Herrera,camila.herrera.53@obelie.mx,3336128191,Tonalá,evento,Centro
C-2B91BA9A00,2026-09-11 18:32:08,Sofia Ramirez,sofia.ramirez.31@obelie.mx,3332759613,Tlajomulco,evento,Centro
C-744C6FC243,2026-09-11 18:32:08,Hugo Salazar,hugo.salazar.82@obelie.mx,3369981196,Tlaquepaque,evento,Sur
C-5E396D1869,2026-09-11 18:32:09,Fernando Diaz,fernando.diaz.31@obelie.mx,3329774149,Guadalajara,frecuente,Norte
C-9F1591F1BA,2026-09-11 18:32:09,Camila Herrera,camila.herrera.37@obelie.mx,3327374693,Zapopan,nuevo,Norte
C-7BA7B53ACC,2026-09-11 18:32:10,Fernando Diaz,fernando.diaz.61@obelie.mx,3323594524,Tonalá,frecuente,Centro
C-532EBA6350,2026-09-11 18:32:10,Paola Nunez,paola.nunez.73@obelie.mx,3352335617,Guadalajara,nuevo,Norte
C-8FBACC951D,2026-09-11 18:32:11,Andres Molina,andres.molina.51@obelie.mx,3341785687,Guadalajara,evento,Sur
C-962486B280,2026-09-11 18:32:12,Fernando Diaz,fernando.diaz.20@obelie.mx,3380908745,Tlajomulco,evento,Centro
C-8F006BFA39,2026-09-11 18:32:12,Paola Nunez,paola.nunez.23@obelie.mx,3390262601,Tlaquepaque,evento,Norte
C-D209B2A067,2026-09-11 18:32:13,Sofia Ramirez,sofia.ramirez.39@obelie.mx,3394786616,Tonalá,frecuente,Norte
C-A3B636865B,2026-09-11 18:32:13,Paola Nunez,paola.nunez.33@obelie.mx,3376004833,Tonalá,evento,Plaza Obelie
C-E5DA1ECF43,2026-09-11 18:32:14,Mateo Aguilar,mateo.aguilar.93@obelie.mx,3379153928,Guadalajara,frecuente,Centro
C-0088F6FE8F,2026-09-11 18:32:14,Paola Nunez,paola.nunez.42@obelie.mx,3332247519,Tlajomulco,nuevo,Norte
C-EB66C1A593,2026-09-11 18:32:15,Daniela Pineda,daniela.pineda.34@obelie.mx,3388176317,Zapopan,frecuente,Norte
C-5FBA42DDE7,2026-09-11 18:32:16,Valeria Ortiz,valeria.ortiz.39@obelie.mx,3372818432,Tlajomulco,nuevo,Plaza Obelie
C-F653261CD2,2026-09-11 18:32:16,Andres Molina,andres.molina.60@obelie.mx,3389569880,Tonalá,frecuente,Sur
C-809FB74E74,2026-09-11 18:32:17,Sofia Ramirez,sofia.ramirez.96@obelie.mx,3393851610,Tlajomulco,nuevo,Plaza Obelie
C-7198BAD5BC,2026-09-11 18:32:18,Mateo Aguilar,mateo.aguilar.90@obelie.mx,3377624319,Guadalajara,mayoreo,Plaza Obelie
C-F8EC8A6D25,2026-09-11 18:32:18,Ricardo Flores,ricardo.flores.75@obelie.mx,3369136855,Zapopan,frecuente,Centro
C-67C2C3D06D,2026-09-11 18:32:19,Andres Molina,andres.molina.83@obelie.mx,3386135212,Tlajomulco,nuevo,Plaza Obelie
C-749AC65C61,2026-09-11 18:32:20,Fernando Diaz,fernando.diaz.25@obelie.mx,3371248908,Tlajomulco,nuevo,Centro
C-5915DD2B8A,2026-09-11 18:32:20,Sofia Ramirez,sofia.ramirez.18@obelie.mx,3328724131,Guadalajara,evento,Norte
C-EE675548A3,2026-09-11 18:32:21,Daniela Pineda,daniela.pineda.60@obelie.mx,3368082852,Tlaquepaque,evento,Centro
C-A8EC0929C7,2026-09-11 18:32:22,Mateo Aguilar,mateo.aguilar.69@obelie.mx,3331971703,Tlajomulco,mayoreo,Plaza Obelie
C-A4FCD69572,2026-09-11 18:32:22,Jorge Castillo,jorge.castillo.69@obelie.mx,3387099893,Guadalajara,nuevo,Plaza Obelie
C-67C547B9C9,2026-09-11 18:32:23,Jorge Castillo,jorge.castillo.89@obelie.mx,3347626234,Tonalá,evento,Plaza Obelie
C-9238CB700E,2026-09-11 18:32:23,Ricardo Flores,ricardo.flores.20@obelie.mx,3361252881,Zapopan,mayoreo,Centro
C-4184BC5B66,2026-09-11 18:32:24,Fernando Diaz,fernando.diaz.99@obelie.mx,3381987728,Tlaquepaque,frecuente,Plaza Obelie
C-EC39644F8C,2026-09-11 18:32:25,Fernando Diaz,fernando.diaz.54@obelie.mx,3317318762,Zapopan,frecuente,Centro
C-707BF68F6F,2026-09-11 18:32:25,Jorge Castillo,jorge.castillo.10@obelie.mx,3350888434,Tlajomulco,nuevo,Plaza Obelie
C-74A7382F22,2026-09-11 18:32:26,Camila Herrera,camila.herrera.44@obelie.mx,3394729407,Guadalajara,frecuente,Centro
C-0A39CC248D,2026-09-11 18:32:26,Paola Nunez,paola.nunez.55@obelie.mx,3393158268,Zapopan,mayoreo,Centro
C-633E5DEFA2,2026-09-11 18:32:27,Fernando Diaz,fernando.diaz.84@obelie.mx,3350165670,Zapopan,mayoreo,Norte
C-F1FF15D17D,2026-09-11 18:32:28,Andres Molina,andres.molina.86@obelie.mx,3349484095,Guadalajara,mayoreo,Centro
C-763A640BCF,2026-09-11 18:32:28,Jorge Castillo,jorge.castillo.12@obelie.mx,3368546049,Tlaquepaque,evento,Centro
C-3CB19B0C7E,2026-09-11 18:32:29,Elena Vargas,elena.vargas.89@obelie.mx,3394556294,Zapopan,evento,Centro
C-5C574FE293,2026-09-11 18:32:30,Jorge Castillo,jorge.castillo.75@obelie.mx,3356207299,Zapopan,mayoreo,Sur
C-AAB6D6BB08,2026-09-11 18:32:31,Camila Herrera,camila.herrera.72@obelie.mx,3391657761,Zapopan,evento,Sur
C-8DEDC2A04A,2026-09-11 18:32:31,Mateo Aguilar,mateo.aguilar.97@obelie.mx,3370431611,Zapopan,mayoreo,Plaza Obelie
C-FB463EE76A,2026-09-11 18:32:32,Fernando Diaz,fernando.diaz.32@obelie.mx,3319602432,Guadalajara,evento,Centro
C-B0DE64F830,2026-09-11 18:32:32,Sofia Ramirez,sofia.ramirez.35@obelie.mx,3392046570,Zapopan,nuevo,Centro
C-70B260632F,2026-09-11 18:32:33,Sofia Ramirez,sofia.ramirez.53@obelie.mx,3348614819,Tlajomulco,evento,Sur
C-01E0711101,2026-09-11 18:32:34,Daniela Pineda,daniela.pineda.50@obelie.mx,3342661271,Zapopan,evento,Sur
C-B5CEAAE8EF,2026-09-11 18:32:34,Hugo Salazar,hugo.salazar.26@obelie.mx,3340445567,Guadalajara,mayoreo,Norte
C-86EFF1315C,2026-09-11 18:32:35,Hugo Salazar,hugo.salazar.64@obelie.mx,3359097502,Tlaquepaque,evento,Centro
C-50EB22C60E,2026-09-11 18:32:36,Ricardo Flores,ricardo.flores.49@obelie.mx,3381496302,Tlajomulco,frecuente,Norte
C-B691D564E3,2026-09-11 18:32:37,Andres Molina,andres.molina.66@obelie.mx,3336405142,Guadalajara,evento,Norte
C-7104514B39,2026-09-11 18:32:37,Sofia Ramirez,sofia.ramirez.99@obelie.mx,3348738150,Guadalajara,mayoreo,Plaza Obelie
C-1234AD79AC,2026-09-11 18:32:38,Hugo Salazar,hugo.salazar.47@obelie.mx,3398268838,Tonalá,nuevo,Plaza Obelie
C-FA81D0BFB5,2026-09-11 18:32:39,Camila Herrera,camila.herrera.10@obelie.mx,3311314810,Zapopan,mayoreo,Plaza Obelie
C-25407AD7BB,2026-09-11 18:32:39,Valeria Ortiz,valeria.ortiz.82@obelie.mx,3345769481,Zapopan,nuevo,Plaza Obelie
C-B561063583,2026-09-11 18:32:40,Camila Herrera,camila.herrera.11@obelie.mx,3318585968,Tlajomulco,evento,Sur
C-49C495DE21,2026-09-11 18:32:41,Jorge Castillo,jorge.castillo.91@obelie.mx,3357616246,Tlaquepaque,nuevo,Sur
C-C28524669A,2026-09-11 18:32:42,Sofia Ramirez,sofia.ramirez.26@obelie.mx,3388259338,Tlaquepaque,frecuente,Sur
C-0DF6264265,2026-09-11 18:32:42,Andres Molina,andres.molina.30@obelie.mx,3318843660,Tlaquepaque,evento,Centro
C-79E0EEE378,2026-09-11 18:32:43,Fernando Diaz,fernando.diaz.15@obelie.mx,3347451060,Guadalajara,frecuente,Centro
C-05C060BED0,2026-09-11 18:32:44,Jorge Castillo,jorge.castillo.23@obelie.mx,3332443013,Tonalá,nuevo,Centro
C-A9567DB7C4,2026-09-11 18:32:45,Andres Molina,andres.molina.90@obelie.mx,3312649572,Tonalá,evento,Norte
C-732F197441,2026-09-11 18:32:46,Ricardo Flores,ricardo.flores.61@obelie.mx,3323306074,Tlajomulco,nuevo,Norte
C-E91830FB18,2026-09-11 18:32:47,Jorge Castillo,jorge.castillo.23@obelie.mx,3341631676,Tonalá,evento,Plaza Obelie
C-EF783729CA,2026-09-11 18:32:47,Valeria Ortiz,valeria.ortiz.59@obelie.mx,3381613305,Tonalá,mayoreo,Plaza Obelie
C-7D1C8812D1,2026-09-11 18:32:48,Jorge Castillo,jorge.castillo.29@obelie.mx,3329892355,Tlaquepaque,evento,Norte
C-C8BA788B94,2026-09-11 18:32:49,Ricardo Flores,ricardo.flores.90@obelie.mx,3343959515,Guadalajara,nuevo,Norte
C-A7D5B6D096,2026-09-11 18:32:49,Daniela Pineda,daniela.pineda.54@obelie.mx,3369698787,Zapopan,nuevo,Centro
C-F6DE194CB6,2026-09-11 18:32:50,Ricardo Flores,ricardo.flores.34@obelie.mx,3365981468,Tonalá,nuevo,Centro
C-E68443FB43,2026-09-11 18:32:51,Andres Molina,andres.molina.12@obelie.mx,3352205740,Tlajomulco,frecuente,Sur
C-CF7E4019D3,2026-09-11 18:32:52,Sofia Ramirez,sofia.ramirez.90@obelie.mx,3388574102,Tlajomulco,evento,Centro
C-8260BDB844,2026-09-11 18:32:52,Sofia Ramirez,sofia.ramirez.35@obelie.mx,3365469021,Tonalá,mayoreo,Plaza Obelie
C-29415FFED7,2026-09-11 18:32:53,Hugo Salazar,hugo.salazar.43@obelie.mx,3354015378,Tonalá,evento,Plaza Obelie
C-65D890EE45,2026-09-11 18:32:54,Fernando Diaz,fernando.diaz.72@obelie.mx,3361139906,Guadalajara,frecuente,Norte
C-3EC4FF81A0,2026-09-11 18:32:54,Jorge Castillo,jorge.castillo.66@obelie.mx,3322885594,Tlajomulco,nuevo,Norte
C-816A71307F,2026-09-11 18:32:55,Daniela Pineda,daniela.pineda.83@obelie.mx,3373668914,Tlajomulco,evento,Sur
C-2E528979E5,2026-09-11 18:32:55,Paola Nunez,paola.nunez.49@obelie.mx,3321251521,Guadalajara,frecuente,Centro
C-CA7B2D9208,2026-09-11 18:32:56,Paola Nunez,paola.nunez.82@obelie.mx,3341245534,Tlaquepaque,frecuente,Sur
C-CBFFC6306F,2026-09-11 18:32:56,Valeria Ortiz,valeria.ortiz.39@obelie.mx,3395223054,Tonalá,mayoreo,Norte
C-F25801E12F,2026-09-11 18:32:57,Elena Vargas,elena.vargas.46@obelie.mx,3385132939,Zapopan,evento,Sur
C-51CC730FD3,2026-09-11 18:32:58,Fernando Diaz,fernando.diaz.77@obelie.mx,3353028813,Tlajomulco,nuevo,Centro
C-EAF5C38C4B,2026-09-11 18:32:58,Hugo Salazar,hugo.salazar.42@obelie.mx,3398574911,Tlajomulco,evento,Centro
C-438827D606,2026-09-11 18:32:59,Ricardo Flores,ricardo.flores.51@obelie.mx,3328498296,Zapopan,nuevo,Plaza Obelie
C-5345F7C79C,2026-09-11 18:32:59,Daniela Pineda,daniela.pineda.76@obelie.mx,3383052669,Tonalá,mayoreo,Sur
C-772DC4C012,2026-09-11 18:33:00,Daniela Pineda,daniela.pineda.10@obelie.mx,3314212357,Tonalá,nuevo,Norte
C-AA6298A476,2026-09-11 18:33:01,Elena Vargas,elena.vargas.29@obelie.mx,3342289412,Tlaquepaque,evento,Norte
C-971C138403,2026-09-11 18:33:01,Ricardo Flores,ricardo.flores.80@obelie.mx,3396133027,Guadalajara,frecuente,Sur
C-F72CEF29D0,2026-09-11 18:33:02,Andres Molina,andres.molina.28@obelie.mx,3394868540,Guadalajara,evento,Plaza Obelie
C-C8430F2871,2026-09-11 18:33:03,Hugo Salazar,hugo.salazar.55@obelie.mx,3331833444,Tlajomulco,nuevo,Norte
C-C599843629,2026-09-11 18:33:04,Daniela Pineda,daniela.pineda.37@obelie.mx,3383305406,Tlaquepaque,frecuente,Norte
C-61CA4383B0,2026-09-11 18:33:04,Fernando Diaz,fernando.diaz.13@obelie.mx,3318095050,Zapopan,frecuente,Plaza Obelie
C-B0F6DA9109,2026-09-11 18:33:05,Mateo Aguilar,mateo.aguilar.95@obelie.mx,3351895850,Zapopan,nuevo,Sur
C-66FF3DCD0A,2026-09-11 18:33:06,Mateo Aguilar,mateo.aguilar.17@obelie.mx,3333219387,Tlaquepaque,mayoreo,Centro
C-BB2C669C7A,2026-09-11 18:33:06,Jorge Castillo,jorge.castillo.86@obelie.mx,3350065415,Tlaquepaque,nuevo,Plaza Obelie
C-7474BAB741,2026-09-11 18:33:07,Ricardo Flores,ricardo.flores.70@obelie.mx,3351035551,Guadalajara,frecuente,Plaza Obelie
C-1A6793045E,2026-09-11 18:33:08,Fernando Diaz,fernando.diaz.44@obelie.mx,3377306500,Tlaquepaque,evento,Centro
C-C3696E676C,2026-09-11 18:33:08,Paola Nunez,paola.nunez.87@obelie.mx,3365158720,Tlajomulco,nuevo,Plaza Obelie
C-82389E4486,2026-09-11 18:33:09,Daniela Pineda,daniela.pineda.50@obelie.mx,3374406475,Tonalá,nuevo,Plaza Obelie
C-4EE84509FC,2026-09-11 18:33:10,Camila Herrera,camila.herrera.23@obelie.mx,3348716835,Tonalá,mayoreo,Sur
C-60D776FC9A,2026-09-11 18:33:11,Hugo Salazar,hugo.salazar.68@obelie.mx,3335422515,Tonalá,nuevo,Sur
C-5C54BD80B4,2026-09-11 18:33:11,Valeria Ortiz,valeria.ortiz.12@obelie.mx,3334352748,Tonalá,mayoreo,Sur
C-548BB409F1,2026-09-11 18:33:12,Fernando Diaz,fernando.diaz.57@obelie.mx,3385902425,Tlajomulco,mayoreo,Plaza Obelie
C-BDBC0EF7B2,2026-09-11 18:33:12,Daniela Pineda,daniela.pineda.53@obelie.mx,3348557918,Zapopan,nuevo,Centro
C-58A4B65A7A,2026-09-11 18:33:13,Andres Molina,andres.molina.91@obelie.mx,3320092970,Tlaquepaque,mayoreo,Norte
C-31FA0B8E9B,2026-09-11 18:33:14,Sofia Ramirez,sofia.ramirez.44@obelie.mx,3319543707,Tlaquepaque,mayoreo,Plaza Obelie
C-46681CC958,2026-09-11 18:33:14,Jorge Castillo,jorge.castillo.46@obelie.mx,3357247958,Tlaquepaque,frecuente,Sur
C-A56459C47D,2026-09-11 18:33:15,Paola Nunez,paola.nunez.99@obelie.mx,3318652023,Tlajomulco,evento,Norte
C-EEAD3CD6AE,2026-09-11 18:33:15,Elena Vargas,elena.vargas.47@obelie.mx,3354839309,Tonalá,evento,Centro
C-023C408DCC,2026-09-11 18:33:16,Sofia Ramirez,sofia.ramirez.54@obelie.mx,3351202364,Tlaquepaque,nuevo,Norte
C-C674FDB8C2,2026-09-11 18:33:17,Elena Vargas,elena.vargas.84@obelie.mx,3378206227,Guadalajara,nuevo,Norte
C-1D674C8025,2026-09-11 18:33:17,Elena Vargas,elena.vargas.38@obelie.mx,3367169979,Tlajomulco,frecuente,Sur
C-FA2AFC1B1D,2026-09-11 18:33:18,Paola Nunez,paola.nunez.61@obelie.mx,3342363613,Tlajomulco,nuevo,Plaza Obelie
C-73CA31CFC0,2026-09-11 18:33:19,Ricardo Flores,ricardo.flores.14@obelie.mx,3315125995,Tlajomulco,nuevo,Norte
C-6E35155D96,2026-09-11 18:33:19,Sofia Ramirez,sofia.ramirez.54@obelie.mx,3380997967,Tlajomulco,mayoreo,Norte
C-822D6465D4,2026-09-11 18:33:20,Daniela Pineda,daniela.pineda.55@obelie.mx,3380911897,Zapopan,mayoreo,Centro
C-4A7749B0D0,2026-09-11 18:33:21,Jorge Castillo,jorge.castillo.96@obelie.mx,3396604604,Tlaquepaque,nuevo,Centro
C-143F83C6C2,2026-09-11 18:33:21,Valeria Ortiz,valeria.ortiz.57@obelie.mx,3326763314,Tonalá,evento,Sur
C-B4981FEBB0,2026-09-11 18:33:22,Ricardo Flores,ricardo.flores.63@obelie.mx,3376625266,Zapopan,nuevo,Sur
C-CE06EF472F,2026-09-11 18:33:22,Paola Nunez,paola.nunez.97@obelie.mx,3368281687,Tlaquepaque,nuevo,Sur
C-8D6D4716ED,2026-09-11 18:33:23,Ricardo Flores,ricardo.flores.92@obelie.mx,3339461004,Tlaquepaque,nuevo,Norte
C-FB6293203F,2026-09-11 18:33:23,Daniela Pineda,daniela.pineda.31@obelie.mx,3381202548,Tlaquepaque,frecuente,Centro
C-BD73DD2A8F,2026-09-11 18:33:24,Fernando Diaz,fernando.diaz.67@obelie.mx,3314446974,Tlaquepaque,evento,Centro
C-38B33C0E33,2026-09-11 18:33:24,Elena Vargas,elena.vargas.36@obelie.mx,3310278119,Tlajomulco,evento,Norte
C-FA8D0CC19F,2026-09-11 18:33:25,Camila Herrera,camila.herrera.13@obelie.mx,3399072096,Tlajomulco,mayoreo,Plaza Obelie
C-5575130AA1,2026-09-11 18:33:26,Ricardo Flores,ricardo.flores.54@obelie.mx,3329041715,Zapopan,frecuente,Sur
C-833D4AB318,2026-09-11 18:33:26,Sofia Ramirez,sofia.ramirez.50@obelie.mx,3381805630,Zapopan,mayoreo,Sur
C-FFAC879269,2026-09-11 18:33:27,Jorge Castillo,jorge.castillo.44@obelie.mx,3317853537,Tonalá,frecuente,Centro
C-803B2622FE,2026-09-11 18:33:28,Hugo Salazar,hugo.salazar.77@obelie.mx,3374836144,Tlajomulco,evento,Sur
C-D05F9C121B,2026-09-11 18:33:28,Andres Molina,andres.molina.52@obelie.mx,3391265724,Guadalajara,mayoreo,Plaza Obelie
C-7FE30CE2E6,2026-09-11 18:33:29,Paola Nunez,paola.nunez.72@obelie.mx,3337954968,Guadalajara,evento,Centro
C-801DC8FACE,2026-09-11 18:33:30,Camila Herrera,camila.herrera.69@obelie.mx,3383923796,Tlajomulco,frecuente,Sur
C-6068C55540,2026-09-11 18:33:30,Andres Molina,andres.molina.43@obelie.mx,3334775340,Tlajomulco,mayoreo,Plaza Obelie
C-2BE6681978,2026-09-11 18:33:31,Elena Vargas,elena.vargas.55@obelie.mx,3364079558,Guadalajara,mayoreo,Norte
C-395D551DE3,2026-09-11 18:33:32,Andres Molina,andres.molina.77@obelie.mx,3378529549,Guadalajara,mayoreo,Norte
C-9220D34FF8,2026-09-11 18:33:32,Mateo Aguilar,mateo.aguilar.83@obelie.mx,3353801218,Tlajomulco,mayoreo,Sur
C-1EFE842306,2026-09-11 18:33:33,Paola Nunez,paola.nunez.32@obelie.mx,3389176744,Tonalá,mayoreo,Centro
C-AE8D8E923A,2026-09-11 18:33:33,Sofia Ramirez,sofia.ramirez.36@obelie.mx,3374017640,Tlajomulco,mayoreo,Plaza Obelie
C-DE1FA5E23F,2026-09-11 18:33:34,Ricardo Flores,ricardo.flores.64@obelie.mx,3347438934,Guadalajara,evento,Norte
C-C73FD9C335,2026-09-11 18:33:35,Elena Vargas,elena.vargas.50@obelie.mx,3336579428,Guadalajara,mayoreo,Sur
C-05D16CEAF1,2026-09-11 18:33:35,Mateo Aguilar,mateo.aguilar.36@obelie.mx,3317992625,Tonalá,nuevo,Centro
C-3BDC0F06A8,2026-09-11 18:33:36,Andres Molina,andres.molina.98@obelie.mx,3312825703,Tlajomulco,evento,Plaza Obelie
C-0B005EF21A,2026-09-11 18:33:37,Camila Herrera,camila.herrera.88@obelie.mx,3325973455,Tlajomulco,frecuente,Sur
C-FD8F6A7058,2026-09-11 18:33:38,Daniela Pineda,daniela.pineda.53@obelie.mx,3322862763,Tonalá,nuevo,Plaza Obelie
C-928E10763F,2026-09-11 18:33:38,Paola Nunez,paola.nunez.42@obelie.mx,3315113921,Tlajomulco,mayoreo,Norte
C-4435811ED5,2026-09-11 18:33:39,Sofia Ramirez,sofia.ramirez.17@obelie.mx,3373548295,Tonalá,nuevo,Norte
C-AAB0BFBC5B,2026-09-11 18:33:39,Hugo Salazar,hugo.salazar.40@obelie.mx,3356418017,Tonalá,mayoreo,Plaza Obelie
C-76E19A3C9E,2026-09-11 18:33:40,Elena Vargas,elena.vargas.60@obelie.mx,3359674718,Tlaquepaque,evento,Plaza Obelie
C-154F3A69B8,2026-09-11 18:33:41,Valeria Ortiz,valeria.ortiz.16@obelie.mx,3321755346,Tonalá,frecuente,Plaza Obelie
C-FEA7C3EA43,2026-09-11 18:33:41,Hugo Salazar,hugo.salazar.96@obelie.mx,3357037001,Zapopan,nuevo,Sur
C-7C96DA9B55,2026-09-11 18:33:42,Hugo Salazar,hugo.salazar.17@obelie.mx,3371012044,Zapopan,frecuente,Centro
C-32918729A2,2026-09-11 18:33:42,Hugo Salazar,hugo.salazar.41@obelie.mx,3348182774,Tlaquepaque,evento,Plaza Obelie
C-6C73FF6A2C,2026-09-11 18:33:43,Mateo Aguilar,mateo.aguilar.41@obelie.mx,3373425306,Tlajomulco,mayoreo,Centro
C-098ECD3F49,2026-09-11 18:33:43,Sofia Ramirez,sofia.ramirez.61@obelie.mx,3347673921,Tonalá,nuevo,Norte
C-F152D1ABFD,2026-09-11 18:33:44,Hugo Salazar,hugo.salazar.24@obelie.mx,3381664214,Tlajomulco,frecuente,Centro
C-CDD745EC43,2026-09-11 18:33:45,Hugo Salazar,hugo.salazar.77@obelie.mx,3325726756,Tonalá,frecuente,Centro
C-C2D8E8FBB8,2026-09-11 18:33:45,Elena Vargas,elena.vargas.59@obelie.mx,3346539165,Tlaquepaque,frecuente,Sur
C-0A7FC5C872,2026-09-11 18:33:46,Andres Molina,andres.molina.48@obelie.mx,3347064833,Tlaquepaque,frecuente,Norte
C-3884BC02D1,2026-09-11 18:33:46,Paola Nunez,paola.nunez.42@obelie.mx,3369315014,Tlaquepaque,nuevo,Centro
C-ABE759834C,2026-09-11 18:33:47,Valeria Ortiz,valeria.ortiz.71@obelie.mx,3349825029,Zapopan,frecuente,Sur
C-0A72E8613B,2026-09-11 18:33:48,Ricardo Flores,ricardo.flores.15@obelie.mx,3376857040,Tlaquepaque,mayoreo,Centro
C-BB7F1B2890,2026-09-11 18:33:49,Elena Vargas,elena.vargas.88@obelie.mx,3320648011,Tlaquepaque,nuevo,Centro
C-32E13274E4,2026-09-11 18:33:49,Sofia Ramirez,sofia.ramirez.55@obelie.mx,3316381423,Tlajomulco,frecuente,Sur
C-6B20E7CCEB,2026-09-11 18:33:50,Valeria Ortiz,valeria.ortiz.32@obelie.mx,3376453469,Guadalajara,frecuente,Sur
C-0375EEAB1D,2026-09-11 18:33:50,Elena Vargas,elena.vargas.36@obelie.mx,3370699790,Zapopan,mayoreo,Norte
C-F5EB0011A2,2026-09-11 18:33:51,Fernando Diaz,fernando.diaz.15@obelie.mx,3356838042,Guadalajara,mayoreo,Sur
C-DB43411B2E,2026-09-11 18:33:52,Paola Nunez,paola.nunez.43@obelie.mx,3343853273,Zapopan,mayoreo,Centro
C-41B89C6B87,2026-09-11 18:33:52,Ricardo Flores,ricardo.flores.57@obelie.mx,3312573327,Guadalajara,frecuente,Centro
C-96EB0A6EF8,2026-09-11 18:33:53,Andres Molina,andres.molina.23@obelie.mx,3320188493,Zapopan,evento,Centro
C-03637C0A5A,2026-09-11 18:33:54,Elena Vargas,elena.vargas.73@obelie.mx,3388623577,Tlajomulco,frecuente,Plaza Obelie
C-1F2E2985D1,2026-09-11 18:33:55,Paola Nunez,paola.nunez.38@obelie.mx,3354492077,Tlaquepaque,frecuente,Centro
C-8437ED0B3F,2026-09-11 18:33:55,Sofia Ramirez,sofia.ramirez.18@obelie.mx,3332921853,Tlaquepaque,frecuente,Plaza Obelie
C-74D6D97CD8,2026-09-11 18:33:56,Jorge Castillo,jorge.castillo.78@obelie.mx,3380895530,Tlajomulco,evento,Sur
C-53EF636D32,2026-09-11 18:33:56,Valeria Ortiz,valeria.ortiz.50@obelie.mx,3332728365,Tlaquepaque,frecuente,Sur
C-69569DF296,2026-09-11 18:33:57,Andres Molina,andres.molina.16@obelie.mx,3352493226,Zapopan,nuevo,Plaza Obelie
C-5FBEBA8232,2026-09-11 18:33:58,Elena Vargas,elena.vargas.47@obelie.mx,3375607445,Guadalajara,frecuente,Plaza Obelie
C-5290FD1C9A,2026-09-11 18:33:58,Hugo Salazar,hugo.salazar.14@obelie.mx,3361619935,Tlajomulco,mayoreo,Norte
C-3A897FDF5F,2026-09-11 18:33:59,Valeria Ortiz,valeria.ortiz.22@obelie.mx,3373106746,Guadalajara,frecuente,Sur
C-A125EE7FBD,2026-09-11 18:34:00,Jorge Castillo,jorge.castillo.77@obelie.mx,3327243738,Tlajomulco,evento,Sur
C-5B70A9B884,2026-09-11 18:34:00,Hugo Salazar,hugo.salazar.13@obelie.mx,3376415693,Tlajomulco,mayoreo,Plaza Obelie
C-743B7E8053,2026-09-11 18:34:01,Elena Vargas,elena.vargas.33@obelie.mx,3359042887,Tlajomulco,evento,Centro
C-1ABA284EA1,2026-09-11 18:34:02,Andres Molina,andres.molina.98@obelie.mx,3347988349,Tlaquepaque,frecuente,Plaza Obelie
C-3A8153ED54,2026-09-11 18:34:02,Jorge Castillo,jorge.castillo.43@obelie.mx,3358849709,Guadalajara,evento,Norte
C-1E1E9742FC,2026-09-11 18:34:03,Daniela Pineda,daniela.pineda.56@obelie.mx,3359317798,Guadalajara,mayoreo,Plaza Obelie
C-4968682F02,2026-09-11 18:34:04,Daniela Pineda,daniela.pineda.77@obelie.mx,3366961661,Guadalajara,mayoreo,Centro
C-CE364554F7,2026-09-11 18:34:05,Jorge Castillo,jorge.castillo.55@obelie.mx,3345759496,Tlajomulco,frecuente,Centro
C-66FF585E42,2026-09-11 18:34:05,Hugo Salazar,hugo.salazar.89@obelie.mx,3332037889,Tlaquepaque,evento,Plaza Obelie
C-A511F3F937,2026-09-11 18:34:06,Andres Molina,andres.molina.15@obelie.mx,3387517217,Guadalajara,evento,Norte
C-134D187709,2026-09-11 18:34:07,Paola Nunez,paola.nunez.64@obelie.mx,3321536450,Tlajomulco,evento,Plaza Obelie
C-CDD9F6D0F9,2026-09-11 18:34:07,Ricardo Flores,ricardo.flores.96@obelie.mx,3363133954,Guadalajara,nuevo,Plaza Obelie
C-13CB0BD2FA,2026-09-11 18:34:07,Daniela Pineda,daniela.pineda.69@obelie.mx,3391246920,Tlaquepaque,frecuente,Centro
C-018DE45A21,2026-09-11 18:34:08,Jorge Castillo,jorge.castillo.39@obelie.mx,3387342197,Tonalá,mayoreo,Norte
C-7CF81F1DFE,2026-09-11 18:34:09,Sofia Ramirez,sofia.ramirez.21@obelie.mx,3393437161,Guadalajara,nuevo,Centro
C-08E6C9C3DC,2026-09-11 18:34:09,Hugo Salazar,hugo.salazar.82@obelie.mx,3368418661,Guadalajara,evento,Plaza Obelie
C-7F6F36F279,2026-09-11 18:34:10,Paola Nunez,paola.nunez.83@obelie.mx,3321255753,Tlaquepaque,evento,Centro
C-9C76F10A2D,2026-09-11 18:34:11,Paola Nunez,paola.nunez.43@obelie.mx,3383002001,Tlaquepaque,evento,Centro
C-62482FD159,2026-09-11 18:34:11,Valeria Ortiz,valeria.ortiz.38@obelie.mx,3352429278,Zapopan,frecuente,Centro
C-D36E1756A8,2026-09-11 18:34:12,Sofia Ramirez,sofia.ramirez.59@obelie.mx,3349718745,Zapopan,frecuente,Plaza Obelie
C-F138106B90,2026-09-11 18:34:12,Fernando Diaz,fernando.diaz.36@obelie.mx,3324746687,Tlaquepaque,mayoreo,Norte
C-6E1437BE59,2026-09-11 18:34:13,Camila Herrera,camila.herrera.81@obelie.mx,3358463570,Tonalá,evento,Norte
C-F6ECD37087,2026-09-11 18:34:13,Jorge Castillo,jorge.castillo.48@obelie.mx,3326466129,Tlajomulco,mayoreo,Norte
C-90B598AA5B,2026-09-11 18:34:14,Andres Molina,andres.molina.26@obelie.mx,3393904984,Tonalá,nuevo,Norte
C-EF45674867,2026-09-11 18:34:14,Paola Nunez,paola.nunez.86@obelie.mx,3347674336,Guadalajara,mayoreo,Centro
C-F7E51EED6A,2026-09-11 18:34:15,Paola Nunez,paola.nunez.84@obelie.mx,3365452617,Tlaquepaque,mayoreo,Plaza Obelie
C-2106A1DD4C,2026-09-11 18:34:16,Jorge Castillo,jorge.castillo.79@obelie.mx,3335596899,Tonalá,nuevo,Centro
C-A83570301E,2026-09-11 18:34:16,Camila Herrera,camila.herrera.52@obelie.mx,3367709499,Tlajomulco,mayoreo,Plaza Obelie
C-5DAEC007AE,2026-09-11 18:34:17,Hugo Salazar,hugo.salazar.21@obelie.mx,3336929995,Tlaquepaque,frecuente,Sur
C-A0CAE4F45C,2026-09-11 18:34:18,Valeria Ortiz,valeria.ortiz.32@obelie.mx,3321318383,Tlajomulco,evento,Sur
C-29D8B71490,2026-09-11 18:34:18,Ricardo Flores,ricardo.flores.50@obelie.mx,3351334391,Zapopan,evento,Plaza Obelie
C-BB79E1DC48,2026-09-11 18:34:19,Mateo Aguilar,mateo.aguilar.71@obelie.mx,3330634656,Tlajomulco,mayoreo,Norte
C-85E5407D21,2026-09-11 18:34:19,Hugo Salazar,hugo.salazar.99@obelie.mx,3389001234,Guadalajara,mayoreo,Centro
C-F884FA9D2F,2026-09-11 18:34:20,Mateo Aguilar,mateo.aguilar.79@obelie.mx,3359193447,Tlajomulco,nuevo,Centro
C-A61532ED1D,2026-09-11 18:34:21,Elena Vargas,elena.vargas.89@obelie.mx,3315957147,Tlaquepaque,nuevo,Sur
C-0B2A4F39CC,2026-09-11 18:34:21,Mateo Aguilar,mateo.aguilar.36@obelie.mx,3324899193,Tlajomulco,evento,Sur
C-F859A55234,2026-09-11 18:34:22,Daniela Pineda,daniela.pineda.56@obelie.mx,3319198263,Zapopan,frecuente,Plaza Obelie
C-D1433C8184,2026-09-11 18:34:23,Paola Nunez,paola.nunez.84@obelie.mx,3348765598,Tlaquepaque,evento,Plaza Obelie
C-DC662A857B,2026-09-11 18:34:23,Jorge Castillo,jorge.castillo.29@obelie.mx,3387027922,Tlaquepaque,nuevo,Plaza Obelie
C-FCF5198D37,2026-09-11 18:34:24,Fernando Diaz,fernando.diaz.18@obelie.mx,3376862999,Tlaquepaque,evento,Norte
C-110106C2DA,2026-09-11 18:34:25,Ricardo Flores,ricardo.flores.22@obelie.mx,3330649495,Zapopan,nuevo,Sur
C-CE4D84AD0A,2026-09-11 18:34:26,Fernando Diaz,fernando.diaz.96@obelie.mx,3338589650,Zapopan,frecuente,Plaza Obelie
C-4896EF573D,2026-09-11 18:34:26,Elena Vargas,elena.vargas.14@obelie.mx,3362897311,Tonalá,nuevo,Plaza Obelie
C-71A4782D52,2026-09-11 18:34:27,Mateo Aguilar,mateo.aguilar.71@obelie.mx,3325016208,Tlaquepaque,frecuente,Centro
C-E7CD0DB348,2026-09-11 18:34:28,Paola Nunez,paola.nunez.76@obelie.mx,3358127312,Guadalajara,mayoreo,Plaza Obelie
C-2B5B07B489,2026-09-11 18:34:28,Daniela Pineda,daniela.pineda.77@obelie.mx,3344296895,Tlaquepaque,nuevo,Plaza Obelie
C-2A47C93FE3,2026-09-11 18:34:29,Paola Nunez,paola.nunez.81@obelie.mx,3377406183,Tlajomulco,mayoreo,Plaza Obelie
C-20181E304C,2026-09-11 18:34:29,Camila Herrera,camila.herrera.75@obelie.mx,3349356338,Tonalá,mayoreo,Centro
C-2AEC273676,2026-09-11 18:34:30,Fernando Diaz,fernando.diaz.65@obelie.mx,3310702865,Tonalá,frecuente,Sur
C-C011588AD8,2026-09-11 18:34:31,Daniela Pineda,daniela.pineda.71@obelie.mx,3337093191,Tlajomulco,frecuente,Centro
C-C1B97E4E7C,2026-09-11 18:34:31,Jorge Castillo,jorge.castillo.92@obelie.mx,3366083060,Tlaquepaque,evento,Centro
C-B6A886668F,2026-09-11 18:34:32,Hugo Salazar,hugo.salazar.11@obelie.mx,3313553094,Tonalá,mayoreo,Centro
C-F9E58058D7,2026-09-11 18:34:33,Mateo Aguilar,mateo.aguilar.12@obelie.mx,3348503170,Tlajomulco,mayoreo,Centro
C-F1705FD108,2026-09-11 18:34:33,Camila Herrera,camila.herrera.11@obelie.mx,3318388868,Guadalajara,frecuente,Norte
C-51F256EFB3,2026-09-11 18:34:34,Sofia Ramirez,sofia.ramirez.26@obelie.mx,3314607800,Zapopan,nuevo,Sur
C-1D0CE79436,2026-09-11 18:34:34,Fernando Diaz,fernando.diaz.50@obelie.mx,3310358363,Zapopan,nuevo,Sur
C-FCB32156EC,2026-09-11 18:34:35,Mateo Aguilar,mateo.aguilar.42@obelie.mx,3354254130,Zapopan,evento,Sur
C-C579615B53,2026-09-11 18:34:35,Andres Molina,andres.molina.41@obelie.mx,3340661894,Tonalá,mayoreo,Norte
C-4047CE1870,2026-09-11 18:34:36,Hugo Salazar,hugo.salazar.97@obelie.mx,3366893977,Tonalá,mayoreo,Centro
C-FCE6078C70,2026-09-11 18:34:36,Fernando Diaz,fernando.diaz.36@obelie.mx,3375767075,Zapopan,frecuente,Sur
C-F39443E807,2026-09-11 18:34:37,Valeria Ortiz,valeria.ortiz.57@obelie.mx,3355327144,Tlajomulco,nuevo,Norte
C-ADEE7D0D94,2026-09-11 18:34:37,Paola Nunez,paola.nunez.56@obelie.mx,3331743596,Guadalajara,evento,Norte
C-1DC3EB7A41,2026-09-11 18:34:38,Elena Vargas,elena.vargas.26@obelie.mx,3361184939,Tlaquepaque,nuevo,Sur
C-C33F00D236,2026-09-11 18:34:39,Elena Vargas,elena.vargas.53@obelie.mx,3357677741,Tlaquepaque,frecuente,Centro
C-8698A09DE1,2026-09-11 18:34:40,Sofia Ramirez,sofia.ramirez.86@obelie.mx,3328625698,Tlajomulco,mayoreo,Sur
C-2613F29D6E,2026-09-11 18:34:41,Ricardo Flores,ricardo.flores.28@obelie.mx,3322308101,Guadalajara,evento,Sur
C-FBA6B4F43B,2026-09-11 18:34:41,Hugo Salazar,hugo.salazar.13@obelie.mx,3329257580,Tlaquepaque,evento,Plaza Obelie
C-522DE64DEA,2026-09-11 18:34:42,Paola Nunez,paola.nunez.48@obelie.mx,3387564707,Tlaquepaque,mayoreo,Sur
C-8B3AAB2A03,2026-09-11 18:34:42,Sofia Ramirez,sofia.ramirez.54@obelie.mx,3342788646,Tlajomulco,mayoreo,Sur
C-C8093882D7,2026-09-11 18:34:43,Sofia Ramirez,sofia.ramirez.91@obelie.mx,3321928505,Tlajomulco,evento,Sur
C-A30A180A30,2026-09-11 18:34:44,Mateo Aguilar,mateo.aguilar.95@obelie.mx,3317895621,Zapopan,evento,Centro
C-A70FBE29FF,2026-09-11 18:34:45,Elena Vargas,elena.vargas.34@obelie.mx,3317071231,Guadalajara,mayoreo,Plaza Obelie
C-41308AB59E,2026-09-11 18:34:45,Hugo Salazar,hugo.salazar.99@obelie.mx,3329003388,Guadalajara,mayoreo,Norte
C-ED99FB5042,2026-09-11 18:34:46,Ricardo Flores,ricardo.flores.56@obelie.mx,3335936230,Zapopan,evento,Norte
C-41A05B2F38,2026-09-11 18:34:47,Sofia Ramirez,sofia.ramirez.30@obelie.mx,3366746745,Guadalajara,frecuente,Plaza Obelie
C-D5F554A1D2,2026-09-11 18:34:47,Sofia Ramirez,sofia.ramirez.14@obelie.mx,3323297598,Tonalá,frecuente,Plaza Obelie
C-3B8AA27316,2026-09-11 18:34:48,Daniela Pineda,daniela.pineda.45@obelie.mx,3356568103,Tlajomulco,mayoreo,Plaza Obelie
C-8CB83AC738,2026-09-11 18:34:49,Daniela Pineda,daniela.pineda.50@obelie.mx,3346705876,Tlaquepaque,frecuente,Plaza Obelie
C-A9350C92FF,2026-09-11 18:34:49,Hugo Salazar,hugo.salazar.90@obelie.mx,3360826521,Zapopan,frecuente,Norte
C-ABDCB83F71,2026-09-11 18:34:50,Jorge Castillo,jorge.castillo.35@obelie.mx,3362208741,Guadalajara,nuevo,Plaza Obelie
C-131ADABB63,2026-09-11 18:34:51,Ricardo Flores,ricardo.flores.57@obelie.mx,3353939131,Tlaquepaque,nuevo,Norte
C-5F55C847D7,2026-09-11 18:34:52,Mateo Aguilar,mateo.aguilar.74@obelie.mx,3323063956,Zapopan,mayoreo,Norte
C-5490543C2E,2026-09-11 18:34:52,Jorge Castillo,jorge.castillo.15@obelie.mx,3313906108,Tonalá,evento,Sur
C-C6E8557E70,2026-09-11 18:34:53,Paola Nunez,paola.nunez.22@obelie.mx,3355758786,Tlaquepaque,evento,Norte
C-1F885273D1,2026-09-11 18:34:53,Mateo Aguilar,mateo.aguilar.45@obelie.mx,3375096232,Tlaquepaque,frecuente,Centro
C-1D7C3E363B,2026-09-11 18:34:54,Ricardo Flores,ricardo.flores.95@obelie.mx,3357025858,Tlajomulco,mayoreo,Plaza Obelie
C-2256CC1B76,2026-09-11 18:34:54,Camila Herrera,camila.herrera.39@obelie.mx,3310334882,Tlajomulco,nuevo,Norte
C-96375A1C5B,2026-09-11 18:34:55,Fernando Diaz,fernando.diaz.20@obelie.mx,3394458744,Tlajomulco,nuevo,Norte
C-F8A0AA2EDF,2026-09-11 18:34:56,Elena Vargas,elena.vargas.11@obelie.mx,3345271089,Guadalajara,evento,Plaza Obelie
C-18DCEC6907,2026-09-11 18:34:57,Ricardo Flores,ricardo.flores.19@obelie.mx,3318931925,Tlaquepaque,evento,Centro
C-1722DFE06F,2026-09-11 18:34:57,Daniela Pineda,daniela.pineda.77@obelie.mx,3319944545,Tlaquepaque,evento,Sur
C-AE62CF2AC2,2026-09-11 18:34:58,Valeria Ortiz,valeria.ortiz.33@obelie.mx,3358519265,Guadalajara,frecuente,Sur
C-9B74F6B6A5,2026-09-11 18:34:58,Camila Herrera,camila.herrera.51@obelie.mx,3377996253,Zapopan,evento,Norte
C-00BC41A7F8,2026-09-11 18:34:59,Camila Herrera,camila.herrera.41@obelie.mx,3344328842,Guadalajara,mayoreo,Centro
C-AB46066264,2026-09-11 18:34:59,Jorge Castillo,jorge.castillo.14@obelie.mx,3387475587,Tlajomulco,evento,Sur
C-65D69E3C28,2026-09-11 18:35:00,Fernando Diaz,fernando.diaz.40@obelie.mx,3362569080,Zapopan,evento,Plaza Obelie
C-099402AC66,2026-09-11 18:35:01,Fernando Diaz,fernando.diaz.26@obelie.mx,3313237658,Tonalá,mayoreo,Sur
C-99EEED0C87,2026-09-11 18:35:02,Valeria Ortiz,valeria.ortiz.30@obelie.mx,3346284592,Guadalajara,mayoreo,Plaza Obelie
C-74F1D1D106,2026-09-11 18:35:02,Andres Molina,andres.molina.37@obelie.mx,3346799134,Zapopan,nuevo,Norte
C-B83FAE7515,2026-09-11 18:35:03,Valeria Ortiz,valeria.ortiz.38@obelie.mx,3340946473,Tlajomulco,frecuente,Norte
C-C8EE1AD27E,2026-09-11 18:35:04,Paola Nunez,paola.nunez.42@obelie.mx,3340503744,Zapopan,evento,Plaza Obelie
C-8D41CFF7C6,2026-09-11 18:35:04,Sofia Ramirez,sofia.ramirez.71@obelie.mx,3340572714,Tlaquepaque,nuevo,Centro
C-861C76931A,2026-09-11 18:35:05,Daniela Pineda,daniela.pineda.49@obelie.mx,3313066824,Guadalajara,mayoreo,Sur
C-17B76C5B4F,2026-09-11 18:35:06,Elena Vargas,elena.vargas.13@obelie.mx,3397297958,Tonalá,evento,Plaza Obelie
C-94DE660F77,2026-09-11 18:35:06,Jorge Castillo,jorge.castillo.29@obelie.mx,3386267582,Tonalá,evento,Sur
C-D2057C46BE,2026-09-11 18:35:07,Paola Nunez,paola.nunez.97@obelie.mx,3324193805,Tlaquepaque,frecuente,Norte
C-C0127E13C9,2026-09-11 18:35:08,Jorge Castillo,jorge.castillo.78@obelie.mx,3334014211,Guadalajara,frecuente,Sur
C-E93FE1FE33,2026-09-11 18:35:08,Camila Herrera,camila.herrera.59@obelie.mx,3310054786,Zapopan,evento,Plaza Obelie
C-260C2EEC0D,2026-09-11 18:35:09,Mateo Aguilar,mateo.aguilar.99@obelie.mx,3312513542,Tonalá,evento,Centro
C-5CEDE77B6B,2026-09-11 18:35:10,Camila Herrera,camila.herrera.81@obelie.mx,3362195505,Guadalajara,mayoreo,Centro
C-63ED672930,2026-09-11 18:35:11,Elena Vargas,elena.vargas.99@obelie.mx,3332753434,Tlaquepaque,nuevo,Norte
C-126817EBE6,2026-09-11 18:35:11,Mateo Aguilar,mateo.aguilar.82@obelie.mx,3348245289,Tlajomulco,nuevo,Plaza Obelie
C-554E5B7DFE,2026-09-11 18:35:12,Camila Herrera,camila.herrera.58@obelie.mx,3331573166,Tlaquepaque,frecuente,Norte
C-6D8238ADA2,2026-09-11 18:35:12,Sofia Ramirez,sofia.ramirez.70@obelie.mx,3357115940,Zapopan,mayoreo,Plaza Obelie
C-E3352E3BD4,2026-09-11 18:35:13,Mateo Aguilar,mateo.aguilar.57@obelie.mx,3321723310,Tonalá,mayoreo,Norte
C-8744E38EB4,2026-09-11 18:35:14,Elena Vargas,elena.vargas.34@obelie.mx,3390762448,Tlaquepaque,nuevo,Sur
C-9E9A9B3D8B,2026-09-11 18:35:14,Hugo Salazar,hugo.salazar.51@obelie.mx,3358359695,Tlaquepaque,mayoreo,Centro
C-A0B986FEC9,2026-09-11 18:35:15,Jorge Castillo,jorge.castillo.96@obelie.mx,3315233561,Tlaquepaque,evento,Centro
C-E84E5E0A90,2026-09-11 18:35:16,Sofia Ramirez,sofia.ramirez.42@obelie.mx,3324791465,Tonalá,frecuente,Norte
C-0DCF855976,2026-09-11 18:35:17,Jorge Castillo,jorge.castillo.90@obelie.mx,3360079170,Tlajomulco,nuevo,Centro
C-E33B8E3C96,2026-09-11 18:35:17,Ricardo Flores,ricardo.flores.25@obelie.mx,3346291229,Tonalá,frecuente,Centro
C-0617F84764,2026-09-11 18:35:18,Valeria Ortiz,valeria.ortiz.84@obelie.mx,3399954128,Zapopan,frecuente,Centro
C-50F6164ED6,2026-09-11 18:35:19,Elena Vargas,elena.vargas.61@obelie.mx,3392359568,Guadalajara,nuevo,Plaza Obelie
C-254C9FC45D,2026-09-11 18:35:19,Hugo Salazar,hugo.salazar.56@obelie.mx,3344322596,Zapopan,frecuente,Norte
C-D9531D6483,2026-09-11 18:35:20,Paola Nunez,paola.nunez.98@obelie.mx,3365049795,Tlaquepaque,nuevo,Norte
C-24D9702AF3,2026-09-11 18:35:20,Camila Herrera,camila.herrera.74@obelie.mx,3372587246,Tlajomulco,nuevo,Centro
C-D81112D6BE,2026-09-11 18:35:21,Paola Nunez,paola.nunez.33@obelie.mx,3328097670,Zapopan,frecuente,Plaza Obelie
C-E90F0D64DB,2026-09-11 18:35:22,Daniela Pineda,daniela.pineda.55@obelie.mx,3325513288,Tlajomulco,frecuente,Centro
C-6BFA34071A,2026-09-11 18:35:22,Sofia Ramirez,sofia.ramirez.50@obelie.mx,3326156857,Zapopan,frecuente,Sur
C-0E630132A8,2026-09-11 18:35:23,Andres Molina,andres.molina.48@obelie.mx,3343939809,Tonalá,mayoreo,Centro
C-01AF64C7E6,2026-09-11 18:35:24,Daniela Pineda,daniela.pineda.14@obelie.mx,3377576436,Guadalajara,nuevo,Norte
C-4CC9532948,2026-09-11 18:35:24,Jorge Castillo,jorge.castillo.24@obelie.mx,3351521760,Tlajomulco,frecuente,Centro
C-E57DED8145,2026-09-11 18:35:25,Daniela Pineda,daniela.pineda.54@obelie.mx,3388308222,Guadalajara,nuevo,Norte
C-02F2C228A0,2026-09-11 18:35:25,Andres Molina,andres.molina.76@obelie.mx,3322989893,Zapopan,nuevo,Sur
C-7D6279F19C,2026-09-11 18:35:26,Sofia Ramirez,sofia.ramirez.73@obelie.mx,3325001919,Zapopan,nuevo,Centro
C-3BA1C9A57C,2026-09-11 18:35:26,Sofia Ramirez,sofia.ramirez.39@obelie.mx,3351772558,Tonalá,evento,Centro
C-352BD72D94,2026-09-11 18:35:27,Camila Herrera,camila.herrera.19@obelie.mx,3382208927,Zapopan,nuevo,Plaza Obelie
C-05FDA00E46,2026-09-11 18:35:28,Paola Nunez,paola.nunez.35@obelie.mx,3355585110,Guadalajara,frecuente,Plaza Obelie
C-5057041EBA,2026-09-11 18:35:28,Mateo Aguilar,mateo.aguilar.24@obelie.mx,3319251499,Tlajomulco,mayoreo,Sur
C-AADBD2D29F,2026-09-11 18:35:29,Camila Herrera,camila.herrera.68@obelie.mx,3368402451,Guadalajara,evento,Sur
C-8BD903E66C,2026-09-11 18:35:30,Daniela Pineda,daniela.pineda.79@obelie.mx,3318152774,Zapopan,frecuente,Sur
C-4967DF4DC0,2026-09-11 18:35:30,Ricardo Flores,ricardo.flores.38@obelie.mx,3390911301,Guadalajara,evento,Sur
C-2812652743,2026-09-11 18:35:31,Paola Nunez,paola.nunez.13@obelie.mx,3355956516,Tonalá,nuevo,Plaza Obelie
C-B4AB1BA785,2026-09-11 18:35:32,Mateo Aguilar,mateo.aguilar.93@obelie.mx,3383646193,Tonalá,evento,Sur
C-C773F7A3DF,2026-09-11 18:35:32,Andres Molina,andres.molina.69@obelie.mx,3371885185,Tlaquepaque,frecuente,Centro
C-6D27A30A03,2026-09-11 18:35:33,Paola Nunez,paola.nunez.14@obelie.mx,3341651834,Tonalá,nuevo,Norte
C-D5A5E6CBC1,2026-09-11 18:35:33,Jorge Castillo,jorge.castillo.81@obelie.mx,3374465007,Tlaquepaque,nuevo,Centro
C-D33F5541E5,2026-09-11 18:35:34,Daniela Pineda,daniela.pineda.71@obelie.mx,3367202814,Tonalá,nuevo,Plaza Obelie
C-71BACCE218,2026-09-11 18:35:35,Paola Nunez,paola.nunez.32@obelie.mx,3389113748,Tonalá,frecuente,Norte
C-22BA711179,2026-09-11 18:35:36,Sofia Ramirez,sofia.ramirez.78@obelie.mx,3363682392,Guadalajara,mayoreo,Plaza Obelie
C-166929E78A,2026-09-11 18:35:37,Sofia Ramirez,sofia.ramirez.87@obelie.mx,3364583296,Zapopan,frecuente,Norte
C-928AE89AE4,2026-09-11 18:35:37,Fernando Diaz,fernando.diaz.11@obelie.mx,3323154918,Tonalá,frecuente,Centro
C-099B015A84,2026-09-11 18:35:38,Fernando Diaz,fernando.diaz.60@obelie.mx,3329147624,Tlajomulco,nuevo,Plaza Obelie
C-1070711193,2026-09-11 18:35:39,Mateo Aguilar,mateo.aguilar.74@obelie.mx,3323544154,Tlajomulco,nuevo,Centro
C-AE686D79FC,2026-09-11 18:35:40,Elena Vargas,elena.vargas.83@obelie.mx,3345251083,Tlajomulco,evento,Plaza Obelie
C-CE58D04462,2026-09-11 18:35:40,Andres Molina,andres.molina.54@obelie.mx,3373296506,Guadalajara,mayoreo,Plaza Obelie
C-68964AF916,2026-09-11 18:35:41,Camila Herrera,camila.herrera.43@obelie.mx,3324656766,Tlajomulco,evento,Sur
C-FDFC4A9729,2026-09-11 18:35:42,Jorge Castillo,jorge.castillo.22@obelie.mx,3396048200,Zapopan,nuevo,Centro
C-5A14553030,2026-09-11 18:35:42,Camila Herrera,camila.herrera.46@obelie.mx,3379215856,Zapopan,nuevo,Norte
C-D0D45A1345,2026-09-11 18:35:43,Hugo Salazar,hugo.salazar.24@obelie.mx,3331282600,Zapopan,nuevo,Sur
C-C95A0BC195,2026-09-11 18:35:44,Paola Nunez,paola.nunez.27@obelie.mx,3334516863,Guadalajara,evento,Norte
C-9BEA955434,2026-09-11 18:35:45,Daniela Pineda,daniela.pineda.18@obelie.mx,3390773164,Zapopan,mayoreo,Norte
C-AC84EACBF6,2026-09-11 18:35:45,Fernando Diaz,fernando.diaz.65@obelie.mx,3316727918,Tonalá,frecuente,Norte
C-4801EAE07C,2026-09-11 18:35:46,Camila Herrera,camila.herrera.24@obelie.mx,3317741840,Tlajomulco,mayoreo,Norte
C-DD414D3DDA,2026-09-11 18:35:47,Andres Molina,andres.molina.88@obelie.mx,3362382173,Tlajomulco,mayoreo,Norte
C-86E45DEE80,2026-09-11 18:35:47,Elena Vargas,elena.vargas.21@obelie.mx,3395303637,Guadalajara,nuevo,Centro
C-B49E5FF4F7,2026-09-11 18:35:48,Daniela Pineda,daniela.pineda.61@obelie.mx,3325125064,Zapopan,frecuente,Plaza Obelie
C-6C89D89D69,2026-09-11 18:35:48,Daniela Pineda,daniela.pineda.58@obelie.mx,3322328086,Tlaquepaque,frecuente,Centro
C-4012DA83CD,2026-09-11 18:35:49,Sofia Ramirez,sofia.ramirez.84@obelie.mx,3380019514,Tlajomulco,frecuente,Centro
C-22F30754C5,2026-09-11 18:35:50,Mateo Aguilar,mateo.aguilar.76@obelie.mx,3353178340,Tlaquepaque,mayoreo,Sur
C-1616C83001,2026-09-11 18:35:50,Mateo Aguilar,mateo.aguilar.70@obelie.mx,3346292389,Tlajomulco,frecuente,Plaza Obelie
C-98553C4A4A,2026-09-11 18:35:51,Fernando Diaz,fernando.diaz.76@obelie.mx,3382765423,Zapopan,mayoreo,Centro
C-8095E05F36,2026-09-11 18:35:51,Andres Molina,andres.molina.81@obelie.mx,3312509035,Tonalá,evento,Plaza Obelie
C-0909FA5176,2026-09-11 18:35:52,Fernando Diaz,fernando.diaz.78@obelie.mx,3352134964,Zapopan,frecuente,Sur
C-F210893E6E,2026-09-11 18:35:53,Mateo Aguilar,mateo.aguilar.72@obelie.mx,3376315377,Guadalajara,nuevo,Norte
C-B7EA6E53BE,2026-09-11 18:35:54,Hugo Salazar,hugo.salazar.55@obelie.mx,3361361845,Zapopan,nuevo,Centro
C-9465721A01,2026-09-11 18:35:54,Jorge Castillo,jorge.castillo.41@obelie.mx,3350589149,Guadalajara,mayoreo,Plaza Obelie
C-C580883E38,2026-09-11 18:35:55,Elena Vargas,elena.vargas.90@obelie.mx,3315576034,Tlaquepaque,mayoreo,Sur
C-B61D75A4FA,2026-09-11 18:35:55,Ricardo Flores,ricardo.flores.70@obelie.mx,3368479362,Guadalajara,frecuente,Plaza Obelie
C-90F0A92FD3,2026-09-11 18:35:56,Andres Molina,andres.molina.59@obelie.mx,3336536517,Tonalá,frecuente,Sur
C-2281C64396,2026-09-11 18:35:57,Hugo Salazar,hugo.salazar.71@obelie.mx,3317349626,Guadalajara,mayoreo,Centro
C-DB020AAD1B,2026-09-11 18:35:57,Camila Herrera,camila.herrera.67@obelie.mx,3395634314,Zapopan,nuevo,Centro
C-0EC39DD131,2026-09-11 18:35:58,Ricardo Flores,ricardo.flores.53@obelie.mx,3349609032,Tlaquepaque,evento,Plaza Obelie
C-D2CF3BAE3F,2026-09-11 18:35:58,Fernando Diaz,fernando.diaz.35@obelie.mx,3345694468,Zapopan,nuevo,Sur
C-4F8D6DD44A,2026-09-11 18:35:59,Valeria Ortiz,valeria.ortiz.47@obelie.mx,3312561965,Guadalajara,nuevo,Sur
C-CDAA261B98,2026-09-11 18:36:00,Camila Herrera,camila.herrera.16@obelie.mx,3399203759,Tonalá,evento,Centro
C-EAED691EDC,2026-09-11 18:36:00,Ricardo Flores,ricardo.flores.61@obelie.mx,3348927316,Guadalajara,frecuente,Sur
C-B5557EAD5A,2026-09-11 18:36:01,Valeria Ortiz,valeria.ortiz.17@obelie.mx,3362672455,Tonalá,evento,Plaza Obelie
C-508214F870,2026-09-11 18:36:02,Andres Molina,andres.molina.59@obelie.mx,3312053839,Guadalajara,mayoreo,Norte
C-2A0BA1A7D4,2026-09-11 18:36:02,Paola Nunez,paola.nunez.84@obelie.mx,3344137038,Tlaquepaque,evento,Sur
C-5AD0994831,2026-09-11 18:36:03,Ricardo Flores,ricardo.flores.14@obelie.mx,3334082276,Tlaquepaque,evento,Centro
C-0F9ADF0650,2026-09-11 18:36:04,Elena Vargas,elena.vargas.58@obelie.mx,3356814656,Tlajomulco,mayoreo,Sur
C-423B03D3F6,2026-09-11 18:36:04,Paola Nunez,paola.nunez.81@obelie.mx,3390839082,Tonalá,nuevo,Norte
C-37F8C3C15C,2026-09-11 18:36:04,Sofia Ramirez,sofia.ramirez.96@obelie.mx,3332594470,Tonalá,evento,Centro
C-00B4D2D4CD,2026-09-11 18:36:05,Mateo Aguilar,mateo.aguilar.90@obelie.mx,3358976231,Tlaquepaque,frecuente,Norte
C-98866F6CC1,2026-09-11 18:36:06,Fernando Diaz,fernando.diaz.61@obelie.mx,3334522514,Guadalajara,frecuente,Centro
C-E1A09D0B93,2026-09-11 18:36:07,Paola Nunez,paola.nunez.66@obelie.mx,3373656565,Tlaquepaque,mayoreo,Norte
C-E3336E7070,2026-09-11 18:36:07,Andres Molina,andres.molina.91@obelie.mx,3350122879,Guadalajara,frecuente,Norte
C-CA337B46BA,2026-09-11 18:36:08,Valeria Ortiz,valeria.ortiz.72@obelie.mx,3350409120,Tlaquepaque,mayoreo,Centro
C-8072C9DB9F,2026-09-11 18:36:09,Jorge Castillo,jorge.castillo.52@obelie.mx,3349415446,Tonalá,evento,Centro
C-886D2B2E54,2026-09-11 18:36:09,Hugo Salazar,hugo.salazar.75@obelie.mx,3387928584,Zapopan,evento,Plaza Obelie
C-B3EFD854E5,2026-09-11 18:36:10,Sofia Ramirez,sofia.ramirez.45@obelie.mx,3326021763,Zapopan,evento,Sur
C-33EE712386,2026-09-11 18:36:10,Hugo Salazar,hugo.salazar.85@obelie.mx,3395365651,Tlaquepaque,mayoreo,Plaza Obelie
C-C6B914E1D0,2026-09-11 18:36:11,Valeria Ortiz,valeria.ortiz.82@obelie.mx,3336005280,Zapopan,mayoreo,Sur
C-6AFCF45CAD,2026-09-11 18:36:12,Sofia Ramirez,sofia.ramirez.51@obelie.mx,3337924589,Tlaquepaque,evento,Centro
C-69F10AB359,2026-09-11 18:36:12,Camila Herrera,camila.herrera.53@obelie.mx,3387386328,Tlaquepaque,evento,Plaza Obelie
C-052E0FF1D3,2026-09-11 18:36:13,Elena Vargas,elena.vargas.67@obelie.mx,3320492978,Zapopan,mayoreo,Plaza Obelie
C-6E2A3EAAA7,2026-09-11 18:36:14,Mateo Aguilar,mateo.aguilar.64@obelie.mx,3364996168,Tlaquepaque,nuevo,Norte
C-91EA2D19A5,2026-09-11 18:36:14,Sofia Ramirez,sofia.ramirez.21@obelie.mx,3329337539,Zapopan,frecuente,Centro
C-9B81085427,2026-09-11 18:36:15,Elena Vargas,elena.vargas.96@obelie.mx,3375511270,Tonalá,nuevo,Plaza Obelie
C-4703B589A9,2026-09-11 18:36:16,Paola Nunez,paola.nunez.76@obelie.mx,3358835412,Tlaquepaque,frecuente,Centro
C-3D5DE69570,2026-09-11 18:36:16,Daniela Pineda,daniela.pineda.86@obelie.mx,3319584903,Tlaquepaque,mayoreo,Sur
C-F22F4C6F08,2026-09-11 18:36:17,Hugo Salazar,hugo.salazar.77@obelie.mx,3379939224,Zapopan,mayoreo,Norte
C-C27E5B2F59,2026-09-11 18:36:18,Ricardo Flores,ricardo.flores.94@obelie.mx,3320057836,Tlaquepaque,nuevo,Norte
C-DB09E5B90D,2026-09-11 18:36:18,Andres Molina,andres.molina.70@obelie.mx,3336001207,Tlaquepaque,nuevo,Norte
C-6DC638CD19,2026-09-11 18:36:19,Camila Herrera,camila.herrera.63@obelie.mx,3375301549,Guadalajara,nuevo,Centro
C-D7C0546FBC,2026-09-11 18:36:20,Camila Herrera,camila.herrera.79@obelie.mx,3373813274,Tlajomulco,nuevo,Sur
C-A0AF6789B2,2026-09-11 18:36:21,Elena Vargas,elena.vargas.54@obelie.mx,3384426683,Tlajomulco,evento,Norte
C-5158C3AAED,2026-09-11 18:36:21,Hugo Salazar,hugo.salazar.26@obelie.mx,3394348632,Guadalajara,evento,Sur
C-FC2C3DCB0F,2026-09-11 18:36:22,Jorge Castillo,jorge.castillo.11@obelie.mx,3389226231,Tonalá,nuevo,Centro
C-0EA4DB97C2,2026-09-11 18:36:22,Jorge Castillo,jorge.castillo.15@obelie.mx,3390628536,Guadalajara,evento,Sur
C-5C1927F131,2026-09-11 18:36:23,Camila Herrera,camila.herrera.96@obelie.mx,3329374181,Zapopan,frecuente,Norte
C-95B602AC43,2026-09-11 18:36:24,Daniela Pineda,daniela.pineda.79@obelie.mx,3325658641,Guadalajara,frecuente,Norte
C-197DF49268,2026-09-11 18:36:24,Sofia Ramirez,sofia.ramirez.49@obelie.mx,3316068438,Tonalá,frecuente,Plaza Obelie
C-A4064E3639,2026-09-11 18:36:25,Mateo Aguilar,mateo.aguilar.11@obelie.mx,3387481382,Guadalajara,evento,Norte
C-49E28025DD,2026-09-11 18:36:26,Sofia Ramirez,sofia.ramirez.28@obelie.mx,3383433473,Guadalajara,frecuente,Norte
C-A244901688,2026-09-11 18:36:26,Mateo Aguilar,mateo.aguilar.48@obelie.mx,3361987465,Guadalajara,nuevo,Centro
C-950E1F8E47,2026-09-11 18:36:27,Valeria Ortiz,valeria.ortiz.95@obelie.mx,3334991077,Tlaquepaque,frecuente,Sur
C-2CBCA236AF,2026-09-11 18:36:27,Hugo Salazar,hugo.salazar.49@obelie.mx,3322665692,Guadalajara,evento,Centro
C-75CCCED643,2026-09-11 18:36:28,Fernando Diaz,fernando.diaz.33@obelie.mx,3316071226,Guadalajara,mayoreo,Plaza Obelie
C-E15C9C5CE0,2026-09-11 18:36:29,Elena Vargas,elena.vargas.52@obelie.mx,3318954562,Tlajomulco,mayoreo,Plaza Obelie
C-996AE8B0E3,2026-09-11 18:36:29,Paola Nunez,paola.nunez.18@obelie.mx,3331904631,Tlaquepaque,frecuente,Plaza Obelie
C-72338F0A16,2026-09-11 18:36:30,Hugo Salazar,hugo.salazar.56@obelie.mx,3351603342,Guadalajara,mayoreo,Norte
C-1FD147E70B,2026-09-11 18:36:30,Valeria Ortiz,valeria.ortiz.30@obelie.mx,3387924393,Guadalajara,evento,Centro
C-F832D779A8,2026-09-11 18:36:31,Fernando Diaz,fernando.diaz.18@obelie.mx,3349867490,Guadalajara,frecuente,Sur
C-DC6BD16EB8,2026-09-11 18:36:32,Andres Molina,andres.molina.16@obelie.mx,3344315964,Guadalajara,nuevo,Plaza Obelie
C-706430BB4A,2026-09-11 18:36:32,Mateo Aguilar,mateo.aguilar.46@obelie.mx,3374326793,Tonalá,frecuente,Plaza Obelie
C-7F88444C20,2026-09-11 18:36:33,Ricardo Flores,ricardo.flores.40@obelie.mx,3399708525,Guadalajara,evento,Sur
C-E7C2E61BC5,2026-09-11 18:36:33,Ricardo Flores,ricardo.flores.11@obelie.mx,3366579451,Guadalajara,evento,Sur
C-EAA242BA40,2026-09-11 18:36:34,Camila Herrera,camila.herrera.96@obelie.mx,3342296919,Guadalajara,nuevo,Norte
C-93251F0FF3,2026-09-11 18:36:35,Sofia Ramirez,sofia.ramirez.99@obelie.mx,3346463709,Guadalajara,nuevo,Centro
C-BEC605E59B,2026-09-11 18:36:35,Daniela Pineda,daniela.pineda.85@obelie.mx,3348661212,Zapopan,nuevo,Centro
C-040C0C7439,2026-09-11 18:36:36,Valeria Ortiz,valeria.ortiz.10@obelie.mx,3353773800,Zapopan,evento,Norte
C-372B74720F,2026-09-11 18:36:36,Camila Herrera,camila.herrera.42@obelie.mx,3344829255,Tlajomulco,evento,Norte
C-B358EC89D8,2026-09-11 18:36:37,Andres Molina,andres.molina.39@obelie.mx,3344564611,Tlajomulco,frecuente,Plaza Obelie
C-BCCC7CB5A5,2026-09-11 18:36:38,Camila Herrera,camila.herrera.41@obelie.mx,3399853254,Tonalá,frecuente,Sur
C-4E36A249F6,2026-09-11 18:36:38,Valeria Ortiz,valeria.ortiz.86@obelie.mx,3338554671,Guadalajara,mayoreo,Norte
C-77515C8C73,2026-09-11 18:36:39,Daniela Pineda,daniela.pineda.65@obelie.mx,3335651636,Zapopan,frecuente,Plaza Obelie
C-290162336C,2026-09-11 18:36:40,Hugo Salazar,hugo.salazar.63@obelie.mx,3352526571,Tonalá,frecuente,Centro
C-B964BF7505,2026-09-11 18:36:41,Mateo Aguilar,mateo.aguilar.81@obelie.mx,3351994279,Guadalajara,mayoreo,Plaza Obelie
C-7086BB9C2A,2026-09-11 18:36:41,Ricardo Flores,ricardo.flores.67@obelie.mx,3398017769,Zapopan,mayoreo,Sur
C-EE85301A9A,2026-09-11 18:36:42,Elena Vargas,elena.vargas.55@obelie.mx,3384493448,Tlaquepaque,mayoreo,Centro
C-9071889FCA,2026-09-11 18:36:42,Camila Herrera,camila.herrera.65@obelie.mx,3392316152,Tonalá,nuevo,Sur
C-C45E16278E,2026-09-11 18:36:43,Andres Molina,andres.molina.95@obelie.mx,3323483964,Zapopan,evento,Centro
C-DE184CDA6E,2026-09-11 18:36:43,Andres Molina,andres.molina.10@obelie.mx,3380627322,Tlaquepaque,frecuente,Plaza Obelie
C-19A408C2F0,2026-09-11 18:36:44,Ricardo Flores,ricardo.flores.10@obelie.mx,3317545992,Tlaquepaque,evento,Plaza Obelie
C-E9F56473DF,2026-09-11 18:36:45,Ricardo Flores,ricardo.flores.28@obelie.mx,3339387076,Tonalá,nuevo,Plaza Obelie
C-5393D2CFA2,2026-09-11 18:36:46,Elena Vargas,elena.vargas.82@obelie.mx,3386641521,Tlajomulco,nuevo,Plaza Obelie
C-30ACEF4498,2026-09-11 18:36:46,Elena Vargas,elena.vargas.35@obelie.mx,3353581085,Tlaquepaque,nuevo,Norte
C-AD5DC09388,2026-09-11 18:36:47,Mateo Aguilar,mateo.aguilar.23@obelie.mx,3317871816,Tonalá,evento,Plaza Obelie
C-DFA3478C03,2026-09-11 18:36:48,Paola Nunez,paola.nunez.67@obelie.mx,3397097759,Tlajomulco,mayoreo,Centro
C-545BE50309,2026-09-11 18:36:49,Valeria Ortiz,valeria.ortiz.78@obelie.mx,3380648931,Tlaquepaque,frecuente,Norte
C-CFD7DE8088,2026-09-11 18:36:49,Daniela Pineda,daniela.pineda.33@obelie.mx,3353168040,Guadalajara,nuevo,Plaza Obelie
C-C35E109088,2026-09-11 18:36:50,Valeria Ortiz,valeria.ortiz.82@obelie.mx,3364965666,Zapopan,mayoreo,Centro
C-B2FAECA071,2026-09-11 18:36:51,Camila Herrera,camila.herrera.85@obelie.mx,3322089866,Zapopan,evento,Sur
C-90093C4AD4,2026-09-11 18:36:52,Daniela Pineda,daniela.pineda.53@obelie.mx,3366711283,Guadalajara,evento,Sur
C-2110054B68,2026-09-11 18:36:52,Valeria Ortiz,valeria.ortiz.88@obelie.mx,3359678459,Tlajomulco,mayoreo,Sur
C-01F118A7E3,2026-09-11 18:36:53,Elena Vargas,elena.vargas.75@obelie.mx,3385854609,Guadalajara,frecuente,Sur
C-23AF1A1D1B,2026-09-11 18:36:54,Daniela Pineda,daniela.pineda.93@obelie.mx,3333161122,Tlajomulco,nuevo,Centro
C-422CB8F96E,2026-09-11 18:36:54,Hugo Salazar,hugo.salazar.37@obelie.mx,3376488900,Guadalajara,mayoreo,Centro
C-CA82302F15,2026-09-11 18:36:55,Elena Vargas,elena.vargas.38@obelie.mx,3337997825,Tonalá,nuevo,Norte
C-7C097BF7F7,2026-09-11 18:36:56,Mateo Aguilar,mateo.aguilar.53@obelie.mx,3388791968,Tlaquepaque,nuevo,Sur
C-FFFC758A5F,2026-09-11 18:36:56,Sofia Ramirez,sofia.ramirez.33@obelie.mx,3367622124,Zapopan,nuevo,Sur
C-C3581EF241,2026-09-11 18:36:57,Sofia Ramirez,sofia.ramirez.55@obelie.mx,3373272192,Zapopan,evento,Centro
C-97DCA2E7B8,2026-09-11 18:36:57,Ricardo Flores,ricardo.flores.60@obelie.mx,3360605473,Tlajomulco,mayoreo,Plaza Obelie
C-B20C77C61D,2026-09-11 18:36:58,Mateo Aguilar,mateo.aguilar.78@obelie.mx,3328789226,Guadalajara,frecuente,Norte
C-64975242E0,2026-09-11 18:36:59,Paola Nunez,paola.nunez.11@obelie.mx,3337946095,Zapopan,evento,Norte
C-2116F4E0F3,2026-09-11 18:36:59,Paola Nunez,paola.nunez.63@obelie.mx,3335317766,Guadalajara,evento,Plaza Obelie
C-A1A0B55473,2026-09-11 18:37:00,Jorge Castillo,jorge.castillo.41@obelie.mx,3386827195,Tlajomulco,nuevo,Norte
C-9991A94C05,2026-09-11 18:37:01,Jorge Castillo,jorge.castillo.46@obelie.mx,3388317670,Tonalá,mayoreo,Centro
C-3E85E02406,2026-09-11 18:37:01,Hugo Salazar,hugo.salazar.52@obelie.mx,3364926292,Tlajomulco,evento,Plaza Obelie
C-13026D2698,2026-09-11 18:37:02,Sofia Ramirez,sofia.ramirez.88@obelie.mx,3388312424,Guadalajara,mayoreo,Norte
C-23921CE6E2,2026-09-11 18:37:02,Camila Herrera,camila.herrera.89@obelie.mx,3349735585,Tonalá,evento,Centro
C-8B379FC1BF,2026-09-11 18:37:03,Daniela Pineda,daniela.pineda.56@obelie.mx,3378452493,Tlajomulco,evento,Plaza Obelie
C-843BF2B2D9,2026-09-11 18:37:04,Paola Nunez,paola.nunez.82@obelie.mx,3320047499,Tlaquepaque,evento,Sur
C-CC260D8838,2026-09-11 18:37:04,Camila Herrera,camila.herrera.22@obelie.mx,3317147377,Tonalá,mayoreo,Sur
C-70FB48B7F7,2026-09-11 18:37:05,Jorge Castillo,jorge.castillo.94@obelie.mx,3355785446,Tlajomulco,frecuente,Sur
C-DE9C436146,2026-09-11 18:37:06,Camila Herrera,camila.herrera.19@obelie.mx,3336816126,Tlajomulco,nuevo,Sur
C-A5867919B2,2026-09-11 18:37:07,Andres Molina,andres.molina.36@obelie.mx,3344494135,Tonalá,mayoreo,Centro
C-5A9D3CBF05,2026-09-11 18:37:08,Mateo Aguilar,mateo.aguilar.48@obelie.mx,3363825460,Tonalá,nuevo,Norte
C-5567298E01,2026-09-11 18:37:08,Daniela Pineda,daniela.pineda.22@obelie.mx,3356506725,Tlajomulco,nuevo,Norte
C-86594ABC7F,2026-09-11 18:37:09,Sofia Ramirez,sofia.ramirez.21@obelie.mx,3338875215,Zapopan,frecuente,Plaza Obelie
C-0DBEA71C64,2026-09-11 18:37:10,Paola Nunez,paola.nunez.47@obelie.mx,3369555682,Tlaquepaque,frecuente,Sur
C-D92851D2F9,2026-09-11 18:37:10,Jorge Castillo,jorge.castillo.30@obelie.mx,3352111400,Guadalajara,nuevo,Centro
C-73E6960AB6,2026-09-11 18:37:11,Valeria Ortiz,valeria.ortiz.17@obelie.mx,3376863663,Guadalajara,evento,Norte
C-C2444ECD66,2026-09-11 18:37:12,Andres Molina,andres.molina.28@obelie.mx,3352545834,Tonalá,mayoreo,Plaza Obelie
C-074E0E81C5,2026-09-11 18:37:12,Elena Vargas,elena.vargas.15@obelie.mx,3318567556,Zapopan,nuevo,Sur
C-828FC0767D,2026-09-11 18:37:13,Sofia Ramirez,sofia.ramirez.95@obelie.mx,3349444228,Guadalajara,frecuente,Plaza Obelie
C-45C4F225F3,2026-09-11 18:37:14,Andres Molina,andres.molina.35@obelie.mx,3368999015,Zapopan,evento,Plaza Obelie
C-779399DD3B,2026-09-11 18:37:14,Mateo Aguilar,mateo.aguilar.97@obelie.mx,3347067451,Tlajomulco,evento,Norte
C-EDB6E4C696,2026-09-11 18:37:15,Elena Vargas,elena.vargas.13@obelie.mx,3358961899,Guadalajara,mayoreo,Centro
C-07B2CC20A2,2026-09-11 18:37:16,Daniela Pineda,daniela.pineda.21@obelie.mx,3355965590,Tlaquepaque,frecuente,Plaza Obelie
C-4A81331704,2026-09-11 18:37:17,Andres Molina,andres.molina.57@obelie.mx,3384767112,Guadalajara,mayoreo,Centro
C-12E0E8349F,2026-09-11 18:37:17,Sofia Ramirez,sofia.ramirez.91@obelie.mx,3319691744,Tlaquepaque,frecuente,Norte
C-5BB2588ADB,2026-09-11 18:37:18,Hugo Salazar,hugo.salazar.29@obelie.mx,3316359603,Tlaquepaque,mayoreo,Sur
C-4B1C514CD8,2026-09-11 18:37:18,Fernando Diaz,fernando.diaz.45@obelie.mx,3313747288,Guadalajara,frecuente,Norte
C-DFC3DF3536,2026-09-11 18:37:19,Fernando Diaz,fernando.diaz.65@obelie.mx,3383477875,Zapopan,frecuente,Norte
C-304B2F9B35,2026-09-11 18:37:20,Valeria Ortiz,valeria.ortiz.71@obelie.mx,3348367699,Tlajomulco,frecuente,Norte
C-BB6E534C9C,2026-09-11 18:37:20,Jorge Castillo,jorge.castillo.67@obelie.mx,3328702137,Tonalá,nuevo,Sur
C-629EA68E9D,2026-09-11 18:37:21,Daniela Pineda,daniela.pineda.54@obelie.mx,3334941537,Guadalajara,evento,Sur
C-E5A26F1D94,2026-09-11 18:37:22,Elena Vargas,elena.vargas.90@obelie.mx,3333417759,Tlaquepaque,nuevo,Plaza Obelie
C-202974B53D,2026-09-11 18:37:22,Daniela Pineda,daniela.pineda.77@obelie.mx,3370634058,Tlajomulco,mayoreo,Sur
C-AB77A20FBC,2026-09-11 18:37:23,Mateo Aguilar,mateo.aguilar.90@obelie.mx,3398256160,Zapopan,evento,Centro
C-FFA80285DF,2026-09-11 18:37:23,Hugo Salazar,hugo.salazar.79@obelie.mx,3357532283,Tonalá,evento,Sur
C-88B041A6CF,2026-09-11 18:37:24,Mateo Aguilar,mateo.aguilar.59@obelie.mx,3361113309,Guadalajara,nuevo,Plaza Obelie
C-3AB3BFC329,2026-09-11 18:37:24,Andres Molina,andres.molina.34@obelie.mx,3394526217,Guadalajara,frecuente,Centro
C-6A82F93FCD,2026-09-11 18:37:25,Camila Herrera,camila.herrera.51@obelie.mx,3398372269,Tonalá,nuevo,Norte
C-D784AE9025,2026-09-11 18:37:25,Hugo Salazar,hugo.salazar.56@obelie.mx,3334484490,Tonalá,nuevo,Plaza Obelie
C-38B4704932,2026-09-11 18:37:26,Valeria Ortiz,valeria.ortiz.70@obelie.mx,3322709205,Guadalajara,mayoreo,Centro
C-79CCDDD7B0,2026-09-11 18:37:26,Hugo Salazar,hugo.salazar.18@obelie.mx,3336291874,Tlajomulco,nuevo,Sur
C-EC402F69DD,2026-09-11 18:37:27,Mateo Aguilar,mateo.aguilar.72@obelie.mx,3376595230,Zapopan,frecuente,Norte
C-64E45B73E5,2026-09-11 18:37:28,Elena Vargas,elena.vargas.16@obelie.mx,3371026633,Zapopan,evento,Sur
C-BA3A0611C3,2026-09-11 18:37:28,Fernando Diaz,fernando.diaz.17@obelie.mx,3355768473,Tlaquepaque,frecuente,Plaza Obelie
C-55B1937802,2026-09-11 18:37:29,Ricardo Flores,ricardo.flores.28@obelie.mx,3364489910,Tlajomulco,mayoreo,Centro
C-4314CEA588,2026-09-11 18:37:30,Paola Nunez,paola.nunez.69@obelie.mx,3375461586,Tlajomulco,mayoreo,Norte
C-3EC18CF7A3,2026-09-11 18:37:30,Mateo Aguilar,mateo.aguilar.19@obelie.mx,3337989720,Zapopan,frecuente,Centro
C-99C5228C5B,2026-09-11 18:37:31,Daniela Pineda,daniela.pineda.54@obelie.mx,3381376189,Guadalajara,evento,Plaza Obelie
C-FEBB1F6967,2026-09-11 18:37:31,Andres Molina,andres.molina.97@obelie.mx,3316048148,Tlaquepaque,frecuente,Centro
C-7EFD020D2E,2026-09-11 18:37:32,Jorge Castillo,jorge.castillo.13@obelie.mx,3352009678,Tlaquepaque,frecuente,Plaza Obelie
C-37943625CE,2026-09-11 18:37:33,Andres Molina,andres.molina.83@obelie.mx,3356008993,Tlajomulco,frecuente,Norte
C-0712216FEC,2026-09-11 18:37:33,Hugo Salazar,hugo.salazar.45@obelie.mx,3320757901,Zapopan,evento,Sur
C-266E416A2A,2026-09-11 18:37:34,Valeria Ortiz,valeria.ortiz.34@obelie.mx,3355643239,Tonalá,frecuente,Plaza Obelie
C-8CB93D8D27,2026-09-11 18:37:34,Ricardo Flores,ricardo.flores.42@obelie.mx,3320911038,Zapopan,frecuente,Centro
C-EA9CB8ABCC,2026-09-11 18:37:35,Valeria Ortiz,valeria.ortiz.80@obelie.mx,3366575208,Guadalajara,mayoreo,Centro
C-F6E92FB0B8,2026-09-11 18:37:36,Hugo Salazar,hugo.salazar.16@obelie.mx,3332201979,Tlajomulco,nuevo,Centro
C-CF6351F674,2026-09-11 18:37:36,Camila Herrera,camila.herrera.67@obelie.mx,3315271639,Zapopan,evento,Plaza Obelie
C-73B6BB39A2,2026-09-11 18:37:37,Jorge Castillo,jorge.castillo.34@obelie.mx,3322157246,Guadalajara,mayoreo,Plaza Obelie
C-0352BAECD7,2026-09-11 18:37:38,Camila Herrera,camila.herrera.36@obelie.mx,3315928764,Guadalajara,nuevo,Centro
C-55275D7A75,2026-09-11 18:37:38,Camila Herrera,camila.herrera.84@obelie.mx,3347857245,Guadalajara,nuevo,Norte
C-8623EAFC26,2026-09-11 18:37:39,Daniela Pineda,daniela.pineda.41@obelie.mx,3331088838,Zapopan,evento,Norte
C-4B1C255932,2026-09-11 18:37:39,Camila Herrera,camila.herrera.83@obelie.mx,3398373164,Zapopan,frecuente,Centro
C-0BEC50C3CE,2026-09-11 18:37:40,Mateo Aguilar,mateo.aguilar.83@obelie.mx,3388924084,Zapopan,frecuente,Centro
C-A171A6F4FA,2026-09-11 18:37:41,Fernando Diaz,fernando.diaz.49@obelie.mx,3356036122,Tlajomulco,nuevo,Sur
C-6E5CCC55F0,2026-09-11 18:37:41,Camila Herrera,camila.herrera.49@obelie.mx,3393656145,Tonalá,mayoreo,Centro
C-1C45E6574C,2026-09-11 18:37:41,Camila Herrera,camila.herrera.45@obelie.mx,3312425668,Tlajomulco,mayoreo,Norte
C-3E7D4A9D69,2026-09-11 18:37:42,Paola Nunez,paola.nunez.31@obelie.mx,3331555536,Tonalá,evento,Sur
C-510E9BFAD9,2026-09-11 18:37:43,Ricardo Flores,ricardo.flores.86@obelie.mx,3339779653,Zapopan,mayoreo,Plaza Obelie
C-BF01485965,2026-09-11 18:37:43,Sofia Ramirez,sofia.ramirez.41@obelie.mx,3378446076,Tlajomulco,nuevo,Norte
C-BDC37E1888,2026-09-11 18:37:44,Daniela Pineda,daniela.pineda.45@obelie.mx,3319209579,Zapopan,nuevo,Sur
C-24378414C4,2026-09-11 18:37:44,Jorge Castillo,jorge.castillo.99@obelie.mx,3391629664,Zapopan,nuevo,Plaza Obelie
C-DC942E2E2C,2026-09-11 18:37:45,Jorge Castillo,jorge.castillo.11@obelie.mx,3348838899,Tlajomulco,mayoreo,Centro
C-E89DCC4426,2026-09-11 18:37:46,Camila Herrera,camila.herrera.97@obelie.mx,3318177925,Zapopan,evento,Plaza Obelie
C-7856461921,2026-09-11 18:37:47,Valeria Ortiz,valeria.ortiz.63@obelie.mx,3312723125,Tlaquepaque,evento,Sur
C-646656DED8,2026-09-11 18:37:47,Camila Herrera,camila.herrera.95@obelie.mx,3338552052,Tlajomulco,nuevo,Centro
C-E847226314,2026-09-11 18:37:48,Fernando Diaz,fernando.diaz.78@obelie.mx,3328026853,Tlaquepaque,mayoreo,Plaza Obelie
C-78C975834F,2026-09-11 18:37:49,Ricardo Flores,ricardo.flores.40@obelie.mx,3349758721,Tlajomulco,nuevo,Norte
C-3FABE331D6,2026-09-11 18:37:50,Hugo Salazar,hugo.salazar.29@obelie.mx,3339805694,Tonalá,evento,Centro
C-523D674169,2026-09-11 18:37:50,Camila Herrera,camila.herrera.60@obelie.mx,3334786080,Guadalajara,mayoreo,Sur
C-E4290211A2,2026-09-11 18:37:51,Elena Vargas,elena.vargas.91@obelie.mx,3369196146,Tlajomulco,mayoreo,Centro
C-B71BF680D5,2026-09-11 18:37:51,Fernando Diaz,fernando.diaz.12@obelie.mx,3317089900,Tonalá,mayoreo,Norte
C-AE242CFD3F,2026-09-11 18:37:52,Andres Molina,andres.molina.97@obelie.mx,3350924307,Zapopan,nuevo,Norte
C-C033CB1E9C,2026-09-11 18:37:53,Elena Vargas,elena.vargas.28@obelie.mx,3381195265,Tlaquepaque,frecuente,Centro
C-E9983B5717,2026-09-11 18:37:54,Hugo Salazar,hugo.salazar.15@obelie.mx,3387844104,Tonalá,mayoreo,Plaza Obelie
C-7232772A54,2026-09-11 18:37:54,Hugo Salazar,hugo.salazar.30@obelie.mx,3343808547,Tlajomulco,mayoreo,Norte
C-BAEC3679D6,2026-09-11 18:37:55,Sofia Ramirez,sofia.ramirez.43@obelie.mx,3363826693,Tlaquepaque,mayoreo,Plaza Obelie
C-45F784ED71,2026-09-11 18:37:55,Paola Nunez,paola.nunez.99@obelie.mx,3355238596,Tlajomulco,evento,Sur
C-C1F3CD7690,2026-09-11 18:37:56,Elena Vargas,elena.vargas.72@obelie.mx,3373564962,Zapopan,nuevo,Sur
C-EC0AC73A6F,2026-09-11 18:37:57,Valeria Ortiz,valeria.ortiz.32@obelie.mx,3339904790,Tlajomulco,mayoreo,Plaza Obelie
C-A8973B6B1E,2026-09-11 18:37:57,Jorge Castillo,jorge.castillo.84@obelie.mx,3356847599,Tlajomulco,evento,Centro
C-DFF01BDF18,2026-09-11 18:37:58,Daniela Pineda,daniela.pineda.10@obelie.mx,3335273265,Tlaquepaque,evento,Plaza Obelie
C-19BED6DF20,2026-09-11 18:37:59,Sofia Ramirez,sofia.ramirez.24@obelie.mx,3387731016,Guadalajara,frecuente,Centro
C-127C4BFE78,2026-09-11 18:38:00,Valeria Ortiz,valeria.ortiz.18@obelie.mx,3388092180,Guadalajara,mayoreo,Sur
C-CD785239C2,2026-09-11 18:38:01,Sofia Ramirez,sofia.ramirez.48@obelie.mx,3379637366,Tlaquepaque,evento,Norte
C-91B769F75E,2026-09-11 18:38:01,Camila Herrera,camila.herrera.54@obelie.mx,3376164235,Zapopan,mayoreo,Plaza Obelie
C-DE3F220B1E,2026-09-11 18:38:02,Andres Molina,andres.molina.49@obelie.mx,3395463647,Tlaquepaque,evento,Norte
C-19185928EF,2026-09-11 18:38:03,Camila Herrera,camila.herrera.21@obelie.mx,3317752723,Guadalajara,evento,Norte
C-E2E7FC67F8,2026-09-11 18:38:04,Ricardo Flores,ricardo.flores.46@obelie.mx,3346011252,Zapopan,evento,Centro
C-BC467563AA,2026-09-11 18:38:04,Valeria Ortiz,valeria.ortiz.55@obelie.mx,3332637628,Zapopan,nuevo,Plaza Obelie
C-296548DD6C,2026-09-11 18:38:05,Mateo Aguilar,mateo.aguilar.53@obelie.mx,3389272705,Tlajomulco,evento,Norte
C-01EF2176B6,2026-09-11 18:38:05,Mateo Aguilar,mateo.aguilar.67@obelie.mx,3351748682,Tlaquepaque,mayoreo,Plaza Obelie
C-B27ADF8194,2026-09-11 18:38:06,Sofia Ramirez,sofia.ramirez.42@obelie.mx,3352797081,Guadalajara,mayoreo,Plaza Obelie
C-C7D4FDB042,2026-09-11 18:38:06,Sofia Ramirez,sofia.ramirez.68@obelie.mx,3347807697,Zapopan,mayoreo,Centro
C-7E371BA72E,2026-09-11 18:38:07,Daniela Pineda,daniela.pineda.40@obelie.mx,3321814621,Tlajomulco,evento,Sur
C-2CAF93C779,2026-09-11 18:38:08,Jorge Castillo,jorge.castillo.41@obelie.mx,3352888156,Tlaquepaque,frecuente,Norte
C-18389100CA,2026-09-11 18:38:08,Mateo Aguilar,mateo.aguilar.66@obelie.mx,3396123599,Tonalá,frecuente,Plaza Obelie
C-36B58143CD,2026-09-11 18:38:09,Jorge Castillo,jorge.castillo.77@obelie.mx,3318232928,Tlaquepaque,evento,Plaza Obelie
C-43ACA561C8,2026-09-11 18:38:10,Paola Nunez,paola.nunez.42@obelie.mx,3312699703,Guadalajara,nuevo,Plaza Obelie
C-0D103645D9,2026-09-11 18:38:10,Fernando Diaz,fernando.diaz.22@obelie.mx,3324428379,Guadalajara,evento,Norte
C-C529FC0F79,2026-09-11 18:38:11,Daniela Pineda,daniela.pineda.11@obelie.mx,3363663780,Guadalajara,mayoreo,Sur
C-EF00E17E7D,2026-09-11 18:38:12,Andres Molina,andres.molina.82@obelie.mx,3389448618,Guadalajara,mayoreo,Plaza Obelie
C-4FA166417D,2026-09-11 18:38:12,Hugo Salazar,hugo.salazar.98@obelie.mx,3382616200,Guadalajara,evento,Centro
C-05B718C7A4,2026-09-11 18:38:13,Fernando Diaz,fernando.diaz.21@obelie.mx,3313299185,Tlaquepaque,frecuente,Sur
C-C03BB22B87,2026-09-11 18:38:13,Paola Nunez,paola.nunez.83@obelie.mx,3369866960,Guadalajara,frecuente,Centro
C-F1C461E890,2026-09-11 18:38:14,Mateo Aguilar,mateo.aguilar.76@obelie.mx,3311266532,Tonalá,mayoreo,Plaza Obelie
C-CDF9B64213,2026-09-11 18:38:15,Daniela Pineda,daniela.pineda.82@obelie.mx,3374535924,Guadalajara,evento,Sur
C-C278153BF6,2026-09-11 18:38:16,Fernando Diaz,fernando.diaz.43@obelie.mx,3397351017,Tlaquepaque,nuevo,Norte
C-002B461419,2026-09-11 18:38:16,Andres Molina,andres.molina.74@obelie.mx,3389569444,Guadalajara,nuevo,Centro
C-A3359DE0C3,2026-09-11 18:38:17,Paola Nunez,paola.nunez.28@obelie.mx,3327905283,Zapopan,mayoreo,Sur
C-6A5A5A5779,2026-09-11 18:38:18,Daniela Pineda,daniela.pineda.33@obelie.mx,3394958497,Zapopan,evento,Plaza Obelie
C-1F4227FD48,2026-09-11 18:38:18,Hugo Salazar,hugo.salazar.12@obelie.mx,3338542053,Zapopan,evento,Norte
C-9FD822E0BC,2026-09-11 18:38:19,Elena Vargas,elena.vargas.32@obelie.mx,3316064757,Zapopan,evento,Norte
C-9FBDD68830,2026-09-11 18:38:20,Sofia Ramirez,sofia.ramirez.37@obelie.mx,3381391607,Guadalajara,mayoreo,Sur
C-EBAF7CF0BD,2026-09-11 18:38:21,Sofia Ramirez,sofia.ramirez.42@obelie.mx,3322207066,Tlajomulco,evento,Plaza Obelie
C-1D67EE0433,2026-09-11 18:38:21,Sofia Ramirez,sofia.ramirez.80@obelie.mx,3368149563,Tonalá,frecuente,Plaza Obelie
C-A0B01FFDEA,2026-09-11 18:38:22,Fernando Diaz,fernando.diaz.64@obelie.mx,3358918981,Tlaquepaque,mayoreo,Centro
C-4483A87F5E,2026-09-11 18:38:23,Hugo Salazar,hugo.salazar.37@obelie.mx,3396483752,Tlajomulco,mayoreo,Centro
C-BDEF6BF1DA,2026-09-11 18:38:23,Sofia Ramirez,sofia.ramirez.10@obelie.mx,3367757239,Zapopan,nuevo,Sur
C-1C2868D3CB,2026-09-11 18:38:24,Paola Nunez,paola.nunez.16@obelie.mx,3338167621,Tlaquepaque,mayoreo,Sur
C-1D6617A360,2026-09-11 18:38:24,Mateo Aguilar,mateo.aguilar.93@obelie.mx,3336094989,Tlaquepaque,frecuente,Plaza Obelie
C-39C3743F08,2026-09-11 18:38:25,Ricardo Flores,ricardo.flores.87@obelie.mx,3365451219,Tonalá,nuevo,Sur
C-81312F9CBD,2026-09-11 18:38:25,Hugo Salazar,hugo.salazar.99@obelie.mx,3392853928,Zapopan,frecuente,Norte
C-8059E23051,2026-09-11 18:38:26,Jorge Castillo,jorge.castillo.35@obelie.mx,3346616215,Guadalajara,mayoreo,Sur
C-41C018E584,2026-09-11 18:38:27,Andres Molina,andres.molina.29@obelie.mx,3363165608,Tlaquepaque,mayoreo,Sur
C-8FBE01B1F7,2026-09-11 18:38:28,Sofia Ramirez,sofia.ramirez.67@obelie.mx,3398044704,Guadalajara,frecuente,Plaza Obelie
C-4E31F6E491,2026-09-11 18:38:28,Daniela Pineda,daniela.pineda.80@obelie.mx,3352512230,Tlajomulco,mayoreo,Norte
C-1420DED466,2026-09-11 18:38:29,Andres Molina,andres.molina.70@obelie.mx,3312326466,Tlaquepaque,evento,Centro
C-B4684F8A60,2026-09-11 18:38:30,Elena Vargas,elena.vargas.75@obelie.mx,3356672353,Zapopan,frecuente,Norte
C-9414D77452,2026-09-11 18:38:30,Ricardo Flores,ricardo.flores.43@obelie.mx,3376104985,Tlajomulco,nuevo,Plaza Obelie
C-3C32475BF4,2026-09-11 18:38:31,Daniela Pineda,daniela.pineda.92@obelie.mx,3385655817,Tlaquepaque,nuevo,Centro
C-BD962853FC,2026-09-11 18:38:32,Andres Molina,andres.molina.68@obelie.mx,3390765159,Zapopan,mayoreo,Centro
C-C5900BCD93,2026-09-11 18:38:32,Fernando Diaz,fernando.diaz.77@obelie.mx,3383933314,Tlajomulco,mayoreo,Plaza Obelie
C-A15B37EE5C,2026-09-11 18:38:33,Mateo Aguilar,mateo.aguilar.20@obelie.mx,3320058318,Zapopan,nuevo,Plaza Obelie
C-9F65062AEC,2026-09-11 18:38:34,Mateo Aguilar,mateo.aguilar.79@obelie.mx,3323428028,Zapopan,mayoreo,Sur
C-1CFFCF97B0,2026-09-11 18:38:35,Elena Vargas,elena.vargas.94@obelie.mx,3389477587,Guadalajara,nuevo,Norte
C-18970C9F14,2026-09-11 18:38:35,Mateo Aguilar,mateo.aguilar.52@obelie.mx,3371981786,Tlaquepaque,frecuente,Centro
C-F583BD6056,2026-09-11 18:38:36,Elena Vargas,elena.vargas.34@obelie.mx,3391039844,Zapopan,mayoreo,Norte
C-7C401E9DCF,2026-09-11 18:38:37,Elena Vargas,elena.vargas.32@obelie.mx,3341342459,Tlajomulco,frecuente,Norte
C-71B2E34840,2026-09-11 18:38:38,Hugo Salazar,hugo.salazar.59@obelie.mx,3327716134,Guadalajara,frecuente,Norte
C-47E9E90009,2026-09-11 18:38:38,Elena Vargas,elena.vargas.84@obelie.mx,3325158437,Guadalajara,mayoreo,Norte
C-A67F759F52,2026-09-11 18:38:39,Jorge Castillo,jorge.castillo.47@obelie.mx,3381267612,Tlaquepaque,nuevo,Sur
C-7B37785EFF,2026-09-11 18:38:40,Sofia Ramirez,sofia.ramirez.22@obelie.mx,3395921896,Tonalá,mayoreo,Norte
C-88127372B4,2026-09-11 18:38:41,Elena Vargas,elena.vargas.76@obelie.mx,3315795426,Guadalajara,mayoreo,Norte
C-5F8EC40505,2026-09-11 18:38:41,Ricardo Flores,ricardo.flores.33@obelie.mx,3396333620,Tlaquepaque,frecuente,Sur
C-4B00C1FC43,2026-09-11 18:38:42,Elena Vargas,elena.vargas.33@obelie.mx,3366671140,Tlajomulco,nuevo,Norte
C-253235AC1B,2026-09-11 18:38:42,Mateo Aguilar,mateo.aguilar.54@obelie.mx,3327389314,Zapopan,nuevo,Centro
C-F98B88E29E,2026-09-11 18:38:43,Elena Vargas,elena.vargas.40@obelie.mx,3348627797,Tlaquepaque,mayoreo,Centro
C-9166AF63AA,2026-09-11 18:38:43,Daniela Pineda,daniela.pineda.43@obelie.mx,3352396229,Tonalá,mayoreo,Centro
C-A0D50DD3D1,2026-09-11 18:38:44,Paola Nunez,paola.nunez.15@obelie.mx,3350762507,Tlaquepaque,nuevo,Plaza Obelie
C-4EF94D9484,2026-09-11 18:38:44,Jorge Castillo,jorge.castillo.56@obelie.mx,3380517714,Zapopan,nuevo,Sur
C-9AA147AA3A,2026-09-11 18:38:45,Valeria Ortiz,valeria.ortiz.60@obelie.mx,3356201908,Zapopan,nuevo,Centro
C-0BBF5FB06E,2026-09-11 18:38:46,Camila Herrera,camila.herrera.58@obelie.mx,3361168880,Guadalajara,evento,Plaza Obelie
C-1EC5352C18,2026-09-11 18:38:46,Mateo Aguilar,mateo.aguilar.81@obelie.mx,3328724429,Guadalajara,frecuente,Centro
C-99A866E491,2026-09-11 18:38:47,Fernando Diaz,fernando.diaz.29@obelie.mx,3357768536,Tonalá,frecuente,Norte
C-2C7014EA93,2026-09-11 18:38:48,Daniela Pineda,daniela.pineda.78@obelie.mx,3329442919,Tlaquepaque,nuevo,Centro
C-99E48DDE68,2026-09-11 18:38:48,Valeria Ortiz,valeria.ortiz.61@obelie.mx,3321356535,Zapopan,mayoreo,Plaza Obelie
C-66DC4A4EF3,2026-09-11 18:38:49,Paola Nunez,paola.nunez.78@obelie.mx,3341683603,Tonalá,mayoreo,Centro
C-337A122C03,2026-09-11 18:38:49,Paola Nunez,paola.nunez.72@obelie.mx,3355786041,Zapopan,frecuente,Sur
C-A1F3817FF3,2026-09-11 18:38:50,Mateo Aguilar,mateo.aguilar.73@obelie.mx,3359761225,Guadalajara,frecuente,Norte
C-D3CC5C9666,2026-09-11 18:38:50,Sofia Ramirez,sofia.ramirez.72@obelie.mx,3349435205,Tlajomulco,frecuente,Sur
C-91173B2A95,2026-09-11 18:38:51,Daniela Pineda,daniela.pineda.44@obelie.mx,3396502444,Zapopan,mayoreo,Norte
C-5F393AF504,2026-09-11 18:38:52,Ricardo Flores,ricardo.flores.20@obelie.mx,3379737731,Tlaquepaque,frecuente,Centro
C-7791812605,2026-09-11 18:38:52,Paola Nunez,paola.nunez.80@obelie.mx,3373677290,Guadalajara,mayoreo,Norte
C-391FA92767,2026-09-11 18:38:53,Valeria Ortiz,valeria.ortiz.93@obelie.mx,3318171429,Tlaquepaque,frecuente,Plaza Obelie
C-FA9C53D26D,2026-09-11 18:38:54,Daniela Pineda,daniela.pineda.50@obelie.mx,3383091871,Tlajomulco,mayoreo,Norte
C-4659FE2413,2026-09-11 18:38:55,Hugo Salazar,hugo.salazar.20@obelie.mx,3396428255,Tlaquepaque,nuevo,Sur
C-6720609232,2026-09-11 18:38:55,Mateo Aguilar,mateo.aguilar.93@obelie.mx,3390051949,Tlaquepaque,nuevo,Plaza Obelie
C-4BE9A375EC,2026-09-11 18:38:56,Ricardo Flores,ricardo.flores.31@obelie.mx,3374528857,Guadalajara,nuevo,Plaza Obelie
C-BC9398959B,2026-09-11 18:38:57,Ricardo Flores,ricardo.flores.75@obelie.mx,3333785525,Tlajomulco,mayoreo,Plaza Obelie
C-E1DD56D6D1,2026-09-11 18:38:58,Hugo Salazar,hugo.salazar.55@obelie.mx,3328001789,Guadalajara,nuevo,Sur
C-E814B8F5E1,2026-09-11 18:38:59,Andres Molina,andres.molina.52@obelie.mx,3396715017,Tlajomulco,mayoreo,Plaza Obelie
C-F1EE9E85E8,2026-09-11 18:39:00,Camila Herrera,camila.herrera.91@obelie.mx,3347538672,Tlajomulco,nuevo,Norte
C-B4E919E1E3,2026-09-11 18:39:00,Jorge Castillo,jorge.castillo.41@obelie.mx,3372271677,Zapopan,mayoreo,Centro
C-97FA9DB60C,2026-09-11 18:39:01,Jorge Castillo,jorge.castillo.28@obelie.mx,3311412971,Tlaquepaque,frecuente,Norte
C-F9E02BA426,2026-09-11 18:39:01,Valeria Ortiz,valeria.ortiz.71@obelie.mx,3390606816,Tlaquepaque,evento,Plaza Obelie
C-66A839164F,2026-09-11 18:39:02,Sofia Ramirez,sofia.ramirez.57@obelie.mx,3374812892,Tonalá,nuevo,Norte
C-5B46AC6FDC,2026-09-11 18:39:03,Jorge Castillo,jorge.castillo.49@obelie.mx,3330478936,Tonalá,evento,Sur
C-FC27C9E0BD,2026-09-11 18:39:03,Andres Molina,andres.molina.55@obelie.mx,3315667596,Guadalajara,mayoreo,Norte
C-1997E3E1E7,2026-09-11 18:39:04,Hugo Salazar,hugo.salazar.29@obelie.mx,3358894654,Tonalá,evento,Plaza Obelie
C-6A856217DA,2026-09-11 18:39:05,Valeria Ortiz,valeria.ortiz.72@obelie.mx,3315818250,Tlaquepaque,nuevo,Plaza Obelie
C-4BE9E2EC97,2026-09-11 18:39:05,Fernando Diaz,fernando.diaz.77@obelie.mx,3312855651,Guadalajara,mayoreo,Plaza Obelie
C-17422B3A45,2026-09-11 18:39:06,Ricardo Flores,ricardo.flores.37@obelie.mx,3317636330,Zapopan,frecuente,Sur
C-29865F2443,2026-09-11 18:39:06,Daniela Pineda,daniela.pineda.15@obelie.mx,3382413463,Zapopan,nuevo,Centro
C-24F6A6A387,2026-09-11 18:39:07,Valeria Ortiz,valeria.ortiz.98@obelie.mx,3313075563,Tlajomulco,mayoreo,Plaza Obelie
C-873FEC88BB,2026-09-11 18:39:08,Daniela Pineda,daniela.pineda.28@obelie.mx,3384996724,Tonalá,evento,Plaza Obelie
C-D3FEC8515D,2026-09-11 18:39:08,Hugo Salazar,hugo.salazar.99@obelie.mx,3328642192,Tonalá,mayoreo,Norte
C-89EB40771F,2026-09-11 18:39:09,Camila Herrera,camila.herrera.81@obelie.mx,3389632367,Guadalajara,frecuente,Plaza Obelie
C-77213BD07C,2026-09-11 18:39:09,Camila Herrera,camila.herrera.98@obelie.mx,3383812213,Tlajomulco,evento,Plaza Obelie
C-F95BB921AA,2026-09-11 18:39:10,Valeria Ortiz,valeria.ortiz.22@obelie.mx,3370142438,Tonalá,frecuente,Sur
C-651558FAFA,2026-09-11 18:39:11,Sofia Ramirez,sofia.ramirez.95@obelie.mx,3347572804,Zapopan,nuevo,Centro
C-190E1A96F3,2026-09-11 18:39:12,Andres Molina,andres.molina.69@obelie.mx,3334921348,Tlajomulco,frecuente,Sur
C-CC2B6356E4,2026-09-11 18:39:12,Jorge Castillo,jorge.castillo.50@obelie.mx,3316753288,Zapopan,mayoreo,Norte
C-06DF42B339,2026-09-11 18:39:13,Mateo Aguilar,mateo.aguilar.79@obelie.mx,3341179886,Tonalá,evento,Norte
C-C6921080AD,2026-09-11 18:39:14,Elena Vargas,elena.vargas.43@obelie.mx,3375298874,Tlajomulco,mayoreo,Norte
C-878E6E0296,2026-09-11 18:39:14,Hugo Salazar,hugo.salazar.25@obelie.mx,3365984213,Guadalajara,mayoreo,Plaza Obelie
C-25C8406275,2026-09-11 18:39:15,Ricardo Flores,ricardo.flores.73@obelie.mx,3350954607,Tonalá,nuevo,Centro
C-3B199DABEE,2026-09-11 18:39:16,Ricardo Flores,ricardo.flores.70@obelie.mx,3365585850,Tlaquepaque,evento,Plaza Obelie
C-1167EDF5A0,2026-09-11 18:39:16,Andres Molina,andres.molina.18@obelie.mx,3374993581,Tlaquepaque,nuevo,Centro
C-528CB8EC70,2026-09-11 18:39:17,Camila Herrera,camila.herrera.65@obelie.mx,3370506612,Tlajomulco,mayoreo,Plaza Obelie
C-916E6E4459,2026-09-11 18:39:17,Daniela Pineda,daniela.pineda.65@obelie.mx,3362205091,Zapopan,nuevo,Centro
C-4553D6B57A,2026-09-11 18:39:17,Hugo Salazar,hugo.salazar.36@obelie.mx,3342692405,Tonalá,nuevo,Plaza Obelie
C-2AB7922E6E,2026-09-11 18:39:18,Jorge Castillo,jorge.castillo.52@obelie.mx,3396107476,Tonalá,evento,Norte
C-149D9D7315,2026-09-11 18:39:19,Sofia Ramirez,sofia.ramirez.36@obelie.mx,3334873932,Tonalá,evento,Sur
C-CE19AEED58,2026-09-11 18:39:19,Andres Molina,andres.molina.18@obelie.mx,3382204978,Tlajomulco,frecuente,Sur
C-42DC1133EF,2026-09-11 18:39:20,Mateo Aguilar,mateo.aguilar.59@obelie.mx,3340784763,Zapopan,evento,Norte
C-7D000AD234,2026-09-11 18:39:21,Elena Vargas,elena.vargas.58@obelie.mx,3337282879,Tonalá,frecuente,Norte
C-A38611237E,2026-09-11 18:39:22,Sofia Ramirez,sofia.ramirez.44@obelie.mx,3393417950,Tlaquepaque,frecuente,Sur
C-8EA5A824BE,2026-09-11 18:39:23,Daniela Pineda,daniela.pineda.22@obelie.mx,3392785636,Tlaquepaque,frecuente,Centro
C-88B4422C93,2026-09-11 18:39:23,Jorge Castillo,jorge.castillo.38@obelie.mx,3348968612,Guadalajara,mayoreo,Centro
C-0A6AC24E81,2026-09-11 18:39:24,Fernando Diaz,fernando.diaz.42@obelie.mx,3377728266,Tlaquepaque,evento,Norte
C-47970761D4,2026-09-11 18:39:24,Hugo Salazar,hugo.salazar.91@obelie.mx,3389494566,Tlaquepaque,evento,Plaza Obelie
C-CAB38F0DBB,2026-09-11 18:39:25,Daniela Pineda,daniela.pineda.10@obelie.mx,3338696041,Tlaquepaque,evento,Centro
C-4A175614D9,2026-09-11 18:39:26,Jorge Castillo,jorge.castillo.17@obelie.mx,3330066781,Tonalá,nuevo,Centro
C-6A93A8138B,2026-09-11 18:39:26,Sofia Ramirez,sofia.ramirez.56@obelie.mx,3396523162,Guadalajara,evento,Norte
C-A0130AF572,2026-09-11 18:39:27,Camila Herrera,camila.herrera.48@obelie.mx,3381163348,Zapopan,evento,Plaza Obelie
C-453878056C,2026-09-11 18:39:28,Hugo Salazar,hugo.salazar.28@obelie.mx,3381567243,Tonalá,frecuente,Plaza Obelie
C-58F47B3AFF,2026-09-11 18:39:28,Paola Nunez,paola.nunez.38@obelie.mx,3343118895,Guadalajara,evento,Plaza Obelie
C-C1E57D6231,2026-09-11 18:39:29,Valeria Ortiz,valeria.ortiz.15@obelie.mx,3361772614,Tlajomulco,mayoreo,Norte
C-7BE8E0B9D8,2026-09-11 18:39:29,Sofia Ramirez,sofia.ramirez.62@obelie.mx,3391641056,Tlaquepaque,frecuente,Centro
C-3C955CC8B7,2026-09-11 18:39:30,Ricardo Flores,ricardo.flores.62@obelie.mx,3387449951,Tlaquepaque,nuevo,Plaza Obelie
C-25C80C1750,2026-09-11 18:39:31,Sofia Ramirez,sofia.ramirez.20@obelie.mx,3392467156,Tonalá,mayoreo,Sur
C-14EB44A3CD,2026-09-11 18:39:31,Valeria Ortiz,valeria.ortiz.84@obelie.mx,3387717698,Guadalajara,nuevo,Centro
C-F0780DFA5A,2026-09-11 18:39:32,Andres Molina,andres.molina.31@obelie.mx,3329676696,Tonalá,frecuente,Centro
C-FBA756B333,2026-09-11 18:39:32,Valeria Ortiz,valeria.ortiz.22@obelie.mx,3372332172,Zapopan,mayoreo,Sur
C-0B4E001108,2026-09-11 18:39:33,Elena Vargas,elena.vargas.49@obelie.mx,3395845223,Guadalajara,mayoreo,Norte
C-A4ABCB808D,2026-09-11 18:39:33,Elena Vargas,elena.vargas.16@obelie.mx,3339764809,Tonalá,nuevo,Centro
C-97B3C78C29,2026-09-11 18:39:34,Jorge Castillo,jorge.castillo.59@obelie.mx,3396795079,Zapopan,mayoreo,Norte
C-1E7F61FE42,2026-09-11 18:39:35,Fernando Diaz,fernando.diaz.48@obelie.mx,3383023689,Tonalá,nuevo,Centro
C-1D48532A43,2026-09-11 18:39:36,Sofia Ramirez,sofia.ramirez.76@obelie.mx,3318431223,Tonalá,frecuente,Plaza Obelie
C-B1BB2B272D,2026-09-11 18:39:36,Mateo Aguilar,mateo.aguilar.31@obelie.mx,3398896288,Tlajomulco,evento,Centro
C-2208898C96,2026-09-11 18:39:37,Elena Vargas,elena.vargas.43@obelie.mx,3371834065,Guadalajara,frecuente,Norte
C-046FD8F07C,2026-09-11 18:39:38,Andres Molina,andres.molina.90@obelie.mx,3315934726,Tlajomulco,frecuente,Sur
C-90F8873A36,2026-09-11 18:39:38,Hugo Salazar,hugo.salazar.25@obelie.mx,3388157398,Zapopan,evento,Sur
C-B1781C0747,2026-09-11 18:39:39,Andres Molina,andres.molina.88@obelie.mx,3356519428,Tlajomulco,nuevo,Plaza Obelie
C-1379B79024,2026-09-11 18:39:40,Mateo Aguilar,mateo.aguilar.33@obelie.mx,3322801546,Tonalá,evento,Plaza Obelie
C-5CC6951D21,2026-09-11 18:39:40,Sofia Ramirez,sofia.ramirez.66@obelie.mx,3358488223,Guadalajara,mayoreo,Sur
C-EB7A8F8F55,2026-09-11 18:39:41,Daniela Pineda,daniela.pineda.70@obelie.mx,3335408713,Tonalá,mayoreo,Sur
C-C179E74871,2026-09-11 18:39:41,Daniela Pineda,daniela.pineda.43@obelie.mx,3312105013,Tonalá,frecuente,Sur
C-E2511456CB,2026-09-11 18:39:42,Camila Herrera,camila.herrera.45@obelie.mx,3335325187,Tlaquepaque,evento,Norte
C-710BB5381B,2026-09-11 18:39:43,Jorge Castillo,jorge.castillo.76@obelie.mx,3331749779,Zapopan,nuevo,Centro
C-69A1F3B731,2026-09-11 18:39:43,Jorge Castillo,jorge.castillo.15@obelie.mx,3320071485,Tonalá,mayoreo,Norte
C-401A405726,2026-09-11 18:39:44,Camila Herrera,camila.herrera.62@obelie.mx,3399814013,Tonalá,nuevo,Sur
C-963C37B930,2026-09-11 18:39:44,Sofia Ramirez,sofia.ramirez.90@obelie.mx,3361402303,Zapopan,evento,Norte
C-29E5BDE3D1,2026-09-11 18:39:45,Camila Herrera,camila.herrera.93@obelie.mx,3342818014,Tonalá,evento,Plaza Obelie
C-EE24BFC011,2026-09-11 18:39:46,Sofia Ramirez,sofia.ramirez.43@obelie.mx,3364976247,Guadalajara,mayoreo,Sur
C-F60295A49F,2026-09-11 18:39:46,Hugo Salazar,hugo.salazar.98@obelie.mx,3321881569,Guadalajara,nuevo,Norte
C-62EA7CC300,2026-09-11 18:39:47,Hugo Salazar,hugo.salazar.39@obelie.mx,3376118311,Tlaquepaque,nuevo,Norte
C-256052D812,2026-09-11 18:39:48,Elena Vargas,elena.vargas.54@obelie.mx,3311187715,Zapopan,mayoreo,Centro
C-B64F9ED2E7,2026-09-11 18:39:48,Andres Molina,andres.molina.16@obelie.mx,3399762902,Zapopan,mayoreo,Norte
C-5E8F1F937E,2026-09-11 18:39:49,Mateo Aguilar,mateo.aguilar.95@obelie.mx,3381441018,Tlaquepaque,nuevo,Norte
C-386C2D348C,2026-09-11 18:39:49,Paola Nunez,paola.nunez.53@obelie.mx,3388677115,Zapopan,evento,Norte
C-80D1AA5B1A,2026-09-11 18:39:50,Andres Molina,andres.molina.68@obelie.mx,3343528199,Tlajomulco,frecuente,Centro
C-F80A122DF1,2026-09-11 18:39:50,Sofia Ramirez,sofia.ramirez.93@obelie.mx,3327745579,Zapopan,evento,Centro
C-4A72D9467B,2026-09-11 18:39:51,Daniela Pineda,daniela.pineda.60@obelie.mx,3328396783,Tlajomulco,nuevo,Centro
C-2449AE91B6,2026-09-11 18:39:52,Hugo Salazar,hugo.salazar.82@obelie.mx,3383684481,Guadalajara,mayoreo,Sur
C-F578585853,2026-09-11 18:39:53,Jorge Castillo,jorge.castillo.17@obelie.mx,3345881197,Zapopan,evento,Centro
C-FDDD886A5D,2026-09-11 18:39:53,Daniela Pineda,daniela.pineda.21@obelie.mx,3334562861,Guadalajara,evento,Sur
C-A8A417556C,2026-09-11 18:39:54,Camila Herrera,camila.herrera.96@obelie.mx,3360374059,Zapopan,evento,Plaza Obelie
C-59EB30CE71,2026-09-11 18:39:55,Jorge Castillo,jorge.castillo.80@obelie.mx,3385884830,Zapopan,mayoreo,Centro
C-E32197ABDA,2026-09-11 18:39:55,Hugo Salazar,hugo.salazar.35@obelie.mx,3378212476,Tonalá,nuevo,Norte
C-0095CEEAF1,2026-09-11 18:39:56,Sofia Ramirez,sofia.ramirez.21@obelie.mx,3348541585,Guadalajara,mayoreo,Sur
C-60C8615618,2026-09-11 18:39:57,Andres Molina,andres.molina.13@obelie.mx,3351656441,Tonalá,nuevo,Centro
C-A5C84459BE,2026-09-11 18:39:58,Jorge Castillo,jorge.castillo.88@obelie.mx,3326887392,Guadalajara,frecuente,Centro
C-815E7351D1,2026-09-11 18:39:58,Paola Nunez,paola.nunez.75@obelie.mx,3316075937,Tlaquepaque,evento,Sur
C-3B71D70158,2026-09-11 18:39:59,Ricardo Flores,ricardo.flores.21@obelie.mx,3365071760,Tlajomulco,nuevo,Sur
C-4F31E1D4FD,2026-09-11 18:39:59,Sofia Ramirez,sofia.ramirez.84@obelie.mx,3395948365,Guadalajara,frecuente,Plaza Obelie
C-03EB21CBD6,2026-09-11 18:40:00,Sofia Ramirez,sofia.ramirez.62@obelie.mx,3365179508,Zapopan,nuevo,Sur
C-0AB643EFDC,2026-09-11 18:40:01,Sofia Ramirez,sofia.ramirez.32@obelie.mx,3345872761,Guadalajara,evento,Sur
C-50D5D1B559,2026-09-11 18:40:02,Fernando Diaz,fernando.diaz.41@obelie.mx,3370633575,Zapopan,nuevo,Plaza Obelie
C-512C6C8BD5,2026-09-11 18:40:02,Elena Vargas,elena.vargas.22@obelie.mx,3338696937,Tlaquepaque,evento,Sur
C-F97D9CABD1,2026-09-11 18:40:02,Hugo Salazar,hugo.salazar.53@obelie.mx,3378982463,Tonalá,nuevo,Plaza Obelie
C-CA1E6CDCC5,2026-09-11 18:40:03,Fernando Diaz,fernando.diaz.74@obelie.mx,3357078363,Tonalá,evento,Norte
C-0D30CC6323,2026-09-11 18:40:04,Fernando Diaz,fernando.diaz.78@obelie.mx,3382471462,Tlaquepaque,frecuente,Sur
C-1BEEDCAF28,2026-09-11 18:40:04,Ricardo Flores,ricardo.flores.56@obelie.mx,3399487275,Tlajomulco,mayoreo,Norte
C-2283029ACE,2026-09-11 18:40:05,Paola Nunez,paola.nunez.44@obelie.mx,3365875177,Tlaquepaque,nuevo,Centro
C-6565FCC5A0,2026-09-11 18:40:06,Andres Molina,andres.molina.53@obelie.mx,3367778347,Tonalá,evento,Plaza Obelie
C-39E1C790BC,2026-09-11 18:40:07,Andres Molina,andres.molina.29@obelie.mx,3336397394,Guadalajara,frecuente,Norte
C-D26D5205B6,2026-09-11 18:40:07,Fernando Diaz,fernando.diaz.19@obelie.mx,3341415253,Tlajomulco,evento,Centro
C-5D75ED134E,2026-09-11 18:40:08,Fernando Diaz,fernando.diaz.37@obelie.mx,3327322017,Guadalajara,mayoreo,Plaza Obelie
C-8668CA6E98,2026-09-11 18:40:09,Sofia Ramirez,sofia.ramirez.82@obelie.mx,3356901009,Tlaquepaque,mayoreo,Norte
C-A14BED4308,2026-09-11 18:40:10,Fernando Diaz,fernando.diaz.88@obelie.mx,3332808541,Tonalá,evento,Norte
C-6895255BD1,2026-09-11 18:40:10,Andres Molina,andres.molina.58@obelie.mx,3352139098,Zapopan,nuevo,Centro
C-264D9CF9BE,2026-09-11 18:40:11,Jorge Castillo,jorge.castillo.43@obelie.mx,3328664406,Tlaquepaque,mayoreo,Centro
C-7EC6CD57E3,2026-09-11 18:40:11,Mateo Aguilar,mateo.aguilar.42@obelie.mx,3338348495,Tlajomulco,nuevo,Norte
C-D1454F5D34,2026-09-11 18:40:12,Daniela Pineda,daniela.pineda.42@obelie.mx,3388256698,Tlaquepaque,mayoreo,Centro
C-E03FD153A1,2026-09-11 18:40:12,Valeria Ortiz,valeria.ortiz.49@obelie.mx,3321819787,Tonalá,evento,Centro
C-5DDA15B94F,2026-09-11 18:40:13,Fernando Diaz,fernando.diaz.44@obelie.mx,3345533947,Tlajomulco,nuevo,Sur
C-7A054C5A9F,2026-09-11 18:40:13,Valeria Ortiz,valeria.ortiz.14@obelie.mx,3358332969,Tonalá,evento,Centro
C-913073C113,2026-09-11 18:40:14,Ricardo Flores,ricardo.flores.58@obelie.mx,3325954251,Zapopan,frecuente,Plaza Obelie
C-1C31201E0E,2026-09-11 18:40:15,Hugo Salazar,hugo.salazar.55@obelie.mx,3346966581,Tlaquepaque,evento,Centro
C-64C11A9B9A,2026-09-11 18:40:16,Jorge Castillo,jorge.castillo.64@obelie.mx,3317578543,Tlaquepaque,frecuente,Centro
C-BD17FAF925,2026-09-11 18:40:16,Hugo Salazar,hugo.salazar.85@obelie.mx,3381323746,Tlajomulco,mayoreo,Norte
C-82B1B03496,2026-09-11 18:40:17,Valeria Ortiz,valeria.ortiz.47@obelie.mx,3380061967,Tlajomulco,frecuente,Plaza Obelie
C-16335C3ACC,2026-09-11 18:40:18,Valeria Ortiz,valeria.ortiz.11@obelie.mx,3364504728,Tlajomulco,nuevo,Norte
C-9373583DCB,2026-09-11 18:40:18,Ricardo Flores,ricardo.flores.63@obelie.mx,3335514323,Tonalá,frecuente,Plaza Obelie
C-673FD653B5,2026-09-11 18:40:19,Mateo Aguilar,mateo.aguilar.23@obelie.mx,3374181090,Guadalajara,evento,Centro
C-88F954C6E1,2026-09-11 18:40:19,Elena Vargas,elena.vargas.80@obelie.mx,3318402779,Guadalajara,mayoreo,Centro
C-D7159B4B57,2026-09-11 18:40:20,Fernando Diaz,fernando.diaz.89@obelie.mx,3323952495,Tonalá,evento,Plaza Obelie
C-848A49358E,2026-09-11 18:40:21,Daniela Pineda,daniela.pineda.79@obelie.mx,3337973597,Zapopan,nuevo,Norte
C-17C6130D8F,2026-09-11 18:40:22,Daniela Pineda,daniela.pineda.92@obelie.mx,3315006373,Tlajomulco,evento,Norte
C-472B5DCDB8,2026-09-11 18:40:22,Fernando Diaz,fernando.diaz.53@obelie.mx,3342898706,Tlaquepaque,mayoreo,Centro
C-13EA8F7E24,2026-09-11 18:40:23,Andres Molina,andres.molina.94@obelie.mx,3354167532,Tlaquepaque,frecuente,Plaza Obelie
C-C32C60D61A,2026-09-11 18:40:23,Ricardo Flores,ricardo.flores.54@obelie.mx,3395307750,Guadalajara,evento,Plaza Obelie
C-3611776431,2026-09-11 18:40:24,Fernando Diaz,fernando.diaz.87@obelie.mx,3344144427,Tlajomulco,frecuente,Plaza Obelie
C-6F00528D6C,2026-09-11 18:40:24,Jorge Castillo,jorge.castillo.76@obelie.mx,3372466187,Guadalajara,evento,Norte
C-BBF1757559,2026-09-11 18:40:25,Camila Herrera,camila.herrera.79@obelie.mx,3397703193,Zapopan,nuevo,Norte
C-EC56E3C625,2026-09-11 18:40:26,Daniela Pineda,daniela.pineda.59@obelie.mx,3396253929,Tlaquepaque,frecuente,Centro
C-0ABB2203B1,2026-09-11 18:40:27,Daniela Pineda,daniela.pineda.63@obelie.mx,3357624522,Tlaquepaque,evento,Sur
C-C569679D85,2026-09-11 18:40:27,Hugo Salazar,hugo.salazar.82@obelie.mx,3350728535,Tlaquepaque,mayoreo,Norte
C-C441AB00E7,2026-09-11 18:40:28,Fernando Diaz,fernando.diaz.96@obelie.mx,3365662582,Tlaquepaque,mayoreo,Plaza Obelie
C-1A474F5F66,2026-09-11 18:40:28,Sofia Ramirez,sofia.ramirez.41@obelie.mx,3345248786,Tlaquepaque,evento,Norte
C-DCEF98B91B,2026-09-11 18:40:29,Jorge Castillo,jorge.castillo.79@obelie.mx,3324563653,Zapopan,frecuente,Norte
C-AC78B7E6B4,2026-09-11 18:40:30,Andres Molina,andres.molina.22@obelie.mx,3332115797,Zapopan,evento,Norte
C-9BCE2F9272,2026-09-11 18:40:30,Andres Molina,andres.molina.33@obelie.mx,3349434789,Zapopan,evento,Plaza Obelie
C-93141308B7,2026-09-11 18:40:31,Sofia Ramirez,sofia.ramirez.24@obelie.mx,3344131771,Zapopan,frecuente,Centro
C-5AF28BA2E9,2026-09-11 18:40:32,Jorge Castillo,jorge.castillo.43@obelie.mx,3364088102,Tonalá,evento,Plaza Obelie
C-07DF183EF4,2026-09-11 18:40:33,Valeria Ortiz,valeria.ortiz.99@obelie.mx,3358883054,Guadalajara,nuevo,Centro
C-C8BC42BF68,2026-09-11 18:40:34,Jorge Castillo,jorge.castillo.52@obelie.mx,3347895383,Tlajomulco,frecuente,Centro
C-F16A8A49EB,2026-09-11 18:40:34,Paola Nunez,paola.nunez.35@obelie.mx,3322706988,Tlaquepaque,nuevo,Plaza Obelie
C-BCB6671B09,2026-09-11 18:40:35,Valeria Ortiz,valeria.ortiz.79@obelie.mx,3387042066,Tlaquepaque,mayoreo,Norte
C-6A1665BB6E,2026-09-11 18:40:35,Camila Herrera,camila.herrera.91@obelie.mx,3350596559,Tlaquepaque,frecuente,Plaza Obelie
C-49A7558B97,2026-09-11 18:40:36,Mateo Aguilar,mateo.aguilar.67@obelie.mx,3366435406,Tlaquepaque,mayoreo,Norte
C-A1E76FCD8F,2026-09-11 18:40:37,Elena Vargas,elena.vargas.73@obelie.mx,3383902096,Tlaquepaque,frecuente,Norte
C-3E5C9E46FB,2026-09-11 18:40:37,Elena Vargas,elena.vargas.67@obelie.mx,3341264530,Guadalajara,nuevo,Norte
C-0BF1DE0440,2026-09-11 18:40:38,Daniela Pineda,daniela.pineda.37@obelie.mx,3335049734,Tlaquepaque,evento,Plaza Obelie
C-65536B5B95,2026-09-11 18:40:39,Sofia Ramirez,sofia.ramirez.59@obelie.mx,3376695666,Tlajomulco,frecuente,Norte
C-FF684E487A,2026-09-11 18:40:40,Paola Nunez,paola.nunez.35@obelie.mx,3357243464,Tlaquepaque,evento,Sur
C-7BB65FB5D1,2026-09-11 18:40:41,Valeria Ortiz,valeria.ortiz.83@obelie.mx,3332235713,Tonalá,evento,Norte
C-274B04CDB8,2026-09-11 18:40:41,Paola Nunez,paola.nunez.44@obelie.mx,3392609209,Zapopan,evento,Centro
C-A089445855,2026-09-11 18:40:42,Paola Nunez,paola.nunez.51@obelie.mx,3354477185,Tlajomulco,mayoreo,Sur
C-72152892BD,2026-09-11 18:40:43,Paola Nunez,paola.nunez.13@obelie.mx,3347754559,Zapopan,evento,Centro
C-8507C69015,2026-09-11 18:40:43,Andres Molina,andres.molina.11@obelie.mx,3318885237,Zapopan,nuevo,Sur
C-86204DC7F9,2026-09-11 18:40:44,Mateo Aguilar,mateo.aguilar.84@obelie.mx,3377104752,Guadalajara,frecuente,Sur
C-55AE43E7B8,2026-09-11 18:40:44,Elena Vargas,elena.vargas.52@obelie.mx,3333513019,Tlajomulco,evento,Sur
C-F6A22DA01A,2026-09-11 18:40:45,Elena Vargas,elena.vargas.92@obelie.mx,3356047815,Tlajomulco,frecuente,Norte
C-2DA57C47A4,2026-09-11 18:40:46,Elena Vargas,elena.vargas.32@obelie.mx,3324275680,Tonalá,evento,Centro
C-DA00C397D1,2026-09-11 18:40:46,Andres Molina,andres.molina.21@obelie.mx,3334713658,Guadalajara,evento,Sur
C-B88CE4C6EB,2026-09-11 18:40:47,Andres Molina,andres.molina.34@obelie.mx,3328274601,Guadalajara,frecuente,Norte
C-8F95B104DA,2026-09-11 18:40:47,Ricardo Flores,ricardo.flores.11@obelie.mx,3318646264,Tlaquepaque,nuevo,Norte
C-D7AEBE08B8,2026-09-11 18:40:48,Fernando Diaz,fernando.diaz.33@obelie.mx,3357598823,Tonalá,frecuente,Centro
C-9DDBD6E16F,2026-09-11 18:40:49,Sofia Ramirez,sofia.ramirez.37@obelie.mx,3334697374,Zapopan,evento,Sur
C-E6A782E857,2026-09-11 18:40:50,Daniela Pineda,daniela.pineda.37@obelie.mx,3387265775,Guadalajara,evento,Centro
C-C611332E53,2026-09-11 18:40:50,Fernando Diaz,fernando.diaz.20@obelie.mx,3392259018,Tlaquepaque,nuevo,Sur
C-A42A8DD76E,2026-09-11 18:40:51,Fernando Diaz,fernando.diaz.38@obelie.mx,3393735965,Tlajomulco,nuevo,Norte
C-7B5F57A76D,2026-09-11 18:40:52,Andres Molina,andres.molina.66@obelie.mx,3366059757,Tlaquepaque,mayoreo,Norte
C-400B232A84,2026-09-11 18:40:52,Elena Vargas,elena.vargas.54@obelie.mx,3331756893,Guadalajara,frecuente,Norte
C-21748A7B0F,2026-09-11 18:40:53,Fernando Diaz,fernando.diaz.35@obelie.mx,3330849652,Guadalajara,nuevo,Plaza Obelie
C-F7E2418EC4,2026-09-11 18:40:53,Mateo Aguilar,mateo.aguilar.27@obelie.mx,3356769661,Tlaquepaque,nuevo,Norte
C-DE3848F7B5,2026-09-11 18:40:54,Elena Vargas,elena.vargas.38@obelie.mx,3366714597,Tlajomulco,nuevo,Norte
C-80588AEB7C,2026-09-11 18:40:55,Sofia Ramirez,sofia.ramirez.52@obelie.mx,3312545732,Tlajomulco,nuevo,Plaza Obelie
C-0413723EC3,2026-09-11 18:40:55,Mateo Aguilar,mateo.aguilar.14@obelie.mx,3343373122,Tlajomulco,mayoreo,Norte
C-78D422FC0A,2026-09-11 18:40:56,Jorge Castillo,jorge.castillo.81@obelie.mx,3345475954,Tonalá,mayoreo,Plaza Obelie
C-599784B07B,2026-09-11 18:40:57,Hugo Salazar,hugo.salazar.81@obelie.mx,3316271486,Tonalá,nuevo,Centro
C-0425EFC8C8,2026-09-11 18:40:58,Jorge Castillo,jorge.castillo.35@obelie.mx,3361846643,Tlajomulco,mayoreo,Norte
C-3987C66FAB,2026-09-11 18:40:58,Paola Nunez,paola.nunez.36@obelie.mx,3383997964,Tonalá,nuevo,Centro
C-7E71669437,2026-09-11 18:40:59,Jorge Castillo,jorge.castillo.20@obelie.mx,3389913471,Guadalajara,frecuente,Norte
C-30E43B81AE,2026-09-11 18:41:00,Ricardo Flores,ricardo.flores.30@obelie.mx,3399639792,Tlajomulco,mayoreo,Centro
C-CE00C2F32B,2026-09-11 18:41:00,Elena Vargas,elena.vargas.57@obelie.mx,3393722388,Tlajomulco,nuevo,Centro
C-DDCCD28BA3,2026-09-11 18:41:01,Ricardo Flores,ricardo.flores.35@obelie.mx,3337249842,Tonalá,evento,Sur
C-86581E5BA6,2026-09-11 18:41:02,Sofia Ramirez,sofia.ramirez.25@obelie.mx,3383077899,Tlaquepaque,frecuente,Sur
C-2C364E7FA1,2026-09-11 18:41:02,Ricardo Flores,ricardo.flores.79@obelie.mx,3356015007,Zapopan,frecuente,Plaza Obelie
C-5024A23BF2,2026-09-11 18:41:03,Andres Molina,andres.molina.29@obelie.mx,3328291978,Tlajomulco,mayoreo,Plaza Obelie
C-0CFC04812C,2026-09-11 18:41:04,Elena Vargas,elena.vargas.39@obelie.mx,3343782944,Tonalá,mayoreo,Centro
C-8C1AF691C9,2026-09-11 18:41:04,Jorge Castillo,jorge.castillo.85@obelie.mx,3372697009,Tonalá,mayoreo,Centro
C-429396513B,2026-09-11 18:41:05,Andres Molina,andres.molina.54@obelie.mx,3331409015,Tlajomulco,evento,Norte
C-90DBA45F5F,2026-09-11 18:41:05,Andres Molina,andres.molina.21@obelie.mx,3312846350,Guadalajara,frecuente,Centro
C-A159425DD3,2026-09-11 18:41:06,Andres Molina,andres.molina.30@obelie.mx,3375689438,Tlaquepaque,nuevo,Sur
C-E6EC18FBEE,2026-09-11 18:41:07,Andres Molina,andres.molina.98@obelie.mx,3333737390,Zapopan,frecuente,Norte
C-572FA19F32,2026-09-11 18:41:08,Daniela Pineda,daniela.pineda.77@obelie.mx,3386168047,Tlajomulco,frecuente,Norte
C-6A6D6D0B74,2026-09-11 18:41:08,Sofia Ramirez,sofia.ramirez.70@obelie.mx,3322553572,Tonalá,nuevo,Plaza Obelie
C-707D88EA9D,2026-09-11 18:41:09,Hugo Salazar,hugo.salazar.83@obelie.mx,3329811514,Tlajomulco,nuevo,Sur
C-8F7C63A478,2026-09-11 18:41:10,Andres Molina,andres.molina.90@obelie.mx,3351228471,Guadalajara,nuevo,Norte
C-EF8D4A6BFA,2026-09-11 18:41:10,Elena Vargas,elena.vargas.42@obelie.mx,3364097235,Tlajomulco,mayoreo,Plaza Obelie
C-B8054A2DA6,2026-09-11 18:41:11,Jorge Castillo,jorge.castillo.64@obelie.mx,3392064217,Tonalá,frecuente,Centro
C-3FC0AEFA49,2026-09-11 18:41:12,Jorge Castillo,jorge.castillo.24@obelie.mx,3351595180,Zapopan,nuevo,Norte
C-167CC47D68,2026-09-11 18:41:12,Ricardo Flores,ricardo.flores.14@obelie.mx,3367703793,Zapopan,nuevo,Plaza Obelie
C-779E0B44D3,2026-09-11 18:41:13,Hugo Salazar,hugo.salazar.46@obelie.mx,3380736893,Zapopan,evento,Centro
C-EBC43EAAE3,2026-09-11 18:41:14,Daniela Pineda,daniela.pineda.42@obelie.mx,3371452159,Guadalajara,evento,Sur
C-CF175E2F5F,2026-09-11 18:41:14,Daniela Pineda,daniela.pineda.17@obelie.mx,3362013922,Zapopan,mayoreo,Centro
C-141E4C83DD,2026-09-11 18:41:15,Daniela Pineda,daniela.pineda.36@obelie.mx,3373961130,Tlaquepaque,frecuente,Plaza Obelie
C-72F0EBB8DB,2026-09-11 18:41:16,Camila Herrera,camila.herrera.47@obelie.mx,3318973946,Tlaquepaque,mayoreo,Centro
C-39469F953C,2026-09-11 18:41:17,Fernando Diaz,fernando.diaz.15@obelie.mx,3366523071,Tlaquepaque,frecuente,Centro
C-EF5CA85C95,2026-09-11 18:41:17,Paola Nunez,paola.nunez.59@obelie.mx,3398622227,Zapopan,nuevo,Centro
C-72F44AE12C,2026-09-11 18:41:18,Paola Nunez,paola.nunez.98@obelie.mx,3398206266,Tonalá,nuevo,Centro
C-D1B022AF40,2026-09-11 18:41:18,Elena Vargas,elena.vargas.48@obelie.mx,3374116505,Guadalajara,nuevo,Plaza Obelie
C-DDEBE61B50,2026-09-11 18:41:19,Sofia Ramirez,sofia.ramirez.69@obelie.mx,3356774281,Tlaquepaque,mayoreo,Norte
C-1FBF471B49,2026-09-11 18:41:19,Sofia Ramirez,sofia.ramirez.22@obelie.mx,3355296212,Tlaquepaque,frecuente,Sur
C-8DFECCB02D,2026-09-11 18:41:20,Elena Vargas,elena.vargas.33@obelie.mx,3325087702,Tonalá,frecuente,Plaza Obelie
C-5ACD73E620,2026-09-11 18:41:21,Fernando Diaz,fernando.diaz.89@obelie.mx,3320793578,Zapopan,mayoreo,Centro
C-B92E470A3D,2026-09-11 18:41:21,Valeria Ortiz,valeria.ortiz.66@obelie.mx,3338885413,Zapopan,nuevo,Norte
C-45B07C94CB,2026-09-11 18:41:22,Mateo Aguilar,mateo.aguilar.83@obelie.mx,3351399158,Guadalajara,nuevo,Norte
C-0CB82891A4,2026-09-11 18:41:23,Elena Vargas,elena.vargas.44@obelie.mx,3394643758,Guadalajara,evento,Norte
C-18C4B0B683,2026-09-11 18:41:24,Sofia Ramirez,sofia.ramirez.52@obelie.mx,3355479713,Guadalajara,nuevo,Plaza Obelie
C-A55ADAEC0A,2026-09-11 18:41:24,Daniela Pineda,daniela.pineda.66@obelie.mx,3376365447,Tlajomulco,nuevo,Plaza Obelie
C-42BFA03F05,2026-09-11 18:41:25,Valeria Ortiz,valeria.ortiz.29@obelie.mx,3319381271,Tlajomulco,evento,Sur
C-DF0FEF90A7,2026-09-11 18:41:26,Paola Nunez,paola.nunez.45@obelie.mx,3362736686,Zapopan,evento,Plaza Obelie
C-A60498E378,2026-09-11 18:41:26,Valeria Ortiz,valeria.ortiz.74@obelie.mx,3389334381,Guadalajara,frecuente,Centro
C-6C6D3FF801,2026-09-11 18:41:27,Valeria Ortiz,valeria.ortiz.71@obelie.mx,3399533564,Tonalá,evento,Sur
C-0E50468DA0,2026-09-11 18:41:28,Daniela Pineda,daniela.pineda.27@obelie.mx,3343345095,Tlaquepaque,nuevo,Plaza Obelie
C-C286CFD5E9,2026-09-11 18:41:28,Mateo Aguilar,mateo.aguilar.10@obelie.mx,3368066470,Tlajomulco,frecuente,Plaza Obelie
C-96EB6E840F,2026-09-11 18:41:29,Elena Vargas,elena.vargas.63@obelie.mx,3384287297,Tlaquepaque,frecuente,Norte
C-986EC98A3D,2026-09-11 18:41:30,Paola Nunez,paola.nunez.93@obelie.mx,3353178839,Tlajomulco,evento,Centro
C-7342074894,2026-09-11 18:41:31,Andres Molina,andres.molina.61@obelie.mx,3383346066,Tlajomulco,mayoreo,Sur
C-ADFDC5352C,2026-09-11 18:41:31,Paola Nunez,paola.nunez.56@obelie.mx,3356191841,Tonalá,mayoreo,Norte
C-E8A6EB59DD,2026-09-11 18:41:32,Fernando Diaz,fernando.diaz.95@obelie.mx,3384675955,Tlajomulco,evento,Sur
C-0E6904EA25,2026-09-11 18:41:33,Daniela Pineda,daniela.pineda.96@obelie.mx,3365025783,Tlaquepaque,evento,Sur
C-D4F28260F2,2026-09-11 18:41:33,Mateo Aguilar,mateo.aguilar.95@obelie.mx,3348455097,Tonalá,mayoreo,Norte
C-F0A2D2ED0A,2026-09-11 18:41:34,Paola Nunez,paola.nunez.22@obelie.mx,3396168918,Tlajomulco,frecuente,Centro
C-31A108EA3B,2026-09-11 18:41:35,Mateo Aguilar,mateo.aguilar.62@obelie.mx,3337947876,Tlaquepaque,nuevo,Centro
C-61B0848BE1,2026-09-11 18:41:35,Sofia Ramirez,sofia.ramirez.58@obelie.mx,3338942585,Tonalá,nuevo,Centro
C-5903A147FB,2026-09-11 18:41:36,Daniela Pineda,daniela.pineda.88@obelie.mx,3393936785,Tonalá,evento,Norte
C-1980C1DB90,2026-09-11 18:41:36,Fernando Diaz,fernando.diaz.10@obelie.mx,3398262131,Guadalajara,evento,Plaza Obelie
C-215795CB3C,2026-09-11 18:41:37,Andres Molina,andres.molina.81@obelie.mx,3386898033,Tlaquepaque,mayoreo,Centro
C-944C5B9A99,2026-09-11 18:41:38,Daniela Pineda,daniela.pineda.62@obelie.mx,3391706256,Guadalajara,mayoreo,Plaza Obelie
C-6B86025828,2026-09-11 18:41:38,Sofia Ramirez,sofia.ramirez.78@obelie.mx,3380509162,Guadalajara,frecuente,Sur
C-A6E95617F7,2026-09-11 18:41:39,Hugo Salazar,hugo.salazar.19@obelie.mx,3362248318,Tonalá,frecuente,Centro
C-888306F2E7,2026-09-11 18:41:40,Elena Vargas,elena.vargas.82@obelie.mx,3391911235,Tlaquepaque,frecuente,Norte
C-C3745074D6,2026-09-11 18:41:40,Paola Nunez,paola.nunez.93@obelie.mx,3362917044,Zapopan,evento,Norte
C-8FFA6DBA06,2026-09-11 18:41:41,Andres Molina,andres.molina.47@obelie.mx,3374635281,Guadalajara,frecuente,Norte
C-50D9FE131E,2026-09-11 18:41:41,Jorge Castillo,jorge.castillo.41@obelie.mx,3315111613,Tlajomulco,nuevo,Centro
C-62BF0A315F,2026-09-11 18:41:42,Camila Herrera,camila.herrera.81@obelie.mx,3358133477,Tlajomulco,frecuente,Centro
C-486D61A979,2026-09-11 18:41:42,Elena Vargas,elena.vargas.59@obelie.mx,3355599549,Guadalajara,evento,Sur
C-8ABFEF6076,2026-09-11 18:41:43,Fernando Diaz,fernando.diaz.19@obelie.mx,3339151305,Zapopan,frecuente,Plaza Obelie
C-15AFA86C53,2026-09-11 18:41:44,Elena Vargas,elena.vargas.69@obelie.mx,3338698632,Guadalajara,mayoreo,Norte
C-1BF2F44E5E,2026-09-11 18:41:44,Andres Molina,andres.molina.49@obelie.mx,3365521659,Tlaquepaque,mayoreo,Norte
C-7D3D1E8B61,2026-09-11 18:41:45,Sofia Ramirez,sofia.ramirez.98@obelie.mx,3354759401,Tonalá,mayoreo,Centro
C-6FC659AD9A,2026-09-11 18:41:46,Jorge Castillo,jorge.castillo.44@obelie.mx,3385329343,Guadalajara,evento,Centro
C-C0D271412F,2026-09-11 18:41:47,Sofia Ramirez,sofia.ramirez.40@obelie.mx,3382411815,Tlaquepaque,frecuente,Norte
C-9695689E58,2026-09-11 18:41:47,Elena Vargas,elena.vargas.86@obelie.mx,3372557245,Tonalá,nuevo,Norte
C-C12727FED7,2026-09-11 18:41:48,Daniela Pineda,daniela.pineda.79@obelie.mx,3371061099,Tonalá,mayoreo,Norte
C-7C2C7BA722,2026-09-11 18:41:48,Fernando Diaz,fernando.diaz.37@obelie.mx,3372037718,Tlaquepaque,nuevo,Sur
C-3044B8C7BF,2026-09-11 18:41:49,Ricardo Flores,ricardo.flores.59@obelie.mx,3393249237,Tlaquepaque,evento,Norte
C-C10AC4CC21,2026-09-11 18:41:50,Valeria Ortiz,valeria.ortiz.21@obelie.mx,3335917975,Tlaquepaque,mayoreo,Sur
C-BF52A5E57B,2026-09-11 18:41:50,Andres Molina,andres.molina.82@obelie.mx,3318372056,Zapopan,evento,Sur
C-D73699BE88,2026-09-11 18:41:51,Elena Vargas,elena.vargas.18@obelie.mx,3393351091,Zapopan,evento,Norte
C-697FDC44F5,2026-09-11 18:41:52,Ricardo Flores,ricardo.flores.46@obelie.mx,3318492859,Tlaquepaque,frecuente,Plaza Obelie
C-B2C2D48016,2026-09-11 18:41:52,Ricardo Flores,ricardo.flores.24@obelie.mx,3387688513,Zapopan,evento,Plaza Obelie
C-A10C24F30C,2026-09-11 18:41:53,Valeria Ortiz,valeria.ortiz.67@obelie.mx,3358596873,Tlajomulco,mayoreo,Plaza Obelie
C-1E70669E91,2026-09-11 18:41:53,Andres Molina,andres.molina.23@obelie.mx,3382672552,Tlajomulco,nuevo,Sur
C-06C9BB0C83,2026-09-11 18:41:54,Hugo Salazar,hugo.salazar.74@obelie.mx,3333029077,Tlaquepaque,mayoreo,Sur
C-4FF9EA5D64,2026-09-11 18:41:54,Ricardo Flores,ricardo.flores.72@obelie.mx,3361579016,Zapopan,evento,Sur
C-A2E4E76302,2026-09-11 18:41:55,Sofia Ramirez,sofia.ramirez.47@obelie.mx,3397633098,Tlaquepaque,frecuente,Centro
C-D55726E6EA,2026-09-11 18:41:56,Ricardo Flores,ricardo.flores.56@obelie.mx,3384801046,Guadalajara,mayoreo,Sur
C-E543C26536,2026-09-11 18:41:57,Ricardo Flores,ricardo.flores.57@obelie.mx,3334011176,Zapopan,nuevo,Centro
C-647F16223D,2026-09-11 18:41:57,Andres Molina,andres.molina.63@obelie.mx,3385509502,Tonalá,mayoreo,Sur
C-27C4915A2D,2026-09-11 18:41:58,Paola Nunez,paola.nunez.20@obelie.mx,3348597416,Zapopan,frecuente,Norte
C-DA9EC714DC,2026-09-11 18:41:58,Camila Herrera,camila.herrera.60@obelie.mx,3354535209,Tonalá,nuevo,Norte
C-DF99B6F2A9,2026-09-11 18:41:59,Jorge Castillo,jorge.castillo.59@obelie.mx,3390113384,Tlaquepaque,frecuente,Norte
C-9FFD0542BB,2026-09-11 18:42:00,Valeria Ortiz,valeria.ortiz.64@obelie.mx,3389859358,Tlajomulco,nuevo,Centro
C-F170A8B672,2026-09-11 18:42:00,Hugo Salazar,hugo.salazar.42@obelie.mx,3367779231,Tlajomulco,nuevo,Sur
C-6EBD806C24,2026-09-11 18:42:01,Ricardo Flores,ricardo.flores.70@obelie.mx,3354962854,Tlaquepaque,mayoreo,Plaza Obelie
C-CAD00A34D4,2026-09-11 18:42:01,Mateo Aguilar,mateo.aguilar.90@obelie.mx,3387553639,Tlajomulco,mayoreo,Plaza Obelie
C-94AD52EA75,2026-09-11 18:42:02,Mateo Aguilar,mateo.aguilar.72@obelie.mx,3369516374,Tonalá,nuevo,Norte
C-E58669C536,2026-09-11 18:42:03,Elena Vargas,elena.vargas.12@obelie.mx,3376235320,Tlajomulco,mayoreo,Centro
C-EA6A58C281,2026-09-11 18:42:03,Camila Herrera,camila.herrera.72@obelie.mx,3385463469,Tlaquepaque,nuevo,Plaza Obelie
C-80D86A391E,2026-09-11 18:42:04,Fernando Diaz,fernando.diaz.98@obelie.mx,3354417483,Tonalá,evento,Centro
C-98E6194CDA,2026-09-11 18:42:05,Ricardo Flores,ricardo.flores.69@obelie.mx,3389808973,Tlaquepaque,frecuente,Norte
C-884294337D,2026-09-11 18:42:06,Andres Molina,andres.molina.37@obelie.mx,3352888666,Tonalá,nuevo,Sur
C-D28A8EB7F7,2026-09-11 18:42:06,Hugo Salazar,hugo.salazar.51@obelie.mx,3324111663,Tlaquepaque,evento,Norte
C-568549C243,2026-09-11 18:42:07,Camila Herrera,camila.herrera.29@obelie.mx,3318205332,Tlaquepaque,mayoreo,Sur
C-483F81D16D,2026-09-11 18:42:08,Jorge Castillo,jorge.castillo.37@obelie.mx,3327555024,Tonalá,nuevo,Plaza Obelie
C-670E75D3EF,2026-09-11 18:42:08,Elena Vargas,elena.vargas.29@obelie.mx,3335592849,Tlajomulco,evento,Centro
C-CE6758A6F2,2026-09-11 18:42:09,Paola Nunez,paola.nunez.85@obelie.mx,3355793223,Tlajomulco,evento,Sur
C-1CFCA34F75,2026-09-11 18:42:09,Ricardo Flores,ricardo.flores.39@obelie.mx,3346909935,Guadalajara,mayoreo,Centro
C-51A3243060,2026-09-11 18:42:10,Elena Vargas,elena.vargas.85@obelie.mx,3383089071,Tlajomulco,nuevo,Plaza Obelie
C-E17DEE7998,2026-09-11 18:42:11,Paola Nunez,paola.nunez.89@obelie.mx,3332491669,Zapopan,evento,Norte
C-56BE81EB02,2026-09-11 18:42:12,Hugo Salazar,hugo.salazar.44@obelie.mx,3348121228,Guadalajara,nuevo,Centro
C-AC4B8DFD52,2026-09-11 18:42:12,Daniela Pineda,daniela.pineda.24@obelie.mx,3328038323,Tlaquepaque,frecuente,Sur
C-0ECB730647,2026-09-11 18:42:13,Valeria Ortiz,valeria.ortiz.76@obelie.mx,3368779145,Tlaquepaque,evento,Plaza Obelie
C-BDD3269FB8,2026-09-11 18:42:14,Elena Vargas,elena.vargas.71@obelie.mx,3342311871,Tlaquepaque,evento,Plaza Obelie
C-D5AFCA3A3C,2026-09-11 18:42:14,Andres Molina,andres.molina.80@obelie.mx,3397409346,Tlaquepaque,mayoreo,Norte
C-5048C0F976,2026-09-11 18:42:15,Daniela Pineda,daniela.pineda.31@obelie.mx,3363427547,Tlaquepaque,nuevo,Norte
C-8EC78EA1B7,2026-09-11 18:42:16,Valeria Ortiz,valeria.ortiz.73@obelie.mx,3356185989,Zapopan,evento,Sur
C-9E2643F280,2026-09-11 18:42:17,Mateo Aguilar,mateo.aguilar.90@obelie.mx,3315808383,Guadalajara,evento,Norte
C-4D0E13F718,2026-09-11 18:42:17,Jorge Castillo,jorge.castillo.96@obelie.mx,3364616912,Tlaquepaque,mayoreo,Norte
C-E376159E13,2026-09-11 18:42:18,Daniela Pineda,daniela.pineda.78@obelie.mx,3337451760,Tlajomulco,nuevo,Sur
C-623706C2C3,2026-09-11 18:42:19,Mateo Aguilar,mateo.aguilar.52@obelie.mx,3361673454,Tlaquepaque,evento,Sur
C-3E2481FBC2,2026-09-11 18:42:19,Elena Vargas,elena.vargas.12@obelie.mx,3344932768,Tonalá,nuevo,Sur
C-8A2877DFEE,2026-09-11 18:42:20,Elena Vargas,elena.vargas.80@obelie.mx,3317493020,Guadalajara,nuevo,Plaza Obelie
C-B106AF48BD,2026-09-11 18:42:21,Jorge Castillo,jorge.castillo.83@obelie.mx,3352852018,Zapopan,mayoreo,Centro
C-5C346BEB60,2026-09-11 18:42:21,Paola Nunez,paola.nunez.93@obelie.mx,3346054597,Tonalá,mayoreo,Norte
C-40EE7B57D7,2026-09-11 18:42:22,Ricardo Flores,ricardo.flores.85@obelie.mx,3371581125,Zapopan,evento,Sur
C-8328B3E037,2026-09-11 18:42:23,Elena Vargas,elena.vargas.78@obelie.mx,3339264134,Zapopan,frecuente,Centro
C-865F00BFFC,2026-09-11 18:42:23,Hugo Salazar,hugo.salazar.94@obelie.mx,3350955584,Tlajomulco,mayoreo,Centro
C-9B9968CE32,2026-09-11 18:42:24,Paola Nunez,paola.nunez.28@obelie.mx,3345969509,Zapopan,frecuente,Norte
C-108C9FEBF8,2026-09-11 18:42:24,Fernando Diaz,fernando.diaz.95@obelie.mx,3331591053,Tonalá,evento,Centro
C-5072B10EBF,2026-09-11 18:42:25,Ricardo Flores,ricardo.flores.17@obelie.mx,3332802750,Tonalá,frecuente,Sur
C-68189A0274,2026-09-11 18:42:26,Mateo Aguilar,mateo.aguilar.15@obelie.mx,3375526181,Tonalá,mayoreo,Norte
C-4843C460E1,2026-09-11 18:42:26,Mateo Aguilar,mateo.aguilar.81@obelie.mx,3348776723,Tonalá,mayoreo,Sur
C-AE23092456,2026-09-11 18:42:27,Paola Nunez,paola.nunez.59@obelie.mx,3366817339,Tlaquepaque,frecuente,Centro
C-D25A6FD369,2026-09-11 18:42:28,Jorge Castillo,jorge.castillo.88@obelie.mx,3318651108,Tlajomulco,mayoreo,Norte
C-66F9F327D1,2026-09-11 18:42:29,Fernando Diaz,fernando.diaz.52@obelie.mx,3389142073,Guadalajara,frecuente,Centro
C-9226488405,2026-09-11 18:42:29,Camila Herrera,camila.herrera.17@obelie.mx,3396848988,Tlaquepaque,nuevo,Sur
C-2A25B402C1,2026-09-11 18:42:30,Mateo Aguilar,mateo.aguilar.70@obelie.mx,3367678453,Tlajomulco,evento,Centro
C-FAF1DFE916,2026-09-11 18:42:31,Hugo Salazar,hugo.salazar.73@obelie.mx,3311048005,Zapopan,mayoreo,Norte
C-4D52C47C63,2026-09-11 18:42:31,Elena Vargas,elena.vargas.49@obelie.mx,3341265364,Tonalá,frecuente,Sur
C-0361B83A28,2026-09-11 18:42:32,Elena Vargas,elena.vargas.77@obelie.mx,3381417065,Tlajomulco,frecuente,Norte
C-837394A934,2026-09-11 18:42:33,Valeria Ortiz,valeria.ortiz.71@obelie.mx,3379499285,Tonalá,evento,Centro
C-ED113E78F0,2026-09-11 18:42:33,Hugo Salazar,hugo.salazar.75@obelie.mx,3364221730,Guadalajara,evento,Sur
C-2A2724602B,2026-09-11 18:42:34,Hugo Salazar,hugo.salazar.18@obelie.mx,3398586300,Tonalá,frecuente,Plaza Obelie
C-0510E1C5CE,2026-09-11 18:42:35,Andres Molina,andres.molina.68@obelie.mx,3390569948,Tlaquepaque,mayoreo,Norte
C-A088C7F78D,2026-09-11 18:42:35,Camila Herrera,camila.herrera.59@obelie.mx,3349586702,Tonalá,mayoreo,Norte
C-966CBBA2C7,2026-09-11 18:42:36,Sofia Ramirez,sofia.ramirez.66@obelie.mx,3386846242,Tonalá,evento,Sur
C-120EA9ACAD,2026-09-11 18:42:36,Fernando Diaz,fernando.diaz.67@obelie.mx,3381936126,Tlajomulco,frecuente,Sur
C-5B16C7E9FC,2026-09-11 18:42:37,Daniela Pineda,daniela.pineda.76@obelie.mx,3344441525,Zapopan,evento,Plaza Obelie
C-9B15B7FB77,2026-09-11 18:42:38,Fernando Diaz,fernando.diaz.29@obelie.mx,3389011380,Tlajomulco,nuevo,Norte
C-8045082912,2026-09-11 18:42:38,Sofia Ramirez,sofia.ramirez.70@obelie.mx,3320866551,Tlajomulco,evento,Centro
C-50BC3804F9,2026-09-11 18:42:39,Fernando Diaz,fernando.diaz.79@obelie.mx,3365242560,Tlaquepaque,frecuente,Sur
C-E6D272FB25,2026-09-11 18:42:39,Jorge Castillo,jorge.castillo.62@obelie.mx,3380956798,Tlaquepaque,nuevo,Plaza Obelie
C-6E8D2E5C7F,2026-09-11 18:42:40,Ricardo Flores,ricardo.flores.40@obelie.mx,3387823849,Tlaquepaque,mayoreo,Sur
C-A6A932495C,2026-09-11 18:42:41,Mateo Aguilar,mateo.aguilar.53@obelie.mx,3355524721,Tonalá,nuevo,Norte
C-00DAB391CD,2026-09-11 18:42:41,Andres Molina,andres.molina.90@obelie.mx,3354733086,Tonalá,evento,Sur
C-D657E7961B,2026-09-11 18:42:42,Hugo Salazar,hugo.salazar.79@obelie.mx,3328615067,Tlaquepaque,mayoreo,Plaza Obelie
C-3C28CFB122,2026-09-11 18:42:42,Camila Herrera,camila.herrera.68@obelie.mx,3319898713,Guadalajara,mayoreo,Centro
C-74CF27797D,2026-09-11 18:42:43,Daniela Pineda,daniela.pineda.80@obelie.mx,3371588872,Zapopan,mayoreo,Norte
C-5EFC4D5404,2026-09-11 18:42:44,Valeria Ortiz,valeria.ortiz.71@obelie.mx,3311922322,Tonalá,frecuente,Plaza Obelie
C-C9FA96CFC3,2026-09-11 18:42:45,Hugo Salazar,hugo.salazar.64@obelie.mx,3375274758,Tlajomulco,nuevo,Plaza Obelie
C-C22E4367D4,2026-09-11 18:42:45,Hugo Salazar,hugo.salazar.44@obelie.mx,3321364946,Zapopan,frecuente,Sur
C-62C6FF67AD,2026-09-11 18:42:46,Andres Molina,andres.molina.17@obelie.mx,3393935719,Tlaquepaque,evento,Norte
C-CACA12D4F7,2026-09-11 18:42:47,Jorge Castillo,jorge.castillo.25@obelie.mx,3384023530,Tlaquepaque,mayoreo,Sur
C-AA531C9605,2026-09-11 18:42:47,Valeria Ortiz,valeria.ortiz.13@obelie.mx,3382111199,Tlaquepaque,mayoreo,Plaza Obelie
C-9104046A6B,2026-09-11 18:42:48,Daniela Pineda,daniela.pineda.34@obelie.mx,3385335206,Zapopan,evento,Centro
C-D664539738,2026-09-11 18:42:49,Jorge Castillo,jorge.castillo.38@obelie.mx,3367869058,Tonalá,nuevo,Norte
C-E742105B56,2026-09-11 18:42:50,Mateo Aguilar,mateo.aguilar.28@obelie.mx,3336044716,Tlajomulco,nuevo,Plaza Obelie
C-9E6F0B0B34,2026-09-11 18:42:50,Jorge Castillo,jorge.castillo.66@obelie.mx,3351623952,Zapopan,nuevo,Sur
C-AA27EA2284,2026-09-11 18:42:51,Andres Molina,andres.molina.73@obelie.mx,3383177282,Tlajomulco,frecuente,Norte
C-1FCB0DE0B5,2026-09-11 18:42:52,Elena Vargas,elena.vargas.14@obelie.mx,3381715039,Tonalá,evento,Norte
C-C579908A02,2026-09-11 18:42:52,Hugo Salazar,hugo.salazar.43@obelie.mx,3393873990,Tonalá,evento,Norte
C-161BD51650,2026-09-11 18:42:53,Valeria Ortiz,valeria.ortiz.31@obelie.mx,3396557624,Zapopan,mayoreo,Centro
C-9BE8F5F27A,2026-09-11 18:42:54,Hugo Salazar,hugo.salazar.15@obelie.mx,3359988005,Guadalajara,nuevo,Sur
C-A44BF81F73,2026-09-11 18:42:54,Mateo Aguilar,mateo.aguilar.47@obelie.mx,3323205267,Tonalá,mayoreo,Centro
C-ABE2C84274,2026-09-11 18:42:55,Paola Nunez,paola.nunez.50@obelie.mx,3358535099,Guadalajara,mayoreo,Plaza Obelie
C-0546026EA6,2026-09-11 18:42:55,Camila Herrera,camila.herrera.62@obelie.mx,3315029820,Tonalá,nuevo,Centro
C-77D952A9FF,2026-09-11 18:42:56,Jorge Castillo,jorge.castillo.37@obelie.mx,3384269452,Guadalajara,frecuente,Sur
C-0F15319749,2026-09-11 18:42:56,Daniela Pineda,daniela.pineda.28@obelie.mx,3324149595,Tlajomulco,frecuente,Norte
C-A066F3623E,2026-09-11 18:42:57,Sofia Ramirez,sofia.ramirez.42@obelie.mx,3359192005,Tlajomulco,evento,Norte
C-3C9A748938,2026-09-11 18:42:58,Ricardo Flores,ricardo.flores.97@obelie.mx,3365687431,Tlaquepaque,evento,Norte
C-A6576C2927,2026-09-11 18:42:58,Ricardo Flores,ricardo.flores.43@obelie.mx,3363859498,Zapopan,evento,Norte
C-C14C7A6289,2026-09-11 18:42:59,Camila Herrera,camila.herrera.78@obelie.mx,3355283720,Tlajomulco,frecuente,Sur
C-B8CE191FC5,2026-09-11 18:43:00,Paola Nunez,paola.nunez.81@obelie.mx,3311575564,Tonalá,nuevo,Plaza Obelie
C-2FF83C5005,2026-09-11 18:43:00,Elena Vargas,elena.vargas.26@obelie.mx,3388706770,Guadalajara,frecuente,Sur
C-1E524E30F4,2026-09-11 18:43:01,Jorge Castillo,jorge.castillo.73@obelie.mx,3350671589,Tonalá,nuevo,Sur
C-DFDA4CDC07,2026-09-11 18:43:01,Hugo Salazar,hugo.salazar.64@obelie.mx,3353172596,Tlajomulco,evento,Norte
C-BF7264F6F8,2026-09-11 18:43:02,Andres Molina,andres.molina.55@obelie.mx,3336208573,Zapopan,frecuente,Sur
C-7165B6A37B,2026-09-11 18:43:02,Hugo Salazar,hugo.salazar.60@obelie.mx,3312426753,Tonalá,mayoreo,Plaza Obelie
C-5823FD3A8E,2026-09-11 18:43:03,Elena Vargas,elena.vargas.70@obelie.mx,3327107673,Tlaquepaque,evento,Plaza Obelie
C-8D1DA53C23,2026-09-11 18:43:04,Paola Nunez,paola.nunez.37@obelie.mx,3339773195,Guadalajara,mayoreo,Centro
C-28CCA2E862,2026-09-11 18:43:04,Valeria Ortiz,valeria.ortiz.17@obelie.mx,3374643384,Guadalajara,evento,Centro
C-20F172061E,2026-09-11 18:43:05,Ricardo Flores,ricardo.flores.99@obelie.mx,3314137825,Tlaquepaque,mayoreo,Centro
C-CC2AC2167A,2026-09-11 18:43:06,Paola Nunez,paola.nunez.43@obelie.mx,3399168050,Guadalajara,mayoreo,Centro
C-A3915BECCF,2026-09-11 18:43:07,Mateo Aguilar,mateo.aguilar.18@obelie.mx,3371521299,Tlaquepaque,evento,Norte
C-4A2E7C3408,2026-09-11 18:43:07,Daniela Pineda,daniela.pineda.84@obelie.mx,3394509673,Tlajomulco,evento,Plaza Obelie
C-21CA707C9D,2026-09-11 18:43:08,Daniela Pineda,daniela.pineda.94@obelie.mx,3340046157,Tonalá,mayoreo,Sur
C-FC09D270ED,2026-09-11 18:43:08,Sofia Ramirez,sofia.ramirez.14@obelie.mx,3321408508,Zapopan,evento,Norte
C-F9609EB39C,2026-09-11 18:43:09,Sofia Ramirez,sofia.ramirez.34@obelie.mx,3357281373,Tlajomulco,mayoreo,Sur
C-16B931B949,2026-09-11 18:43:10,Fernando Diaz,fernando.diaz.35@obelie.mx,3386605175,Tlajomulco,mayoreo,Sur
C-2C6D522666,2026-09-11 18:43:10,Sofia Ramirez,sofia.ramirez.16@obelie.mx,3344287417,Zapopan,nuevo,Norte
C-A785CAB6FA,2026-09-11 18:43:11,Paola Nunez,paola.nunez.71@obelie.mx,3325745981,Tonalá,evento,Plaza Obelie
C-6757FF442D,2026-09-11 18:43:11,Mateo Aguilar,mateo.aguilar.45@obelie.mx,3332651280,Tonalá,frecuente,Centro
C-1C44B5A20A,2026-09-11 18:43:12,Paola Nunez,paola.nunez.86@obelie.mx,3351431746,Tonalá,evento,Centro
C-4BF4AC6ADF,2026-09-11 18:43:12,Sofia Ramirez,sofia.ramirez.33@obelie.mx,3363522024,Tlajomulco,evento,Sur
C-22AC194AFC,2026-09-11 18:43:13,Jorge Castillo,jorge.castillo.92@obelie.mx,3315604960,Tonalá,nuevo,Sur
C-2D6A5FE98A,2026-09-11 18:43:14,Jorge Castillo,jorge.castillo.50@obelie.mx,3338062908,Tlajomulco,nuevo,Centro
C-CD1EE883DC,2026-09-11 18:43:14,Jorge Castillo,jorge.castillo.94@obelie.mx,3315501949,Guadalajara,frecuente,Plaza Obelie
C-BD1F061650,2026-09-11 18:43:15,Mateo Aguilar,mateo.aguilar.31@obelie.mx,3349565915,Tlajomulco,mayoreo,Sur
C-5C78452593,2026-09-11 18:43:16,Elena Vargas,elena.vargas.22@obelie.mx,3396583084,Tlajomulco,nuevo,Norte
C-C5E42EF9A4,2026-09-11 18:43:16,Valeria Ortiz,valeria.ortiz.12@obelie.mx,3376468235,Tlajomulco,evento,Centro
C-AE307136C9,2026-09-11 18:43:17,Sofia Ramirez,sofia.ramirez.60@obelie.mx,3343567601,Tonalá,frecuente,Centro
C-3E1E8982C7,2026-09-11 18:43:18,Paola Nunez,paola.nunez.80@obelie.mx,3320871470,Tonalá,mayoreo,Plaza Obelie
C-DBDB95D947,2026-09-11 18:43:18,Fernando Diaz,fernando.diaz.19@obelie.mx,3394989618,Tlaquepaque,mayoreo,Centro
C-467D7DE13B,2026-09-11 18:43:19,Camila Herrera,camila.herrera.53@obelie.mx,3322846654,Zapopan,mayoreo,Centro
C-D66CFEFD47,2026-09-11 18:43:20,Camila Herrera,camila.herrera.51@obelie.mx,3319304012,Tonalá,nuevo,Sur
C-E0D1036A86,2026-09-11 18:43:20,Sofia Ramirez,sofia.ramirez.57@obelie.mx,3367286549,Tonalá,nuevo,Sur
C-28C769D533,2026-09-11 18:43:21,Daniela Pineda,daniela.pineda.26@obelie.mx,3380096822,Guadalajara,mayoreo,Plaza Obelie
C-471D546A5C,2026-09-11 18:43:22,Ricardo Flores,ricardo.flores.39@obelie.mx,3388988268,Tlajomulco,evento,Sur
C-ED6F0D2028,2026-09-11 18:43:23,Valeria Ortiz,valeria.ortiz.16@obelie.mx,3364883868,Tonalá,evento,Centro
C-679CCC703E,2026-09-11 18:43:23,Camila Herrera,camila.herrera.90@obelie.mx,3329821612,Guadalajara,mayoreo,Plaza Obelie
C-D4C288EB2E,2026-09-11 18:43:23,Valeria Ortiz,valeria.ortiz.27@obelie.mx,3326056612,Guadalajara,evento,Norte
C-4060F1BB53,2026-09-11 18:43:24,Daniela Pineda,daniela.pineda.66@obelie.mx,3333322528,Zapopan,evento,Plaza Obelie
C-66E64EFFA0,2026-09-11 18:43:25,Valeria Ortiz,valeria.ortiz.36@obelie.mx,3347812656,Tlajomulco,nuevo,Norte
C-59118E202C,2026-09-11 18:43:25,Valeria Ortiz,valeria.ortiz.52@obelie.mx,3351534476,Tonalá,frecuente,Norte
C-E210563F00,2026-09-11 18:43:26,Camila Herrera,camila.herrera.82@obelie.mx,3394311070,Zapopan,frecuente,Sur
C-9405AD4836,2026-09-11 18:43:27,Hugo Salazar,hugo.salazar.42@obelie.mx,3354846072,Zapopan,mayoreo,Sur
C-55E762EEE0,2026-09-11 18:43:27,Daniela Pineda,daniela.pineda.83@obelie.mx,3363814240,Tlajomulco,frecuente,Sur
C-71174402F3,2026-09-11 18:43:28,Andres Molina,andres.molina.66@obelie.mx,3386762621,Tlaquepaque,frecuente,Centro
C-B46CEFF2DB,2026-09-11 18:43:28,Sofia Ramirez,sofia.ramirez.23@obelie.mx,3398555513,Zapopan,evento,Plaza Obelie
C-AB63F1A5B6,2026-09-11 18:43:29,Camila Herrera,camila.herrera.22@obelie.mx,3311283503,Tlajomulco,evento,Plaza Obelie
C-7D29F3110A,2026-09-11 18:43:30,Jorge Castillo,jorge.castillo.11@obelie.mx,3374859609,Tonalá,mayoreo,Centro
C-7345742936,2026-09-11 18:43:30,Hugo Salazar,hugo.salazar.25@obelie.mx,3370917374,Guadalajara,nuevo,Centro
C-34E71DDDD6,2026-09-11 18:43:31,Daniela Pineda,daniela.pineda.36@obelie.mx,3370908856,Tlaquepaque,frecuente,Plaza Obelie
C-7C9C468FA7,2026-09-11 18:43:32,Fernando Diaz,fernando.diaz.23@obelie.mx,3333332196,Tlajomulco,evento,Plaza Obelie
C-6C72A2FC5F,2026-09-11 18:43:32,Sofia Ramirez,sofia.ramirez.92@obelie.mx,3357694992,Guadalajara,mayoreo,Sur
C-CF9A181370,2026-09-11 18:43:33,Mateo Aguilar,mateo.aguilar.46@obelie.mx,3317299150,Tlajomulco,frecuente,Norte
C-BF4F717C21,2026-09-11 18:43:34,Jorge Castillo,jorge.castillo.41@obelie.mx,3380724722,Tonalá,mayoreo,Plaza Obelie
C-40CA18F649,2026-09-11 18:43:35,Elena Vargas,elena.vargas.23@obelie.mx,3398157957,Guadalajara,evento,Plaza Obelie
C-E801C3B420,2026-09-11 18:43:35,Elena Vargas,elena.vargas.45@obelie.mx,3333076058,Zapopan,mayoreo,Norte
C-D8187CC3F0,2026-09-11 18:43:36,Camila Herrera,camila.herrera.61@obelie.mx,3349734673,Guadalajara,nuevo,Plaza Obelie
C-8D104CB92C,2026-09-11 18:43:36,Valeria Ortiz,valeria.ortiz.35@obelie.mx,3392633717,Tlaquepaque,evento,Plaza Obelie
C-9470A5E1B5,2026-09-11 18:43:37,Hugo Salazar,hugo.salazar.92@obelie.mx,3353319044,Tlajomulco,evento,Plaza Obelie
C-C525767198,2026-09-11 18:43:38,Sofia Ramirez,sofia.ramirez.21@obelie.mx,3372801741,Tonalá,mayoreo,Plaza Obelie
C-8019B8C2DA,2026-09-11 18:43:39,Camila Herrera,camila.herrera.63@obelie.mx,3364074891,Guadalajara,mayoreo,Norte
C-77AE3078BF,2026-09-11 18:43:39,Andres Molina,andres.molina.21@obelie.mx,3342775612,Zapopan,evento,Sur
C-5E665A977F,2026-09-11 18:43:40,Andres Molina,andres.molina.85@obelie.mx,3360356848,Zapopan,mayoreo,Centro
C-AD9484ED1D,2026-09-11 18:43:41,Elena Vargas,elena.vargas.39@obelie.mx,3350991533,Tlaquepaque,nuevo,Centro
C-C968182714,2026-09-11 18:43:41,Andres Molina,andres.molina.12@obelie.mx,3332203759,Tlaquepaque,frecuente,Sur
C-A248A2BC50,2026-09-11 18:43:42,Mateo Aguilar,mateo.aguilar.44@obelie.mx,3363651197,Tlaquepaque,evento,Plaza Obelie
C-931D78A3E2,2026-09-11 18:43:42,Hugo Salazar,hugo.salazar.43@obelie.mx,3312527959,Tonalá,frecuente,Plaza Obelie
C-045D369BBD,2026-09-11 18:43:43,Elena Vargas,elena.vargas.74@obelie.mx,3317488173,Tlajomulco,mayoreo,Centro
C-1386F908CE,2026-09-11 18:43:44,Valeria Ortiz,valeria.ortiz.20@obelie.mx,3330244734,Tlajomulco,nuevo,Norte
C-830047A162,2026-09-11 18:43:45,Sofia Ramirez,sofia.ramirez.30@obelie.mx,3380556168,Tlaquepaque,evento,Sur
C-7070FA0A30,2026-09-11 18:43:45,Camila Herrera,camila.herrera.54@obelie.mx,3371125432,Tlaquepaque,frecuente,Centro
C-078F9A157C,2026-09-11 18:43:46,Paola Nunez,paola.nunez.30@obelie.mx,3396469729,Tlajomulco,nuevo,Norte
C-EE0ECE2805,2026-09-11 18:43:46,Ricardo Flores,ricardo.flores.76@obelie.mx,3319802949,Tonalá,frecuente,Sur
C-CFC8A47C3C,2026-09-11 18:43:47,Sofia Ramirez,sofia.ramirez.87@obelie.mx,3330526585,Tlajomulco,nuevo,Plaza Obelie
C-5203A3C435,2026-09-11 18:43:47,Elena Vargas,elena.vargas.97@obelie.mx,3391913612,Tlaquepaque,evento,Sur
C-E85569E144,2026-09-11 18:43:48,Paola Nunez,paola.nunez.54@obelie.mx,3310155862,Guadalajara,mayoreo,Sur
C-92021500EC,2026-09-11 18:43:49,Andres Molina,andres.molina.92@obelie.mx,3358233248,Zapopan,frecuente,Centro
C-C775B243A3,2026-09-11 18:43:49,Elena Vargas,elena.vargas.25@obelie.mx,3356069972,Zapopan,evento,Plaza Obelie
C-82C5FF8E4F,2026-09-11 18:43:50,Valeria Ortiz,valeria.ortiz.48@obelie.mx,3363412669,Tlajomulco,mayoreo,Plaza Obelie
C-304721B772,2026-09-11 18:43:51,Elena Vargas,elena.vargas.35@obelie.mx,3377947634,Zapopan,mayoreo,Centro
C-E1CD03DA39,2026-09-11 18:43:51,Daniela Pineda,daniela.pineda.71@obelie.mx,3355458597,Tlaquepaque,frecuente,Centro
C-A2265763CE,2026-09-11 18:43:52,Hugo Salazar,hugo.salazar.54@obelie.mx,3332653532,Zapopan,frecuente,Plaza Obelie
C-601A745B79,2026-09-11 18:43:53,Daniela Pineda,daniela.pineda.58@obelie.mx,3376746912,Tlaquepaque,frecuente,Centro
C-A158BC977B,2026-09-11 18:43:53,Camila Herrera,camila.herrera.72@obelie.mx,3310851367,Tlajomulco,nuevo,Centro
C-B8ADACF85A,2026-09-11 18:43:54,Andres Molina,andres.molina.58@obelie.mx,3363093890,Tlajomulco,nuevo,Norte
C-488FDEF8F0,2026-09-11 18:43:54,Ricardo Flores,ricardo.flores.19@obelie.mx,3353596228,Zapopan,nuevo,Norte
C-7AACF3FA63,2026-09-11 18:43:55,Elena Vargas,elena.vargas.46@obelie.mx,3313628861,Zapopan,nuevo,Norte
C-DE7C7F9E24,2026-09-11 18:43:55,Ricardo Flores,ricardo.flores.91@obelie.mx,3350357044,Tlaquepaque,mayoreo,Plaza Obelie
C-0281804F07,2026-09-11 18:43:56,Daniela Pineda,daniela.pineda.53@obelie.mx,3320048573,Tlajomulco,nuevo,Plaza Obelie
C-8968BF7A60,2026-09-11 18:43:57,Daniela Pineda,daniela.pineda.65@obelie.mx,3359655390,Tlaquepaque,frecuente,Centro
C-EC0237039F,2026-09-11 18:43:58,Mateo Aguilar,mateo.aguilar.46@obelie.mx,3365998375,Tlajomulco,evento,Sur
C-A2AD691911,2026-09-11 18:43:58,Daniela Pineda,daniela.pineda.10@obelie.mx,3318428275,Zapopan,nuevo,Centro
C-0D493A7031,2026-09-11 18:43:59,Paola Nunez,paola.nunez.26@obelie.mx,3314248089,Guadalajara,nuevo,Plaza Obelie
C-37A1246D99,2026-09-11 18:43:59,Hugo Salazar,hugo.salazar.51@obelie.mx,3329065266,Zapopan,mayoreo,Sur
C-032E02290D,2026-09-11 18:44:00,Mateo Aguilar,mateo.aguilar.38@obelie.mx,3363443477,Tonalá,evento,Norte
C-29CE50366A,2026-09-11 18:44:00,Daniela Pineda,daniela.pineda.14@obelie.mx,3389276334,Tlajomulco,evento,Centro
C-5D5BC4695F,2026-09-11 18:44:01,Fernando Diaz,fernando.diaz.44@obelie.mx,3370942981,Zapopan,evento,Sur
C-1F20E460C7,2026-09-11 18:44:02,Ricardo Flores,ricardo.flores.73@obelie.mx,3350818256,Tlaquepaque,nuevo,Plaza Obelie
C-E345A31F74,2026-09-11 18:44:02,Fernando Diaz,fernando.diaz.71@obelie.mx,3370113488,Tlajomulco,frecuente,Centro
C-7E61C51A49,2026-09-11 18:44:03,Mateo Aguilar,mateo.aguilar.88@obelie.mx,3358699314,Tlajomulco,nuevo,Centro
C-15C19B41EB,2026-09-11 18:44:04,Camila Herrera,camila.herrera.56@obelie.mx,3356313832,Zapopan,mayoreo,Centro
C-43DC0FC58A,2026-09-11 18:44:04,Sofia Ramirez,sofia.ramirez.93@obelie.mx,3365446245,Zapopan,mayoreo,Centro
C-49B83EC02B,2026-09-11 18:44:05,Valeria Ortiz,valeria.ortiz.77@obelie.mx,3344969874,Zapopan,nuevo,Sur
C-8EE6036623,2026-09-11 18:44:06,Mateo Aguilar,mateo.aguilar.31@obelie.mx,3353386145,Tlajomulco,evento,Sur
C-79894A1C5B,2026-09-11 18:44:06,Elena Vargas,elena.vargas.38@obelie.mx,3374251381,Guadalajara,frecuente,Sur
C-C442E96306,2026-09-11 18:44:07,Ricardo Flores,ricardo.flores.29@obelie.mx,3343612957,Zapopan,nuevo,Norte
C-7154B9FE4E,2026-09-11 18:44:08,Valeria Ortiz,valeria.ortiz.25@obelie.mx,3388277035,Zapopan,nuevo,Sur
C-957C7327F9,2026-09-11 18:44:08,Fernando Diaz,fernando.diaz.18@obelie.mx,3338178518,Tlajomulco,nuevo,Norte
C-C2B0A2C2FE,2026-09-11 18:44:09,Mateo Aguilar,mateo.aguilar.41@obelie.mx,3340364721,Tonalá,evento,Norte
C-6B48FB2299,2026-09-11 18:44:10,Ricardo Flores,ricardo.flores.27@obelie.mx,3340705600,Tlajomulco,nuevo,Centro
C-2D77970BD3,2026-09-11 18:44:10,Mateo Aguilar,mateo.aguilar.76@obelie.mx,3330279001,Zapopan,nuevo,Plaza Obelie
C-9A9EA16859,2026-09-11 18:44:11,Ricardo Flores,ricardo.flores.96@obelie.mx,3333951483,Zapopan,mayoreo,Sur
C-B712B875C4,2026-09-11 18:44:12,Sofia Ramirez,sofia.ramirez.80@obelie.mx,3350322625,Tonalá,frecuente,Plaza Obelie
C-0F8614E9B5,2026-09-11 18:44:12,Ricardo Flores,ricardo.flores.74@obelie.mx,3373029083,Tonalá,evento,Centro
C-EEDC396483,2026-09-11 18:44:13,Jorge Castillo,jorge.castillo.59@obelie.mx,3383087688,Tonalá,frecuente,Sur
C-F89D743C99,2026-09-11 18:44:14,Camila Herrera,camila.herrera.96@obelie.mx,3344443980,Zapopan,mayoreo,Norte
C-6F3EB7BB27,2026-09-11 18:44:14,Valeria Ortiz,valeria.ortiz.51@obelie.mx,3363861620,Zapopan,evento,Centro
C-DDEB84161D,2026-09-11 18:44:15,Jorge Castillo,jorge.castillo.91@obelie.mx,3393841265,Tlajomulco,nuevo,Centro
C-A66427381A,2026-09-11 18:44:16,Mateo Aguilar,mateo.aguilar.86@obelie.mx,3394542190,Tlajomulco,nuevo,Norte
C-CBEFBCF372,2026-09-11 18:44:17,Mateo Aguilar,mateo.aguilar.93@obelie.mx,3378719422,Zapopan,frecuente,Centro
C-91D6AF33CC,2026-09-11 18:44:17,Fernando Diaz,fernando.diaz.74@obelie.mx,3344419144,Tlaquepaque,frecuente,Plaza Obelie
C-66A1760C77,2026-09-11 18:44:18,Valeria Ortiz,valeria.ortiz.72@obelie.mx,3326745754,Zapopan,mayoreo,Plaza Obelie
C-C8F30876A8,2026-09-11 18:44:18,Camila Herrera,camila.herrera.33@obelie.mx,3385268677,Guadalajara,evento,Norte
C-0D53334B92,2026-09-11 18:44:19,Hugo Salazar,hugo.salazar.22@obelie.mx,3343072003,Zapopan,evento,Centro
C-DD161943C8,2026-09-11 18:44:20,Hugo Salazar,hugo.salazar.59@obelie.mx,3326587857,Tonalá,nuevo,Centro
C-B4AE5B4392,2026-09-11 18:44:20,Camila Herrera,camila.herrera.27@obelie.mx,3387803403,Tlajomulco,evento,Sur
C-9342AE29F7,2026-09-11 18:44:21,Jorge Castillo,jorge.castillo.57@obelie.mx,3327049536,Zapopan,evento,Centro
C-DEE1DEEEA9,2026-09-11 18:44:21,Fernando Diaz,fernando.diaz.75@obelie.mx,3373285050,Tonalá,mayoreo,Sur
C-F97828B64F,2026-09-11 18:44:22,Paola Nunez,paola.nunez.46@obelie.mx,3311614644,Tonalá,frecuente,Sur
C-7C7ABFD43A,2026-09-11 18:44:23,Mateo Aguilar,mateo.aguilar.19@obelie.mx,3362751248,Guadalajara,evento,Centro
C-29C4D8EFE6,2026-09-11 18:44:24,Ricardo Flores,ricardo.flores.81@obelie.mx,3350393083,Guadalajara,evento,Norte
C-C6963ABC03,2026-09-11 18:44:25,Jorge Castillo,jorge.castillo.79@obelie.mx,3313987626,Guadalajara,nuevo,Plaza Obelie
C-2E8E1D7828,2026-09-11 18:44:25,Andres Molina,andres.molina.40@obelie.mx,3313986186,Tonalá,mayoreo,Centro
C-D4E86B6B05,2026-09-11 18:44:26,Mateo Aguilar,mateo.aguilar.79@obelie.mx,3313154253,Guadalajara,evento,Sur
C-B93D59D68C,2026-09-11 18:44:27,Valeria Ortiz,valeria.ortiz.55@obelie.mx,3387616371,Zapopan,evento,Plaza Obelie
C-4FBEE778E2,2026-09-11 18:44:28,Andres Molina,andres.molina.81@obelie.mx,3327114774,Tlaquepaque,nuevo,Centro
C-CB83B797D9,2026-09-11 18:44:29,Elena Vargas,elena.vargas.22@obelie.mx,3349879251,Tonalá,nuevo,Norte
C-B510FE17FA,2026-09-11 18:44:30,Valeria Ortiz,valeria.ortiz.10@obelie.mx,3393546899,Guadalajara,frecuente,Norte
C-B8FF8B8A4F,2026-09-11 18:44:30,Andres Molina,andres.molina.91@obelie.mx,3364812947,Zapopan,frecuente,Sur
C-6B524B1579,2026-09-11 18:44:31,Hugo Salazar,hugo.salazar.22@obelie.mx,3332103282,Tlajomulco,frecuente,Norte
C-73729686EE,2026-09-11 18:44:31,Fernando Diaz,fernando.diaz.63@obelie.mx,3393217444,Tonalá,nuevo,Plaza Obelie
C-CE5D0A1DA5,2026-09-11 18:44:32,Ricardo Flores,ricardo.flores.62@obelie.mx,3380657703,Tlaquepaque,evento,Centro
C-E4D8987C4C,2026-09-11 18:44:32,Camila Herrera,camila.herrera.64@obelie.mx,3327699559,Tonalá,evento,Plaza Obelie
C-7714D3974F,2026-09-11 18:44:33,Fernando Diaz,fernando.diaz.38@obelie.mx,3366677393,Guadalajara,mayoreo,Centro
C-BB305E0D5C,2026-09-11 18:44:34,Paola Nunez,paola.nunez.43@obelie.mx,3314046485,Tonalá,mayoreo,Centro
C-F65F34B5C1,2026-09-11 18:44:35,Daniela Pineda,daniela.pineda.95@obelie.mx,3359725790,Tlaquepaque,frecuente,Norte
C-F2DE93257B,2026-09-11 18:44:36,Camila Herrera,camila.herrera.38@obelie.mx,3330964860,Zapopan,evento,Plaza Obelie
C-CE898352C8,2026-09-11 18:44:36,Sofia Ramirez,sofia.ramirez.97@obelie.mx,3334037274,Zapopan,evento,Sur
C-537C76F48D,2026-09-11 18:44:37,Andres Molina,andres.molina.44@obelie.mx,3378139578,Tlajomulco,mayoreo,Sur
C-2FCBA4DBDD,2026-09-11 18:44:38,Hugo Salazar,hugo.salazar.27@obelie.mx,3336035686,Guadalajara,frecuente,Plaza Obelie
C-CD2BBAFCE4,2026-09-11 18:44:38,Andres Molina,andres.molina.11@obelie.mx,3352339305,Tlaquepaque,evento,Sur
C-B11F28595A,2026-09-11 18:44:39,Fernando Diaz,fernando.diaz.12@obelie.mx,3340101268,Tonalá,frecuente,Norte
C-97EAF4157F,2026-09-11 18:44:40,Mateo Aguilar,mateo.aguilar.96@obelie.mx,3337352033,Zapopan,frecuente,Plaza Obelie
C-9DFFA53274,2026-09-11 18:44:40,Andres Molina,andres.molina.21@obelie.mx,3344662377,Tlajomulco,nuevo,Plaza Obelie
C-98EC31647B,2026-09-11 18:44:41,Elena Vargas,elena.vargas.22@obelie.mx,3344403514,Tlaquepaque,frecuente,Norte
C-3E0FFD86E6,2026-09-11 18:44:41,Sofia Ramirez,sofia.ramirez.47@obelie.mx,3373527763,Tlaquepaque,evento,Norte
C-FCE3C7B2F0,2026-09-11 18:44:42,Elena Vargas,elena.vargas.98@obelie.mx,3328622326,Tlaquepaque,evento,Norte
C-D93FF50FC4,2026-09-11 18:44:42,Elena Vargas,elena.vargas.12@obelie.mx,3384885392,Guadalajara,frecuente,Plaza Obelie
C-CC38587537,2026-09-11 18:44:43,Ricardo Flores,ricardo.flores.10@obelie.mx,3345689260,Guadalajara,mayoreo,Sur
C-4D62633482,2026-09-11 18:44:44,Paola Nunez,paola.nunez.39@obelie.mx,3388123567,Guadalajara,nuevo,Plaza Obelie
C-9E60768601,2026-09-11 18:44:45,Sofia Ramirez,sofia.ramirez.76@obelie.mx,3364828828,Zapopan,evento,Centro
C-1E160B85B6,2026-09-11 18:44:45,Jorge Castillo,jorge.castillo.71@obelie.mx,3353782645,Guadalajara,evento,Plaza Obelie
C-7543F5D86C,2026-09-11 18:44:46,Valeria Ortiz,valeria.ortiz.13@obelie.mx,3375097952,Zapopan,evento,Sur
C-90DE024D71,2026-09-11 18:44:47,Sofia Ramirez,sofia.ramirez.34@obelie.mx,3354839255,Tonalá,evento,Centro
C-5C8903756C,2026-09-11 18:44:48,Hugo Salazar,hugo.salazar.12@obelie.mx,3376164843,Zapopan,frecuente,Norte
C-57A9CB926B,2026-09-11 18:44:48,Andres Molina,andres.molina.14@obelie.mx,3384823891,Tlaquepaque,evento,Plaza Obelie
C-BECC9AE450,2026-09-11 18:44:49,Daniela Pineda,daniela.pineda.31@obelie.mx,3345796303,Tlaquepaque,frecuente,Centro
C-DA30D6FC23,2026-09-11 18:44:49,Valeria Ortiz,valeria.ortiz.42@obelie.mx,3339729659,Tonalá,frecuente,Norte
C-6B98E7D48E,2026-09-11 18:44:50,Fernando Diaz,fernando.diaz.11@obelie.mx,3357477046,Tlajomulco,frecuente,Centro
C-6059C807C7,2026-09-11 18:44:50,Ricardo Flores,ricardo.flores.30@obelie.mx,3318812760,Tonalá,mayoreo,Sur
C-3769DB8A07,2026-09-11 18:44:51,Valeria Ortiz,valeria.ortiz.90@obelie.mx,3379137454,Guadalajara,mayoreo,Sur
C-E035C03EA8,2026-09-11 18:44:52,Andres Molina,andres.molina.18@obelie.mx,3310606504,Guadalajara,frecuente,Sur
C-FA8E960489,2026-09-11 18:44:52,Daniela Pineda,daniela.pineda.31@obelie.mx,3328002554,Zapopan,mayoreo,Plaza Obelie
C-EB7D1A6941,2026-09-11 18:44:53,Camila Herrera,camila.herrera.14@obelie.mx,3343088583,Zapopan,frecuente,Centro
C-5C74F974C1,2026-09-11 18:44:54,Paola Nunez,paola.nunez.56@obelie.mx,3352432059,Guadalajara,frecuente,Centro
C-A692A4D4EC,2026-09-11 18:44:54,Fernando Diaz,fernando.diaz.54@obelie.mx,3351522065,Tlajomulco,evento,Norte
C-CE62994C47,2026-09-11 18:44:55,Jorge Castillo,jorge.castillo.38@obelie.mx,3354344835,Tlaquepaque,frecuente,Plaza Obelie
C-745F3B7E72,2026-09-11 18:44:56,Hugo Salazar,hugo.salazar.38@obelie.mx,3393296510,Tonalá,mayoreo,Plaza Obelie
C-D7D1231629,2026-09-11 18:44:56,Camila Herrera,camila.herrera.47@obelie.mx,3319139580,Guadalajara,mayoreo,Norte
C-3D2256284E,2026-09-11 18:44:57,Andres Molina,andres.molina.63@obelie.mx,3322714211,Zapopan,frecuente,Plaza Obelie
C-E6396055AC,2026-09-11 18:44:58,Jorge Castillo,jorge.castillo.38@obelie.mx,3317112584,Tlajomulco,frecuente,Norte
C-8A06C60E52,2026-09-11 18:44:59,Daniela Pineda,daniela.pineda.74@obelie.mx,3367562012,Tonalá,nuevo,Centro
C-25C2991187,2026-09-11 18:44:59,Ricardo Flores,ricardo.flores.62@obelie.mx,3316825096,Guadalajara,nuevo,Plaza Obelie
C-15300B0652,2026-09-11 18:45:00,Jorge Castillo,jorge.castillo.24@obelie.mx,3374014044,Tlajomulco,mayoreo,Plaza Obelie
C-D4C10A6419,2026-09-11 18:45:01,Fernando Diaz,fernando.diaz.97@obelie.mx,3322261806,Zapopan,evento,Norte
C-8E13755DAA,2026-09-11 18:45:01,Paola Nunez,paola.nunez.76@obelie.mx,3337075902,Tlajomulco,evento,Plaza Obelie
C-D72ED91A1F,2026-09-11 18:45:02,Sofia Ramirez,sofia.ramirez.95@obelie.mx,3325306799,Zapopan,mayoreo,Centro
C-32C7C229AB,2026-09-11 18:45:02,Paola Nunez,paola.nunez.27@obelie.mx,3392739886,Tlaquepaque,nuevo,Centro
C-59FCE38467,2026-09-11 18:45:03,Sofia Ramirez,sofia.ramirez.23@obelie.mx,3310958479,Zapopan,mayoreo,Sur
C-F33BB3FAEB,2026-09-11 18:45:04,Fernando Diaz,fernando.diaz.18@obelie.mx,3355508725,Tonalá,frecuente,Sur
C-BBCAC020A1,2026-09-11 18:45:04,Fernando Diaz,fernando.diaz.69@obelie.mx,3386007281,Guadalajara,nuevo,Sur
C-667E11BCE6,2026-09-11 18:45:05,Fernando Diaz,fernando.diaz.67@obelie.mx,3334526678,Tlaquepaque,mayoreo,Centro
C-0D6DE7BE50,2026-09-11 18:45:06,Camila Herrera,camila.herrera.94@obelie.mx,3380686817,Tlajomulco,nuevo,Plaza Obelie
C-2F9D0F07F3,2026-09-11 18:45:06,Daniela Pineda,daniela.pineda.30@obelie.mx,3347296616,Zapopan,nuevo,Norte
C-27494F93DB,2026-09-11 18:45:07,Elena Vargas,elena.vargas.33@obelie.mx,3348717442,Tonalá,mayoreo,Sur
C-C24BEC3F40,2026-09-11 18:45:08,Valeria Ortiz,valeria.ortiz.81@obelie.mx,3337489998,Tonalá,mayoreo,Centro
C-F68B52C8F9,2026-09-11 18:45:08,Camila Herrera,camila.herrera.80@obelie.mx,3351479657,Tlajomulco,mayoreo,Norte
C-47591A841E,2026-09-11 18:45:09,Andres Molina,andres.molina.71@obelie.mx,3313423119,Tlaquepaque,frecuente,Norte
C-98013711FA,2026-09-11 18:45:10,Paola Nunez,paola.nunez.93@obelie.mx,3347959504,Tlaquepaque,nuevo,Norte
C-1F32619437,2026-09-11 18:45:10,Elena Vargas,elena.vargas.90@obelie.mx,3341791731,Tlajomulco,nuevo,Norte
C-63C3143D99,2026-09-11 18:45:11,Hugo Salazar,hugo.salazar.62@obelie.mx,3393604842,Zapopan,frecuente,Plaza Obelie
C-C39299FF90,2026-09-11 18:45:12,Ricardo Flores,ricardo.flores.22@obelie.mx,3376458237,Zapopan,nuevo,Sur
C-27110043C5,2026-09-11 18:45:12,Andres Molina,andres.molina.35@obelie.mx,3335306954,Tonalá,evento,Plaza Obelie
C-CF029053BB,2026-09-11 18:45:13,Hugo Salazar,hugo.salazar.80@obelie.mx,3382582190,Zapopan,frecuente,Plaza Obelie
C-1EBB97ACD5,2026-09-11 18:45:14,Camila Herrera,camila.herrera.75@obelie.mx,3379003140,Tlaquepaque,evento,Norte
C-AB4F7EAF83,2026-09-11 18:45:14,Hugo Salazar,hugo.salazar.52@obelie.mx,3331906466,Guadalajara,frecuente,Norte
C-6957E7C046,2026-09-11 18:45:15,Jorge Castillo,jorge.castillo.97@obelie.mx,3363695499,Tonalá,mayoreo,Plaza Obelie
C-86F2602683,2026-09-11 18:45:16,Fernando Diaz,fernando.diaz.46@obelie.mx,3331989941,Zapopan,evento,Centro
C-09302A58A8,2026-09-11 18:45:16,Fernando Diaz,fernando.diaz.66@obelie.mx,3351668928,Zapopan,frecuente,Plaza Obelie
C-43C3857B04,2026-09-11 18:45:17,Paola Nunez,paola.nunez.72@obelie.mx,3347246596,Tlaquepaque,mayoreo,Plaza Obelie
C-371A08FCCB,2026-09-11 18:45:17,Hugo Salazar,hugo.salazar.53@obelie.mx,3385708835,Tlajomulco,nuevo,Plaza Obelie
C-93324DF6F9,2026-09-11 18:45:18,Andres Molina,andres.molina.81@obelie.mx,3383071395,Tlajomulco,frecuente,Centro
C-CDEC9524C8,2026-09-11 18:45:19,Fernando Diaz,fernando.diaz.99@obelie.mx,3385667894,Tlaquepaque,mayoreo,Norte
C-A59882D2A1,2026-09-11 18:45:20,Elena Vargas,elena.vargas.48@obelie.mx,3353218180,Tlajomulco,evento,Norte
C-DAF6A70344,2026-09-11 18:45:21,Andres Molina,andres.molina.50@obelie.mx,3366436065,Tlajomulco,nuevo,Norte
C-C663646CB3,2026-09-11 18:45:21,Valeria Ortiz,valeria.ortiz.50@obelie.mx,3372804854,Tlajomulco,mayoreo,Sur
C-0808F9A7A8,2026-09-11 18:45:22,Andres Molina,andres.molina.44@obelie.mx,3384196251,Tlajomulco,nuevo,Plaza Obelie
C-B9CF67EC3B,2026-09-11 18:45:22,Andres Molina,andres.molina.29@obelie.mx,3369685334,Tonalá,mayoreo,Plaza Obelie
C-26657CD402,2026-09-11 18:45:23,Mateo Aguilar,mateo.aguilar.25@obelie.mx,3332152256,Tlajomulco,evento,Norte
C-B40C9B8876,2026-09-11 18:45:23,Andres Molina,andres.molina.84@obelie.mx,3366882220,Tlajomulco,mayoreo,Plaza Obelie
C-D9ECEA4D14,2026-09-11 18:45:24,Fernando Diaz,fernando.diaz.34@obelie.mx,3311531272,Guadalajara,nuevo,Norte
C-DFBB06F656,2026-09-11 18:45:25,Sofia Ramirez,sofia.ramirez.41@obelie.mx,3351079753,Zapopan,nuevo,Sur
C-015CBE67D4,2026-09-11 18:45:25,Paola Nunez,paola.nunez.54@obelie.mx,3324104494,Tonalá,evento,Norte
C-14015F28F1,2026-09-11 18:45:26,Paola Nunez,paola.nunez.72@obelie.mx,3399738966,Guadalajara,mayoreo,Plaza Obelie
C-E9F67B00AA,2026-09-11 18:45:27,Camila Herrera,camila.herrera.88@obelie.mx,3366644345,Tlajomulco,nuevo,Sur
C-E005804E59,2026-09-11 18:45:28,Jorge Castillo,jorge.castillo.70@obelie.mx,3354642891,Tonalá,nuevo,Norte
C-B9D0691B18,2026-09-11 18:45:29,Daniela Pineda,daniela.pineda.79@obelie.mx,3336507170,Tlajomulco,evento,Sur
C-951E2C2E1F,2026-09-11 18:45:29,Valeria Ortiz,valeria.ortiz.51@obelie.mx,3366871212,Tlaquepaque,frecuente,Plaza Obelie
C-9562E5DB95,2026-09-11 18:45:30,Elena Vargas,elena.vargas.12@obelie.mx,3362792360,Tlaquepaque,evento,Plaza Obelie
C-CDF12B1DD6,2026-09-11 18:45:31,Fernando Diaz,fernando.diaz.20@obelie.mx,3350535945,Tonalá,frecuente,Centro
C-9A80654CA1,2026-09-11 18:45:31,Jorge Castillo,jorge.castillo.97@obelie.mx,3335958372,Guadalajara,frecuente,Norte
C-FA60EF5231,2026-09-11 18:45:32,Paola Nunez,paola.nunez.69@obelie.mx,3391751844,Tlaquepaque,nuevo,Norte
C-88989ED22E,2026-09-11 18:45:33,Daniela Pineda,daniela.pineda.98@obelie.mx,3368976688,Tlajomulco,mayoreo,Norte
C-057B0563BB,2026-09-11 18:45:33,Daniela Pineda,daniela.pineda.91@obelie.mx,3320072065,Tlajomulco,nuevo,Centro
C-C29AE18B9E,2026-09-11 18:45:34,Valeria Ortiz,valeria.ortiz.59@obelie.mx,3345423659,Zapopan,evento,Sur
C-917002798A,2026-09-11 18:45:35,Ricardo Flores,ricardo.flores.72@obelie.mx,3320936242,Tlajomulco,mayoreo,Sur
C-3EA8339C64,2026-09-11 18:45:35,Fernando Diaz,fernando.diaz.37@obelie.mx,3312504948,Guadalajara,nuevo,Sur
C-78DACB529E,2026-09-11 18:45:36,Fernando Diaz,fernando.diaz.41@obelie.mx,3368424453,Zapopan,mayoreo,Sur
C-CF756292A8,2026-09-11 18:45:37,Hugo Salazar,hugo.salazar.80@obelie.mx,3361205464,Tonalá,mayoreo,Norte
C-4AAA48C537,2026-09-11 18:45:37,Paola Nunez,paola.nunez.53@obelie.mx,3340444340,Tlaquepaque,frecuente,Plaza Obelie
C-A830402F43,2026-09-11 18:45:38,Daniela Pineda,daniela.pineda.74@obelie.mx,3360604087,Tonalá,frecuente,Centro
C-0F9762E427,2026-09-11 18:45:39,Fernando Diaz,fernando.diaz.67@obelie.mx,3365831847,Tlajomulco,nuevo,Centro
C-CAEE207CEF,2026-09-11 18:45:39,Andres Molina,andres.molina.16@obelie.mx,3394956285,Tlajomulco,frecuente,Norte
C-7B221AE5A4,2026-09-11 18:45:40,Ricardo Flores,ricardo.flores.87@obelie.mx,3341361912,Tlaquepaque,mayoreo,Sur
C-3EF1B574AC,2026-09-11 18:45:41,Ricardo Flores,ricardo.flores.97@obelie.mx,3324636559,Tonalá,nuevo,Norte
C-1670DADDF7,2026-09-11 18:45:41,Ricardo Flores,ricardo.flores.68@obelie.mx,3387758420,Tlajomulco,evento,Sur
C-6FBA9E66F9,2026-09-11 18:45:42,Hugo Salazar,hugo.salazar.58@obelie.mx,3367845133,Zapopan,nuevo,Sur
C-59B865CFE5,2026-09-11 18:45:42,Daniela Pineda,daniela.pineda.94@obelie.mx,3353683469,Tonalá,mayoreo,Sur
C-EC7CF18E9F,2026-09-11 18:45:43,Jorge Castillo,jorge.castillo.37@obelie.mx,3335317883,Tonalá,mayoreo,Centro
C-BDE834381A,2026-09-11 18:45:44,Camila Herrera,camila.herrera.59@obelie.mx,3352194518,Guadalajara,mayoreo,Plaza Obelie
C-E4BB5B7DC9,2026-09-11 18:45:44,Jorge Castillo,jorge.castillo.54@obelie.mx,3386343773,Guadalajara,mayoreo,Sur
C-4D6935F161,2026-09-11 18:45:45,Hugo Salazar,hugo.salazar.68@obelie.mx,3326778557,Tlaquepaque,frecuente,Plaza Obelie
C-AF1DE55AA8,2026-09-11 18:45:45,Andres Molina,andres.molina.86@obelie.mx,3345583182,Zapopan,mayoreo,Sur
C-6AFFA7FCAA,2026-09-11 18:45:46,Valeria Ortiz,valeria.ortiz.51@obelie.mx,3391941673,Guadalajara,evento,Sur
C-E03753FC25,2026-09-11 18:45:46,Daniela Pineda,daniela.pineda.83@obelie.mx,3360673819,Guadalajara,nuevo,Plaza Obelie
C-FD49FA1083,2026-09-11 18:45:47,Daniela Pineda,daniela.pineda.80@obelie.mx,3341486238,Zapopan,mayoreo,Sur
C-963DD7DA00,2026-09-11 18:45:47,Camila Herrera,camila.herrera.81@obelie.mx,3319332109,Tlajomulco,mayoreo,Centro
C-B6236B5522,2026-09-11 18:45:48,Jorge Castillo,jorge.castillo.81@obelie.mx,3332219044,Zapopan,mayoreo,Centro
C-CC9A4A219F,2026-09-11 18:45:48,Fernando Diaz,fernando.diaz.22@obelie.mx,3324607079,Zapopan,nuevo,Plaza Obelie
C-EC5782AA48,2026-09-11 18:45:49,Valeria Ortiz,valeria.ortiz.13@obelie.mx,3311475778,Tonalá,nuevo,Sur
C-DCE6AE1532,2026-09-11 18:45:50,Camila Herrera,camila.herrera.97@obelie.mx,3349529541,Tlajomulco,frecuente,Norte
C-C37F6C1AD5,2026-09-11 18:45:51,Fernando Diaz,fernando.diaz.15@obelie.mx,3379017469,Guadalajara,mayoreo,Norte
C-68C764554C,2026-09-11 18:45:51,Paola Nunez,paola.nunez.80@obelie.mx,3357612513,Zapopan,mayoreo,Sur
C-ED9664F8A1,2026-09-11 18:45:52,Hugo Salazar,hugo.salazar.45@obelie.mx,3311238217,Tonalá,frecuente,Plaza Obelie
C-6109E76602,2026-09-11 18:45:53,Hugo Salazar,hugo.salazar.19@obelie.mx,3369337353,Tlaquepaque,evento,Sur
C-D1681DA406,2026-09-11 18:45:54,Jorge Castillo,jorge.castillo.14@obelie.mx,3331714493,Guadalajara,evento,Sur
C-6D8AD0950C,2026-09-11 18:45:54,Daniela Pineda,daniela.pineda.62@obelie.mx,3345975575,Tlajomulco,frecuente,Plaza Obelie
C-71A9B599EB,2026-09-11 18:45:55,Andres Molina,andres.molina.12@obelie.mx,3381275981,Tonalá,frecuente,Sur
C-BC1DBF3771,2026-09-11 18:45:56,Hugo Salazar,hugo.salazar.97@obelie.mx,3376473618,Zapopan,nuevo,Plaza Obelie
C-17A5E8B60C,2026-09-11 18:45:56,Paola Nunez,paola.nunez.16@obelie.mx,3319722029,Tlajomulco,evento,Plaza Obelie
C-CC5F9070AE,2026-09-11 18:45:57,Mateo Aguilar,mateo.aguilar.96@obelie.mx,3324254459,Tlajomulco,evento,Centro
C-D818C76C3B,2026-09-11 18:45:58,Elena Vargas,elena.vargas.61@obelie.mx,3320814909,Zapopan,frecuente,Norte
C-29705B2117,2026-09-11 18:45:59,Fernando Diaz,fernando.diaz.84@obelie.mx,3359734422,Zapopan,mayoreo,Centro
C-1FBEA39DC3,2026-09-11 18:46:00,Andres Molina,andres.molina.68@obelie.mx,3386552754,Zapopan,nuevo,Plaza Obelie
C-504839F00E,2026-09-11 18:46:00,Paola Nunez,paola.nunez.28@obelie.mx,3335365379,Tlajomulco,frecuente,Sur
C-E35BADD7D1,2026-09-11 18:46:01,Mateo Aguilar,mateo.aguilar.43@obelie.mx,3353492668,Tlajomulco,mayoreo,Norte
C-FB297DB14A,2026-09-11 18:46:02,Mateo Aguilar,mateo.aguilar.75@obelie.mx,3358207895,Tlaquepaque,evento,Sur
C-49C54A7785,2026-09-11 18:46:03,Sofia Ramirez,sofia.ramirez.30@obelie.mx,3382391755,Guadalajara,mayoreo,Sur
C-A50BC3E704,2026-09-11 18:46:03,Camila Herrera,camila.herrera.84@obelie.mx,3333735970,Tlaquepaque,mayoreo,Norte
C-A507201BBD,2026-09-11 18:46:04,Daniela Pineda,daniela.pineda.41@obelie.mx,3386952061,Tonalá,mayoreo,Norte
C-8D244DFFE4,2026-09-11 18:46:05,Daniela Pineda,daniela.pineda.44@obelie.mx,3392442183,Tonalá,mayoreo,Centro
C-ABFFB37600,2026-09-11 18:46:06,Camila Herrera,camila.herrera.24@obelie.mx,3370222676,Tlajomulco,evento,Plaza Obelie
C-4A4CFC395B,2026-09-11 18:46:06,Paola Nunez,paola.nunez.53@obelie.mx,3391685372,Tonalá,mayoreo,Plaza Obelie
C-E3D0571BC2,2026-09-11 18:46:07,Jorge Castillo,jorge.castillo.75@obelie.mx,3389439539,Guadalajara,frecuente,Centro
C-21C47A77D1,2026-09-11 18:46:07,Mateo Aguilar,mateo.aguilar.55@obelie.mx,3335577073,Zapopan,frecuente,Sur
C-84F786247E,2026-09-11 18:46:08,Camila Herrera,camila.herrera.68@obelie.mx,3345303596,Tonalá,frecuente,Sur
C-A70550A96F,2026-09-11 18:46:08,Elena Vargas,elena.vargas.67@obelie.mx,3356438898,Zapopan,evento,Centro
C-B8D86511AE,2026-09-11 18:46:09,Jorge Castillo,jorge.castillo.79@obelie.mx,3382745931,Zapopan,mayoreo,Centro
C-C49B449CCA,2026-09-11 18:46:09,Jorge Castillo,jorge.castillo.85@obelie.mx,3360204040,Tonalá,evento,Plaza Obelie
C-5A913E2375,2026-09-11 18:46:10,Sofia Ramirez,sofia.ramirez.91@obelie.mx,3341922833,Guadalajara,nuevo,Sur
C-C9E7DF0239,2026-09-11 18:46:10,Andres Molina,andres.molina.93@obelie.mx,3323579214,Tlajomulco,evento,Sur
C-6B50FEA270,2026-09-11 18:46:11,Camila Herrera,camila.herrera.61@obelie.mx,3314033617,Tonalá,mayoreo,Sur
C-0A217DD83F,2026-09-11 18:46:12,Valeria Ortiz,valeria.ortiz.59@obelie.mx,3342252593,Tlaquepaque,mayoreo,Norte
C-A5C7A48D23,2026-09-11 18:46:12,Paola Nunez,paola.nunez.77@obelie.mx,3314542800,Guadalajara,frecuente,Plaza Obelie
C-B9A3788C2D,2026-09-11 18:46:13,Jorge Castillo,jorge.castillo.51@obelie.mx,3396523060,Tlaquepaque,mayoreo,Plaza Obelie
C-00B9C17E8A,2026-09-11 18:46:14,Daniela Pineda,daniela.pineda.87@obelie.mx,3386038374,Tlaquepaque,evento,Sur
C-F3E42F626C,2026-09-11 18:46:14,Daniela Pineda,daniela.pineda.45@obelie.mx,3380697962,Guadalajara,nuevo,Plaza Obelie
C-3883E29614,2026-09-11 18:46:15,Elena Vargas,elena.vargas.23@obelie.mx,3317136950,Guadalajara,mayoreo,Centro
C-3A4D8F0876,2026-09-11 18:46:16,Daniela Pineda,daniela.pineda.65@obelie.mx,3367084368,Tlajomulco,evento,Sur
C-19F0A68F4B,2026-09-11 18:46:16,Jorge Castillo,jorge.castillo.39@obelie.mx,3346305216,Tlajomulco,mayoreo,Centro
C-ACC5888572,2026-09-11 18:46:17,Sofia Ramirez,sofia.ramirez.70@obelie.mx,3366456093,Zapopan,evento,Centro
C-CC9CDA6157,2026-09-11 18:46:18,Ricardo Flores,ricardo.flores.22@obelie.mx,3317734717,Tlajomulco,evento,Norte
C-066A8D7E50,2026-09-11 18:46:19,Elena Vargas,elena.vargas.55@obelie.mx,3352675295,Zapopan,mayoreo,Centro
C-F8808033B0,2026-09-11 18:46:19,Valeria Ortiz,valeria.ortiz.76@obelie.mx,3345807555,Tonalá,mayoreo,Plaza Obelie
C-FA831509EF,2026-09-11 18:46:20,Mateo Aguilar,mateo.aguilar.63@obelie.mx,3366666340,Tonalá,nuevo,Sur
C-C27FC71B9E,2026-09-11 18:46:21,Camila Herrera,camila.herrera.73@obelie.mx,3355342081,Tlaquepaque,mayoreo,Centro
C-8D446594BE,2026-09-11 18:46:21,Mateo Aguilar,mateo.aguilar.99@obelie.mx,3357935029,Guadalajara,nuevo,Norte
C-C5535E9D98,2026-09-11 18:46:22,Camila Herrera,camila.herrera.61@obelie.mx,3361683212,Zapopan,frecuente,Plaza Obelie
C-23A604F19E,2026-09-11 18:46:23,Valeria Ortiz,valeria.ortiz.26@obelie.mx,3360505523,Tonalá,evento,Norte
C-E3BEF66E1D,2026-09-11 18:46:24,Valeria Ortiz,valeria.ortiz.49@obelie.mx,3377604656,Tlajomulco,nuevo,Plaza Obelie
C-4071F36F15,2026-09-11 18:46:24,Hugo Salazar,hugo.salazar.58@obelie.mx,3387762028,Tonalá,frecuente,Sur
C-46F77C0422,2026-09-11 18:46:25,Andres Molina,andres.molina.59@obelie.mx,3336402824,Guadalajara,nuevo,Plaza Obelie
C-A109A4D1B0,2026-09-11 18:46:25,Daniela Pineda,daniela.pineda.80@obelie.mx,3347493280,Tonalá,frecuente,Norte
C-652618E9AE,2026-09-11 18:46:26,Mateo Aguilar,mateo.aguilar.27@obelie.mx,3324204157,Tlajomulco,evento,Plaza Obelie
C-194A7EC4C7,2026-09-11 18:46:26,Daniela Pineda,daniela.pineda.96@obelie.mx,3376461478,Tonalá,nuevo,Sur
C-DF82D5D435,2026-09-11 18:46:27,Andres Molina,andres.molina.12@obelie.mx,3377899061,Guadalajara,frecuente,Centro
C-D32D88D512,2026-09-11 18:46:28,Jorge Castillo,jorge.castillo.80@obelie.mx,3393851435,Tonalá,nuevo,Norte
C-907433134D,2026-09-11 18:46:29,Paola Nunez,paola.nunez.29@obelie.mx,3377551346,Guadalajara,mayoreo,Plaza Obelie
C-084FB5614E,2026-09-11 18:46:30,Paola Nunez,paola.nunez.82@obelie.mx,3392406206,Zapopan,nuevo,Sur
C-DA2283355F,2026-09-11 18:46:30,Elena Vargas,elena.vargas.97@obelie.mx,3351945240,Zapopan,evento,Centro
C-9BE51BB4E7,2026-09-11 18:46:31,Elena Vargas,elena.vargas.94@obelie.mx,3368391594,Tonalá,nuevo,Centro
C-696B4DFB46,2026-09-11 18:46:31,Jorge Castillo,jorge.castillo.46@obelie.mx,3311238840,Tlajomulco,nuevo,Plaza Obelie
C-90C512E080,2026-09-11 18:46:32,Ricardo Flores,ricardo.flores.75@obelie.mx,3336292096,Tonalá,frecuente,Centro
C-0014B4FE09,2026-09-11 18:46:33,Fernando Diaz,fernando.diaz.11@obelie.mx,3330249388,Zapopan,evento,Centro
C-18028B01F9,2026-09-11 18:46:33,Fernando Diaz,fernando.diaz.78@obelie.mx,3326663107,Guadalajara,mayoreo,Centro
C-F6D9EEE7D8,2026-09-11 18:46:34,Camila Herrera,camila.herrera.17@obelie.mx,3384349443,Zapopan,frecuente,Norte
C-940F911DBE,2026-09-11 18:46:35,Paola Nunez,paola.nunez.54@obelie.mx,3358936981,Tlajomulco,evento,Plaza Obelie
C-DEA0C97E1C,2026-09-11 18:46:35,Paola Nunez,paola.nunez.24@obelie.mx,3388802931,Guadalajara,nuevo,Centro
C-64470D3A89,2026-09-11 18:46:36,Jorge Castillo,jorge.castillo.75@obelie.mx,3311562159,Guadalajara,evento,Sur
C-62CCA3C153,2026-09-11 18:46:37,Elena Vargas,elena.vargas.33@obelie.mx,3376045835,Guadalajara,mayoreo,Centro
C-C2671B3CB0,2026-09-11 18:46:37,Daniela Pineda,daniela.pineda.68@obelie.mx,3339193671,Tlaquepaque,nuevo,Sur
C-4B11CA04BA,2026-09-11 18:46:38,Elena Vargas,elena.vargas.83@obelie.mx,3386672722,Tlaquepaque,frecuente,Norte
C-816AA733CC,2026-09-11 18:46:38,Hugo Salazar,hugo.salazar.94@obelie.mx,3360856893,Guadalajara,mayoreo,Plaza Obelie
C-645FDB1DC3,2026-09-11 18:46:39,Elena Vargas,elena.vargas.59@obelie.mx,3371895995,Tlaquepaque,frecuente,Sur
C-67DFFB8A55,2026-09-11 18:46:40,Camila Herrera,camila.herrera.23@obelie.mx,3384314025,Tlaquepaque,frecuente,Plaza Obelie
C-1EDD629598,2026-09-11 18:46:41,Fernando Diaz,fernando.diaz.18@obelie.mx,3358571091,Tlaquepaque,evento,Centro
C-CB77CA27C3,2026-09-11 18:46:41,Sofia Ramirez,sofia.ramirez.84@obelie.mx,3323085662,Guadalajara,nuevo,Sur
C-6D4DF72E93,2026-09-11 18:46:42,Elena Vargas,elena.vargas.85@obelie.mx,3395404942,Tlaquepaque,mayoreo,Centro
C-6DB4E1FEAA,2026-09-11 18:46:42,Valeria Ortiz,valeria.ortiz.56@obelie.mx,3359955416,Tlaquepaque,mayoreo,Norte
C-18AFF0AB5B,2026-09-11 18:46:43,Valeria Ortiz,valeria.ortiz.90@obelie.mx,3392107500,Tonalá,frecuente,Norte
C-0A2E80979A,2026-09-11 18:46:44,Andres Molina,andres.molina.83@obelie.mx,3357765488,Guadalajara,frecuente,Sur
C-0103919829,2026-09-11 18:46:44,Andres Molina,andres.molina.93@obelie.mx,3318825996,Zapopan,evento,Sur
C-96BB34AABA,2026-09-11 18:46:45,Camila Herrera,camila.herrera.84@obelie.mx,3386609012,Tlajomulco,frecuente,Norte
C-229FC29068,2026-09-11 18:46:46,Jorge Castillo,jorge.castillo.44@obelie.mx,3380068643,Guadalajara,frecuente,Plaza Obelie
C-B0933F11E9,2026-09-11 18:46:47,Paola Nunez,paola.nunez.98@obelie.mx,3364757028,Zapopan,mayoreo,Norte
C-43A34C0433,2026-09-11 18:46:47,Valeria Ortiz,valeria.ortiz.87@obelie.mx,3365394433,Tlajomulco,frecuente,Norte
C-BA799E7EC8,2026-09-11 18:46:48,Fernando Diaz,fernando.diaz.12@obelie.mx,3350882872,Tlaquepaque,nuevo,Centro
C-D836BC7EF1,2026-09-11 18:46:49,Paola Nunez,paola.nunez.16@obelie.mx,3360424249,Zapopan,nuevo,Sur
C-5C09CC0409,2026-09-11 18:46:49,Elena Vargas,elena.vargas.73@obelie.mx,3333412253,Tlaquepaque,evento,Centro
C-CC76946A93,2026-09-11 18:46:50,Paola Nunez,paola.nunez.15@obelie.mx,3368422162,Tlajomulco,mayoreo,Centro
C-5B343F10A0,2026-09-11 18:46:51,Fernando Diaz,fernando.diaz.99@obelie.mx,3364869239,Tlaquepaque,frecuente,Plaza Obelie
C-6ADA4D43F2,2026-09-11 18:46:51,Mateo Aguilar,mateo.aguilar.91@obelie.mx,3393571256,Tlajomulco,evento,Centro
C-6D93297C75,2026-09-11 18:46:52,Fernando Diaz,fernando.diaz.69@obelie.mx,3369716436,Tonalá,mayoreo,Norte
C-444E96B6C8,2026-09-11 18:46:53,Paola Nunez,paola.nunez.71@obelie.mx,3347618302,Guadalajara,evento,Norte
C-98631958FD,2026-09-11 18:46:54,Sofia Ramirez,sofia.ramirez.11@obelie.mx,3379542939,Tonalá,nuevo,Centro
C-105874045A,2026-09-11 18:46:54,Jorge Castillo,jorge.castillo.20@obelie.mx,3361959477,Tlaquepaque,frecuente,Plaza Obelie
C-66B3C2DD23,2026-09-11 18:46:55,Ricardo Flores,ricardo.flores.77@obelie.mx,3345698588,Tlajomulco,frecuente,Centro
C-B36D8FB554,2026-09-11 18:46:56,Sofia Ramirez,sofia.ramirez.99@obelie.mx,3393644078,Zapopan,mayoreo,Norte
C-14812AAE28,2026-09-11 18:46:56,Mateo Aguilar,mateo.aguilar.67@obelie.mx,3353594254,Tlajomulco,evento,Norte
C-AD3AE80199,2026-09-11 18:46:57,Hugo Salazar,hugo.salazar.43@obelie.mx,3341263118,Guadalajara,mayoreo,Centro
C-12C68D07B7,2026-09-11 18:46:57,Jorge Castillo,jorge.castillo.90@obelie.mx,3397835582,Tonalá,frecuente,Norte
C-14524560A6,2026-09-11 18:46:58,Valeria Ortiz,valeria.ortiz.75@obelie.mx,3391266537,Tlajomulco,frecuente,Plaza Obelie
C-C7AC46A0E2,2026-09-11 18:46:59,Camila Herrera,camila.herrera.90@obelie.mx,3386221440,Guadalajara,nuevo,Norte
C-B57B7BAE1C,2026-09-11 18:46:59,Daniela Pineda,daniela.pineda.20@obelie.mx,3391092771,Tonalá,frecuente,Norte
C-A5D59AFD01,2026-09-11 18:47:00,Paola Nunez,paola.nunez.11@obelie.mx,3315857727,Tlaquepaque,evento,Sur
C-AAFF6532B2,2026-09-11 18:47:01,Mateo Aguilar,mateo.aguilar.53@obelie.mx,3322138696,Tonalá,nuevo,Norte
C-0C50B783AC,2026-09-11 18:47:01,Daniela Pineda,daniela.pineda.12@obelie.mx,3364412136,Guadalajara,frecuente,Plaza Obelie
C-DC34E678B6,2026-09-11 18:47:02,Sofia Ramirez,sofia.ramirez.32@obelie.mx,3320841145,Tonalá,nuevo,Centro
C-DD6476D47B,2026-09-11 18:47:03,Hugo Salazar,hugo.salazar.11@obelie.mx,3363455341,Tonalá,mayoreo,Centro
C-95A1AEADF8,2026-09-11 18:47:03,Camila Herrera,camila.herrera.96@obelie.mx,3387737740,Tlajomulco,evento,Sur
C-34BAFE371B,2026-09-11 18:47:04,Mateo Aguilar,mateo.aguilar.80@obelie.mx,3319975172,Guadalajara,mayoreo,Plaza Obelie
C-B704ECB070,2026-09-11 18:47:04,Valeria Ortiz,valeria.ortiz.86@obelie.mx,3344685295,Tlaquepaque,evento,Plaza Obelie
C-9BEA09C6A3,2026-09-11 18:47:05,Ricardo Flores,ricardo.flores.55@obelie.mx,3368982128,Tonalá,mayoreo,Sur
C-D6BFE85609,2026-09-11 18:47:06,Ricardo Flores,ricardo.flores.13@obelie.mx,3335953582,Tlaquepaque,mayoreo,Plaza Obelie
C-14248607F4,2026-09-11 18:47:07,Elena Vargas,elena.vargas.92@obelie.mx,3389936215,Zapopan,evento,Centro
C-12B1CC3E45,2026-09-11 18:47:07,Sofia Ramirez,sofia.ramirez.81@obelie.mx,3395369779,Tlajomulco,mayoreo,Norte
C-748BBBBBA1,2026-09-11 18:47:08,Ricardo Flores,ricardo.flores.73@obelie.mx,3396212304,Zapopan,evento,Sur
C-904A4F0BCC,2026-09-11 18:47:09,Elena Vargas,elena.vargas.60@obelie.mx,3340969774,Tlajomulco,evento,Sur
C-7BB73C24D4,2026-09-11 18:47:09,Mateo Aguilar,mateo.aguilar.94@obelie.mx,3374864686,Tonalá,frecuente,Plaza Obelie
C-B7EE1DD60B,2026-09-11 18:47:10,Andres Molina,andres.molina.72@obelie.mx,3326075863,Tonalá,evento,Centro
C-9E2C56D345,2026-09-11 18:47:10,Sofia Ramirez,sofia.ramirez.18@obelie.mx,3350363370,Tonalá,nuevo,Norte
C-D98C4BB622,2026-09-11 18:47:11,Paola Nunez,paola.nunez.10@obelie.mx,3399976283,Guadalajara,frecuente,Norte
C-9261307660,2026-09-11 18:47:12,Paola Nunez,paola.nunez.15@obelie.mx,3328929355,Tonalá,mayoreo,Plaza Obelie
C-D7ABBAB074,2026-09-11 18:47:12,Paola Nunez,paola.nunez.14@obelie.mx,3346513346,Tlaquepaque,evento,Norte
C-2D366EBFE6,2026-09-11 18:47:13,Fernando Diaz,fernando.diaz.51@obelie.mx,3318749009,Guadalajara,evento,Plaza Obelie
C-1886681263,2026-09-11 18:47:13,Elena Vargas,elena.vargas.22@obelie.mx,3397062269,Tlajomulco,evento,Centro
C-864E3A09E5,2026-09-11 18:47:14,Andres Molina,andres.molina.83@obelie.mx,3357381128,Zapopan,nuevo,Centro
C-D0C1CD0827,2026-09-11 18:47:15,Daniela Pineda,daniela.pineda.55@obelie.mx,3330316953,Tlaquepaque,frecuente,Sur
C-3C52F8FDE5,2026-09-11 18:47:15,Daniela Pineda,daniela.pineda.73@obelie.mx,3372742133,Zapopan,nuevo,Norte
C-DF3C4CBD6A,2026-09-11 18:47:16,Paola Nunez,paola.nunez.10@obelie.mx,3356696970,Tlaquepaque,nuevo,Plaza Obelie
C-124176E2DF,2026-09-11 18:47:16,Paola Nunez,paola.nunez.59@obelie.mx,3338073966,Tlaquepaque,evento,Plaza Obelie
C-462F200959,2026-09-11 18:47:17,Fernando Diaz,fernando.diaz.59@obelie.mx,3358368812,Guadalajara,mayoreo,Centro
C-0995283B99,2026-09-11 18:47:18,Fernando Diaz,fernando.diaz.28@obelie.mx,3359899474,Tonalá,mayoreo,Sur
C-501BD40259,2026-09-11 18:47:19,Camila Herrera,camila.herrera.37@obelie.mx,3381192649,Guadalajara,nuevo,Sur
C-960FE5DE0A,2026-09-11 18:47:19,Mateo Aguilar,mateo.aguilar.88@obelie.mx,3392967833,Tlaquepaque,mayoreo,Norte
C-ED28AAC776,2026-09-11 18:47:20,Camila Herrera,camila.herrera.14@obelie.mx,3362838045,Tlaquepaque,nuevo,Norte
C-26B1B9AEC1,2026-09-11 18:47:21,Valeria Ortiz,valeria.ortiz.36@obelie.mx,3369282081,Tonalá,nuevo,Norte
C-10A063ACD7,2026-09-11 18:47:22,Sofia Ramirez,sofia.ramirez.87@obelie.mx,3319094611,Tlaquepaque,evento,Norte
C-3769B0134A,2026-09-11 18:47:22,Andres Molina,andres.molina.25@obelie.mx,3329756348,Zapopan,mayoreo,Plaza Obelie
C-A26FFB0AF9,2026-09-11 18:47:23,Mateo Aguilar,mateo.aguilar.92@obelie.mx,3329357437,Tonalá,mayoreo,Norte
C-958CE31645,2026-09-11 18:47:23,Mateo Aguilar,mateo.aguilar.32@obelie.mx,3368897447,Tonalá,frecuente,Norte
C-B2150EFF36,2026-09-11 18:47:24,Mateo Aguilar,mateo.aguilar.74@obelie.mx,3338837891,Tlajomulco,frecuente,Centro
C-C82BCE5165,2026-09-11 18:47:25,Jorge Castillo,jorge.castillo.94@obelie.mx,3338762665,Guadalajara,frecuente,Centro
C-83E1149D49,2026-09-11 18:47:26,Fernando Diaz,fernando.diaz.99@obelie.mx,3375259156,Zapopan,frecuente,Plaza Obelie
C-3F6F8119A8,2026-09-11 18:47:26,Andres Molina,andres.molina.77@obelie.mx,3326474613,Zapopan,nuevo,Sur
C-B286D95037,2026-09-11 18:47:27,Paola Nunez,paola.nunez.91@obelie.mx,3324479198,Tonalá,evento,Plaza Obelie
C-FDEFB017AC,2026-09-11 18:47:28,Daniela Pineda,daniela.pineda.65@obelie.mx,3353946420,Tlaquepaque,mayoreo,Centro
C-166422AB74,2026-09-11 18:47:28,Andres Molina,andres.molina.46@obelie.mx,3312454600,Zapopan,nuevo,Plaza Obelie
C-23EC730F90,2026-09-11 18:47:29,Paola Nunez,paola.nunez.83@obelie.mx,3326008823,Tlajomulco,nuevo,Plaza Obelie
C-A14AA6ADA0,2026-09-11 18:47:30,Andres Molina,andres.molina.93@obelie.mx,3359109989,Tlaquepaque,evento,Centro
C-851E1C1C51,2026-09-11 18:47:30,Hugo Salazar,hugo.salazar.82@obelie.mx,3347708946,Zapopan,mayoreo,Plaza Obelie
C-AAA41448D5,2026-09-11 18:47:31,Paola Nunez,paola.nunez.13@obelie.mx,3340757550,Guadalajara,frecuente,Centro
C-E8B181DB68,2026-09-11 18:47:31,Andres Molina,andres.molina.13@obelie.mx,3397343595,Tonalá,mayoreo,Plaza Obelie
C-49E0158E2D,2026-09-11 18:47:32,Hugo Salazar,hugo.salazar.59@obelie.mx,3352379235,Tlajomulco,frecuente,Plaza Obelie
C-5316B066F9,2026-09-11 18:47:32,Ricardo Flores,ricardo.flores.18@obelie.mx,3378212949,Tlaquepaque,frecuente,Plaza Obelie
C-07EB80FA2A,2026-09-11 18:47:33,Valeria Ortiz,valeria.ortiz.40@obelie.mx,3377136708,Tonalá,frecuente,Norte
C-E2BE1CC9B2,2026-09-11 18:47:34,Sofia Ramirez,sofia.ramirez.87@obelie.mx,3396038945,Guadalajara,mayoreo,Sur
C-5081068BF2,2026-09-11 18:47:35,Hugo Salazar,hugo.salazar.75@obelie.mx,3382323847,Tlajomulco,evento,Centro
C-EEE784774E,2026-09-11 18:47:35,Daniela Pineda,daniela.pineda.33@obelie.mx,3312954381,Guadalajara,nuevo,Sur
C-291948E49C,2026-09-11 18:47:36,Fernando Diaz,fernando.diaz.56@obelie.mx,3391749406,Guadalajara,evento,Sur
C-849FE59269,2026-09-11 18:47:36,Ricardo Flores,ricardo.flores.44@obelie.mx,3398572851,Tonalá,evento,Sur
C-3460C509A4,2026-09-11 18:47:37,Daniela Pineda,daniela.pineda.25@obelie.mx,3346791553,Guadalajara,frecuente,Norte
C-EFB9625981,2026-09-11 18:47:38,Mateo Aguilar,mateo.aguilar.96@obelie.mx,3387226830,Tlajomulco,evento,Sur
C-23D30A2F13,2026-09-11 18:47:38,Hugo Salazar,hugo.salazar.89@obelie.mx,3382967954,Tonalá,mayoreo,Plaza Obelie
C-4A04D62799,2026-09-11 18:47:39,Sofia Ramirez,sofia.ramirez.91@obelie.mx,3315358889,Tlajomulco,mayoreo,Plaza Obelie
C-12A6D42B3B,2026-09-11 18:47:40,Paola Nunez,paola.nunez.79@obelie.mx,3345932809,Zapopan,frecuente,Plaza Obelie
C-45751E0912,2026-09-11 18:47:40,Fernando Diaz,fernando.diaz.70@obelie.mx,3336218070,Tonalá,evento,Plaza Obelie
C-E63A299831,2026-09-11 18:47:41,Valeria Ortiz,valeria.ortiz.33@obelie.mx,3370808026,Tlajomulco,evento,Norte
C-E518AAFA28,2026-09-11 18:47:42,Andres Molina,andres.molina.94@obelie.mx,3393194298,Tlajomulco,mayoreo,Sur
C-724AED7B0D,2026-09-11 18:47:42,Fernando Diaz,fernando.diaz.46@obelie.mx,3368336310,Tonalá,nuevo,Centro
C-81FB3E4AB9,2026-09-11 18:47:43,Valeria Ortiz,valeria.ortiz.62@obelie.mx,3338696329,Tlajomulco,frecuente,Norte
C-DE04D770AF,2026-09-11 18:47:43,Jorge Castillo,jorge.castillo.84@obelie.mx,3321904796,Tlaquepaque,mayoreo,Centro
C-945ABA7743,2026-09-11 18:47:44,Mateo Aguilar,mateo.aguilar.37@obelie.mx,3382059186,Guadalajara,nuevo,Centro
C-AE344BE368,2026-09-11 18:47:45,Elena Vargas,elena.vargas.60@obelie.mx,3366519634,Tlajomulco,evento,Plaza Obelie
C-7B6D499E4E,2026-09-11 18:47:45,Mateo Aguilar,mateo.aguilar.90@obelie.mx,3350957993,Guadalajara,evento,Sur
C-37E3D4C360,2026-09-11 18:47:46,Valeria Ortiz,valeria.ortiz.70@obelie.mx,3382036542,Guadalajara,evento,Sur
C-CC4E665A5E,2026-09-11 18:47:47,Fernando Diaz,fernando.diaz.42@obelie.mx,3318105192,Zapopan,nuevo,Norte
C-DF6C20C7F5,2026-09-11 18:47:48,Paola Nunez,paola.nunez.82@obelie.mx,3390114068,Tlajomulco,nuevo,Sur
C-3DB9B21F80,2026-09-11 18:47:48,Daniela Pineda,daniela.pineda.67@obelie.mx,3349312780,Zapopan,nuevo,Plaza Obelie
C-FF119C7278,2026-09-11 18:47:49,Daniela Pineda,daniela.pineda.66@obelie.mx,3387223604,Zapopan,mayoreo,Plaza Obelie
C-04176FD976,2026-09-11 18:47:50,Mateo Aguilar,mateo.aguilar.95@obelie.mx,3395721954,Tonalá,evento,Centro
C-5BD1759397,2026-09-11 18:47:50,Paola Nunez,paola.nunez.44@obelie.mx,3335449599,Tlajomulco,nuevo,Norte
C-CEB4067AC9,2026-09-11 18:47:51,Camila Herrera,camila.herrera.51@obelie.mx,3389592948,Zapopan,evento,Centro
C-84B0678B82,2026-09-11 18:47:52,Andres Molina,andres.molina.80@obelie.mx,3358976606,Tlaquepaque,evento,Plaza Obelie
C-D5F752BBD3,2026-09-11 18:47:52,Camila Herrera,camila.herrera.59@obelie.mx,3343636311,Zapopan,nuevo,Centro
C-2D20761539,2026-09-11 18:47:53,Jorge Castillo,jorge.castillo.76@obelie.mx,3397168557,Tlajomulco,mayoreo,Norte
C-302CB33C80,2026-09-11 18:47:53,Elena Vargas,elena.vargas.15@obelie.mx,3343174862,Tlaquepaque,evento,Norte
C-677B13B7FA,2026-09-11 18:47:54,Fernando Diaz,fernando.diaz.31@obelie.mx,3393827691,Zapopan,mayoreo,Plaza Obelie
C-66DEE68BF4,2026-09-11 18:47:54,Sofia Ramirez,sofia.ramirez.23@obelie.mx,3357778676,Guadalajara,frecuente,Plaza Obelie
C-5D383CA31F,2026-09-11 18:47:55,Valeria Ortiz,valeria.ortiz.13@obelie.mx,3343119738,Guadalajara,evento,Centro
C-0BA7DC07D9,2026-09-11 18:47:56,Mateo Aguilar,mateo.aguilar.66@obelie.mx,3364815840,Zapopan,mayoreo,Norte
C-8F61DB2B23,2026-09-11 18:47:57,Fernando Diaz,fernando.diaz.83@obelie.mx,3388363117,Tonalá,evento,Sur
C-D4D35BBEF9,2026-09-11 18:47:57,Mateo Aguilar,mateo.aguilar.17@obelie.mx,3347316676,Zapopan,evento,Plaza Obelie
C-F6CABDCE45,2026-09-11 18:47:58,Camila Herrera,camila.herrera.52@obelie.mx,3382258072,Tonalá,nuevo,Sur
C-8C651C6B43,2026-09-11 18:47:59,Sofia Ramirez,sofia.ramirez.87@obelie.mx,3336145872,Tonalá,evento,Sur
C-E7D2AB1D42,2026-09-11 18:47:59,Sofia Ramirez,sofia.ramirez.63@obelie.mx,3340972041,Zapopan,nuevo,Plaza Obelie
C-D396909D2F,2026-09-11 18:48:00,Paola Nunez,paola.nunez.98@obelie.mx,3358381543,Tonalá,nuevo,Centro
C-AB3BCFBDE8,2026-09-11 18:48:00,Paola Nunez,paola.nunez.37@obelie.mx,3367645075,Tlajomulco,frecuente,Norte
C-22B8215A3A,2026-09-11 18:48:01,Elena Vargas,elena.vargas.23@obelie.mx,3389862776,Tlajomulco,nuevo,Norte
C-C20AC1C1ED,2026-09-11 18:48:02,Hugo Salazar,hugo.salazar.47@obelie.mx,3323115314,Guadalajara,frecuente,Norte
C-D34EE3E38E,2026-09-11 18:48:02,Camila Herrera,camila.herrera.58@obelie.mx,3380547278,Guadalajara,frecuente,Centro
C-C87005A2DD,2026-09-11 18:48:03,Elena Vargas,elena.vargas.44@obelie.mx,3366624463,Tlaquepaque,nuevo,Plaza Obelie
C-6AD276A513,2026-09-11 18:48:03,Mateo Aguilar,mateo.aguilar.45@obelie.mx,3379293837,Zapopan,frecuente,Norte
C-1BB8A2A872,2026-09-11 18:48:04,Fernando Diaz,fernando.diaz.40@obelie.mx,3326099029,Zapopan,evento,Sur
C-44574CEBF8,2026-09-11 18:48:04,Sofia Ramirez,sofia.ramirez.98@obelie.mx,3397135872,Zapopan,evento,Centro
C-F6EA552B52,2026-09-11 18:48:05,Daniela Pineda,daniela.pineda.24@obelie.mx,3359039990,Tonalá,mayoreo,Norte
C-B0700668C1,2026-09-11 18:48:06,Ricardo Flores,ricardo.flores.88@obelie.mx,3329696186,Guadalajara,evento,Norte
C-2046CF7A6E,2026-09-11 18:48:06,Fernando Diaz,fernando.diaz.26@obelie.mx,3397654536,Guadalajara,nuevo,Norte
C-C21C5161FE,2026-09-11 18:48:07,Jorge Castillo,jorge.castillo.87@obelie.mx,3323744369,Tlajomulco,evento,Sur
C-F0B597054D,2026-09-11 18:48:08,Mateo Aguilar,mateo.aguilar.40@obelie.mx,3396423045,Tonalá,evento,Norte
C-F9ACA6592E,2026-09-11 18:48:09,Daniela Pineda,daniela.pineda.90@obelie.mx,3326197936,Guadalajara,frecuente,Centro
C-DB8E5301B9,2026-09-11 18:48:09,Camila Herrera,camila.herrera.52@obelie.mx,3354431330,Guadalajara,mayoreo,Centro
C-F6D0A7B60A,2026-09-11 18:48:10,Sofia Ramirez,sofia.ramirez.79@obelie.mx,3331466546,Zapopan,frecuente,Sur
C-A2DB107036,2026-09-11 18:48:11,Ricardo Flores,ricardo.flores.76@obelie.mx,3384587915,Tlajomulco,evento,Plaza Obelie
C-1040C86FA5,2026-09-11 18:48:11,Paola Nunez,paola.nunez.58@obelie.mx,3331232049,Zapopan,nuevo,Plaza Obelie
C-1FD53BA8EF,2026-09-11 18:48:12,Mateo Aguilar,mateo.aguilar.57@obelie.mx,3312171380,Guadalajara,nuevo,Plaza Obelie
C-71169F0B57,2026-09-11 18:48:13,Ricardo Flores,ricardo.flores.13@obelie.mx,3388265768,Zapopan,nuevo,Centro
C-F3756CF459,2026-09-11 18:48:13,Mateo Aguilar,mateo.aguilar.24@obelie.mx,3366829044,Tlajomulco,frecuente,Plaza Obelie
C-19379C2361,2026-09-11 18:48:14,Valeria Ortiz,valeria.ortiz.75@obelie.mx,3353775682,Zapopan,nuevo,Norte
C-8559AEEF16,2026-09-11 18:48:15,Daniela Pineda,daniela.pineda.29@obelie.mx,3367002624,Tlaquepaque,nuevo,Sur
C-7685D85A2B,2026-09-11 18:48:16,Paola Nunez,paola.nunez.45@obelie.mx,3318579164,Tlaquepaque,evento,Centro
C-567D221582,2026-09-11 18:48:16,Hugo Salazar,hugo.salazar.40@obelie.mx,3376499015,Tonalá,mayoreo,Centro
C-2D18FF03EF,2026-09-11 18:48:17,Ricardo Flores,ricardo.flores.47@obelie.mx,3390191188,Zapopan,evento,Centro
C-052DE69B73,2026-09-11 18:48:18,Hugo Salazar,hugo.salazar.12@obelie.mx,3339308669,Tonalá,evento,Centro
C-C95479C5DA,2026-09-11 18:48:19,Camila Herrera,camila.herrera.93@obelie.mx,3393956333,Guadalajara,mayoreo,Norte
C-A63BAA50FF,2026-09-11 18:48:19,Andres Molina,andres.molina.24@obelie.mx,3345006024,Guadalajara,frecuente,Centro
C-0878B0C46F,2026-09-11 18:48:20,Camila Herrera,camila.herrera.11@obelie.mx,3364447160,Tonalá,frecuente,Sur
C-93BCD8A6CA,2026-09-11 18:48:21,Ricardo Flores,ricardo.flores.52@obelie.mx,3342322309,Tlajomulco,nuevo,Centro
C-5BB6D5E781,2026-09-11 18:48:21,Jorge Castillo,jorge.castillo.89@obelie.mx,3322675959,Guadalajara,frecuente,Plaza Obelie
C-578D731E3C,2026-09-11 18:48:22,Paola Nunez,paola.nunez.37@obelie.mx,3381389746,Tlaquepaque,evento,Plaza Obelie
C-24A4E2332C,2026-09-11 18:48:22,Fernando Diaz,fernando.diaz.43@obelie.mx,3310798355,Zapopan,frecuente,Sur
C-835AF72814,2026-09-11 18:48:23,Hugo Salazar,hugo.salazar.80@obelie.mx,3349455917,Zapopan,frecuente,Norte
C-CFAC0C01BD,2026-09-11 18:48:24,Andres Molina,andres.molina.36@obelie.mx,3367503632,Tlajomulco,nuevo,Centro
C-B161E97F9B,2026-09-11 18:48:24,Ricardo Flores,ricardo.flores.64@obelie.mx,3388713235,Tlajomulco,mayoreo,Norte
C-B8A2BC551C,2026-09-11 18:48:25,Daniela Pineda,daniela.pineda.99@obelie.mx,3331236244,Tlaquepaque,nuevo,Centro
C-61B35B8E3D,2026-09-11 18:48:25,Daniela Pineda,daniela.pineda.91@obelie.mx,3338069087,Guadalajara,evento,Plaza Obelie
C-9ACF7DEED1,2026-09-11 18:48:26,Camila Herrera,camila.herrera.20@obelie.mx,3385782349,Tlajomulco,mayoreo,Sur
C-2EEDA6EBDD,2026-09-11 18:48:27,Jorge Castillo,jorge.castillo.20@obelie.mx,3376322279,Guadalajara,nuevo,Centro
C-B137AABF52,2026-09-11 18:48:28,Elena Vargas,elena.vargas.18@obelie.mx,3317844084,Tlajomulco,evento,Plaza Obelie
C-5002747F58,2026-09-11 18:48:28,Andres Molina,andres.molina.96@obelie.mx,3399335106,Guadalajara,frecuente,Norte
C-6E8003D161,2026-09-11 18:48:29,Paola Nunez,paola.nunez.87@obelie.mx,3347732202,Tonalá,evento,Centro
C-04FBF4454F,2026-09-11 18:48:30,Paola Nunez,paola.nunez.48@obelie.mx,3360405481,Tlaquepaque,mayoreo,Sur
C-8A86770B33,2026-09-11 18:48:30,Paola Nunez,paola.nunez.67@obelie.mx,3359448056,Tlajomulco,frecuente,Norte
C-0D077E4B76,2026-09-11 18:48:31,Ricardo Flores,ricardo.flores.27@obelie.mx,3334836132,Zapopan,mayoreo,Sur
C-B5EB56D153,2026-09-11 18:48:32,Ricardo Flores,ricardo.flores.80@obelie.mx,3333419533,Tlaquepaque,mayoreo,Plaza Obelie
C-70BD52F707,2026-09-11 18:48:32,Daniela Pineda,daniela.pineda.79@obelie.mx,3379172676,Tlaquepaque,frecuente,Norte
C-F0E9C0B39A,2026-09-11 18:48:33,Valeria Ortiz,valeria.ortiz.35@obelie.mx,3346029882,Tlaquepaque,mayoreo,Plaza Obelie
C-75C9A22A3E,2026-09-11 18:48:34,Mateo Aguilar,mateo.aguilar.93@obelie.mx,3396699433,Tlajomulco,nuevo,Plaza Obelie
C-B96D728B7D,2026-09-11 18:48:34,Fernando Diaz,fernando.diaz.95@obelie.mx,3317837770,Tonalá,mayoreo,Centro
C-8092CE5AFD,2026-09-11 18:48:35,Fernando Diaz,fernando.diaz.40@obelie.mx,3326723957,Tlajomulco,evento,Centro
C-3E9F408244,2026-09-11 18:48:36,Andres Molina,andres.molina.84@obelie.mx,3376416265,Tlajomulco,mayoreo,Centro
C-E7F9B6A9B1,2026-09-11 18:48:37,Camila Herrera,camila.herrera.29@obelie.mx,3357427779,Tonalá,frecuente,Centro
C-F69EB5E330,2026-09-11 18:48:37,Mateo Aguilar,mateo.aguilar.43@obelie.mx,3320783830,Guadalajara,nuevo,Centro
C-2DFA799F33,2026-09-11 18:48:38,Jorge Castillo,jorge.castillo.41@obelie.mx,3323537508,Tlajomulco,evento,Centro
C-AA6F79EB94,2026-09-11 18:48:39,Andres Molina,andres.molina.64@obelie.mx,3334376880,Guadalajara,mayoreo,Plaza Obelie
C-6FF14D492E,2026-09-11 18:48:39,Valeria Ortiz,valeria.ortiz.96@obelie.mx,3313076932,Tonalá,nuevo,Plaza Obelie
C-DEBA4F2B7D,2026-09-11 18:48:40,Hugo Salazar,hugo.salazar.45@obelie.mx,3397806765,Zapopan,nuevo,Plaza Obelie
C-660F769815,2026-09-11 18:48:41,Hugo Salazar,hugo.salazar.84@obelie.mx,3352117455,Tlaquepaque,nuevo,Plaza Obelie
C-ACB3C0B899,2026-09-11 18:48:41,Sofia Ramirez,sofia.ramirez.63@obelie.mx,3357425005,Tlaquepaque,mayoreo,Norte
C-6DCA1CB97B,2026-09-11 18:48:42,Camila Herrera,camila.herrera.80@obelie.mx,3337037535,Guadalajara,nuevo,Norte
C-39D117FDFA,2026-09-11 18:48:42,Valeria Ortiz,valeria.ortiz.31@obelie.mx,3319197044,Tlajomulco,mayoreo,Sur
C-57EF0F5BBC,2026-09-11 18:48:43,Daniela Pineda,daniela.pineda.52@obelie.mx,3360864536,Zapopan,mayoreo,Sur
C-C8CA70B2E3,2026-09-11 18:48:44,Paola Nunez,paola.nunez.30@obelie.mx,3356743487,Tonalá,evento,Norte
C-00E0D35A99,2026-09-11 18:48:44,Paola Nunez,paola.nunez.64@obelie.mx,3331477013,Tlaquepaque,frecuente,Centro
C-2E5A8A7049,2026-09-11 18:48:44,Daniela Pineda,daniela.pineda.35@obelie.mx,3395455693,Tlaquepaque,evento,Centro
C-BE9F2D9E30,2026-09-11 18:48:45,Fernando Diaz,fernando.diaz.40@obelie.mx,3361879755,Tlaquepaque,mayoreo,Norte
C-71C0CA3B64,2026-09-11 18:48:46,Mateo Aguilar,mateo.aguilar.53@obelie.mx,3347246570,Tlajomulco,frecuente,Plaza Obelie
C-D907E88404,2026-09-11 18:48:47,Paola Nunez,paola.nunez.29@obelie.mx,3394751828,Tlaquepaque,frecuente,Sur
C-1F5118D64E,2026-09-11 18:48:47,Valeria Ortiz,valeria.ortiz.62@obelie.mx,3328232555,Tlaquepaque,frecuente,Plaza Obelie
C-872C726B23,2026-09-11 18:48:48,Camila Herrera,camila.herrera.97@obelie.mx,3325166588,Tlajomulco,frecuente,Norte
C-1014BF1489,2026-09-11 18:48:49,Valeria Ortiz,valeria.ortiz.53@obelie.mx,3315383990,Tlaquepaque,frecuente,Sur
C-2EC0D4547C,2026-09-11 18:48:50,Sofia Ramirez,sofia.ramirez.28@obelie.mx,3370787865,Tonalá,frecuente,Centro
C-F3570560EB,2026-09-11 18:48:50,Jorge Castillo,jorge.castillo.19@obelie.mx,3335369241,Guadalajara,mayoreo,Centro
C-BD7F8CAF78,2026-09-11 18:48:51,Fernando Diaz,fernando.diaz.83@obelie.mx,3328225959,Zapopan,evento,Plaza Obelie
C-66FA364336,2026-09-11 18:48:52,Valeria Ortiz,valeria.ortiz.71@obelie.mx,3366607519,Tlajomulco,evento,Norte
C-000677FC54,2026-09-11 18:48:52,Hugo Salazar,hugo.salazar.34@obelie.mx,3353975205,Zapopan,frecuente,Sur
C-A238706150,2026-09-11 18:48:53,Jorge Castillo,jorge.castillo.56@obelie.mx,3343226065,Tlajomulco,evento,Plaza Obelie
C-A72497D267,2026-09-11 18:48:54,Paola Nunez,paola.nunez.54@obelie.mx,3361868002,Guadalajara,mayoreo,Centro
C-F53D4DEBA0,2026-09-11 18:48:54,Sofia Ramirez,sofia.ramirez.11@obelie.mx,3357214652,Zapopan,nuevo,Centro
C-C08767CF72,2026-09-11 18:48:55,Fernando Diaz,fernando.diaz.78@obelie.mx,3345531998,Tlajomulco,mayoreo,Sur
C-F6480556E7,2026-09-11 18:48:55,Sofia Ramirez,sofia.ramirez.55@obelie.mx,3345194251,Tlaquepaque,evento,Plaza Obelie
C-780121C753,2026-09-11 18:48:56,Ricardo Flores,ricardo.flores.49@obelie.mx,3371647086,Guadalajara,mayoreo,Norte
C-E9B2BCB7E2,2026-09-11 18:48:57,Jorge Castillo,jorge.castillo.22@obelie.mx,3396589771,Tlaquepaque,evento,Centro
C-907D30B227,2026-09-11 18:48:57,Sofia Ramirez,sofia.ramirez.15@obelie.mx,3324619959,Tonalá,frecuente,Sur
C-A5FA63CDD2,2026-09-11 18:48:58,Camila Herrera,camila.herrera.64@obelie.mx,3356997509,Tlajomulco,mayoreo,Sur
C-5F36224B79,2026-09-11 18:48:59,Camila Herrera,camila.herrera.15@obelie.mx,3381155695,Tonalá,evento,Sur
C-EDDDCAF373,2026-09-11 18:48:59,Paola Nunez,paola.nunez.24@obelie.mx,3335767353,Tlajomulco,mayoreo,Plaza Obelie
C-1ACCC029EB,2026-09-11 18:49:00,Sofia Ramirez,sofia.ramirez.72@obelie.mx,3397704877,Guadalajara,frecuente,Plaza Obelie
C-BB30F8ED32,2026-09-11 18:49:00,Elena Vargas,elena.vargas.84@obelie.mx,3330057273,Tonalá,evento,Centro
C-EA636854DA,2026-09-11 18:49:01,Daniela Pineda,daniela.pineda.91@obelie.mx,3329353996,Tonalá,nuevo,Norte
C-82E706F7D2,2026-09-11 18:49:02,Camila Herrera,camila.herrera.86@obelie.mx,3354339140,Zapopan,nuevo,Norte
C-4C752F53C6,2026-09-11 18:49:02,Paola Nunez,paola.nunez.29@obelie.mx,3382163782,Guadalajara,nuevo,Norte
C-72FB15CDBA,2026-09-11 18:49:03,Daniela Pineda,daniela.pineda.40@obelie.mx,3381113163,Guadalajara,nuevo,Plaza Obelie
C-A87411DE07,2026-09-11 18:49:03,Paola Nunez,paola.nunez.47@obelie.mx,3356162569,Tlaquepaque,mayoreo,Plaza Obelie
C-76C0A9FB60,2026-09-11 18:49:04,Jorge Castillo,jorge.castillo.60@obelie.mx,3380916553,Tonalá,evento,Norte
C-6FFA83E3F1,2026-09-11 18:49:05,Daniela Pineda,daniela.pineda.10@obelie.mx,3398732180,Zapopan,nuevo,Sur
C-AE45EAD794,2026-09-11 18:49:05,Hugo Salazar,hugo.salazar.94@obelie.mx,3321014756,Tlaquepaque,evento,Norte
C-C24B06F0CF,2026-09-11 18:49:06,Hugo Salazar,hugo.salazar.67@obelie.mx,3330393787,Guadalajara,mayoreo,Centro
C-7AAEE45917,2026-09-11 18:49:07,Elena Vargas,elena.vargas.52@obelie.mx,3327528907,Guadalajara,mayoreo,Sur
C-A683152B2F,2026-09-11 18:49:07,Daniela Pineda,daniela.pineda.55@obelie.mx,3315513379,Zapopan,mayoreo,Plaza Obelie
C-48A2BCF198,2026-09-11 18:49:08,Sofia Ramirez,sofia.ramirez.98@obelie.mx,3339058484,Tlaquepaque,nuevo,Plaza Obelie
C-9AB3A2B168,2026-09-11 18:49:09,Ricardo Flores,ricardo.flores.12@obelie.mx,3329065361,Zapopan,nuevo,Norte
C-2B67470611,2026-09-11 18:49:10,Hugo Salazar,hugo.salazar.45@obelie.mx,3323305199,Guadalajara,nuevo,Plaza Obelie
C-3B4E4FE6E4,2026-09-11 18:49:10,Jorge Castillo,jorge.castillo.54@obelie.mx,3329786586,Tonalá,mayoreo,Norte
C-0202A03FBE,2026-09-11 18:49:11,Jorge Castillo,jorge.castillo.23@obelie.mx,3382586597,Guadalajara,nuevo,Plaza Obelie
C-FD66E65CD6,2026-09-11 18:49:12,Camila Herrera,camila.herrera.19@obelie.mx,3314827225,Tlaquepaque,frecuente,Norte
C-A16D11BC13,2026-09-11 18:49:13,Elena Vargas,elena.vargas.12@obelie.mx,3327682300,Zapopan,frecuente,Plaza Obelie
C-C6F6301191,2026-09-11 18:49:14,Valeria Ortiz,valeria.ortiz.50@obelie.mx,3377056808,Zapopan,nuevo,Centro
C-6C09E36ADC,2026-09-11 18:49:14,Ricardo Flores,ricardo.flores.21@obelie.mx,3379113746,Zapopan,mayoreo,Sur
C-A632FA31D0,2026-09-11 18:49:15,Camila Herrera,camila.herrera.38@obelie.mx,3381325224,Guadalajara,evento,Centro
C-13A2AD2D8E,2026-09-11 18:49:16,Valeria Ortiz,valeria.ortiz.82@obelie.mx,3360773793,Tlajomulco,frecuente,Centro
C-64D4AE2555,2026-09-11 18:49:16,Andres Molina,andres.molina.10@obelie.mx,3361354001,Zapopan,nuevo,Sur
C-D155263051,2026-09-11 18:49:17,Elena Vargas,elena.vargas.26@obelie.mx,3322857000,Tlaquepaque,mayoreo,Plaza Obelie
C-CE682C4E93,2026-09-11 18:49:17,Paola Nunez,paola.nunez.48@obelie.mx,3316611271,Tlaquepaque,nuevo,Sur
C-72C884341C,2026-09-11 18:49:18,Jorge Castillo,jorge.castillo.40@obelie.mx,3358205354,Tonalá,mayoreo,Sur
C-525EC2B426,2026-09-11 18:49:19,Elena Vargas,elena.vargas.30@obelie.mx,3366888593,Tlajomulco,frecuente,Norte
C-9084B50392,2026-09-11 18:49:20,Jorge Castillo,jorge.castillo.47@obelie.mx,3391941085,Tlajomulco,nuevo,Sur
C-54A679985C,2026-09-11 18:49:20,Jorge Castillo,jorge.castillo.13@obelie.mx,3372685645,Guadalajara,mayoreo,Norte
C-9373492689,2026-09-11 18:49:21,Daniela Pineda,daniela.pineda.51@obelie.mx,3369006272,Zapopan,evento,Centro
C-98C9F919E7,2026-09-11 18:49:21,Paola Nunez,paola.nunez.75@obelie.mx,3341719090,Guadalajara,frecuente,Norte
C-23A75032DA,2026-09-11 18:49:22,Daniela Pineda,daniela.pineda.19@obelie.mx,3313165937,Guadalajara,nuevo,Norte
C-950B3EB7A8,2026-09-11 18:49:23,Elena Vargas,elena.vargas.76@obelie.mx,3342267432,Guadalajara,evento,Plaza Obelie
C-4800C9EE16,2026-09-11 18:49:24,Daniela Pineda,daniela.pineda.60@obelie.mx,3321464951,Zapopan,nuevo,Plaza Obelie
C-178CE00B5D,2026-09-11 18:49:24,Fernando Diaz,fernando.diaz.58@obelie.mx,3317529131,Guadalajara,nuevo,Sur
C-12EE6F890B,2026-09-11 18:49:24,Camila Herrera,camila.herrera.93@obelie.mx,3367444280,Tlaquepaque,evento,Sur
C-E3557E9FF2,2026-09-11 18:49:25,Hugo Salazar,hugo.salazar.50@obelie.mx,3379934286,Guadalajara,nuevo,Centro
C-A8B3C986FA,2026-09-11 18:49:26,Ricardo Flores,ricardo.flores.67@obelie.mx,3322139226,Tlaquepaque,evento,Plaza Obelie
C-BF562A0064,2026-09-11 18:49:26,Paola Nunez,paola.nunez.47@obelie.mx,3378127620,Guadalajara,evento,Sur
C-1D67EEEC0C,2026-09-11 18:49:27,Ricardo Flores,ricardo.flores.67@obelie.mx,3353327175,Tlajomulco,nuevo,Sur
C-B1BC4AF822,2026-09-11 18:49:27,Daniela Pineda,daniela.pineda.87@obelie.mx,3347104240,Tonalá,evento,Centro
C-7C25D5D477,2026-09-11 18:49:28,Fernando Diaz,fernando.diaz.46@obelie.mx,3378911982,Zapopan,evento,Plaza Obelie
C-4797D89F7C,2026-09-11 18:49:29,Paola Nunez,paola.nunez.36@obelie.mx,3332171899,Zapopan,mayoreo,Norte
C-F426554094,2026-09-11 18:49:29,Daniela Pineda,daniela.pineda.55@obelie.mx,3395454131,Tlaquepaque,evento,Norte
C-90EBF6DF54,2026-09-11 18:49:30,Valeria Ortiz,valeria.ortiz.52@obelie.mx,3343479945,Guadalajara,frecuente,Norte
C-08D02F4E8F,2026-09-11 18:49:31,Ricardo Flores,ricardo.flores.46@obelie.mx,3326187365,Tonalá,evento,Sur
C-B27D55869B,2026-09-11 18:49:32,Andres Molina,andres.molina.17@obelie.mx,3374312579,Guadalajara,mayoreo,Norte
C-5C5BFA6C45,2026-09-11 18:49:32,Ricardo Flores,ricardo.flores.28@obelie.mx,3340779810,Guadalajara,mayoreo,Norte
C-FBC06A4D7D,2026-09-11 18:49:33,Daniela Pineda,daniela.pineda.66@obelie.mx,3373745253,Tlaquepaque,nuevo,Sur
C-366EB69B0A,2026-09-11 18:49:34,Hugo Salazar,hugo.salazar.53@obelie.mx,3350838884,Zapopan,nuevo,Norte
C-78B7FEE720,2026-09-11 18:49:35,Daniela Pineda,daniela.pineda.63@obelie.mx,3397141607,Tlaquepaque,nuevo,Norte
C-30A02E25CF,2026-09-11 18:49:35,Daniela Pineda,daniela.pineda.64@obelie.mx,3318408358,Guadalajara,evento,Norte
C-85425CF410,2026-09-11 18:49:36,Andres Molina,andres.molina.26@obelie.mx,3360102495,Zapopan,mayoreo,Centro
C-234016C0FD,2026-09-11 18:49:37,Sofia Ramirez,sofia.ramirez.21@obelie.mx,3383179270,Zapopan,evento,Norte
C-B8EEEB4691,2026-09-11 18:49:37,Mateo Aguilar,mateo.aguilar.19@obelie.mx,3361401964,Tonalá,mayoreo,Plaza Obelie
C-02EBCDA75F,2026-09-11 18:49:38,Camila Herrera,camila.herrera.69@obelie.mx,3378555470,Tonalá,mayoreo,Norte
C-6607003166,2026-09-11 18:49:39,Valeria Ortiz,valeria.ortiz.42@obelie.mx,3332527571,Zapopan,frecuente,Plaza Obelie
C-BA81F93B27,2026-09-11 18:49:39,Valeria Ortiz,valeria.ortiz.81@obelie.mx,3399837322,Tlaquepaque,evento,Plaza Obelie
C-DD4D8D5E3A,2026-09-11 18:49:40,Mateo Aguilar,mateo.aguilar.49@obelie.mx,3346751963,Tlajomulco,mayoreo,Norte
C-ECA8894488,2026-09-11 18:49:41,Sofia Ramirez,sofia.ramirez.80@obelie.mx,3333155609,Tlajomulco,nuevo,Plaza Obelie
C-5D02801A0F,2026-09-11 18:49:41,Daniela Pineda,daniela.pineda.24@obelie.mx,3368641622,Guadalajara,nuevo,Centro
C-0EC951757E,2026-09-11 18:49:42,Jorge Castillo,jorge.castillo.99@obelie.mx,3348616969,Tonalá,nuevo,Plaza Obelie
C-56D9D27A3C,2026-09-11 18:49:43,Andres Molina,andres.molina.37@obelie.mx,3340934990,Zapopan,mayoreo,Centro
C-884745A4BE,2026-09-11 18:49:43,Andres Molina,andres.molina.43@obelie.mx,3393539994,Zapopan,mayoreo,Plaza Obelie
C-3636D033A5,2026-09-11 18:49:44,Valeria Ortiz,valeria.ortiz.76@obelie.mx,3327871500,Guadalajara,frecuente,Sur
C-676D11F93A,2026-09-11 18:49:45,Elena Vargas,elena.vargas.13@obelie.mx,3390477366,Tonalá,evento,Centro
C-063E928C3D,2026-09-11 18:49:46,Hugo Salazar,hugo.salazar.80@obelie.mx,3354218806,Tonalá,nuevo,Plaza Obelie
C-C9B41E8803,2026-09-11 18:49:46,Ricardo Flores,ricardo.flores.50@obelie.mx,3379937365,Guadalajara,nuevo,Norte
C-073C00EC36,2026-09-11 18:49:47,Hugo Salazar,hugo.salazar.54@obelie.mx,3399678407,Tlajomulco,nuevo,Sur
C-19FAED122E,2026-09-11 18:49:48,Hugo Salazar,hugo.salazar.79@obelie.mx,3328626888,Tlaquepaque,mayoreo,Sur
C-03A85FC089,2026-09-11 18:49:48,Jorge Castillo,jorge.castillo.90@obelie.mx,3397639341,Tlajomulco,frecuente,Norte
C-6BE0A9684F,2026-09-11 18:49:49,Fernando Diaz,fernando.diaz.59@obelie.mx,3395814888,Tlajomulco,frecuente,Plaza Obelie
C-0A07179C76,2026-09-11 18:49:50,Hugo Salazar,hugo.salazar.92@obelie.mx,3392925022,Zapopan,frecuente,Centro
C-0178C22E30,2026-09-11 18:49:50,Daniela Pineda,daniela.pineda.54@obelie.mx,3336126494,Guadalajara,frecuente,Sur
C-574E4B5345,2026-09-11 18:49:51,Hugo Salazar,hugo.salazar.94@obelie.mx,3334215738,Guadalajara,frecuente,Centro
C-E25BEF2A1E,2026-09-11 18:49:52,Andres Molina,andres.molina.51@obelie.mx,3357349187,Tlajomulco,mayoreo,Centro
C-6025F35B29,2026-09-11 18:49:52,Paola Nunez,paola.nunez.46@obelie.mx,3362068120,Tlaquepaque,evento,Plaza Obelie
C-DB676EFCEE,2026-09-11 18:49:53,Paola Nunez,paola.nunez.99@obelie.mx,3367882560,Tonalá,mayoreo,Centro
C-EBEA6327C6,2026-09-11 18:49:54,Valeria Ortiz,valeria.ortiz.61@obelie.mx,3311829019,Zapopan,evento,Norte
C-92DF075F26,2026-09-11 18:49:54,Camila Herrera,camila.herrera.13@obelie.mx,3329337013,Guadalajara,evento,Centro
C-D89169110F,2026-09-11 18:49:55,Sofia Ramirez,sofia.ramirez.97@obelie.mx,3343932267,Guadalajara,nuevo,Norte
C-0763EECF53,2026-09-11 18:49:56,Mateo Aguilar,mateo.aguilar.57@obelie.mx,3371307206,Zapopan,mayoreo,Plaza Obelie
C-E42AD5FA0C,2026-09-11 18:49:57,Ricardo Flores,ricardo.flores.86@obelie.mx,3354944076,Tonalá,evento,Centro
C-E7B754AAAF,2026-09-11 18:49:57,Daniela Pineda,daniela.pineda.71@obelie.mx,3332184325,Tonalá,nuevo,Norte
C-E5FB5A0419,2026-09-11 18:49:58,Daniela Pineda,daniela.pineda.29@obelie.mx,3340142464,Tonalá,evento,Centro
C-34F2AE0840,2026-09-11 18:49:58,Camila Herrera,camila.herrera.83@obelie.mx,3374294723,Guadalajara,mayoreo,Norte
C-5B459B6B14,2026-09-11 18:49:59,Andres Molina,andres.molina.53@obelie.mx,3374996624,Tlajomulco,mayoreo,Norte
C-72BEA41A92,2026-09-11 18:50:00,Valeria Ortiz,valeria.ortiz.54@obelie.mx,3398044895,Tlajomulco,frecuente,Centro
C-E47850FF4F,2026-09-11 18:50:01,Ricardo Flores,ricardo.flores.96@obelie.mx,3354194810,Tlaquepaque,frecuente,Centro
C-C1E3992656,2026-09-11 18:50:01,Ricardo Flores,ricardo.flores.89@obelie.mx,3356279147,Tonalá,nuevo,Plaza Obelie
C-4FF0A66B82,2026-09-11 18:50:02,Andres Molina,andres.molina.83@obelie.mx,3328173767,Tlajomulco,frecuente,Norte
C-72B9FA1E0C,2026-09-11 18:50:02,Valeria Ortiz,valeria.ortiz.37@obelie.mx,3338678315,Guadalajara,evento,Centro
C-4A86EE09A0,2026-09-11 18:50:03,Camila Herrera,camila.herrera.83@obelie.mx,3334696918,Tonalá,mayoreo,Plaza Obelie
C-3E52A5D1D1,2026-09-11 18:50:04,Hugo Salazar,hugo.salazar.19@obelie.mx,3397906409,Guadalajara,nuevo,Sur
C-795269E344,2026-09-11 18:50:04,Ricardo Flores,ricardo.flores.36@obelie.mx,3343663037,Tlaquepaque,mayoreo,Sur
C-CA3C5FFDF2,2026-09-11 18:50:05,Daniela Pineda,daniela.pineda.36@obelie.mx,3332578649,Guadalajara,mayoreo,Centro
C-B8A3161F17,2026-09-11 18:50:06,Mateo Aguilar,mateo.aguilar.88@obelie.mx,3370448040,Tlajomulco,frecuente,Norte
C-5D07A3311D,2026-09-11 18:50:06,Daniela Pineda,daniela.pineda.15@obelie.mx,3385516362,Zapopan,mayoreo,Norte
C-691BDE232B,2026-09-11 18:50:07,Jorge Castillo,jorge.castillo.15@obelie.mx,3326553639,Zapopan,mayoreo,Norte
C-E4393076B1,2026-09-11 18:50:07,Camila Herrera,camila.herrera.73@obelie.mx,3356843036,Tlajomulco,nuevo,Sur
C-AC157395FB,2026-09-11 18:50:08,Valeria Ortiz,valeria.ortiz.77@obelie.mx,3326975309,Guadalajara,evento,Sur
C-F88373D818,2026-09-11 18:50:08,Paola Nunez,paola.nunez.56@obelie.mx,3310414153,Zapopan,evento,Sur
C-C1A08F94AA,2026-09-11 18:50:09,Elena Vargas,elena.vargas.56@obelie.mx,3321901574,Tlaquepaque,mayoreo,Centro
C-AF2A2C1832,2026-09-11 18:50:09,Hugo Salazar,hugo.salazar.26@obelie.mx,3331217972,Zapopan,mayoreo,Centro
C-02AB826B03,2026-09-11 18:50:10,Valeria Ortiz,valeria.ortiz.81@obelie.mx,3364568576,Zapopan,evento,Centro
C-99187FC270,2026-09-11 18:50:11,Hugo Salazar,hugo.salazar.84@obelie.mx,3393887675,Tonalá,frecuente,Norte
C-F2F2C17906,2026-09-11 18:50:12,Mateo Aguilar,mateo.aguilar.10@obelie.mx,3374047820,Tlaquepaque,evento,Plaza Obelie
C-AF084244C9,2026-09-11 18:50:13,Jorge Castillo,jorge.castillo.26@obelie.mx,3371035703,Guadalajara,nuevo,Norte
C-1EFDFF8F9A,2026-09-11 18:50:13,Elena Vargas,elena.vargas.25@obelie.mx,3316731036,Tonalá,nuevo,Plaza Obelie
C-FB4FFBE5A9,2026-09-11 18:50:14,Andres Molina,andres.molina.16@obelie.mx,3353453087,Zapopan,evento,Norte
C-481BC294C5,2026-09-11 18:50:15,Fernando Diaz,fernando.diaz.97@obelie.mx,3323002553,Zapopan,nuevo,Norte
C-8E0C0CD01A,2026-09-11 18:50:16,Sofia Ramirez,sofia.ramirez.94@obelie.mx,3318943466,Guadalajara,evento,Plaza Obelie
C-5299120E1F,2026-09-11 18:50:16,Valeria Ortiz,valeria.ortiz.13@obelie.mx,3369179148,Zapopan,evento,Centro
C-F71AF80401,2026-09-11 18:50:17,Sofia Ramirez,sofia.ramirez.50@obelie.mx,3345654176,Tlajomulco,mayoreo,Norte
C-CE115F3604,2026-09-11 18:50:18,Sofia Ramirez,sofia.ramirez.24@obelie.mx,3361044545,Tonalá,mayoreo,Sur
C-09FBF0D2F0,2026-09-11 18:50:19,Mateo Aguilar,mateo.aguilar.53@obelie.mx,3328842970,Tonalá,mayoreo,Sur
C-CFA305D736,2026-09-11 18:50:19,Mateo Aguilar,mateo.aguilar.81@obelie.mx,3392395050,Zapopan,mayoreo,Norte
C-7C237A5C3D,2026-09-11 18:50:20,Camila Herrera,camila.herrera.13@obelie.mx,3389984375,Guadalajara,frecuente,Plaza Obelie
C-AE8166D01C,2026-09-11 18:50:21,Andres Molina,andres.molina.60@obelie.mx,3333352376,Tlaquepaque,evento,Centro
C-83544DCE27,2026-09-11 18:50:22,Sofia Ramirez,sofia.ramirez.57@obelie.mx,3371602783,Tlaquepaque,nuevo,Norte
C-550003B8FB,2026-09-11 18:50:22,Jorge Castillo,jorge.castillo.11@obelie.mx,3328754381,Tonalá,frecuente,Norte
C-7F36F3DE3B,2026-09-11 18:50:23,Hugo Salazar,hugo.salazar.41@obelie.mx,3389941608,Tlajomulco,frecuente,Centro
C-7690A38D59,2026-09-11 18:50:23,Fernando Diaz,fernando.diaz.71@obelie.mx,3360666185,Tlajomulco,evento,Plaza Obelie
C-60325A8082,2026-09-11 18:50:24,Hugo Salazar,hugo.salazar.23@obelie.mx,3366005998,Tlajomulco,frecuente,Sur
C-388BEE2182,2026-09-11 18:50:25,Valeria Ortiz,valeria.ortiz.35@obelie.mx,3332106336,Tlaquepaque,mayoreo,Sur
C-F3CC072DD3,2026-09-11 18:50:26,Valeria Ortiz,valeria.ortiz.80@obelie.mx,3386704841,Tlaquepaque,nuevo,Plaza Obelie
C-72B9A359C4,2026-09-11 18:50:26,Valeria Ortiz,valeria.ortiz.23@obelie.mx,3336637588,Tonalá,mayoreo,Centro
C-3D5B949834,2026-09-11 18:50:27,Andres Molina,andres.molina.37@obelie.mx,3383233729,Zapopan,mayoreo,Plaza Obelie
C-2D0F721857,2026-09-11 18:50:27,Elena Vargas,elena.vargas.86@obelie.mx,3377384552,Tlaquepaque,frecuente,Norte
C-3497CF14E7,2026-09-11 18:50:28,Fernando Diaz,fernando.diaz.79@obelie.mx,3317661803,Tonalá,evento,Sur
C-225597AD77,2026-09-11 18:50:29,Paola Nunez,paola.nunez.86@obelie.mx,3345619999,Tlajomulco,evento,Plaza Obelie
C-8A92FAF79E,2026-09-11 18:50:29,Paola Nunez,paola.nunez.59@obelie.mx,3333792452,Zapopan,nuevo,Plaza Obelie
C-83D318F183,2026-09-11 18:50:30,Mateo Aguilar,mateo.aguilar.20@obelie.mx,3330639452,Tlaquepaque,mayoreo,Plaza Obelie
C-C99E9C7D62,2026-09-11 18:50:30,Camila Herrera,camila.herrera.39@obelie.mx,3374735120,Guadalajara,evento,Centro
C-94FC4E26BF,2026-09-11 18:50:31,Hugo Salazar,hugo.salazar.35@obelie.mx,3339603086,Tlaquepaque,nuevo,Sur
C-91A6DAE39C,2026-09-11 18:50:32,Hugo Salazar,hugo.salazar.93@obelie.mx,3356483132,Tonalá,mayoreo,Plaza Obelie
C-5187EB38AF,2026-09-11 18:50:33,Valeria Ortiz,valeria.ortiz.54@obelie.mx,3339284703,Guadalajara,mayoreo,Norte
C-8B527AC97D,2026-09-11 18:50:33,Valeria Ortiz,valeria.ortiz.48@obelie.mx,3346798772,Zapopan,frecuente,Sur
C-8C09BDC4BD,2026-09-11 18:50:34,Valeria Ortiz,valeria.ortiz.30@obelie.mx,3356811369,Tlaquepaque,frecuente,Sur
C-A385443C4A,2026-09-11 18:50:35,Andres Molina,andres.molina.54@obelie.mx,3364617203,Tlajomulco,mayoreo,Centro
C-D7D35DB576,2026-09-11 18:50:35,Hugo Salazar,hugo.salazar.12@obelie.mx,3315705578,Tlaquepaque,nuevo,Plaza Obelie
C-0943727255,2026-09-11 18:50:36,Fernando Diaz,fernando.diaz.61@obelie.mx,3361477830,Tonalá,frecuente,Plaza Obelie
C-F3BD5C5CFF,2026-09-11 18:50:36,Ricardo Flores,ricardo.flores.81@obelie.mx,3362506770,Tonalá,mayoreo,Sur
C-CF6A436E44,2026-09-11 18:50:37,Mateo Aguilar,mateo.aguilar.27@obelie.mx,3352266346,Zapopan,nuevo,Centro
C-0C0F322BDD,2026-09-11 18:50:38,Mateo Aguilar,mateo.aguilar.73@obelie.mx,3378273058,Zapopan,frecuente,Plaza Obelie
C-4116A1044F,2026-09-11 18:50:39,Sofia Ramirez,sofia.ramirez.94@obelie.mx,3324622414,Zapopan,mayoreo,Plaza Obelie
C-C9D1F335EC,2026-09-11 18:50:39,Elena Vargas,elena.vargas.91@obelie.mx,3326961202,Guadalajara,evento,Centro
C-11F1F419DC,2026-09-11 18:50:40,Camila Herrera,camila.herrera.30@obelie.mx,3356119221,Zapopan,nuevo,Centro
C-E907EAC74F,2026-09-11 18:50:41,Mateo Aguilar,mateo.aguilar.91@obelie.mx,3363387503,Tlaquepaque,mayoreo,Plaza Obelie
C-1836F591F6,2026-09-11 18:50:41,Ricardo Flores,ricardo.flores.99@obelie.mx,3328409242,Guadalajara,evento,Plaza Obelie
C-44939D91C0,2026-09-11 18:50:42,Daniela Pineda,daniela.pineda.98@obelie.mx,3356803189,Tonalá,nuevo,Plaza Obelie
C-D5E0B4279C,2026-09-11 18:50:42,Valeria Ortiz,valeria.ortiz.24@obelie.mx,3345263987,Zapopan,mayoreo,Norte
C-5C09AD3F46,2026-09-11 18:50:43,Camila Herrera,camila.herrera.36@obelie.mx,3386054976,Zapopan,evento,Norte
C-D313018670,2026-09-11 18:50:44,Camila Herrera,camila.herrera.66@obelie.mx,3344752419,Tlaquepaque,nuevo,Sur
C-615A517FEF,2026-09-11 18:50:44,Fernando Diaz,fernando.diaz.16@obelie.mx,3361872322,Tlajomulco,nuevo,Centro
C-B43F8BB617,2026-09-11 18:50:45,Andres Molina,andres.molina.14@obelie.mx,3382816342,Guadalajara,evento,Plaza Obelie
C-DFEECE83A1,2026-09-11 18:50:45,Elena Vargas,elena.vargas.38@obelie.mx,3321933133,Tlajomulco,frecuente,Centro
C-FACED76355,2026-09-11 18:50:46,Camila Herrera,camila.herrera.83@obelie.mx,3340315303,Tlajomulco,evento,Sur
C-645B14A6CA,2026-09-11 18:50:47,Fernando Diaz,fernando.diaz.95@obelie.mx,3358197227,Tlajomulco,evento,Plaza Obelie
C-1896338831,2026-09-11 18:50:47,Hugo Salazar,hugo.salazar.48@obelie.mx,3361894601,Tlajomulco,mayoreo,Sur
C-34C48931BE,2026-09-11 18:50:48,Camila Herrera,camila.herrera.14@obelie.mx,3337411397,Tonalá,nuevo,Plaza Obelie
C-905E32317E,2026-09-11 18:50:48,Valeria Ortiz,valeria.ortiz.77@obelie.mx,3345111872,Zapopan,mayoreo,Norte
C-30CDD8E6B5,2026-09-11 18:50:49,Camila Herrera,camila.herrera.72@obelie.mx,3347248834,Tlajomulco,mayoreo,Plaza Obelie
C-12276D869C,2026-09-11 18:50:50,Camila Herrera,camila.herrera.63@obelie.mx,3328764170,Tlajomulco,nuevo,Norte
C-2E4952F07D,2026-09-11 18:50:50,Jorge Castillo,jorge.castillo.27@obelie.mx,3369194577,Zapopan,evento,Centro
C-D76B8845EF,2026-09-11 18:50:51,Ricardo Flores,ricardo.flores.98@obelie.mx,3377479605,Tlaquepaque,nuevo,Norte
C-0CF59E9814,2026-09-11 18:50:52,Elena Vargas,elena.vargas.73@obelie.mx,3359394881,Tonalá,mayoreo,Sur
C-061C9964DE,2026-09-11 18:50:53,Daniela Pineda,daniela.pineda.42@obelie.mx,3379113534,Tlaquepaque,mayoreo,Plaza Obelie
C-D57648F0B3,2026-09-11 18:50:53,Ricardo Flores,ricardo.flores.19@obelie.mx,3343938985,Tlaquepaque,frecuente,Norte
C-0DD357F798,2026-09-11 18:50:54,Paola Nunez,paola.nunez.24@obelie.mx,3374331670,Zapopan,mayoreo,Plaza Obelie
C-FA68BE73F7,2026-09-11 18:50:55,Mateo Aguilar,mateo.aguilar.19@obelie.mx,3372123611,Guadalajara,frecuente,Plaza Obelie
C-869F224950,2026-09-11 18:50:55,Fernando Diaz,fernando.diaz.92@obelie.mx,3320423128,Guadalajara,frecuente,Centro
C-1BE359D550,2026-09-11 18:50:56,Ricardo Flores,ricardo.flores.12@obelie.mx,3353346963,Tlajomulco,frecuente,Norte
C-BCB333EFBE,2026-09-11 18:50:57,Elena Vargas,elena.vargas.21@obelie.mx,3384506495,Guadalajara,mayoreo,Sur
C-6CD03345BD,2026-09-11 18:50:57,Mateo Aguilar,mateo.aguilar.49@obelie.mx,3395135727,Zapopan,frecuente,Sur
C-6E890D0216,2026-09-11 18:50:58,Mateo Aguilar,mateo.aguilar.20@obelie.mx,3362704936,Zapopan,evento,Sur
C-8C6D83C821,2026-09-11 18:50:58,Daniela Pineda,daniela.pineda.99@obelie.mx,3329268198,Guadalajara,mayoreo,Centro
C-AD0BD0AE36,2026-09-11 18:50:59,Hugo Salazar,hugo.salazar.77@obelie.mx,3392008748,Tlajomulco,frecuente,Sur
C-199A1540E2,2026-09-11 18:51:00,Elena Vargas,elena.vargas.92@obelie.mx,3398022809,Tlaquepaque,evento,Norte
C-0C4145F8BD,2026-09-11 18:51:01,Daniela Pineda,daniela.pineda.45@obelie.mx,3323186757,Tonalá,evento,Plaza Obelie
C-6C5A9C8A78,2026-09-11 18:51:01,Paola Nunez,paola.nunez.87@obelie.mx,3375264511,Tlajomulco,nuevo,Centro
C-7FED6B7C1C,2026-09-11 18:51:02,Paola Nunez,paola.nunez.70@obelie.mx,3333144100,Tlaquepaque,evento,Centro
C-FB51D766E7,2026-09-11 18:51:02,Andres Molina,andres.molina.31@obelie.mx,3312452619,Tonalá,nuevo,Sur
C-E14995C4AF,2026-09-11 18:51:03,Mateo Aguilar,mateo.aguilar.38@obelie.mx,3343547906,Tlaquepaque,nuevo,Plaza Obelie
C-D0228E480B,2026-09-11 18:51:04,Paola Nunez,paola.nunez.27@obelie.mx,3338056801,Tlaquepaque,evento,Centro
C-0BE3DC9D4D,2026-09-11 18:51:05,Fernando Diaz,fernando.diaz.17@obelie.mx,3348585560,Tlajomulco,frecuente,Norte
C-9215B1435F,2026-09-11 18:51:06,Andres Molina,andres.molina.61@obelie.mx,3311899370,Tlaquepaque,mayoreo,Sur
C-F95ABAE081,2026-09-11 18:51:07,Ricardo Flores,ricardo.flores.42@obelie.mx,3386751817,Tonalá,evento,Norte
C-21FB823CB9,2026-09-11 18:51:07,Paola Nunez,paola.nunez.28@obelie.mx,3381649352,Tlaquepaque,nuevo,Norte
C-208DEB5695,2026-09-11 18:51:08,Ricardo Flores,ricardo.flores.88@obelie.mx,3334692462,Guadalajara,mayoreo,Centro
C-E79DC6FC72,2026-09-11 18:51:08,Camila Herrera,camila.herrera.54@obelie.mx,3376327201,Tlajomulco,nuevo,Centro
C-3047E872B5,2026-09-11 18:51:09,Jorge Castillo,jorge.castillo.12@obelie.mx,3327746261,Zapopan,mayoreo,Plaza Obelie
C-C0C774F7BC,2026-09-11 18:51:09,Daniela Pineda,daniela.pineda.16@obelie.mx,3380131275,Tlaquepaque,evento,Sur
C-0A921550B6,2026-09-11 18:51:10,Jorge Castillo,jorge.castillo.66@obelie.mx,3321435721,Tonalá,nuevo,Centro
C-EB7228F1AE,2026-09-11 18:51:11,Andres Molina,andres.molina.57@obelie.mx,3315155493,Tlaquepaque,frecuente,Plaza Obelie
C-E1F5989C7F,2026-09-11 18:51:11,Hugo Salazar,hugo.salazar.45@obelie.mx,3347114963,Tonalá,evento,Plaza Obelie
C-1D8059D52B,2026-09-11 18:51:12,Paola Nunez,paola.nunez.36@obelie.mx,3389557268,Tlaquepaque,mayoreo,Centro
C-4FB3F5571C,2026-09-11 18:51:12,Hugo Salazar,hugo.salazar.91@obelie.mx,3335688991,Tlajomulco,evento,Centro
C-3A37DE2481,2026-09-11 18:51:13,Elena Vargas,elena.vargas.29@obelie.mx,3353347045,Tlaquepaque,mayoreo,Norte
C-D89B6DF0DA,2026-09-11 18:51:13,Hugo Salazar,hugo.salazar.99@obelie.mx,3318223499,Tlaquepaque,mayoreo,Plaza Obelie
C-35B50E5BC5,2026-09-11 18:51:14,Paola Nunez,paola.nunez.10@obelie.mx,3398485928,Tlaquepaque,mayoreo,Centro
C-61EFB79A12,2026-09-11 18:51:15,Camila Herrera,camila.herrera.97@obelie.mx,3368276167,Guadalajara,evento,Plaza Obelie
C-ECFA151B09,2026-09-11 18:51:16,Paola Nunez,paola.nunez.95@obelie.mx,3329546217,Guadalajara,frecuente,Sur
C-42C9320444,2026-09-11 18:51:17,Elena Vargas,elena.vargas.38@obelie.mx,3393486913,Zapopan,nuevo,Sur
C-5FA2C3B8B3,2026-09-11 18:51:17,Camila Herrera,camila.herrera.53@obelie.mx,3330375268,Tonalá,frecuente,Plaza Obelie
C-6B015A2839,2026-09-11 18:51:18,Paola Nunez,paola.nunez.96@obelie.mx,3375192025,Tlajomulco,mayoreo,Centro
C-FE67E30EB9,2026-09-11 18:51:19,Hugo Salazar,hugo.salazar.45@obelie.mx,3369568292,Tlaquepaque,evento,Norte
C-F6D85AEF93,2026-09-11 18:51:19,Daniela Pineda,daniela.pineda.53@obelie.mx,3326209289,Tlaquepaque,mayoreo,Norte
C-8A7A1511D7,2026-09-11 18:51:20,Andres Molina,andres.molina.34@obelie.mx,3375016449,Guadalajara,nuevo,Plaza Obelie
C-D947A7E59E,2026-09-11 18:51:21,Daniela Pineda,daniela.pineda.82@obelie.mx,3363768835,Tlajomulco,frecuente,Norte
C-4ACA86601A,2026-09-11 18:51:22,Andres Molina,andres.molina.61@obelie.mx,3353886152,Tlaquepaque,evento,Sur
C-2E502D3875,2026-09-11 18:51:22,Valeria Ortiz,valeria.ortiz.17@obelie.mx,3339404899,Zapopan,nuevo,Norte
C-6032FBD1AD,2026-09-11 18:51:23,Daniela Pineda,daniela.pineda.39@obelie.mx,3317736257,Tlaquepaque,nuevo,Norte
C-679FA15E2A,2026-09-11 18:51:24,Mateo Aguilar,mateo.aguilar.67@obelie.mx,3386971140,Tlaquepaque,nuevo,Sur
C-792FADF89B,2026-09-11 18:51:24,Mateo Aguilar,mateo.aguilar.37@obelie.mx,3389205179,Tonalá,evento,Sur
C-4E085F4458,2026-09-11 18:51:25,Ricardo Flores,ricardo.flores.88@obelie.mx,3347881525,Tlaquepaque,frecuente,Plaza Obelie
C-611FAC6C5B,2026-09-11 18:51:25,Daniela Pineda,daniela.pineda.77@obelie.mx,3376335538,Guadalajara,mayoreo,Centro
C-0B51ED2647,2026-09-11 18:51:26,Valeria Ortiz,valeria.ortiz.69@obelie.mx,3313354937,Zapopan,evento,Centro
C-7C5F1CA9CE,2026-09-11 18:51:26,Camila Herrera,camila.herrera.57@obelie.mx,3332936711,Guadalajara,frecuente,Plaza Obelie
C-3653EBA7A3,2026-09-11 18:51:27,Hugo Salazar,hugo.salazar.74@obelie.mx,3366427349,Tonalá,nuevo,Plaza Obelie
C-1FF5A3D17A,2026-09-11 18:51:28,Fernando Diaz,fernando.diaz.51@obelie.mx,3345463915,Tlaquepaque,evento,Norte
C-E6981366F4,2026-09-11 18:51:29,Hugo Salazar,hugo.salazar.40@obelie.mx,3342994425,Zapopan,mayoreo,Norte
C-CB2B338918,2026-09-11 18:51:30,Paola Nunez,paola.nunez.64@obelie.mx,3396865240,Zapopan,nuevo,Centro
C-A914C82F4B,2026-09-11 18:51:30,Fernando Diaz,fernando.diaz.14@obelie.mx,3340168110,Zapopan,mayoreo,Centro
C-CDC0802180,2026-09-11 18:51:31,Paola Nunez,paola.nunez.86@obelie.mx,3327165076,Guadalajara,evento,Norte
C-C871316CEB,2026-09-11 18:51:32,Sofia Ramirez,sofia.ramirez.69@obelie.mx,3367072658,Zapopan,nuevo,Sur
C-49EC291758,2026-09-11 18:51:32,Paola Nunez,paola.nunez.42@obelie.mx,3376056265,Tlajomulco,evento,Centro
C-E984DF48E8,2026-09-11 18:51:33,Andres Molina,andres.molina.58@obelie.mx,3319744449,Zapopan,nuevo,Plaza Obelie
C-F391E64C59,2026-09-11 18:51:34,Fernando Diaz,fernando.diaz.92@obelie.mx,3390881312,Tlaquepaque,mayoreo,Plaza Obelie
C-C0E0B8B383,2026-09-11 18:51:35,Paola Nunez,paola.nunez.77@obelie.mx,3338499206,Zapopan,frecuente,Centro
C-3A9061FB07,2026-09-11 18:51:35,Hugo Salazar,hugo.salazar.77@obelie.mx,3374906695,Tonalá,mayoreo,Norte
C-5AC77FC562,2026-09-11 18:51:36,Sofia Ramirez,sofia.ramirez.68@obelie.mx,3330946033,Tlajomulco,frecuente,Plaza Obelie
C-5AEE42D6C1,2026-09-11 18:51:37,Valeria Ortiz,valeria.ortiz.24@obelie.mx,3360027338,Tonalá,evento,Norte
