id_evento,fecha_hora,producto,stock,sucursal,categoria,unidad,costo_unitario
I-E1B2C49911,2026-09-11 17:51:11,Galleta de mantequilla,75,Sur,Reposteria,pza,6.0
I-837DDFA160,2026-09-11 17:51:12,Brownie nogada,49,Plaza Obelie,Reposteria,pza,20.0
I-8B032A1780,2026-09-11 17:51:13,Galleta de mantequilla,72,Sur,Reposteria,pza,6.0
I-77882F1798,2026-09-11 17:51:13,Galleta de mantequilla,27,Centro,Reposteria,pza,6.0
I-933506F544,2026-09-11 17:51:14,Pastel de chocolate,26,Norte,Pasteles,pza,150.0
I-5C6FC224A5,2026-09-11 17:51:15,Brownie nogada,28,Norte,Reposteria,pza,20.0
I-53B883A861,2026-09-11 17:51:11,Baguette tradicional,36,Plaza Obelie,Panaderia,pza,9.0
I-B11B4B6A3D,2026-09-11 17:51:13,Croissant de almendra,51,Sur,Viennoiserie,pza,18.0
I-0690EA0C8C,2026-09-11 17:51:14,Croissant de almendra,69,Centro,Viennoiserie,pza,18.0
I-EF115D3C4D,2026-09-11 17:51:15,Croissant de almendra,77,Plaza Obelie,Viennoiserie,pza,18.0
I-BF0AEA6508,2026-09-11 17:51:16,Tarta de frutas,32,Norte,Pasteles,pza,155.0
I-B2363C1BCD,2026-09-11 17:51:17,Cheesecake de frutos rojos,62,Plaza Obelie,Pasteles,pza,170.0
I-951D90BD67,2026-09-11 17:51:17,Pastel de chocolate,42,Sur,Pasteles,pza,150.0
I-DD310194E1,2026-09-11 17:51:18,Rol de canela,77,Norte,Viennoiserie,pza,15.0
I-15C2940EAD,2026-09-11 17:51:18,Tarta de frutas,16,Plaza Obelie,Pasteles,pza,155.0
I-18E0BF179F,2026-09-11 17:51:19,Cheesecake de frutos rojos,51,Centro,Pasteles,pza,170.0
I-B82961F60D,2026-09-11 17:51:19,Tarta de frutas,84,Sur,Pasteles,pza,155.0
I-630612F177,2026-09-11 17:51:19,Brownie nogada,53,Plaza Obelie,Reposteria,pza,20.0
I-384DC48742,2026-09-11 17:51:20,Baguette tradicional,29,Plaza Obelie,Panaderia,pza,9.0
I-FCBABA2CB1,2026-09-11 17:51:20,Macaron mixto,60,Centro,Petit fours,pza,10.0
I-6E57CA186E,2026-09-11 17:51:21,Baguette tradicional,34,Centro,Panaderia,pza,9.0
I-8D4523FFB8,2026-09-11 17:51:22,Galleta de mantequilla,89,Norte,Reposteria,pza,6.0
I-0531904F06,2026-09-11 17:51:22,Tarta de frutas,40,Norte,Pasteles,pza,155.0
I-217C828EDA,2026-09-11 17:51:23,Galleta de mantequilla,84,Norte,Reposteria,pza,6.0
I-3313A90BE8,2026-09-11 17:51:24,Croissant de almendra,27,Norte,Viennoiserie,pza,18.0
I-CA4A9FFD2F,2026-09-11 17:51:24,Galleta de mantequilla,95,Norte,Reposteria,pza,6.0
I-6EC75C848B,2026-09-11 17:51:25,Cheesecake de frutos rojos,55,Plaza Obelie,Pasteles,pza,170.0
I-6E7FFCBDD5,2026-09-11 17:51:25,Cheesecake de frutos rojos,61,Sur,Pasteles,pza,170.0
I-E5320A53C1,2026-09-11 17:51:26,Galleta de mantequilla,82,Sur,Reposteria,pza,6.0
I-E004E2E054,2026-09-11 17:51:26,Pastel de chocolate,42,Sur,Pasteles,pza,150.0
I-14471A6B6A,2026-09-11 17:51:27,Macaron mixto,48,Sur,Petit fours,pza,10.0
I-17D90F32B6,2026-09-11 17:51:28,Croissant de almendra,49,Sur,Viennoiserie,pza,18.0
I-FC4BC76923,2026-09-11 17:51:28,Baguette tradicional,83,Norte,Panaderia,pza,9.0
I-84BDAA7B24,2026-09-11 17:51:29,Rol de canela,42,Centro,Viennoiserie,pza,15.0
I-A34019BF05,2026-09-11 17:51:29,Croissant de almendra,29,Norte,Viennoiserie,pza,18.0
I-E0E820DA94,2026-09-11 17:51:30,Tarta de frutas,96,Sur,Pasteles,pza,155.0
I-E8D4D918C7,2026-09-11 17:51:30,Brownie nogada,39,Centro,Reposteria,pza,20.0
I-5A6D7C8091,2026-09-11 17:51:31,Pastel de chocolate,81,Plaza Obelie,Pasteles,pza,150.0
I-40F5DD3FAB,2026-09-11 17:51:32,Baguette tradicional,72,Sur,Panaderia,pza,9.0
I-F6353FE785,2026-09-11 17:51:32,Rol de canela,37,Centro,Viennoiserie,pza,15.0
I-4EE4A609CE,2026-09-11 17:51:33,Rol de canela,82,Norte,Viennoiserie,pza,15.0
I-4D333EE42B,2026-09-11 17:51:34,Eclair de cafe,73,Sur,Petit fours,pza,16.0
I-6F65B6A6A0,2026-09-11 17:51:34,Rol de canela,74,Sur,Viennoiserie,pza,15.0
I-1B2703FD0D,2026-09-11 17:51:35,Cheesecake de frutos rojos,66,Plaza Obelie,Pasteles,pza,170.0
I-7D98BF339F,2026-09-11 17:51:36,Macaron mixto,42,Sur,Petit fours,pza,10.0
I-6F9B817539,2026-09-11 17:51:36,Tarta de frutas,57,Centro,Pasteles,pza,155.0
I-36918F6461,2026-09-11 17:51:37,Tarta de frutas,89,Sur,Pasteles,pza,155.0
I-B374712DFF,2026-09-11 17:51:37,Rol de canela,38,Centro,Viennoiserie,pza,15.0
I-421323CEF3,2026-09-11 17:51:38,Pastel de chocolate,83,Plaza Obelie,Pasteles,pza,150.0
I-9A6D7D3296,2026-09-11 17:51:38,Croissant de almendra,81,Centro,Viennoiserie,pza,18.0
I-997945607F,2026-09-11 17:51:39,Eclair de cafe,57,Centro,Petit fours,pza,16.0
I-7EF32AE5E0,2026-09-11 17:51:39,Pastel de chocolate,37,Norte,Pasteles,pza,150.0
I-6221A4ED0D,2026-09-11 17:51:40,Cheesecake de frutos rojos,72,Plaza Obelie,Pasteles,pza,170.0
I-82A152C3C3,2026-09-11 17:51:40,Rol de canela,75,Sur,Viennoiserie,pza,15.0
I-7EA3F08229,2026-09-11 17:51:41,Cheesecake de frutos rojos,83,Plaza Obelie,Pasteles,pza,170.0
I-625A639E79,2026-09-11 17:51:42,Brownie nogada,84,Sur,Reposteria,pza,20.0
I-FB3591271B,2026-09-11 17:51:42,Rol de canela,76,Sur,Viennoiserie,pza,15.0
I-8468176C8F,2026-09-11 17:51:43,Eclair de cafe,27,Norte,Petit fours,pza,16.0
I-4D0FDC0993,2026-09-11 17:51:43,Macaron mixto,52,Centro,Petit fours,pza,10.0
I-33E48E0E46,2026-09-11 17:51:44,Brownie nogada,48,Centro,Reposteria,pza,20.0
I-5430EEE109,2026-09-11 17:51:45,Pastel de chocolate,78,Plaza Obelie,Pasteles,pza,150.0
I-62D908EA71,2026-09-11 17:51:45,Baguette tradicional,88,Norte,Panaderia,pza,9.0
I-F8B145CEE6,2026-09-11 17:51:46,Macaron mixto,25,Norte,Petit fours,pza,10.0
I-8734AE4572,2026-09-11 17:51:46,Cheesecake de frutos rojos,53,Centro,Pasteles,pza,170.0
I-D3DD63BA5A,2026-09-11 17:51:47,Cheesecake de frutos rojos,56,Sur,Pasteles,pza,170.0
I-A7FACE55DC,2026-09-11 17:51:47,Pastel de chocolate,63,Centro,Pasteles,pza,150.0
I-674A4CE801,2026-09-11 17:51:48,Croissant de almendra,33,Norte,Viennoiserie,pza,18.0
I-DD4849F7C3,2026-09-11 17:51:49,Brownie nogada,25,Norte,Reposteria,pza,20.0
I-8D9503FC0B,2026-09-11 17:51:49,Pastel de chocolate,72,Plaza Obelie,Pasteles,pza,150.0
I-B5A3951652,2026-09-11 17:51:50,Rol de canela,88,Norte,Viennoiserie,pza,15.0
I-8832C5743A,2026-09-11 17:51:50,Rol de canela,77,Plaza Obelie,Viennoiserie,pza,15.0
I-1B70AD71D7,2026-09-11 17:51:51,Macaron mixto,48,Centro,Petit fours,pza,10.0
I-9E5683B081,2026-09-11 17:51:51,Eclair de cafe,71,Sur,Petit fours,pza,16.0
I-F39CE1F2A9,2026-09-11 17:51:52,Rol de canela,30,Centro,Viennoiserie,pza,15.0
I-8AE53E9444,2026-09-11 17:51:53,Brownie nogada,53,Centro,Reposteria,pza,20.0
I-0408D5BB65,2026-09-11 17:51:53,Cheesecake de frutos rojos,23,Norte,Pasteles,pza,170.0
I-2015483DF5,2026-09-11 17:51:54,Eclair de cafe,58,Centro,Petit fours,pza,16.0
I-E1A626E288,2026-09-11 17:51:55,Galleta de mantequilla,80,Sur,Reposteria,pza,6.0
I-2115028926,2026-09-11 17:51:55,Macaron mixto,19,Norte,Petit fours,pza,10.0
I-D3C4376D94,2026-09-11 17:51:56,Croissant de almendra,88,Plaza Obelie,Viennoiserie,pza,18.0
I-925EDDD411,2026-09-11 17:51:56,Rol de canela,23,Centro,Viennoiserie,pza,15.0
I-6E0D9D71C9,2026-09-11 17:51:57,Baguette tradicional,29,Plaza Obelie,Panaderia,pza,9.0
I-5622B46BD1,2026-09-11 17:51:58,Macaron mixto,64,Plaza Obelie,Petit fours,pza,10.0
I-F0A38B7A51,2026-09-11 17:51:58,Baguette tradicional,46,Centro,Panaderia,pza,9.0
I-ADDBF95683,2026-09-11 17:51:59,Croissant de almendra,61,Sur,Viennoiserie,pza,18.0
I-315D48A1DE,2026-09-11 17:51:59,Galleta de mantequilla,86,Sur,Reposteria,pza,6.0
I-750D0FD1BF,2026-09-11 17:52:00,Tarta de frutas,34,Norte,Pasteles,pza,155.0
I-14ACAAE5E6,2026-09-11 17:52:00,Macaron mixto,39,Sur,Petit fours,pza,10.0
I-B0779A80D9,2026-09-11 17:52:01,Eclair de cafe,37,Norte,Petit fours,pza,16.0
I-9E9E3AB96D,2026-09-11 17:52:02,Baguette tradicional,34,Plaza Obelie,Panaderia,pza,9.0
I-276ABF8BF6,2026-09-11 17:52:02,Tarta de frutas,27,Norte,Pasteles,pza,155.0
I-430D2E3E79,2026-09-11 17:52:03,Macaron mixto,75,Plaza Obelie,Petit fours,pza,10.0
I-E1A5C43782,2026-09-11 17:52:03,Galleta de mantequilla,23,Plaza Obelie,Reposteria,pza,6.0
I-77F4038C41,2026-09-11 17:52:04,Galleta de mantequilla,98,Sur,Reposteria,pza,6.0
I-C964D3BF1C,2026-09-11 17:52:05,Brownie nogada,60,Plaza Obelie,Reposteria,pza,20.0
I-D87831F2E9,2026-09-11 17:52:05,Brownie nogada,60,Centro,Reposteria,pza,20.0
I-2E10495DF9,2026-09-11 17:52:05,Tarta de frutas,54,Centro,Pasteles,pza,155.0
I-548C81A1A7,2026-09-11 17:52:06,Brownie nogada,22,Norte,Reposteria,pza,20.0
I-D567CCEB97,2026-09-11 17:52:07,Brownie nogada,26,Norte,Reposteria,pza,20.0
I-F5F9DB46FE,2026-09-11 17:52:07,Tarta de frutas,99,Sur,Pasteles,pza,155.0
I-62F7D14B45,2026-09-11 17:52:08,Rol de canela,26,Centro,Viennoiserie,pza,15.0
I-8D17829D4B,2026-09-11 17:52:08,Cheesecake de frutos rojos,92,Plaza Obelie,Pasteles,pza,170.0
I-99DA579411,2026-09-11 17:52:09,Tarta de frutas,21,Plaza Obelie,Pasteles,pza,155.0
I-EEF6AB2D41,2026-09-11 17:52:09,Eclair de cafe,52,Centro,Petit fours,pza,16.0
I-C5D1063FD1,2026-09-11 17:52:10,Tarta de frutas,98,Sur,Pasteles,pza,155.0
I-4533D196DD,2026-09-11 17:52:11,Baguette tradicional,83,Norte,Panaderia,pza,9.0
I-147B12DC5D,2026-09-11 17:52:11,Macaron mixto,11,Norte,Petit fours,pza,10.0
I-35628A4A44,2026-09-11 17:52:12,Baguette tradicional,78,Norte,Panaderia,pza,9.0
I-603AD5B5C9,2026-09-11 17:52:12,Tarta de frutas,100,Sur,Pasteles,pza,155.0
I-0D1EB6011A,2026-09-11 17:52:13,Cheesecake de frutos rojos,31,Norte,Pasteles,pza,170.0
I-C3B52364C6,2026-09-11 17:52:13,Pastel de chocolate,35,Sur,Pasteles,pza,150.0
I-BAD97B99FD,2026-09-11 17:52:14,Cheesecake de frutos rojos,27,Norte,Pasteles,pza,170.0
I-77B68AEA29,2026-09-11 17:52:14,Eclair de cafe,56,Plaza Obelie,Petit fours,pza,16.0
I-C2EED75D46,2026-09-11 17:52:15,Baguette tradicional,82,Sur,Panaderia,pza,9.0
I-5E7C58B2B4,2026-09-11 17:52:16,Cheesecake de frutos rojos,103,Plaza Obelie,Pasteles,pza,170.0
I-7F224AF557,2026-09-11 17:52:16,Macaron mixto,87,Plaza Obelie,Petit fours,pza,10.0
I-4A3F57B064,2026-09-11 17:52:17,Eclair de cafe,68,Sur,Petit fours,pza,16.0
I-E77AC51722,2026-09-11 17:52:18,Tarta de frutas,112,Sur,Pasteles,pza,155.0
I-1DBBBF079B,2026-09-11 17:52:18,Pastel de chocolate,37,Sur,Pasteles,pza,150.0
I-7E49AED0C2,2026-09-11 17:52:19,Eclair de cafe,57,Centro,Petit fours,pza,16.0
I-5211A18EE5,2026-09-11 17:52:19,Croissant de almendra,86,Plaza Obelie,Viennoiserie,pza,18.0
I-453BE55DFA,2026-09-11 17:52:20,Galleta de mantequilla,22,Plaza Obelie,Reposteria,pza,6.0
I-15126EA1A2,2026-09-11 17:52:20,Galleta de mantequilla,93,Norte,Reposteria,pza,6.0
I-36AFF12C21,2026-09-11 17:52:21,Baguette tradicional,43,Plaza Obelie,Panaderia,pza,9.0
I-E9FCD11E4B,2026-09-11 17:52:21,Macaron mixto,83,Plaza Obelie,Petit fours,pza,10.0
I-802C82A9D4,2026-09-11 17:52:22,Macaron mixto,46,Sur,Petit fours,pza,10.0
I-B5438CE891,2026-09-11 17:52:22,Cheesecake de frutos rojos,35,Norte,Pasteles,pza,170.0
I-3AC8BE1E98,2026-09-11 17:52:23,Galleta de mantequilla,110,Sur,Reposteria,pza,6.0
I-C3658784D2,2026-09-11 17:52:24,Brownie nogada,87,Sur,Reposteria,pza,20.0
I-B28544DB96,2026-09-11 17:52:24,Galleta de mantequilla,37,Centro,Reposteria,pza,6.0
I-13F2775B54,2026-09-11 17:52:25,Cheesecake de frutos rojos,39,Norte,Pasteles,pza,170.0
I-56E4ADB17F,2026-09-11 17:52:25,Brownie nogada,28,Norte,Reposteria,pza,20.0
I-D2571EC745,2026-09-11 17:52:26,Cheesecake de frutos rojos,50,Sur,Pasteles,pza,170.0
I-36FF4C5771,2026-09-11 17:52:27,Pastel de chocolate,33,Sur,Pasteles,pza,150.0
I-CD8D86B0C9,2026-09-11 17:52:27,Eclair de cafe,35,Norte,Petit fours,pza,16.0
I-F69E036356,2026-09-11 17:52:28,Pastel de chocolate,31,Norte,Pasteles,pza,150.0
I-518E7AAC8C,2026-09-11 17:52:29,Brownie nogada,53,Plaza Obelie,Reposteria,pza,20.0
I-0C18BE4717,2026-09-11 17:52:29,Baguette tradicional,87,Sur,Panaderia,pza,9.0
I-1D7BFBC0B0,2026-09-11 17:52:29,Macaron mixto,80,Plaza Obelie,Petit fours,pza,10.0
I-1CB5E4A10F,2026-09-11 17:52:30,Macaron mixto,11,Norte,Petit fours,pza,10.0
I-FA37B1B7EA,2026-09-11 17:52:30,Macaron mixto,54,Sur,Petit fours,pza,10.0
I-02A6D73107,2026-09-11 17:52:31,Rol de canela,37,Centro,Viennoiserie,pza,15.0
I-1A3048A184,2026-09-11 17:52:32,Croissant de almendra,31,Norte,Viennoiserie,pza,18.0
I-352FDDC203,2026-09-11 17:52:32,Rol de canela,75,Plaza Obelie,Viennoiserie,pza,15.0
I-393DF94DE0,2026-09-11 17:52:33,Croissant de almendra,56,Sur,Viennoiserie,pza,18.0
I-29514CE92D,2026-09-11 17:52:34,Baguette tradicional,90,Norte,Panaderia,pza,9.0
I-B59D273905,2026-09-11 17:52:34,Brownie nogada,79,Sur,Reposteria,pza,20.0
I-E8FDC4F67A,2026-09-11 17:52:35,Croissant de almendra,28,Norte,Viennoiserie,pza,18.0
I-B59A4B4EA6,2026-09-11 17:52:36,Eclair de cafe,55,Centro,Petit fours,pza,16.0
I-76614E63B8,2026-09-11 17:52:36,Baguette tradicional,87,Norte,Panaderia,pza,9.0
I-9D27D0E85C,2026-09-11 17:52:37,Galleta de mantequilla,118,Sur,Reposteria,pza,6.0
I-3ECC8CAD5C,2026-09-11 17:52:38,Cheesecake de frutos rojos,62,Centro,Pasteles,pza,170.0
I-22D2108DB7,2026-09-11 17:52:38,Galleta de mantequilla,122,Sur,Reposteria,pza,6.0
I-59CCAF8644,2026-09-11 17:52:39,Rol de canela,96,Norte,Viennoiserie,pza,15.0
I-B3AFE0BF25,2026-09-11 17:52:39,Pastel de chocolate,29,Norte,Pasteles,pza,150.0
I-E11B0A7FF9,2026-09-11 17:52:40,Pastel de chocolate,33,Sur,Pasteles,pza,150.0
I-39D7A53654,2026-09-11 17:52:40,Rol de canela,71,Sur,Viennoiserie,pza,15.0
I-23CFFFB160,2026-09-11 17:52:41,Galleta de mantequilla,102,Norte,Reposteria,pza,6.0
I-80D82F35FA,2026-09-11 17:52:41,Cheesecake de frutos rojos,99,Plaza Obelie,Pasteles,pza,170.0
I-F8B338267D,2026-09-11 17:52:42,Galleta de mantequilla,134,Sur,Reposteria,pza,6.0
I-EA49B9EE65,2026-09-11 17:52:42,Croissant de almendra,20,Norte,Viennoiserie,pza,18.0
I-B1E6929361,2026-09-11 17:52:43,Baguette tradicional,98,Norte,Panaderia,pza,9.0
I-9D66A5B7B6,2026-09-11 17:52:43,Tarta de frutas,34,Norte,Pasteles,pza,155.0
I-780E953E58,2026-09-11 17:52:44,Tarta de frutas,112,Sur,Pasteles,pza,155.0
I-4E9A051F1E,2026-09-11 17:52:44,Macaron mixto,42,Centro,Petit fours,pza,10.0
I-FE96B5D7A5,2026-09-11 17:52:45,Brownie nogada,62,Centro,Reposteria,pza,20.0
I-75F688EF0B,2026-09-11 17:52:46,Macaron mixto,39,Centro,Petit fours,pza,10.0
I-9F4045231D,2026-09-11 17:52:46,Eclair de cafe,71,Sur,Petit fours,pza,16.0
I-A8D72263C4,2026-09-11 17:52:47,Rol de canela,75,Sur,Viennoiserie,pza,15.0
I-7F70F7BFCE,2026-09-11 17:52:48,Croissant de almendra,89,Centro,Viennoiserie,pza,18.0
I-46CCB498F2,2026-09-11 17:52:48,Macaron mixto,43,Centro,Petit fours,pza,10.0
I-CBEFDD2543,2026-09-11 17:52:49,Croissant de almendra,31,Norte,Viennoiserie,pza,18.0
I-D28B2444D9,2026-09-11 17:52:50,Cheesecake de frutos rojos,58,Centro,Pasteles,pza,170.0
I-D7E1DB2827,2026-09-11 17:52:50,Rol de canela,80,Sur,Viennoiserie,pza,15.0
I-260CCD1DA9,2026-09-11 17:52:51,Macaron mixto,6,Norte,Petit fours,pza,10.0
I-AE89909B52,2026-09-11 17:52:51,Cheesecake de frutos rojos,42,Norte,Pasteles,pza,170.0
I-90BEF36200,2026-09-11 17:52:52,Pastel de chocolate,27,Norte,Pasteles,pza,150.0
I-EE45D04ADB,2026-09-11 17:52:52,Tarta de frutas,29,Norte,Pasteles,pza,155.0
I-72A0B0B1D3,2026-09-11 17:52:53,Galleta de mantequilla,15,Plaza Obelie,Reposteria,pza,6.0
I-E138453D33,2026-09-11 17:52:54,Brownie nogada,46,Plaza Obelie,Reposteria,pza,20.0
I-8B97D5CDDF,2026-09-11 17:52:54,Tarta de frutas,15,Plaza Obelie,Pasteles,pza,155.0
I-8D6B39A8FD,2026-09-11 17:52:55,Croissant de almendra,26,Norte,Viennoiserie,pza,18.0
I-C9AA6CD25B,2026-09-11 17:52:55,Galleta de mantequilla,46,Centro,Reposteria,pza,6.0
I-7BADA95AC3,2026-09-11 17:52:56,Croissant de almendra,52,Sur,Viennoiserie,pza,18.0
I-4BB7262FBB,2026-09-11 17:52:56,Cheesecake de frutos rojos,46,Sur,Pasteles,pza,170.0
I-79BA76D285,2026-09-11 17:52:57,Rol de canela,76,Sur,Viennoiserie,pza,15.0
I-C156E087CF,2026-09-11 17:52:58,Tarta de frutas,47,Centro,Pasteles,pza,155.0
I-397843FC16,2026-09-11 17:52:58,Eclair de cafe,64,Sur,Petit fours,pza,16.0
I-F48CB06A69,2026-09-11 17:52:59,Galleta de mantequilla,39,Centro,Reposteria,pza,6.0
I-11E10B06BD,2026-09-11 17:53:00,Rol de canela,97,Norte,Viennoiserie,pza,15.0
I-EB8AEBE416,2026-09-11 17:53:00,Rol de canela,87,Plaza Obelie,Viennoiserie,pza,15.0
I-8C738EFF28,2026-09-11 17:53:01,Tarta de frutas,115,Sur,Pasteles,pza,155.0
I-80172E08AC,2026-09-11 17:53:02,Galleta de mantequilla,51,Centro,Reposteria,pza,6.0
I-FF2C93AAEC,2026-09-11 17:53:02,Baguette tradicional,48,Centro,Panaderia,pza,9.0
I-DC070A9D78,2026-09-11 17:53:03,Macaron mixto,77,Plaza Obelie,Petit fours,pza,10.0
I-ECB9F01CEF,2026-09-11 17:53:04,Cheesecake de frutos rojos,99,Plaza Obelie,Pasteles,pza,170.0
I-AF1F66A3AA,2026-09-11 17:53:04,Galleta de mantequilla,99,Norte,Reposteria,pza,6.0
I-A3BC4204E9,2026-09-11 17:53:05,Eclair de cafe,65,Centro,Petit fours,pza,16.0
I-4035168299,2026-09-11 17:53:06,Macaron mixto,13,Norte,Petit fours,pza,10.0
I-F7C9DFAA99,2026-09-11 17:53:06,Eclair de cafe,73,Centro,Petit fours,pza,16.0
I-87185EDAC0,2026-09-11 17:53:07,Cheesecake de frutos rojos,86,Norte,Pasteles,pza,170.0
I-655B334C56,2026-09-11 17:53:07,Baguette tradicional,36,Plaza Obelie,Panaderia,pza,9.0
I-8F0700B115,2026-09-11 17:53:08,Galleta de mantequilla,18,Plaza Obelie,Reposteria,pza,6.0
I-D5C6AE9BD6,2026-09-11 17:53:08,Brownie nogada,65,Norte,Reposteria,pza,20.0
I-86B5433AFD,2026-09-11 17:53:08,Macaron mixto,20,Norte,Petit fours,pza,10.0
I-0D2F7AC4CB,2026-09-11 17:53:09,Macaron mixto,56,Norte,Petit fours,pza,10.0
I-DD03D66FDC,2026-09-11 17:53:09,Tarta de frutas,42,Centro,Pasteles,pza,155.0
I-ECD7D167DD,2026-09-11 17:53:09,Tarta de frutas,121,Sur,Pasteles,pza,155.0
I-B59C06FBCD,2026-09-11 17:53:09,Macaron mixto,54,Norte,Petit fours,pza,10.0
I-29E393FC0E,2026-09-11 17:53:10,Macaron mixto,52,Norte,Petit fours,pza,10.0
I-03A4A6ABC6,2026-09-11 17:53:10,Rol de canela,97,Plaza Obelie,Viennoiserie,pza,15.0
I-F28CE7D2F8,2026-09-11 17:53:10,Cheesecake de frutos rojos,33,Sur,Pasteles,pza,170.0
I-1030053D12,2026-09-11 17:53:11,Rol de canela,32,Centro,Viennoiserie,pza,15.0
I-8FA39F46EE,2026-09-11 17:53:11,Pastel de chocolate,33,Sur,Pasteles,pza,150.0
I-C7254FD1D3,2026-09-11 17:53:11,Baguette tradicional,39,Norte,Panaderia,pza,9.0
I-B8FFD03E18,2026-09-11 17:53:11,Brownie nogada,79,Sur,Reposteria,pza,20.0
I-B50E4928EA,2026-09-11 17:53:11,Croissant de almendra,25,Sur,Viennoiserie,pza,18.0
I-5017107A9F,2026-09-11 17:53:12,Baguette tradicional,52,Centro,Panaderia,pza,9.0
I-2ED8B4DF05,2026-09-11 17:53:12,Macaron mixto,43,Sur,Petit fours,pza,10.0
I-20FD80D224,2026-09-11 17:53:12,Cheesecake de frutos rojos,51,Sur,Pasteles,pza,170.0
I-368E835935,2026-09-11 17:53:12,Galleta de mantequilla,38,Norte,Reposteria,pza,6.0
I-3CB3E50BEF,2026-09-11 17:53:13,Cheesecake de frutos rojos,65,Centro,Pasteles,pza,170.0
I-2EB323931B,2026-09-11 17:53:13,Baguette tradicional,75,Sur,Panaderia,pza,9.0
I-3E5ADFABC1,2026-09-11 17:53:13,Brownie nogada,25,Norte,Reposteria,pza,20.0
I-D042530FD4,2026-09-11 17:53:13,Pastel de chocolate,43,Norte,Pasteles,pza,150.0
I-E926D468A1,2026-09-11 17:53:14,Baguette tradicional,30,Plaza Obelie,Panaderia,pza,9.0
I-1148DB070C,2026-09-11 17:53:14,Baguette tradicional,80,Sur,Panaderia,pza,9.0
I-7128B4DD93,2026-09-11 17:53:14,Tarta de frutas,124,Sur,Pasteles,pza,155.0
I-EFB3E96CD2,2026-09-11 17:53:15,Croissant de almendra,80,Plaza Obelie,Viennoiserie,pza,18.0
I-1E8912B801,2026-09-11 17:53:15,Brownie nogada,74,Centro,Reposteria,pza,20.0
I-6AF8A74677,2026-09-11 17:53:15,Baguette tradicional,63,Plaza Obelie,Panaderia,pza,9.0
I-DDC708DFEF,2026-09-11 17:53:15,Eclair de cafe,74,Sur,Petit fours,pza,16.0
I-1EDB677898,2026-09-11 17:53:16,Galleta de mantequilla,101,Norte,Reposteria,pza,6.0
I-4169889CCE,2026-09-11 17:53:16,Baguette tradicional,64,Plaza Obelie,Panaderia,pza,9.0
I-E689A94D26,2026-09-11 17:53:16,Galleta de mantequilla,43,Centro,Reposteria,pza,6.0
I-25B70514AC,2026-09-11 17:53:16,Macaron mixto,83,Plaza Obelie,Petit fours,pza,10.0
I-CEC15381F7,2026-09-11 17:53:17,Pastel de chocolate,25,Plaza Obelie,Pasteles,pza,150.0
I-8E9902702B,2026-09-11 17:53:17,Tarta de frutas,18,Plaza Obelie,Pasteles,pza,155.0
I-E724AF18B7,2026-09-11 17:53:17,Eclair de cafe,44,Centro,Petit fours,pza,16.0
I-08153DE5EF,2026-09-11 17:53:18,Cheesecake de frutos rojos,21,Plaza Obelie,Pasteles,pza,170.0
I-7DB8E4F258,2026-09-11 17:53:18,Croissant de almendra,83,Centro,Viennoiserie,pza,18.0
I-C85366457E,2026-09-11 17:53:18,Rol de canela,26,Centro,Viennoiserie,pza,15.0
I-4643115DC3,2026-09-11 17:53:18,Galleta de mantequilla,132,Sur,Reposteria,pza,6.0
I-4ACC529F2D,2026-09-11 17:53:19,Brownie nogada,68,Norte,Reposteria,pza,20.0
I-8E636F5425,2026-09-11 17:53:19,Cheesecake de frutos rojos,73,Centro,Pasteles,pza,170.0
I-C7B4EE74A9,2026-09-11 17:53:20,Eclair de cafe,60,Plaza Obelie,Petit fours,pza,16.0
I-7D198008EF,2026-09-11 17:53:20,Croissant de almendra,19,Sur,Viennoiserie,pza,18.0
I-9F67F17A22,2026-09-11 17:53:20,Tarta de frutas,33,Norte,Pasteles,pza,155.0
I-491F7E701B,2026-09-11 17:53:20,Cheesecake de frutos rojos,23,Plaza Obelie,Pasteles,pza,170.0
I-7AEAD73E26,2026-09-11 17:53:21,Tarta de frutas,26,Norte,Pasteles,pza,155.0
I-DD4AB8B225,2026-09-11 17:53:21,Cheesecake de frutos rojos,47,Centro,Pasteles,pza,170.0
I-63E7754DD6,2026-09-11 17:53:21,Brownie nogada,85,Sur,Reposteria,pza,20.0
I-95621995F2,2026-09-11 17:53:21,Rol de canela,58,Sur,Viennoiserie,pza,15.0
I-DF2BE1E481,2026-09-11 17:53:22,Brownie nogada,95,Sur,Reposteria,pza,20.0
I-EB2F1FFDF6,2026-09-11 17:53:22,Eclair de cafe,57,Plaza Obelie,Petit fours,pza,16.0
I-F4DA677CED,2026-09-11 17:53:22,Macaron mixto,50,Centro,Petit fours,pza,10.0
I-E64AABA7B0,2026-09-11 17:53:22,Croissant de almendra,88,Plaza Obelie,Viennoiserie,pza,18.0
I-73BA722D99,2026-09-11 17:53:23,Eclair de cafe,40,Centro,Petit fours,pza,16.0
I-E64D11BBF4,2026-09-11 17:53:23,Brownie nogada,74,Centro,Reposteria,pza,20.0
I-755A83E0FC,2026-09-11 17:53:23,Macaron mixto,52,Plaza Obelie,Petit fours,pza,10.0
I-F35D42CAC0,2026-09-11 17:53:23,Macaron mixto,54,Sur,Petit fours,pza,10.0
I-5B04190558,2026-09-11 17:53:24,Galleta de mantequilla,46,Norte,Reposteria,pza,6.0
I-791A325746,2026-09-11 17:53:24,Cheesecake de frutos rojos,104,Plaza Obelie,Pasteles,pza,170.0
I-B2607FF268,2026-09-11 17:53:24,Cheesecake de frutos rojos,41,Sur,Pasteles,pza,170.0
I-7CFE2FDA6A,2026-09-11 17:53:25,Macaron mixto,59,Sur,Petit fours,pza,10.0
I-10C376EDD3,2026-09-11 17:53:25,Baguette tradicional,86,Sur,Panaderia,pza,9.0
I-851BD884E2,2026-09-11 17:53:25,Eclair de cafe,85,Sur,Petit fours,pza,16.0
I-E49F1CAD51,2026-09-11 17:53:26,Rol de canela,27,Norte,Viennoiserie,pza,15.0
I-62DCF6B5BC,2026-09-11 17:53:26,Baguette tradicional,98,Sur,Panaderia,pza,9.0
I-AF94935198,2026-09-11 17:53:26,Eclair de cafe,59,Norte,Petit fours,pza,16.0
I-ED311A54C9,2026-09-11 17:53:27,Croissant de almendra,58,Sur,Viennoiserie,pza,18.0
I-FEA7DA267A,2026-09-11 17:53:27,Tarta de frutas,53,Plaza Obelie,Pasteles,pza,155.0
I-EA75813139,2026-09-11 17:53:27,Croissant de almendra,50,Sur,Viennoiserie,pza,18.0
I-D711C5FBE3,2026-09-11 17:53:27,Galleta de mantequilla,30,Centro,Reposteria,pza,6.0
I-A1A524CB9F,2026-09-11 17:53:28,Macaron mixto,62,Centro,Petit fours,pza,10.0
I-D4C0104D01,2026-09-11 17:53:28,Baguette tradicional,78,Sur,Panaderia,pza,9.0
I-B8E0A6B08D,2026-09-11 17:53:28,Macaron mixto,75,Plaza Obelie,Petit fours,pza,10.0
I-9DBD3A9F76,2026-09-11 17:53:28,Brownie nogada,44,Centro,Reposteria,pza,20.0
I-0DD2CC68FA,2026-09-11 17:53:29,Cheesecake de frutos rojos,44,Sur,Pasteles,pza,170.0
I-785D0BE61D,2026-09-11 17:53:29,Eclair de cafe,62,Sur,Petit fours,pza,16.0
I-5A4D5A5898,2026-09-11 17:53:29,Eclair de cafe,55,Plaza Obelie,Petit fours,pza,16.0
I-89FAE92F02,2026-09-11 17:53:30,Eclair de cafe,69,Norte,Petit fours,pza,16.0
I-048AAB1B23,2026-09-11 17:53:30,Cheesecake de frutos rojos,81,Centro,Pasteles,pza,170.0
I-3AF65EF134,2026-09-11 17:53:30,Tarta de frutas,81,Norte,Pasteles,pza,155.0
I-212BFBAC91,2026-09-11 17:53:31,Macaron mixto,45,Centro,Petit fours,pza,10.0
I-7AE841FFB7,2026-09-11 17:53:31,Eclair de cafe,49,Plaza Obelie,Petit fours,pza,16.0
I-0A9DFE26EF,2026-09-11 17:53:31,Tarta de frutas,127,Sur,Pasteles,pza,155.0
I-D0FDD820B3,2026-09-11 17:53:31,Baguette tradicional,40,Norte,Panaderia,pza,9.0
I-E4D3C716DC,2026-09-11 17:53:32,Brownie nogada,98,Sur,Reposteria,pza,20.0
I-1C03DEE15E,2026-09-11 17:53:32,Galleta de mantequilla,60,Plaza Obelie,Reposteria,pza,6.0
I-4C32C8A213,2026-09-11 17:53:32,Rol de canela,31,Centro,Viennoiserie,pza,15.0
I-5455F6DC31,2026-09-11 17:53:32,Eclair de cafe,60,Plaza Obelie,Petit fours,pza,16.0
I-9EF424A4F3,2026-09-11 17:53:33,Rol de canela,56,Sur,Viennoiserie,pza,15.0
I-A504CDA8C7,2026-09-11 17:53:33,Brownie nogada,109,Sur,Reposteria,pza,20.0
I-2F691872FC,2026-09-11 17:53:33,Eclair de cafe,38,Centro,Petit fours,pza,16.0
I-6DCF426472,2026-09-11 17:53:34,Rol de canela,88,Sur,Viennoiserie,pza,15.0
I-62D14E4575,2026-09-11 17:53:34,Croissant de almendra,26,Sur,Viennoiserie,pza,18.0
I-920D6AEDC6,2026-09-11 17:53:34,Eclair de cafe,85,Centro,Petit fours,pza,16.0
I-67B7606EC4,2026-09-11 17:53:34,Pastel de chocolate,36,Sur,Pasteles,pza,150.0
I-19C561E2CD,2026-09-11 17:53:34,Brownie nogada,37,Norte,Reposteria,pza,20.0
I-3F2EAC25EF,2026-09-11 17:53:35,Croissant de almendra,95,Plaza Obelie,Viennoiserie,pza,18.0
I-6AFB135C29,2026-09-11 17:53:35,Croissant de almendra,49,Sur,Viennoiserie,pza,18.0
I-06396A2E0C,2026-09-11 17:53:36,Croissant de almendra,72,Centro,Viennoiserie,pza,18.0
I-83BFE11E3F,2026-09-11 17:53:36,Pastel de chocolate,79,Plaza Obelie,Pasteles,pza,150.0
I-E2EAF7CFB4,2026-09-11 17:53:36,Galleta de mantequilla,25,Centro,Reposteria,pza,6.0
I-B69F44CE62,2026-09-11 17:53:37,Macaron mixto,67,Centro,Petit fours,pza,10.0
I-8173D8ECBD,2026-09-11 17:53:37,Baguette tradicional,32,Norte,Panaderia,pza,9.0
I-62C870320A,2026-09-11 17:53:37,Tarta de frutas,30,Centro,Pasteles,pza,155.0
I-625989FA4A,2026-09-11 17:53:37,Rol de canela,94,Plaza Obelie,Viennoiserie,pza,15.0
I-5B11D58931,2026-09-11 17:53:38,Pastel de chocolate,44,Norte,Pasteles,pza,150.0
I-E48CC14A37,2026-09-11 17:53:38,Eclair de cafe,55,Plaza Obelie,Petit fours,pza,16.0
I-080E591809,2026-09-11 17:53:38,Brownie nogada,74,Plaza Obelie,Reposteria,pza,20.0
I-E21F357212,2026-09-11 17:53:38,Galleta de mantequilla,139,Sur,Reposteria,pza,6.0
I-846C7A0FBA,2026-09-11 17:53:39,Galleta de mantequilla,105,Norte,Reposteria,pza,6.0
I-F67FF562B1,2026-09-11 17:53:39,Rol de canela,24,Centro,Viennoiserie,pza,15.0
I-866E180AC6,2026-09-11 17:53:39,Baguette tradicional,85,Sur,Panaderia,pza,9.0
I-E8883884BA,2026-09-11 17:53:39,Macaron mixto,80,Plaza Obelie,Petit fours,pza,10.0
I-C236FDB1DE,2026-09-11 17:53:40,Macaron mixto,38,Sur,Petit fours,pza,10.0
I-10B5176978,2026-09-11 17:53:40,Cheesecake de frutos rojos,49,Sur,Pasteles,pza,170.0
I-5CBDB81538,2026-09-11 17:53:40,Cheesecake de frutos rojos,47,Centro,Pasteles,pza,170.0
I-8A9CB7969F,2026-09-11 17:53:41,Macaron mixto,77,Centro,Petit fours,pza,10.0
I-66D69FEE40,2026-09-11 17:53:41,Cheesecake de frutos rojos,88,Norte,Pasteles,pza,170.0
I-81F70B5681,2026-09-11 17:53:42,Macaron mixto,79,Plaza Obelie,Petit fours,pza,10.0
I-036456D1F3,2026-09-11 17:53:42,Macaron mixto,50,Sur,Petit fours,pza,10.0
I-60583DE8CE,2026-09-11 17:53:42,Tarta de frutas,23,Plaza Obelie,Pasteles,pza,155.0
I-632B4CBF35,2026-09-11 17:53:42,Cheesecake de frutos rojos,47,Sur,Pasteles,pza,170.0
I-44EF1F7FBF,2026-09-11 17:53:43,Brownie nogada,82,Centro,Reposteria,pza,20.0
I-549658FBC8,2026-09-11 17:53:43,Baguette tradicional,32,Norte,Panaderia,pza,9.0
I-F0A2B9D4EF,2026-09-11 17:53:43,Baguette tradicional,106,Sur,Panaderia,pza,9.0
I-2D2A10A2EF,2026-09-11 17:53:43,Galleta de mantequilla,36,Centro,Reposteria,pza,6.0
I-85FD4587ED,2026-09-11 17:53:44,Cheesecake de frutos rojos,85,Norte,Pasteles,pza,170.0
I-2198A88E73,2026-09-11 17:53:44,Tarta de frutas,28,Plaza Obelie,Pasteles,pza,155.0
I-B64C79F922,2026-09-11 17:53:44,Rol de canela,79,Plaza Obelie,Viennoiserie,pza,15.0
I-0CBF1113EC,2026-09-11 17:53:44,Brownie nogada,109,Sur,Reposteria,pza,20.0
I-1F02BA389D,2026-09-11 17:53:45,Eclair de cafe,67,Norte,Petit fours,pza,16.0
I-610014D376,2026-09-11 17:53:45,Eclair de cafe,95,Centro,Petit fours,pza,16.0
I-498EC17124,2026-09-11 17:53:45,Pastel de chocolate,28,Plaza Obelie,Pasteles,pza,150.0
I-BBB1E98AA0,2026-09-11 17:53:46,Baguette tradicional,45,Centro,Panaderia,pza,9.0
I-10767261A9,2026-09-11 17:53:46,Baguette tradicional,80,Sur,Panaderia,pza,9.0
I-BA4873051D,2026-09-11 17:53:46,Galleta de mantequilla,98,Norte,Reposteria,pza,6.0
I-42C76DABCB,2026-09-11 17:53:47,Baguette tradicional,43,Centro,Panaderia,pza,9.0
I-D5675DA606,2026-09-11 17:53:47,Croissant de almendra,32,Norte,Viennoiserie,pza,18.0
I-B7EC96D80A,2026-09-11 17:53:47,Rol de canela,25,Centro,Viennoiserie,pza,15.0
I-2824561CE3,2026-09-11 17:53:47,Brownie nogada,49,Centro,Reposteria,pza,20.0
I-5E993A2F13,2026-09-11 17:53:48,Macaron mixto,83,Plaza Obelie,Petit fours,pza,10.0
I-2BF89DEF08,2026-09-11 17:53:48,Baguette tradicional,78,Sur,Panaderia,pza,9.0
I-37F46BA633,2026-09-11 17:53:48,Cheesecake de frutos rojos,54,Norte,Pasteles,pza,170.0
I-F62C117171,2026-09-11 17:53:49,Pastel de chocolate,39,Centro,Pasteles,pza,150.0
I-B83B193C58,2026-09-11 17:53:49,Brownie nogada,58,Plaza Obelie,Reposteria,pza,20.0
I-EAA08BD7A6,2026-09-11 17:53:49,Croissant de almendra,88,Centro,Viennoiserie,pza,18.0
I-45AEFD2BC1,2026-09-11 17:53:50,Baguette tradicional,78,Centro,Panaderia,pza,9.0
I-1C70A69247,2026-09-11 17:53:50,Croissant de almendra,83,Plaza Obelie,Viennoiserie,pza,18.0
I-26D9BEDA53,2026-09-11 17:53:50,Eclair de cafe,69,Sur,Petit fours,pza,16.0
I-8019E34C0F,2026-09-11 17:53:51,Tarta de frutas,31,Plaza Obelie,Pasteles,pza,155.0
I-5E6AD17ED0,2026-09-11 17:53:51,Eclair de cafe,60,Plaza Obelie,Petit fours,pza,16.0
I-BA110FDFB6,2026-09-11 17:53:51,Pastel de chocolate,26,Sur,Pasteles,pza,150.0
I-F01CE751A1,2026-09-11 17:53:52,Brownie nogada,44,Sur,Reposteria,pza,20.0
I-4377BE3A66,2026-09-11 17:53:52,Macaron mixto,70,Centro,Petit fours,pza,10.0
I-655605CC45,2026-09-11 17:53:52,Cheesecake de frutos rojos,43,Centro,Pasteles,pza,170.0
I-09E4362D53,2026-09-11 17:53:52,Tarta de frutas,139,Sur,Pasteles,pza,155.0
I-B86A0C0A06,2026-09-11 17:53:53,Brownie nogada,81,Plaza Obelie,Reposteria,pza,20.0
I-1021CBDF0E,2026-09-11 17:53:53,Macaron mixto,79,Centro,Petit fours,pza,10.0
I-E0206337DA,2026-09-11 17:53:53,Tarta de frutas,80,Norte,Pasteles,pza,155.0
I-7AEEEAB58A,2026-09-11 17:53:54,Pastel de chocolate,28,Norte,Pasteles,pza,150.0
I-B933BCED45,2026-09-11 17:53:54,Brownie nogada,64,Norte,Reposteria,pza,20.0
I-9DEB227BA7,2026-09-11 17:53:54,Galleta de mantequilla,110,Norte,Reposteria,pza,6.0
I-0A5881C681,2026-09-11 17:53:54,Rol de canela,36,Centro,Viennoiserie,pza,15.0
I-8589EE5F58,2026-09-11 17:53:55,Galleta de mantequilla,134,Sur,Reposteria,pza,6.0
I-C3BBCB601C,2026-09-11 17:53:55,Rol de canela,27,Centro,Viennoiserie,pza,15.0
I-309B88BC31,2026-09-11 17:53:55,Macaron mixto,55,Centro,Petit fours,pza,10.0
I-6A35CA7399,2026-09-11 17:53:56,Brownie nogada,31,Norte,Reposteria,pza,20.0
I-0C6BBEE3F1,2026-09-11 17:53:56,Brownie nogada,62,Norte,Reposteria,pza,20.0
I-A59EA9A3E7,2026-09-11 17:53:56,Croissant de almendra,30,Norte,Viennoiserie,pza,18.0
I-CC32F77725,2026-09-11 17:53:56,Pastel de chocolate,42,Centro,Pasteles,pza,150.0
I-83948E0A36,2026-09-11 17:53:56,Eclair de cafe,86,Sur,Petit fours,pza,16.0
I-731CAC8859,2026-09-11 17:53:57,Cheesecake de frutos rojos,66,Norte,Pasteles,pza,170.0
I-9729ED1997,2026-09-11 17:53:57,Croissant de almendra,79,Centro,Viennoiserie,pza,18.0
I-29E29EFA26,2026-09-11 17:53:57,Macaron mixto,92,Plaza Obelie,Petit fours,pza,10.0
I-A880B5B754,2026-09-11 17:53:57,Tarta de frutas,36,Sur,Pasteles,pza,155.0
I-FF5D96EC22,2026-09-11 17:53:58,Rol de canela,98,Norte,Viennoiserie,pza,15.0
I-28C3334A7F,2026-09-11 17:53:58,Brownie nogada,49,Centro,Reposteria,pza,20.0
I-3974C7D70E,2026-09-11 17:53:58,Eclair de cafe,84,Sur,Petit fours,pza,16.0
I-0A3BE70D3E,2026-09-11 17:53:59,Rol de canela,74,Plaza Obelie,Viennoiserie,pza,15.0
I-D502C698C2,2026-09-11 17:53:59,Macaron mixto,96,Plaza Obelie,Petit fours,pza,10.0
I-797CA6CCD5,2026-09-11 17:53:59,Baguette tradicional,64,Plaza Obelie,Panaderia,pza,9.0
I-793C04BB96,2026-09-11 17:53:59,Cheesecake de frutos rojos,85,Centro,Pasteles,pza,170.0
I-BB60944868,2026-09-11 17:53:59,Cheesecake de frutos rojos,50,Centro,Pasteles,pza,170.0
I-A9B61C57E3,2026-09-11 17:54:00,Tarta de frutas,135,Sur,Pasteles,pza,155.0
I-AC3CF8780E,2026-09-11 17:54:00,Galleta de mantequilla,118,Norte,Reposteria,pza,6.0
I-1DB08051E3,2026-09-11 17:54:00,Galleta de mantequilla,65,Plaza Obelie,Reposteria,pza,6.0
I-78D0BD1B11,2026-09-11 17:54:01,Croissant de almendra,58,Sur,Viennoiserie,pza,18.0
I-BBB35A8691,2026-09-11 17:54:01,Baguette tradicional,73,Centro,Panaderia,pza,9.0
I-3F3C6C4DAE,2026-09-11 17:54:01,Baguette tradicional,74,Centro,Panaderia,pza,9.0
I-3F177484B6,2026-09-11 17:54:02,Baguette tradicional,28,Plaza Obelie,Panaderia,pza,9.0
I-90A50D7C0E,2026-09-11 17:54:02,Macaron mixto,57,Norte,Petit fours,pza,10.0
I-124D948F90,2026-09-11 17:54:02,Tarta de frutas,34,Norte,Pasteles,pza,155.0
I-A9E444C02F,2026-09-11 17:54:03,Cheesecake de frutos rojos,74,Norte,Pasteles,pza,170.0
I-4C2956B0A3,2026-09-11 17:54:03,Pastel de chocolate,28,Plaza Obelie,Pasteles,pza,150.0
I-948AA737C2,2026-09-11 17:54:03,Tarta de frutas,28,Norte,Pasteles,pza,155.0
I-F20BD8A14B,2026-09-11 17:54:03,Cheesecake de frutos rojos,92,Norte,Pasteles,pza,170.0
I-A20D36C178,2026-09-11 17:54:04,Tarta de frutas,132,Sur,Pasteles,pza,155.0
I-2E46DDFA08,2026-09-11 17:54:04,Brownie nogada,58,Norte,Reposteria,pza,20.0
I-52E37CB0BC,2026-09-11 17:54:04,Galleta de mantequilla,29,Plaza Obelie,Reposteria,pza,6.0
I-34637D8E4F,2026-09-11 17:54:04,Eclair de cafe,61,Sur,Petit fours,pza,16.0
I-B421235E43,2026-09-11 17:54:05,Croissant de almendra,58,Sur,Viennoiserie,pza,18.0
I-55D010F0A9,2026-09-11 17:54:05,Pastel de chocolate,35,Centro,Pasteles,pza,150.0
I-5A0A26AB49,2026-09-11 17:54:06,Tarta de frutas,28,Plaza Obelie,Pasteles,pza,155.0
I-ABD8238BD7,2026-09-11 17:54:06,Baguette tradicional,75,Plaza Obelie,Panaderia,pza,9.0
I-2AC88B4182,2026-09-11 17:54:06,Eclair de cafe,76,Norte,Petit fours,pza,16.0
I-363A535943,2026-09-11 17:54:06,Macaron mixto,108,Plaza Obelie,Petit fours,pza,10.0
I-23518AAEC0,2026-09-11 17:54:07,Galleta de mantequilla,144,Sur,Reposteria,pza,6.0
I-52024CAD20,2026-09-11 17:54:07,Pastel de chocolate,40,Norte,Pasteles,pza,150.0
I-CA7CD07EF5,2026-09-11 17:54:07,Macaron mixto,113,Plaza Obelie,Petit fours,pza,10.0
I-691FF3494B,2026-09-11 17:54:07,Brownie nogada,54,Sur,Reposteria,pza,20.0
I-40DD9CD5AA,2026-09-11 17:54:08,Pastel de chocolate,31,Sur,Pasteles,pza,150.0
I-6DD3641B6A,2026-09-11 17:54:08,Macaron mixto,71,Sur,Petit fours,pza,10.0
I-0CAC3195F6,2026-09-11 17:54:09,Pastel de chocolate,31,Centro,Pasteles,pza,150.0
I-8C8C3CBA77,2026-09-11 17:54:09,Brownie nogada,27,Norte,Reposteria,pza,20.0
I-07113F57EE,2026-09-11 17:54:09,Macaron mixto,80,Centro,Petit fours,pza,10.0
I-2CFB4899C2,2026-09-11 17:54:09,Pastel de chocolate,20,Plaza Obelie,Pasteles,pza,150.0
I-91E116C787,2026-09-11 17:54:10,Galleta de mantequilla,126,Norte,Reposteria,pza,6.0
I-0D8FD28097,2026-09-11 17:54:10,Brownie nogada,69,Norte,Reposteria,pza,20.0
I-8BADD90441,2026-09-11 17:54:10,Galleta de mantequilla,137,Sur,Reposteria,pza,6.0
I-67541C2E6D,2026-09-11 17:54:10,Cheesecake de frutos rojos,56,Sur,Pasteles,pza,170.0
I-74937B029F,2026-09-11 17:54:11,Cheesecake de frutos rojos,67,Norte,Pasteles,pza,170.0
I-378DA49C89,2026-09-11 17:54:11,Galleta de mantequilla,38,Centro,Reposteria,pza,6.0
I-F18519F808,2026-09-11 17:54:11,Croissant de almendra,34,Norte,Viennoiserie,pza,18.0
I-B3FA0D0D38,2026-09-11 17:54:12,Tarta de frutas,33,Centro,Pasteles,pza,155.0
I-10980921F1,2026-09-11 17:54:12,Pastel de chocolate,65,Centro,Pasteles,pza,150.0
I-73B200A7A7,2026-09-11 17:54:12,Pastel de chocolate,33,Sur,Pasteles,pza,150.0
I-98FF384749,2026-09-11 17:54:13,Baguette tradicional,49,Centro,Panaderia,pza,9.0
I-9BEE06DEAB,2026-09-11 17:54:13,Pastel de chocolate,43,Centro,Pasteles,pza,150.0
I-E17411F3A8,2026-09-11 17:54:13,Pastel de chocolate,26,Norte,Pasteles,pza,150.0
I-E8C24A708B,2026-09-11 17:54:13,Croissant de almendra,18,Sur,Viennoiserie,pza,18.0
I-F28C9F3BEB,2026-09-11 17:54:14,Macaron mixto,53,Sur,Petit fours,pza,10.0
I-E8D8084E86,2026-09-11 17:54:14,Croissant de almendra,31,Norte,Viennoiserie,pza,18.0
I-D8061281FA,2026-09-11 17:54:14,Brownie nogada,65,Norte,Reposteria,pza,20.0
I-C24AE675CE,2026-09-11 17:54:15,Galleta de mantequilla,147,Sur,Reposteria,pza,6.0
I-A881E712E7,2026-09-11 17:54:15,Cheesecake de frutos rojos,20,Plaza Obelie,Pasteles,pza,170.0
I-36F805EFF2,2026-09-11 17:54:15,Cheesecake de frutos rojos,68,Norte,Pasteles,pza,170.0
I-55F7C7EB8E,2026-09-11 17:54:15,Rol de canela,39,Norte,Viennoiserie,pza,15.0
I-CF8B58D45A,2026-09-11 17:54:16,Eclair de cafe,99,Centro,Petit fours,pza,16.0
I-93FC1B297B,2026-09-11 17:54:16,Eclair de cafe,68,Sur,Petit fours,pza,16.0
I-4F8719871D,2026-09-11 17:54:16,Tarta de frutas,32,Plaza Obelie,Pasteles,pza,155.0
I-9B4D4B1A2A,2026-09-11 17:54:17,Galleta de mantequilla,63,Plaza Obelie,Reposteria,pza,6.0
I-12751157FF,2026-09-11 17:54:17,Pastel de chocolate,69,Centro,Pasteles,pza,150.0
I-FA36609437,2026-09-11 17:54:17,Rol de canela,33,Norte,Viennoiserie,pza,15.0
I-BD34DA5D0F,2026-09-11 17:54:17,Rol de canela,39,Centro,Viennoiserie,pza,15.0
I-9604585C03,2026-09-11 17:54:18,Galleta de mantequilla,69,Plaza Obelie,Reposteria,pza,6.0
I-C7E09F535C,2026-09-11 17:54:18,Pastel de chocolate,34,Norte,Pasteles,pza,150.0
I-84835AFC50,2026-09-11 17:54:18,Tarta de frutas,58,Plaza Obelie,Pasteles,pza,155.0
I-35A3D47EE8,2026-09-11 17:54:19,Galleta de mantequilla,133,Norte,Reposteria,pza,6.0
I-84CE2379E5,2026-09-11 17:54:19,Rol de canela,91,Norte,Viennoiserie,pza,15.0
I-F0C96609D6,2026-09-11 17:54:19,Macaron mixto,55,Centro,Petit fours,pza,10.0
I-04D4FA5A5E,2026-09-11 17:54:20,Baguette tradicional,104,Sur,Panaderia,pza,9.0
I-B73AC2AC60,2026-09-11 17:54:20,Galleta de mantequilla,41,Centro,Reposteria,pza,6.0
I-6754084130,2026-09-11 17:54:20,Eclair de cafe,48,Plaza Obelie,Petit fours,pza,16.0
I-4B4E0970D5,2026-09-11 17:54:20,Macaron mixto,67,Centro,Petit fours,pza,10.0
I-6556E883E5,2026-09-11 17:54:21,Macaron mixto,56,Sur,Petit fours,pza,10.0
I-A0474F1E92,2026-09-11 17:54:21,Baguette tradicional,54,Centro,Panaderia,pza,9.0
I-3F564DB240,2026-09-11 17:54:21,Eclair de cafe,83,Norte,Petit fours,pza,16.0
I-8A0AF90B84,2026-09-11 17:54:21,Tarta de frutas,137,Sur,Pasteles,pza,155.0
I-51BAA41C35,2026-09-11 17:54:22,Macaron mixto,12,Norte,Petit fours,pza,10.0
I-367D8D5D4E,2026-09-11 17:54:22,Eclair de cafe,89,Norte,Petit fours,pza,16.0
I-CA27DB912A,2026-09-11 17:54:23,Tarta de frutas,79,Norte,Pasteles,pza,155.0
I-E628C59034,2026-09-11 17:54:23,Baguette tradicional,93,Norte,Panaderia,pza,9.0
I-A9A46505FD,2026-09-11 17:54:23,Rol de canela,71,Plaza Obelie,Viennoiserie,pza,15.0
I-AF90370BBD,2026-09-11 17:54:23,Croissant de almendra,52,Sur,Viennoiserie,pza,18.0
I-C8C39C6A03,2026-09-11 17:54:24,Brownie nogada,69,Norte,Reposteria,pza,20.0
I-309ED0798A,2026-09-11 17:54:24,Baguette tradicional,97,Sur,Panaderia,pza,9.0
I-107D25A81D,2026-09-11 17:54:24,Eclair de cafe,65,Plaza Obelie,Petit fours,pza,16.0
I-2395AB7094,2026-09-11 17:54:24,Eclair de cafe,83,Sur,Petit fours,pza,16.0
I-EE869910EA,2026-09-11 17:54:25,Galleta de mantequilla,53,Norte,Reposteria,pza,6.0
I-CB8D82FAC8,2026-09-11 17:54:25,Cheesecake de frutos rojos,113,Plaza Obelie,Pasteles,pza,170.0
I-EAE5FA9B13,2026-09-11 17:54:25,Rol de canela,29,Norte,Viennoiserie,pza,15.0
I-1B2B94C487,2026-09-11 17:54:26,Pastel de chocolate,83,Plaza Obelie,Pasteles,pza,150.0
I-8D2BEFF036,2026-09-11 17:54:26,Galleta de mantequilla,48,Norte,Reposteria,pza,6.0
I-084214498D,2026-09-11 17:54:26,Galleta de mantequilla,143,Sur,Reposteria,pza,6.0
I-60B3339A87,2026-09-11 17:54:27,Rol de canela,89,Norte,Viennoiserie,pza,15.0
I-509CE46C76,2026-09-11 17:54:27,Rol de canela,54,Sur,Viennoiserie,pza,15.0
I-2E4C0CCFA1,2026-09-11 17:54:27,Macaron mixto,18,Norte,Petit fours,pza,10.0
I-612200C1F0,2026-09-11 17:54:27,Macaron mixto,68,Sur,Petit fours,pza,10.0
I-C820AED530,2026-09-11 17:54:27,Macaron mixto,12,Norte,Petit fours,pza,10.0
I-59B2AC207A,2026-09-11 17:54:28,Baguette tradicional,70,Sur,Panaderia,pza,9.0
I-175B652C52,2026-09-11 17:54:28,Tarta de frutas,31,Plaza Obelie,Pasteles,pza,155.0
I-84F13CC14F,2026-09-11 17:54:28,Rol de canela,58,Sur,Viennoiserie,pza,15.0
I-9683FD6BC4,2026-09-11 17:54:29,Eclair de cafe,101,Centro,Petit fours,pza,16.0
I-F6F61B3705,2026-09-11 17:54:29,Baguette tradicional,64,Sur,Panaderia,pza,9.0
I-E4A193082C,2026-09-11 17:54:29,Brownie nogada,61,Plaza Obelie,Reposteria,pza,20.0
I-752FC5D8ED,2026-09-11 17:54:29,Brownie nogada,56,Centro,Reposteria,pza,20.0
I-7C565DFA90,2026-09-11 17:54:30,Baguette tradicional,75,Centro,Panaderia,pza,9.0
I-34339069D2,2026-09-11 17:54:30,Galleta de mantequilla,53,Centro,Reposteria,pza,6.0
I-C1C7E43E92,2026-09-11 17:54:31,Tarta de frutas,82,Norte,Pasteles,pza,155.0
I-ADE899ECD7,2026-09-11 17:54:31,Rol de canela,91,Sur,Viennoiserie,pza,15.0
I-EF18373E4F,2026-09-11 17:54:31,Cheesecake de frutos rojos,107,Plaza Obelie,Pasteles,pza,170.0
I-9185191E30,2026-09-11 17:54:31,Cheesecake de frutos rojos,88,Norte,Pasteles,pza,170.0
I-5103833F0F,2026-09-11 17:54:32,Eclair de cafe,75,Sur,Petit fours,pza,16.0
I-1836A53CDC,2026-09-11 17:54:32,Cheesecake de frutos rojos,55,Centro,Pasteles,pza,170.0
I-B6545393B4,2026-09-11 17:54:32,Baguette tradicional,64,Centro,Panaderia,pza,9.0
I-D53ADCDE8B,2026-09-11 17:54:33,Tarta de frutas,50,Plaza Obelie,Pasteles,pza,155.0
I-31C00DBB4D,2026-09-11 17:54:33,Cheesecake de frutos rojos,79,Centro,Pasteles,pza,170.0
I-01778E9892,2026-09-11 17:54:33,Galleta de mantequilla,59,Norte,Reposteria,pza,6.0
I-6AFC53967F,2026-09-11 17:54:33,Pastel de chocolate,18,Sur,Pasteles,pza,150.0
I-4140B85F29,2026-09-11 17:54:34,Cheesecake de frutos rojos,116,Plaza Obelie,Pasteles,pza,170.0
I-FCC2E12EAF,2026-09-11 17:54:34,Croissant de almendra,26,Norte,Viennoiserie,pza,18.0
I-4BCB03B7C9,2026-09-11 17:54:35,Croissant de almendra,62,Sur,Viennoiserie,pza,18.0
I-4FBC0D8E44,2026-09-11 17:54:35,Rol de canela,40,Norte,Viennoiserie,pza,15.0
I-29018E3E11,2026-09-11 17:54:35,Rol de canela,104,Plaza Obelie,Viennoiserie,pza,15.0
I-5E43E89D53,2026-09-11 17:54:35,Galleta de mantequilla,54,Norte,Reposteria,pza,6.0
I-13B4EFB94E,2026-09-11 17:54:36,Tarta de frutas,39,Plaza Obelie,Pasteles,pza,155.0
I-599778E7F0,2026-09-11 17:54:36,Tarta de frutas,57,Plaza Obelie,Pasteles,pza,155.0
I-3F4E614FE7,2026-09-11 17:54:37,Eclair de cafe,67,Sur,Petit fours,pza,16.0
I-DB8AA47D59,2026-09-11 17:54:37,Rol de canela,37,Centro,Viennoiserie,pza,15.0
I-C76E541A94,2026-09-11 17:54:37,Cheesecake de frutos rojos,54,Sur,Pasteles,pza,170.0
I-E8C898B0EB,2026-09-11 17:54:37,Cheesecake de frutos rojos,14,Plaza Obelie,Pasteles,pza,170.0
I-0C13975645,2026-09-11 17:54:37,Croissant de almendra,35,Norte,Viennoiserie,pza,18.0
I-A57F843FE4,2026-09-11 17:54:38,Baguette tradicional,63,Sur,Panaderia,pza,9.0
I-F4B6A10A9C,2026-09-11 17:54:38,Baguette tradicional,73,Centro,Panaderia,pza,9.0
I-63D6424CA3,2026-09-11 17:54:38,Brownie nogada,32,Norte,Reposteria,pza,20.0
I-A709FF63FD,2026-09-11 17:54:38,Tarta de frutas,37,Sur,Pasteles,pza,155.0
I-105904CC6D,2026-09-11 17:54:39,Eclair de cafe,113,Centro,Petit fours,pza,16.0
I-BBCED60186,2026-09-11 17:54:39,Cheesecake de frutos rojos,62,Centro,Pasteles,pza,170.0
I-D85237DD8E,2026-09-11 17:54:39,Macaron mixto,67,Sur,Petit fours,pza,10.0
I-4872591FBB,2026-09-11 17:54:39,Eclair de cafe,96,Norte,Petit fours,pza,16.0
I-FE45F1F256,2026-09-11 17:54:40,Galleta de mantequilla,64,Norte,Reposteria,pza,6.0
I-D6D49918CE,2026-09-11 17:54:40,Croissant de almendra,89,Plaza Obelie,Viennoiserie,pza,18.0
I-B98976B2F5,2026-09-11 17:54:40,Baguette tradicional,77,Centro,Panaderia,pza,9.0
I-DAB399C6C5,2026-09-11 17:54:41,Tarta de frutas,34,Centro,Pasteles,pza,155.0
I-FB6263464D,2026-09-11 17:54:41,Eclair de cafe,32,Centro,Petit fours,pza,16.0
I-7445416593,2026-09-11 17:54:41,Pastel de chocolate,37,Norte,Pasteles,pza,150.0
I-2C1E773DD6,2026-09-11 17:54:42,Tarta de frutas,26,Centro,Pasteles,pza,155.0
I-E98DFB8A33,2026-09-11 17:54:42,Cheesecake de frutos rojos,120,Plaza Obelie,Pasteles,pza,170.0
I-CF7372C85C,2026-09-11 17:54:42,Croissant de almendra,79,Centro,Viennoiserie,pza,18.0
I-52003AA182,2026-09-11 17:54:43,Rol de canela,99,Norte,Viennoiserie,pza,15.0
I-DE799C7F29,2026-09-11 17:54:43,Cheesecake de frutos rojos,65,Centro,Pasteles,pza,170.0
I-E8FA623C9B,2026-09-11 17:54:43,Croissant de almendra,83,Centro,Viennoiserie,pza,18.0
I-ACE288D712,2026-09-11 17:54:43,Brownie nogada,34,Norte,Reposteria,pza,20.0
I-84F789E7DF,2026-09-11 17:54:44,Macaron mixto,53,Plaza Obelie,Petit fours,pza,10.0
I-505C3F0ECD,2026-09-11 17:54:44,Baguette tradicional,90,Norte,Panaderia,pza,9.0
I-72679E2085,2026-09-11 17:54:44,Macaron mixto,69,Centro,Petit fours,pza,10.0
I-3755CB04C9,2026-09-11 17:54:44,Macaron mixto,19,Norte,Petit fours,pza,10.0
I-DD78C7CE48,2026-09-11 17:54:45,Baguette tradicional,69,Plaza Obelie,Panaderia,pza,9.0
I-9F2065D1A3,2026-09-11 17:54:45,Rol de canela,111,Plaza Obelie,Viennoiserie,pza,15.0
I-688D410F30,2026-09-11 17:54:45,Eclair de cafe,117,Centro,Petit fours,pza,16.0
I-1198929E61,2026-09-11 17:54:45,Pastel de chocolate,49,Norte,Pasteles,pza,150.0
I-E9E4C81D16,2026-09-11 17:54:46,Eclair de cafe,60,Plaza Obelie,Petit fours,pza,16.0
I-1524681CE5,2026-09-11 17:54:46,Macaron mixto,63,Plaza Obelie,Petit fours,pza,10.0
I-D94B55B77A,2026-09-11 17:54:46,Eclair de cafe,34,Norte,Petit fours,pza,16.0
I-11D69FF511,2026-09-11 17:54:47,Croissant de almendra,11,Sur,Viennoiserie,pza,18.0
I-ADD1D401A4,2026-09-11 17:54:47,Croissant de almendra,54,Sur,Viennoiserie,pza,18.0
I-516BFD0B6E,2026-09-11 17:54:47,Cheesecake de frutos rojos,93,Norte,Pasteles,pza,170.0
I-3FA37F8E09,2026-09-11 17:54:48,Brownie nogada,77,Plaza Obelie,Reposteria,pza,20.0
I-78E1823484,2026-09-11 17:54:48,Tarta de frutas,41,Plaza Obelie,Pasteles,pza,155.0
I-F8971A1571,2026-09-11 17:54:48,Eclair de cafe,40,Centro,Petit fours,pza,16.0
I-BC0F7A1E9A,2026-09-11 17:54:48,Galleta de mantequilla,143,Sur,Reposteria,pza,6.0
I-90DCAD17DF,2026-09-11 17:54:49,Tarta de frutas,36,Centro,Pasteles,pza,155.0
I-4ECEFD3C2E,2026-09-11 17:54:49,Galleta de mantequilla,125,Norte,Reposteria,pza,6.0
I-E5F1064862,2026-09-11 17:54:49,Rol de canela,47,Norte,Viennoiserie,pza,15.0
I-AFBBE308ED,2026-09-11 17:54:49,Croissant de almendra,96,Plaza Obelie,Viennoiserie,pza,18.0
I-5A35024573,2026-09-11 17:54:50,Croissant de almendra,77,Centro,Viennoiserie,pza,18.0
I-518F6697E5,2026-09-11 17:54:50,Croissant de almendra,15,Sur,Viennoiserie,pza,18.0
I-70F9080552,2026-09-11 17:54:50,Galleta de mantequilla,62,Centro,Reposteria,pza,6.0
I-964D75ED70,2026-09-11 17:54:51,Galleta de mantequilla,64,Plaza Obelie,Reposteria,pza,6.0
I-6D6824D721,2026-09-11 17:54:51,Pastel de chocolate,23,Sur,Pasteles,pza,150.0
I-157585A68F,2026-09-11 17:54:52,Rol de canela,66,Plaza Obelie,Viennoiserie,pza,15.0
I-8FA9A2E99B,2026-09-11 17:54:52,Brownie nogada,63,Plaza Obelie,Reposteria,pza,20.0
I-094BD81744,2026-09-11 17:54:52,Macaron mixto,62,Sur,Petit fours,pza,10.0
I-E35A565603,2026-09-11 17:54:53,Rol de canela,33,Centro,Viennoiserie,pza,15.0
I-EB9150DD88,2026-09-11 17:54:53,Galleta de mantequilla,72,Plaza Obelie,Reposteria,pza,6.0
I-47D0FE68A8,2026-09-11 17:54:53,Cheesecake de frutos rojos,76,Centro,Pasteles,pza,170.0
I-12DA9B321E,2026-09-11 17:54:54,Macaron mixto,63,Sur,Petit fours,pza,10.0
I-36752FFB1D,2026-09-11 17:54:54,Cheesecake de frutos rojos,59,Sur,Pasteles,pza,170.0
I-D6F330912A,2026-09-11 17:54:54,Brownie nogada,82,Centro,Reposteria,pza,20.0
I-6E487DA2DC,2026-09-11 17:54:54,Cheesecake de frutos rojos,68,Sur,Pasteles,pza,170.0
I-E07FF1D979,2026-09-11 17:54:55,Galleta de mantequilla,65,Centro,Reposteria,pza,6.0
I-C8092B92CD,2026-09-11 17:54:55,Brownie nogada,88,Plaza Obelie,Reposteria,pza,20.0
I-BAE301059E,2026-09-11 17:54:55,Eclair de cafe,28,Norte,Petit fours,pza,16.0
I-3D9F847CBE,2026-09-11 17:54:55,Brownie nogada,81,Norte,Reposteria,pza,20.0
I-578512AB40,2026-09-11 17:54:56,Pastel de chocolate,76,Centro,Pasteles,pza,150.0
I-FBCAA55A83,2026-09-11 17:54:56,Brownie nogada,50,Sur,Reposteria,pza,20.0
I-E0F00F8ADC,2026-09-11 17:54:56,Brownie nogada,69,Plaza Obelie,Reposteria,pza,20.0
I-141E0EF32F,2026-09-11 17:54:57,Eclair de cafe,47,Centro,Petit fours,pza,16.0
I-71E1B4F7EF,2026-09-11 17:54:57,Tarta de frutas,53,Plaza Obelie,Pasteles,pza,155.0
I-73100CCA34,2026-09-11 17:54:58,Croissant de almendra,95,Plaza Obelie,Viennoiserie,pza,18.0
I-DE6E709064,2026-09-11 17:54:58,Galleta de mantequilla,71,Centro,Reposteria,pza,6.0
I-B07B167421,2026-09-11 17:54:58,Brownie nogada,49,Centro,Reposteria,pza,20.0
I-14A94BE968,2026-09-11 17:54:58,Eclair de cafe,67,Sur,Petit fours,pza,16.0
I-F23787EF7E,2026-09-11 17:54:58,Cheesecake de frutos rojos,66,Sur,Pasteles,pza,170.0
I-3CF0B60689,2026-09-11 17:54:59,Rol de canela,29,Centro,Viennoiserie,pza,15.0
I-CF06D6DA4F,2026-09-11 17:54:59,Cheesecake de frutos rojos,77,Sur,Pasteles,pza,170.0
I-948A0ED568,2026-09-11 17:54:59,Cheesecake de frutos rojos,72,Norte,Pasteles,pza,170.0
I-EDD6723B1E,2026-09-11 17:55:00,Cheesecake de frutos rojos,86,Centro,Pasteles,pza,170.0
I-B1631BEB24,2026-09-11 17:55:00,Eclair de cafe,79,Sur,Petit fours,pza,16.0
I-AE58B2F69B,2026-09-11 17:55:00,Pastel de chocolate,83,Centro,Pasteles,pza,150.0
I-01C38D1BE7,2026-09-11 17:55:00,Croissant de almendra,26,Norte,Viennoiserie,pza,18.0
I-3D5F6B7B05,2026-09-11 17:55:01,Macaron mixto,15,Norte,Petit fours,pza,10.0
I-04B6BDB5D2,2026-09-11 17:55:01,Brownie nogada,60,Centro,Reposteria,pza,20.0
I-4DB4EF695A,2026-09-11 17:55:01,Pastel de chocolate,90,Plaza Obelie,Pasteles,pza,150.0
I-CCA497D3FA,2026-09-11 17:55:01,Croissant de almendra,27,Sur,Viennoiserie,pza,18.0
I-7FC0EDF1B6,2026-09-11 17:55:02,Croissant de almendra,24,Sur,Viennoiserie,pza,18.0
I-94ED708F01,2026-09-11 17:55:02,Rol de canela,110,Norte,Viennoiserie,pza,15.0
I-CDD9FDF49C,2026-09-11 17:55:03,Brownie nogada,86,Plaza Obelie,Reposteria,pza,20.0
I-1D6F895A9A,2026-09-11 17:55:03,Eclair de cafe,62,Plaza Obelie,Petit fours,pza,16.0
I-BE098A74A5,2026-09-11 17:55:03,Cheesecake de frutos rojos,58,Centro,Pasteles,pza,170.0
I-9622E216CD,2026-09-11 17:55:04,Eclair de cafe,66,Sur,Petit fours,pza,16.0
I-FBE33343AA,2026-09-11 17:55:04,Rol de canela,64,Plaza Obelie,Viennoiserie,pza,15.0
I-256991A570,2026-09-11 17:55:04,Brownie nogada,120,Sur,Reposteria,pza,20.0
I-E7E79A72DB,2026-09-11 17:55:04,Macaron mixto,72,Centro,Petit fours,pza,10.0
I-F6BD8DEC62,2026-09-11 17:55:05,Baguette tradicional,77,Centro,Panaderia,pza,9.0
I-691046AC32,2026-09-11 17:55:05,Pastel de chocolate,34,Norte,Pasteles,pza,150.0
I-655D8C6FA6,2026-09-11 17:55:05,Pastel de chocolate,51,Norte,Pasteles,pza,150.0
I-182741FC19,2026-09-11 17:55:06,Eclair de cafe,111,Centro,Petit fours,pza,16.0
I-A216D4B9DE,2026-09-11 17:55:06,Eclair de cafe,75,Sur,Petit fours,pza,16.0
I-52F8490DDA,2026-09-11 17:55:06,Pastel de chocolate,37,Centro,Pasteles,pza,150.0
I-10D5724F61,2026-09-11 17:55:06,Cheesecake de frutos rojos,90,Centro,Pasteles,pza,170.0
I-145B111657,2026-09-11 17:55:07,Croissant de almendra,92,Plaza Obelie,Viennoiserie,pza,18.0
I-C5A1605BBA,2026-09-11 17:55:07,Tarta de frutas,47,Plaza Obelie,Pasteles,pza,155.0
I-83AD79C079,2026-09-11 17:55:07,Baguette tradicional,73,Centro,Panaderia,pza,9.0
I-93B721F097,2026-09-11 17:55:07,Cheesecake de frutos rojos,53,Centro,Pasteles,pza,170.0
I-2FBE7B8686,2026-09-11 17:55:07,Tarta de frutas,41,Centro,Pasteles,pza,155.0
I-BC532BB16E,2026-09-11 17:55:08,Pastel de chocolate,78,Centro,Pasteles,pza,150.0
I-444E24A463,2026-09-11 17:55:08,Cheesecake de frutos rojos,81,Sur,Pasteles,pza,170.0
I-A878F6FE4B,2026-09-11 17:55:08,Cheesecake de frutos rojos,22,Plaza Obelie,Pasteles,pza,170.0
I-CA21367CCF,2026-09-11 17:55:09,Croissant de almendra,61,Sur,Viennoiserie,pza,18.0
I-FA9B16E8E6,2026-09-11 17:55:09,Macaron mixto,65,Centro,Petit fours,pza,10.0
I-4B7D56CB86,2026-09-11 17:55:09,Croissant de almendra,103,Plaza Obelie,Viennoiserie,pza,18.0
I-D1DE48CFFA,2026-09-11 17:55:09,Tarta de frutas,53,Plaza Obelie,Pasteles,pza,155.0
I-633385D487,2026-09-11 17:55:10,Eclair de cafe,77,Sur,Petit fours,pza,16.0
I-C7CA33E5AD,2026-09-11 17:55:10,Rol de canela,44,Norte,Viennoiserie,pza,15.0
I-6FD15D206A,2026-09-11 17:55:10,Cheesecake de frutos rojos,92,Centro,Pasteles,pza,170.0
I-459CB552ED,2026-09-11 17:55:11,Brownie nogada,50,Sur,Reposteria,pza,20.0
I-0F2D8C107E,2026-09-11 17:55:11,Baguette tradicional,22,Plaza Obelie,Panaderia,pza,9.0
I-2E2B858B8C,2026-09-11 17:55:11,Macaron mixto,54,Sur,Petit fours,pza,10.0
I-A8C695643A,2026-09-11 17:55:12,Galleta de mantequilla,74,Norte,Reposteria,pza,6.0
I-AD26ABC4DA,2026-09-11 17:55:12,Tarta de frutas,37,Norte,Pasteles,pza,155.0
I-506DC8AD4C,2026-09-11 17:55:12,Eclair de cafe,67,Plaza Obelie,Petit fours,pza,16.0
I-A2AB6A7FF8,2026-09-11 17:55:12,Eclair de cafe,31,Norte,Petit fours,pza,16.0
I-4BAAD3E005,2026-09-11 17:55:13,Eclair de cafe,79,Plaza Obelie,Petit fours,pza,16.0
I-64FA6B6FCA,2026-09-11 17:55:13,Tarta de frutas,51,Centro,Pasteles,pza,155.0
I-81F574D790,2026-09-11 17:55:13,Pastel de chocolate,43,Sur,Pasteles,pza,150.0
I-09599439A0,2026-09-11 17:55:14,Croissant de almendra,33,Norte,Viennoiserie,pza,18.0
I-79966D3404,2026-09-11 17:55:14,Pastel de chocolate,45,Norte,Pasteles,pza,150.0
I-AFA1530A8E,2026-09-11 17:55:14,Pastel de chocolate,26,Norte,Pasteles,pza,150.0
I-233F589055,2026-09-11 17:55:14,Croissant de almendra,77,Centro,Viennoiserie,pza,18.0
I-FA3B3175CF,2026-09-11 17:55:15,Croissant de almendra,103,Plaza Obelie,Viennoiserie,pza,18.0
I-B09794284A,2026-09-11 17:55:15,Brownie nogada,79,Norte,Reposteria,pza,20.0
I-CA53E2533A,2026-09-11 17:55:15,Macaron mixto,106,Plaza Obelie,Petit fours,pza,10.0
I-3A74D42820,2026-09-11 17:55:16,Eclair de cafe,74,Sur,Petit fours,pza,16.0
I-9ADB50281C,2026-09-11 17:55:16,Rol de canela,89,Sur,Viennoiserie,pza,15.0
I-C27538C210,2026-09-11 17:55:16,Pastel de chocolate,13,Plaza Obelie,Pasteles,pza,150.0
I-7CD2E680E3,2026-09-11 17:55:17,Brownie nogada,75,Centro,Reposteria,pza,20.0
I-9CDDA82076,2026-09-11 17:55:17,Macaron mixto,12,Norte,Petit fours,pza,10.0
I-DBB6CE2B54,2026-09-11 17:55:17,Croissant de almendra,24,Norte,Viennoiserie,pza,18.0
I-336961687A,2026-09-11 17:55:18,Tarta de frutas,53,Centro,Pasteles,pza,155.0
I-8B44B46B31,2026-09-11 17:55:18,Rol de canela,75,Plaza Obelie,Viennoiserie,pza,15.0
I-C7ACB88E83,2026-09-11 17:55:18,Galleta de mantequilla,72,Centro,Reposteria,pza,6.0
I-862992A70E,2026-09-11 17:55:19,Baguette tradicional,77,Centro,Panaderia,pza,9.0
I-A939A1C794,2026-09-11 17:55:19,Tarta de frutas,42,Plaza Obelie,Pasteles,pza,155.0
I-0321F4A5BC,2026-09-11 17:55:19,Rol de canela,109,Plaza Obelie,Viennoiserie,pza,15.0
I-56C6FB201F,2026-09-11 17:55:19,Croissant de almendra,20,Norte,Viennoiserie,pza,18.0
I-9075BF3D03,2026-09-11 17:55:20,Baguette tradicional,85,Centro,Panaderia,pza,9.0
I-CA4474BE58,2026-09-11 17:55:20,Pastel de chocolate,20,Plaza Obelie,Pasteles,pza,150.0
I-C2A98ED0A7,2026-09-11 17:55:20,Macaron mixto,20,Norte,Petit fours,pza,10.0
I-CB203F5A5F,2026-09-11 17:55:20,Croissant de almendra,84,Plaza Obelie,Viennoiserie,pza,18.0
I-8315A0F8EC,2026-09-11 17:55:20,Eclair de cafe,103,Centro,Petit fours,pza,16.0
I-B9CBF315BB,2026-09-11 17:55:21,Rol de canela,48,Centro,Viennoiserie,pza,15.0
I-60C5AF3093,2026-09-11 17:55:21,Pastel de chocolate,78,Centro,Pasteles,pza,150.0
I-CBD76E9B3B,2026-09-11 17:55:21,Macaron mixto,67,Centro,Petit fours,pza,10.0
I-A27492DC1B,2026-09-11 17:55:22,Galleta de mantequilla,78,Norte,Reposteria,pza,6.0
I-C555F7C55F,2026-09-11 17:55:22,Baguette tradicional,77,Centro,Panaderia,pza,9.0
I-2D3A4DDFB0,2026-09-11 17:55:22,Rol de canela,44,Norte,Viennoiserie,pza,15.0
I-9E49541050,2026-09-11 17:55:22,Eclair de cafe,26,Norte,Petit fours,pza,16.0
I-99D3D2FEB9,2026-09-11 17:55:23,Pastel de chocolate,44,Norte,Pasteles,pza,150.0
I-1D07B50F34,2026-09-11 17:55:23,Macaron mixto,74,Centro,Petit fours,pza,10.0
I-5845C1263B,2026-09-11 17:55:23,Brownie nogada,87,Plaza Obelie,Reposteria,pza,20.0
I-37612626FF,2026-09-11 17:55:23,Macaron mixto,70,Sur,Petit fours,pza,10.0
I-724E60C551,2026-09-11 17:55:24,Croissant de almendra,37,Norte,Viennoiserie,pza,18.0
I-79A1F3C48D,2026-09-11 17:55:24,Rol de canela,68,Sur,Viennoiserie,pza,15.0
I-393219FD03,2026-09-11 17:55:24,Pastel de chocolate,20,Plaza Obelie,Pasteles,pza,150.0
I-34C465CD68,2026-09-11 17:55:25,Macaron mixto,80,Centro,Petit fours,pza,10.0
I-64973D7CCC,2026-09-11 17:55:25,Rol de canela,50,Norte,Viennoiserie,pza,15.0
I-784C700F56,2026-09-11 17:55:25,Macaron mixto,27,Norte,Petit fours,pza,10.0
I-B8B270804B,2026-09-11 17:55:25,Brownie nogada,83,Norte,Reposteria,pza,20.0
I-DE7C3B2928,2026-09-11 17:55:26,Macaron mixto,38,Norte,Petit fours,pza,10.0
I-1EEC306074,2026-09-11 17:55:26,Croissant de almendra,73,Centro,Viennoiserie,pza,18.0
I-11757D6989,2026-09-11 17:55:26,Rol de canela,82,Sur,Viennoiserie,pza,15.0
I-5519223876,2026-09-11 17:55:27,Macaron mixto,65,Norte,Petit fours,pza,10.0
I-A4EF3F8E58,2026-09-11 17:55:27,Eclair de cafe,18,Norte,Petit fours,pza,16.0
I-C954C9B286,2026-09-11 17:55:27,Macaron mixto,62,Plaza Obelie,Petit fours,pza,10.0
I-5EF7673B6F,2026-09-11 17:55:27,Tarta de frutas,49,Plaza Obelie,Pasteles,pza,155.0
I-C93765DD64,2026-09-11 17:55:27,Baguette tradicional,79,Centro,Panaderia,pza,9.0
I-C3F8361BB2,2026-09-11 17:55:28,Brownie nogada,125,Sur,Reposteria,pza,20.0
I-5DF53D074B,2026-09-11 17:55:28,Pastel de chocolate,16,Plaza Obelie,Pasteles,pza,150.0
I-FAA20A5A65,2026-09-11 17:55:28,Baguette tradicional,32,Norte,Panaderia,pza,9.0
I-B2A2CBE01C,2026-09-11 17:55:29,Croissant de almendra,60,Sur,Viennoiserie,pza,18.0
I-88BA53291C,2026-09-11 17:55:29,Pastel de chocolate,46,Norte,Pasteles,pza,150.0
I-F8FD848240,2026-09-11 17:55:29,Cheesecake de frutos rojos,98,Norte,Pasteles,pza,170.0
I-70B5F2A9EA,2026-09-11 17:55:29,Cheesecake de frutos rojos,114,Plaza Obelie,Pasteles,pza,170.0
I-BB566EAF02,2026-09-11 17:55:30,Eclair de cafe,23,Norte,Petit fours,pza,16.0
I-FCDB983754,2026-09-11 17:55:30,Eclair de cafe,83,Sur,Petit fours,pza,16.0
I-9A9269AD60,2026-09-11 17:55:30,Eclair de cafe,90,Sur,Petit fours,pza,16.0
I-96B7C5029F,2026-09-11 17:55:30,Cheesecake de frutos rojos,76,Norte,Pasteles,pza,170.0
I-CD144DACB7,2026-09-11 17:55:31,Pastel de chocolate,47,Centro,Pasteles,pza,150.0
I-8B8AC13D7B,2026-09-11 17:55:31,Croissant de almendra,71,Centro,Viennoiserie,pza,18.0
I-E5D5D4BF15,2026-09-11 17:55:31,Cheesecake de frutos rojos,86,Centro,Pasteles,pza,170.0
I-D4A78EE9FA,2026-09-11 17:55:32,Croissant de almendra,78,Plaza Obelie,Viennoiserie,pza,18.0
I-D004528C1D,2026-09-11 17:55:32,Pastel de chocolate,18,Sur,Pasteles,pza,150.0
I-D20F9E3669,2026-09-11 17:55:33,Macaron mixto,111,Plaza Obelie,Petit fours,pza,10.0
I-52ABBF7293,2026-09-11 17:55:33,Galleta de mantequilla,131,Norte,Reposteria,pza,6.0
I-27030FC08D,2026-09-11 17:55:34,Brownie nogada,42,Norte,Reposteria,pza,20.0
I-1BAB3B4A2C,2026-09-11 17:55:35,Tarta de frutas,38,Norte,Pasteles,pza,155.0
I-5DDC0288A4,2026-09-11 17:55:35,Tarta de frutas,44,Plaza Obelie,Pasteles,pza,155.0
I-438A1AA035,2026-09-11 17:55:36,Baguette tradicional,98,Norte,Panaderia,pza,9.0
I-CCD52C8D5A,2026-09-11 17:55:36,Baguette tradicional,18,Plaza Obelie,Panaderia,pza,9.0
I-47CE0C9F2A,2026-09-11 17:55:37,Eclair de cafe,111,Centro,Petit fours,pza,16.0
I-123AEE9ED8,2026-09-11 17:55:37,Galleta de mantequilla,34,Plaza Obelie,Reposteria,pza,6.0
I-30C6302BFB,2026-09-11 17:55:38,Croissant de almendra,65,Sur,Viennoiserie,pza,18.0
I-91FBA4934D,2026-09-11 17:55:38,Croissant de almendra,115,Plaza Obelie,Viennoiserie,pza,18.0
I-5675DA8C64,2026-09-11 17:55:39,Croissant de almendra,119,Plaza Obelie,Viennoiserie,pza,18.0
I-5FD8C8B4C5,2026-09-11 17:55:39,Croissant de almendra,49,Norte,Viennoiserie,pza,18.0
I-E13F530796,2026-09-11 17:55:40,Cheesecake de frutos rojos,93,Centro,Pasteles,pza,170.0
I-3CD5A290B4,2026-09-11 17:55:41,Macaron mixto,31,Norte,Petit fours,pza,10.0
I-F6C8E334A3,2026-09-11 17:55:41,Pastel de chocolate,83,Centro,Pasteles,pza,150.0
I-A07D2D4186,2026-09-11 17:55:42,Cheesecake de frutos rojos,103,Centro,Pasteles,pza,170.0
I-313A90595A,2026-09-11 17:55:43,Rol de canela,40,Centro,Viennoiserie,pza,15.0
I-9F2F08B085,2026-09-11 17:55:43,Rol de canela,92,Sur,Viennoiserie,pza,15.0
I-BCCB3D61B8,2026-09-11 17:55:44,Tarta de frutas,47,Plaza Obelie,Pasteles,pza,155.0
I-D5ACBED161,2026-09-11 17:55:44,Croissant de almendra,115,Plaza Obelie,Viennoiserie,pza,18.0
I-1BF258164D,2026-09-11 17:55:45,Eclair de cafe,89,Sur,Petit fours,pza,16.0
I-4577372F1E,2026-09-11 17:55:45,Pastel de chocolate,87,Centro,Pasteles,pza,150.0
I-C63BE518C1,2026-09-11 17:55:46,Macaron mixto,66,Sur,Petit fours,pza,10.0
I-C63BE518C1,2026-09-11 17:55:46,Macaron mixto,66,Sur,Petit fours,pza,10.0
I-4577372F1E,2026-09-11 17:55:45,Pastel de chocolate,87,Centro,Pasteles,pza,150.0
I-DD68392EA9,2026-09-11 17:55:59,Brownie nogada,38,Norte,Reposteria,pza,20.0
I-B183EA4FAF,2026-09-11 17:56:00,Rol de canela,74,Plaza Obelie,Viennoiserie,pza,15.0
I-6F0965EEFB,2026-09-11 17:56:00,Tarta de frutas,45,Plaza Obelie,Pasteles,pza,155.0
I-6C815416FB,2026-09-11 17:56:01,Pastel de chocolate,56,Plaza Obelie,Pasteles,pza,150.0
I-F211CDDF81,2026-09-11 17:56:02,Galleta de mantequilla,82,Plaza Obelie,Reposteria,pza,6.0
I-10F711351D,2026-09-11 17:56:03,Pastel de chocolate,52,Sur,Pasteles,pza,150.0
I-E790383CC7,2026-09-11 17:56:03,Rol de canela,53,Centro,Viennoiserie,pza,15.0
I-7B8615C5E3,2026-09-11 17:56:04,Galleta de mantequilla,79,Plaza Obelie,Reposteria,pza,6.0
I-7CCD384C08,2026-09-11 17:56:04,Galleta de mantequilla,17,Sur,Reposteria,pza,6.0
I-582DF79255,2026-09-11 17:56:05,Tarta de frutas,85,Centro,Pasteles,pza,155.0
I-162FE779D1,2026-09-11 17:56:05,Brownie nogada,37,Plaza Obelie,Reposteria,pza,20.0
I-E6A12D7AC8,2026-09-11 17:56:06,Rol de canela,24,Norte,Viennoiserie,pza,15.0
I-71D4ABF91D,2026-09-11 17:56:06,Baguette tradicional,80,Plaza Obelie,Panaderia,pza,9.0
I-F9E530B8B4,2026-09-11 17:56:07,Eclair de cafe,74,Centro,Petit fours,pza,16.0
I-78D147258B,2026-09-11 17:56:08,Eclair de cafe,33,Norte,Petit fours,pza,16.0
I-A651157446,2026-09-11 17:56:08,Pastel de chocolate,24,Norte,Pasteles,pza,150.0
I-F6CBD285D4,2026-09-11 17:56:09,Galleta de mantequilla,9,Sur,Reposteria,pza,6.0
I-C4BA40DF23,2026-09-11 17:56:09,Cheesecake de frutos rojos,44,Sur,Pasteles,pza,170.0
I-7FC73639D2,2026-09-11 17:56:10,Galleta de mantequilla,45,Centro,Reposteria,pza,6.0
I-5448C0429F,2026-09-11 17:56:11,Galleta de mantequilla,4,Sur,Reposteria,pza,6.0
I-122BAFE728,2026-09-11 17:56:11,Galleta de mantequilla,13,Sur,Reposteria,pza,6.0
I-7741C9E1FA,2026-09-11 17:56:12,Cheesecake de frutos rojos,66,Norte,Pasteles,pza,170.0
I-06C3C497B6,2026-09-11 17:56:12,Cheesecake de frutos rojos,54,Plaza Obelie,Pasteles,pza,170.0
I-409457F141,2026-09-11 17:56:13,Brownie nogada,34,Plaza Obelie,Reposteria,pza,20.0
I-EC77B75021,2026-09-11 17:56:14,Pastel de chocolate,62,Plaza Obelie,Pasteles,pza,150.0
I-91F789BA53,2026-09-11 17:56:14,Tarta de frutas,56,Plaza Obelie,Pasteles,pza,155.0
I-5CB6FFA79B,2026-09-11 17:56:15,Macaron mixto,41,Centro,Petit fours,pza,10.0
I-F996479C11,2026-09-11 17:56:15,Macaron mixto,37,Plaza Obelie,Petit fours,pza,10.0
I-7E54007AFE,2026-09-11 17:56:16,Cheesecake de frutos rojos,76,Norte,Pasteles,pza,170.0
I-E4AC2E613E,2026-09-11 17:56:16,Cheesecake de frutos rojos,37,Sur,Pasteles,pza,170.0
I-AE9A3BA9CF,2026-09-11 17:56:17,Macaron mixto,83,Norte,Petit fours,pza,10.0
I-6902929F4F,2026-09-11 17:56:18,Croissant de almendra,35,Plaza Obelie,Viennoiserie,pza,18.0
I-BA8C05E023,2026-09-11 17:56:18,Croissant de almendra,52,Sur,Viennoiserie,pza,18.0
I-DE5FBCED0B,2026-09-11 17:56:19,Galleta de mantequilla,45,Centro,Reposteria,pza,6.0
I-4E727757F2,2026-09-11 17:56:19,Eclair de cafe,41,Plaza Obelie,Petit fours,pza,16.0
I-6B00C6F086,2026-09-11 17:56:20,Tarta de frutas,59,Plaza Obelie,Pasteles,pza,155.0
I-C34324AC3E,2026-09-11 17:56:20,Rol de canela,60,Centro,Viennoiserie,pza,15.0
I-ED75094519,2026-09-11 17:56:21,Baguette tradicional,36,Centro,Panaderia,pza,9.0
I-4CD21CCD2C,2026-09-11 17:56:22,Macaron mixto,88,Norte,Petit fours,pza,10.0
I-69D8754D57,2026-09-11 17:56:22,Eclair de cafe,59,Sur,Petit fours,pza,16.0
I-37638AA42D,2026-09-11 17:56:23,Rol de canela,42,Sur,Viennoiserie,pza,15.0
I-840D914FC8,2026-09-11 17:56:23,Baguette tradicional,59,Norte,Panaderia,pza,9.0
I-B2D69E82F4,2026-09-11 17:56:24,Cheesecake de frutos rojos,44,Sur,Pasteles,pza,170.0
I-CB4FD3F760,2026-09-11 17:56:24,Rol de canela,41,Sur,Viennoiserie,pza,15.0
I-BE7803ACC3,2026-09-11 17:56:25,Eclair de cafe,66,Sur,Petit fours,pza,16.0
I-BD020004E8,2026-09-11 17:56:25,Eclair de cafe,70,Centro,Petit fours,pza,16.0
I-A0A168EE67,2026-09-11 17:56:26,Brownie nogada,61,Centro,Reposteria,pza,20.0
I-61E30206E4,2026-09-11 17:56:27,Brownie nogada,45,Sur,Reposteria,pza,20.0
I-FAC2111106,2026-09-11 17:56:28,Croissant de almendra,46,Sur,Viennoiserie,pza,18.0
I-781A9A286F,2026-09-11 17:56:28,Eclair de cafe,67,Centro,Petit fours,pza,16.0
I-20BBEF0FCA,2026-09-11 17:56:29,Brownie nogada,54,Centro,Reposteria,pza,20.0
I-DC07C95B00,2026-09-11 17:56:29,Pastel de chocolate,72,Plaza Obelie,Pasteles,pza,150.0
I-B265A2D242,2026-09-11 17:56:30,Tarta de frutas,70,Sur,Pasteles,pza,155.0
I-1801068CC5,2026-09-11 17:56:31,Cheesecake de frutos rojos,83,Norte,Pasteles,pza,170.0
I-9488D7EABE,2026-09-11 17:56:31,Cheesecake de frutos rojos,48,Sur,Pasteles,pza,170.0
I-3CD55D3555,2026-09-11 17:56:32,Galleta de mantequilla,17,Sur,Reposteria,pza,6.0
I-B2099B23DA,2026-09-11 17:56:32,Baguette tradicional,89,Plaza Obelie,Panaderia,pza,9.0
I-4C1333B391,2026-09-11 17:56:33,Brownie nogada,35,Norte,Reposteria,pza,20.0
I-1342321E30,2026-09-11 17:56:33,Cheesecake de frutos rojos,47,Plaza Obelie,Pasteles,pza,170.0
I-122EC1136D,2026-09-11 17:56:34,Cheesecake de frutos rojos,56,Sur,Pasteles,pza,170.0
I-846AF29637,2026-09-11 17:56:35,Tarta de frutas,89,Centro,Pasteles,pza,155.0
I-8829851F76,2026-09-11 17:56:35,Macaron mixto,49,Plaza Obelie,Petit fours,pza,10.0
I-157CD6AC2E,2026-09-11 17:56:36,Croissant de almendra,43,Plaza Obelie,Viennoiserie,pza,18.0
I-AFBB6AC5BD,2026-09-11 17:56:36,Pastel de chocolate,32,Norte,Pasteles,pza,150.0
I-84849E7E25,2026-09-11 17:56:37,Macaron mixto,52,Plaza Obelie,Petit fours,pza,10.0
I-96C5074533,2026-09-11 17:56:38,Pastel de chocolate,64,Plaza Obelie,Pasteles,pza,150.0
I-DB16ED58AE,2026-09-11 17:56:38,Croissant de almendra,81,Centro,Viennoiserie,pza,18.0
I-0035BFF953,2026-09-11 17:56:39,Cheesecake de frutos rojos,48,Sur,Pasteles,pza,170.0
I-3F3AAFE5DE,2026-09-11 17:56:40,Macaron mixto,33,Centro,Petit fours,pza,10.0
I-44125EB49D,2026-09-11 17:56:40,Brownie nogada,36,Plaza Obelie,Reposteria,pza,20.0
I-5E3CA602A0,2026-09-11 17:56:41,Macaron mixto,100,Norte,Petit fours,pza,10.0
I-1E82801E3C,2026-09-11 17:56:41,Brownie nogada,47,Centro,Reposteria,pza,20.0
I-69C6F52E48,2026-09-11 17:56:42,Macaron mixto,109,Norte,Petit fours,pza,10.0
I-1F135088ED,2026-09-11 17:56:42,Macaron mixto,57,Plaza Obelie,Petit fours,pza,10.0
I-625353AA33,2026-09-11 17:56:43,Rol de canela,68,Centro,Viennoiserie,pza,15.0
I-909E1CD0C8,2026-09-11 17:56:44,Rol de canela,68,Plaza Obelie,Viennoiserie,pza,15.0
I-C5146A3E17,2026-09-11 17:56:44,Croissant de almendra,22,Norte,Viennoiserie,pza,18.0
I-B2DFFF128E,2026-09-11 17:56:45,Cheesecake de frutos rojos,50,Plaza Obelie,Pasteles,pza,170.0
I-1B32676011,2026-09-11 17:56:46,Brownie nogada,47,Sur,Reposteria,pza,20.0
I-027E8F40FD,2026-09-11 17:56:46,Tarta de frutas,63,Norte,Pasteles,pza,155.0
I-A3DC08B1BB,2026-09-11 17:56:47,Brownie nogada,46,Centro,Reposteria,pza,20.0
I-78426A5C7B,2026-09-11 17:56:47,Croissant de almendra,55,Plaza Obelie,Viennoiserie,pza,18.0
I-7C0073B5EC,2026-09-11 17:56:48,Baguette tradicional,52,Norte,Panaderia,pza,9.0
I-E0CF6E1038,2026-09-11 17:56:49,Macaron mixto,49,Plaza Obelie,Petit fours,pza,10.0
I-96A9C44B15,2026-09-11 17:56:49,Tarta de frutas,66,Plaza Obelie,Pasteles,pza,155.0
I-C639A928FB,2026-09-11 17:56:50,Baguette tradicional,51,Norte,Panaderia,pza,9.0
I-811267D8D1,2026-09-11 17:56:50,Pastel de chocolate,63,Plaza Obelie,Pasteles,pza,150.0
I-C186C037A4,2026-09-11 17:56:51,Baguette tradicional,43,Norte,Panaderia,pza,9.0
I-DCB4AA30ED,2026-09-11 17:56:52,Macaron mixto,103,Norte,Petit fours,pza,10.0
I-ACEEA6D3CE,2026-09-11 17:56:52,Croissant de almendra,22,Norte,Viennoiserie,pza,18.0
I-6D5FB466A1,2026-09-11 17:56:53,Baguette tradicional,40,Norte,Panaderia,pza,9.0
I-5EE3D34AF6,2026-09-11 17:56:53,Cheesecake de frutos rojos,43,Plaza Obelie,Pasteles,pza,170.0
I-0AF5FFFC6B,2026-09-11 17:56:54,Rol de canela,32,Norte,Viennoiserie,pza,15.0
I-7D2FE875E9,2026-09-11 17:56:55,Pastel de chocolate,51,Sur,Pasteles,pza,150.0
I-3A99E53A60,2026-09-11 17:56:56,Pastel de chocolate,31,Centro,Pasteles,pza,150.0
I-DCF341A3FC,2026-09-11 17:56:56,Tarta de frutas,90,Centro,Pasteles,pza,155.0
I-B640373330,2026-09-11 17:56:57,Baguette tradicional,46,Norte,Panaderia,pza,9.0
I-006D30E84B,2026-09-11 17:56:57,Cheesecake de frutos rojos,60,Sur,Pasteles,pza,170.0
I-8B13DBE0EC,2026-09-11 17:56:58,Pastel de chocolate,75,Plaza Obelie,Pasteles,pza,150.0
I-A7A0B51C13,2026-09-11 17:56:59,Brownie nogada,57,Sur,Reposteria,pza,20.0
I-384F95DE99,2026-09-11 17:56:59,Rol de canela,78,Plaza Obelie,Viennoiserie,pza,15.0
I-9BDAAA15A3,2026-09-11 17:57:00,Eclair de cafe,36,Plaza Obelie,Petit fours,pza,16.0
I-1325CC842F,2026-09-11 17:57:00,Baguette tradicional,32,Centro,Panaderia,pza,9.0
I-ED03A0F98C,2026-09-11 17:57:01,Eclair de cafe,59,Sur,Petit fours,pza,16.0
I-E61CB49A88,2026-09-11 17:57:01,Macaron mixto,26,Centro,Petit fours,pza,10.0
I-131009EB1A,2026-09-11 17:57:02,Brownie nogada,42,Centro,Reposteria,pza,20.0
I-6506DC2251,2026-09-11 17:57:02,Tarta de frutas,67,Norte,Pasteles,pza,155.0
I-F0F034DE78,2026-09-11 17:57:03,Cheesecake de frutos rojos,56,Centro,Pasteles,pza,170.0
I-3F5A33E8C5,2026-09-11 17:57:04,Brownie nogada,62,Sur,Reposteria,pza,20.0
I-D3FDC2E2F0,2026-09-11 17:57:04,Croissant de almendra,79,Centro,Viennoiserie,pza,18.0
I-9D792CC68E,2026-09-11 17:57:05,Croissant de almendra,86,Centro,Viennoiserie,pza,18.0
I-117417DCD5,2026-09-11 17:57:05,Pastel de chocolate,60,Sur,Pasteles,pza,150.0
I-609B1A9BDE,2026-09-11 17:57:06,Eclair de cafe,47,Plaza Obelie,Petit fours,pza,16.0
I-7A2F5D4223,2026-09-11 17:57:06,Pastel de chocolate,38,Norte,Pasteles,pza,150.0
I-B8336FD588,2026-09-11 17:57:07,Galleta de mantequilla,64,Norte,Reposteria,pza,6.0
I-304AF8A657,2026-09-11 17:57:07,Croissant de almendra,14,Norte,Viennoiserie,pza,18.0
I-34411C6980,2026-09-11 17:57:08,Rol de canela,80,Centro,Viennoiserie,pza,15.0
I-056CBCF4F5,2026-09-11 17:57:08,Cheesecake de frutos rojos,93,Norte,Pasteles,pza,170.0
I-236D727797,2026-09-11 17:57:09,Baguette tradicional,26,Centro,Panaderia,pza,9.0
I-6A5C28E4C1,2026-09-11 17:57:10,Tarta de frutas,69,Sur,Pasteles,pza,155.0
I-6E2B2574F9,2026-09-11 17:57:10,Tarta de frutas,76,Norte,Pasteles,pza,155.0
I-C8257B882E,2026-09-11 17:57:11,Eclair de cafe,61,Sur,Petit fours,pza,16.0
I-9A05E415C5,2026-09-11 17:57:12,Baguette tradicional,86,Plaza Obelie,Panaderia,pza,9.0
I-B94C04A692,2026-09-11 17:57:12,Croissant de almendra,56,Plaza Obelie,Viennoiserie,pza,18.0
I-0ED017D8B4,2026-09-11 17:57:12,Eclair de cafe,68,Centro,Petit fours,pza,16.0
I-9B2F8AC4E7,2026-09-11 17:57:13,Macaron mixto,104,Norte,Petit fours,pza,10.0
I-B460DFDDB5,2026-09-11 17:57:14,Macaron mixto,99,Norte,Petit fours,pza,10.0
I-7E686A04DD,2026-09-11 17:57:14,Tarta de frutas,82,Centro,Pasteles,pza,155.0
I-0A9059E00D,2026-09-11 17:57:15,Macaron mixto,41,Plaza Obelie,Petit fours,pza,10.0
I-B0CB44DAE9,2026-09-11 17:57:15,Pastel de chocolate,72,Plaza Obelie,Pasteles,pza,150.0
I-158F744AAC,2026-09-11 17:57:16,Cheesecake de frutos rojos,59,Sur,Pasteles,pza,170.0
I-308D4C6282,2026-09-11 17:57:17,Brownie nogada,35,Plaza Obelie,Reposteria,pza,20.0
I-192DE83118,2026-09-11 17:57:18,Rol de canela,37,Norte,Viennoiserie,pza,15.0
I-A90444DC31,2026-09-11 17:57:18,Cheesecake de frutos rojos,53,Sur,Pasteles,pza,170.0
I-E2DD889E02,2026-09-11 17:57:19,Rol de canela,85,Centro,Viennoiserie,pza,15.0
I-970F61A280,2026-09-11 17:57:19,Tarta de frutas,79,Centro,Pasteles,pza,155.0
I-49B4B091F6,2026-09-11 17:57:20,Eclair de cafe,45,Norte,Petit fours,pza,16.0
I-B8766D6816,2026-09-11 17:57:20,Rol de canela,83,Centro,Viennoiserie,pza,15.0
I-0FA8D0D671,2026-09-11 17:57:21,Tarta de frutas,67,Plaza Obelie,Pasteles,pza,155.0
I-AF069C889B,2026-09-11 17:57:22,Cheesecake de frutos rojos,56,Centro,Pasteles,pza,170.0
I-52F195D545,2026-09-11 17:57:22,Tarta de frutas,71,Norte,Pasteles,pza,155.0
I-21262047C8,2026-09-11 17:57:23,Rol de canela,40,Norte,Viennoiserie,pza,15.0
I-A02207B5DE,2026-09-11 17:57:23,Galleta de mantequilla,41,Centro,Reposteria,pza,6.0
I-178330D7CC,2026-09-11 17:57:24,Eclair de cafe,47,Norte,Petit fours,pza,16.0
I-CAD38D4D64,2026-09-11 17:57:25,Baguette tradicional,44,Norte,Panaderia,pza,9.0
I-FA1D9B5D08,2026-09-11 17:57:25,Tarta de frutas,70,Plaza Obelie,Pasteles,pza,155.0
I-31BA718665,2026-09-11 17:57:26,Rol de canela,35,Norte,Viennoiserie,pza,15.0
I-0EF9282351,2026-09-11 17:57:27,Galleta de mantequilla,82,Plaza Obelie,Reposteria,pza,6.0
I-0334F8014E,2026-09-11 17:57:27,Tarta de frutas,64,Sur,Pasteles,pza,155.0
I-16B3AFED45,2026-09-11 17:57:28,Pastel de chocolate,38,Norte,Pasteles,pza,150.0
I-B8C0CFD3F5,2026-09-11 17:57:29,Tarta de frutas,81,Centro,Pasteles,pza,155.0
I-6E5EFF5CC8,2026-09-11 17:57:29,Eclair de cafe,71,Centro,Petit fours,pza,16.0
I-4E1782E36C,2026-09-11 17:57:30,Cheesecake de frutos rojos,61,Centro,Pasteles,pza,170.0
I-066B38A948,2026-09-11 17:57:30,Tarta de frutas,74,Plaza Obelie,Pasteles,pza,155.0
I-76C612876E,2026-09-11 17:57:31,Croissant de almendra,23,Norte,Viennoiserie,pza,18.0
I-3033060FE4,2026-09-11 18:03:00,Tarta de frutas,30,Centro,Pasteles,pza,155.0
I-753D40EDEE,2026-09-11 18:03:00,Tarta de frutas,38,Sur,Pasteles,pza,155.0
I-E128F8D5DE,2026-09-11 18:03:01,Galleta de mantequilla,77,Sur,Reposteria,pza,6.0
I-79BD847D47,2026-09-11 18:03:02,Macaron mixto,55,Norte,Petit fours,pza,10.0
I-167905D9D6,2026-09-11 18:03:02,Pastel de chocolate,34,Norte,Pasteles,pza,150.0
I-F2C43D1EF6,2026-09-11 18:03:03,Pastel de chocolate,23,Plaza Obelie,Pasteles,pza,150.0
I-FC8415B31E,2026-09-11 18:03:03,Eclair de cafe,35,Norte,Petit fours,pza,16.0
I-B863760F8A,2026-09-11 18:03:04,Eclair de cafe,47,Norte,Petit fours,pza,16.0
I-934D1E6FC5,2026-09-11 18:03:04,Croissant de almendra,75,Sur,Viennoiserie,pza,18.0
I-71F2FF7ADC,2026-09-11 18:03:05,Croissant de almendra,73,Norte,Viennoiserie,pza,18.0
I-43B2E3B216,2026-09-11 18:03:05,Rol de canela,32,Plaza Obelie,Viennoiserie,pza,15.0
I-93590F9636,2026-09-11 18:03:06,Cheesecake de frutos rojos,79,Sur,Pasteles,pza,170.0
I-CB1903D20F,2026-09-11 18:03:07,Tarta de frutas,52,Plaza Obelie,Pasteles,pza,155.0
I-C924896919,2026-09-11 18:03:07,Rol de canela,24,Centro,Viennoiserie,pza,15.0
I-72A5B9E396,2026-09-11 18:03:08,Tarta de frutas,24,Centro,Pasteles,pza,155.0
I-70118E0C63,2026-09-11 18:03:08,Brownie nogada,50,Centro,Reposteria,pza,20.0
I-9470FFB6E1,2026-09-11 18:03:09,Cheesecake de frutos rojos,42,Plaza Obelie,Pasteles,pza,170.0
I-7EBA8356F1,2026-09-11 18:03:10,Eclair de cafe,54,Sur,Petit fours,pza,16.0
I-FD18F782F3,2026-09-11 18:03:10,Brownie nogada,23,Plaza Obelie,Reposteria,pza,20.0
I-36FC034185,2026-09-11 18:03:11,Pastel de chocolate,30,Plaza Obelie,Pasteles,pza,150.0
I-9127B83F2A,2026-09-11 18:03:12,Cheesecake de frutos rojos,19,Centro,Pasteles,pza,170.0
I-838F304AD9,2026-09-11 18:03:12,Galleta de mantequilla,48,Plaza Obelie,Reposteria,pza,6.0
I-AB493E3595,2026-09-11 18:03:13,Tarta de frutas,45,Sur,Pasteles,pza,155.0
I-90018D79C3,2026-09-11 18:03:13,Croissant de almendra,80,Sur,Viennoiserie,pza,18.0
I-19DEE3BC88,2026-09-11 18:03:14,Tarta de frutas,31,Centro,Pasteles,pza,155.0
I-F37FAD0696,2026-09-11 18:03:15,Tarta de frutas,64,Norte,Pasteles,pza,155.0
I-197556BE50,2026-09-11 18:03:15,Macaron mixto,54,Norte,Petit fours,pza,10.0
I-32AA26E7F1,2026-09-11 18:03:16,Rol de canela,37,Norte,Viennoiserie,pza,15.0
I-7EA8A3AC72,2026-09-11 18:03:16,Brownie nogada,28,Plaza Obelie,Reposteria,pza,20.0
I-8E843B7220,2026-09-11 18:03:17,Tarta de frutas,56,Plaza Obelie,Pasteles,pza,155.0
I-2DCE4CD734,2026-09-11 18:03:17,Galleta de mantequilla,61,Norte,Reposteria,pza,6.0
I-E15520F26F,2026-09-11 18:03:18,Baguette tradicional,77,Sur,Panaderia,pza,9.0
I-FC54C804DF,2026-09-11 18:03:18,Croissant de almendra,80,Sur,Viennoiserie,pza,18.0
I-F4D9EE490A,2026-09-11 18:03:19,Cheesecake de frutos rojos,66,Norte,Pasteles,pza,170.0
I-3F0E10DEC5,2026-09-11 18:03:20,Galleta de mantequilla,71,Norte,Reposteria,pza,6.0
I-C0FF0BDFBD,2026-09-11 18:03:21,Rol de canela,32,Sur,Viennoiserie,pza,15.0
I-B6D71AE557,2026-09-11 18:03:21,Brownie nogada,32,Norte,Reposteria,pza,20.0
I-A0BBDF7B98,2026-09-11 18:03:21,Baguette tradicional,83,Centro,Panaderia,pza,9.0
I-792A3FF7D1,2026-09-11 18:03:22,Tarta de frutas,42,Centro,Pasteles,pza,155.0
I-E97584FA6E,2026-09-11 18:03:23,Galleta de mantequilla,77,Norte,Reposteria,pza,6.0
I-E5A35A3045,2026-09-11 18:03:24,Macaron mixto,46,Norte,Petit fours,pza,10.0
I-F5301ECBE9,2026-09-11 18:03:24,Tarta de frutas,70,Norte,Pasteles,pza,155.0
I-0EFED7A2B6,2026-09-11 18:03:25,Cheesecake de frutos rojos,24,Centro,Pasteles,pza,170.0
I-37D1533A53,2026-09-11 18:03:25,Rol de canela,26,Sur,Viennoiserie,pza,15.0
I-76EC36E45F,2026-09-11 18:03:26,Galleta de mantequilla,55,Plaza Obelie,Reposteria,pza,6.0
I-DF6AD13DCC,2026-09-11 18:03:26,Cheesecake de frutos rojos,83,Sur,Pasteles,pza,170.0
I-151D5CBCF8,2026-09-11 18:03:27,Croissant de almendra,53,Centro,Viennoiserie,pza,18.0
I-76FD218678,2026-09-11 18:03:28,Brownie nogada,57,Sur,Reposteria,pza,20.0
I-E73499C374,2026-09-11 18:03:28,Brownie nogada,27,Plaza Obelie,Reposteria,pza,20.0
I-A8BA385178,2026-09-11 18:03:29,Macaron mixto,41,Norte,Petit fours,pza,10.0
I-CCDE437523,2026-09-11 18:03:30,Pastel de chocolate,40,Norte,Pasteles,pza,150.0
I-056D3C0F7E,2026-09-11 18:03:30,Macaron mixto,43,Norte,Petit fours,pza,10.0
I-E038D3CD9F,2026-09-11 18:03:31,Brownie nogada,36,Plaza Obelie,Reposteria,pza,20.0
I-1A648F5AE8,2026-09-11 18:03:31,Galleta de mantequilla,82,Norte,Reposteria,pza,6.0
I-91338ED636,2026-09-11 18:03:32,Pastel de chocolate,40,Sur,Pasteles,pza,150.0
I-F6392C38DC,2026-09-11 18:03:33,Pastel de chocolate,49,Sur,Pasteles,pza,150.0
I-EDEBAA559F,2026-09-11 18:03:33,Croissant de almendra,80,Norte,Viennoiserie,pza,18.0
I-7ACE1B38AF,2026-09-11 18:03:33,Pastel de chocolate,81,Centro,Pasteles,pza,150.0
I-DB520AF633,2026-09-11 18:03:34,Rol de canela,38,Sur,Viennoiserie,pza,15.0
I-957F4CA6EF,2026-09-11 18:03:35,Rol de canela,45,Norte,Viennoiserie,pza,15.0
I-4EC142CE64,2026-09-11 18:03:35,Tarta de frutas,53,Plaza Obelie,Pasteles,pza,155.0
I-6DB0C2E816,2026-09-11 18:03:36,Tarta de frutas,57,Sur,Pasteles,pza,155.0
I-BB5597802C,2026-09-11 18:03:37,Macaron mixto,22,Plaza Obelie,Petit fours,pza,10.0
I-6798DDE555,2026-09-11 18:03:37,Pastel de chocolate,83,Centro,Pasteles,pza,150.0
I-70067464C4,2026-09-11 18:03:38,Galleta de mantequilla,88,Norte,Reposteria,pza,6.0
I-861DE8CA84,2026-09-11 18:03:38,Cheesecake de frutos rojos,34,Centro,Pasteles,pza,170.0
I-8C0F3D107B,2026-09-11 18:03:39,Tarta de frutas,53,Sur,Pasteles,pza,155.0
I-73B09D777E,2026-09-11 18:03:39,Croissant de almendra,32,Plaza Obelie,Viennoiserie,pza,18.0
I-F338676F77,2026-09-11 18:03:40,Tarta de frutas,47,Centro,Pasteles,pza,155.0
I-D7C085CF52,2026-09-11 18:03:40,Cheesecake de frutos rojos,44,Plaza Obelie,Pasteles,pza,170.0
I-0845AC4F76,2026-09-11 18:03:41,Tarta de frutas,81,Norte,Pasteles,pza,155.0
I-5B2084A10C,2026-09-11 18:03:41,Macaron mixto,73,Sur,Petit fours,pza,10.0
I-80D1D632F0,2026-09-11 18:03:42,Tarta de frutas,45,Sur,Pasteles,pza,155.0
I-0B9F2CF50C,2026-09-11 18:03:42,Cheesecake de frutos rojos,42,Plaza Obelie,Pasteles,pza,170.0
I-CBD289E5B9,2026-09-11 18:03:43,Cheesecake de frutos rojos,77,Sur,Pasteles,pza,170.0
I-BC13EA193A,2026-09-11 18:03:43,Pastel de chocolate,48,Sur,Pasteles,pza,150.0
I-15EE1F2E82,2026-09-11 18:03:44,Macaron mixto,72,Centro,Petit fours,pza,10.0
I-7AA04313F8,2026-09-11 18:03:45,Baguette tradicional,81,Norte,Panaderia,pza,9.0
I-AEA5673B27,2026-09-11 18:03:46,Croissant de almendra,74,Norte,Viennoiserie,pza,18.0
I-7ABCA0AAE4,2026-09-11 18:03:46,Baguette tradicional,70,Sur,Panaderia,pza,9.0
I-65A1E8BF1E,2026-09-11 18:03:47,Cheesecake de frutos rojos,29,Centro,Pasteles,pza,170.0
I-89190F2C72,2026-09-11 18:03:47,Brownie nogada,49,Sur,Reposteria,pza,20.0
I-3CEA843DA7,2026-09-11 18:03:48,Eclair de cafe,55,Plaza Obelie,Petit fours,pza,16.0
I-CA083F9D78,2026-09-11 18:03:48,Cheesecake de frutos rojos,30,Centro,Pasteles,pza,170.0
I-A8F733B228,2026-09-11 18:03:49,Galleta de mantequilla,75,Centro,Reposteria,pza,6.0
I-DE05544171,2026-09-11 18:03:49,Cheesecake de frutos rojos,36,Plaza Obelie,Pasteles,pza,170.0
I-E3B5B69263,2026-09-11 18:03:50,Eclair de cafe,72,Centro,Petit fours,pza,16.0
I-1563DE687E,2026-09-11 18:03:51,Brownie nogada,57,Sur,Reposteria,pza,20.0
I-09B5AB8594,2026-09-11 18:03:51,Eclair de cafe,61,Sur,Petit fours,pza,16.0
I-79CE87683E,2026-09-11 18:03:52,Baguette tradicional,21,Plaza Obelie,Panaderia,pza,9.0
I-45DCFD43A5,2026-09-11 18:03:52,Brownie nogada,57,Centro,Reposteria,pza,20.0
I-D367AFC42C,2026-09-11 18:03:53,Cheesecake de frutos rojos,34,Centro,Pasteles,pza,170.0
I-AFF193CFFC,2026-09-11 18:03:53,Croissant de almendra,56,Centro,Viennoiserie,pza,18.0
I-E4D4504007,2026-09-11 18:03:54,Cheesecake de frutos rojos,26,Centro,Pasteles,pza,170.0
I-929B746997,2026-09-11 18:03:54,Croissant de almendra,40,Plaza Obelie,Viennoiserie,pza,18.0
I-B033A9B596,2026-09-11 18:03:55,Brownie nogada,46,Plaza Obelie,Reposteria,pza,20.0
I-AF5D52B948,2026-09-11 18:03:56,Rol de canela,40,Norte,Viennoiserie,pza,15.0
I-10F8961BC0,2026-09-11 18:03:56,Baguette tradicional,62,Sur,Panaderia,pza,9.0
I-4F4FAEAE87,2026-09-11 18:03:57,Macaron mixto,74,Sur,Petit fours,pza,10.0
I-4533F82D1F,2026-09-11 18:03:57,Galleta de mantequilla,51,Plaza Obelie,Reposteria,pza,6.0
I-AB8B7789F8,2026-09-11 18:03:58,Croissant de almendra,79,Sur,Viennoiserie,pza,18.0
I-97177C6825,2026-09-11 18:03:58,Cheesecake de frutos rojos,24,Centro,Pasteles,pza,170.0
I-86F824B4E7,2026-09-11 18:03:59,Croissant de almendra,35,Plaza Obelie,Viennoiserie,pza,18.0
I-78F28F09F3,2026-09-11 18:03:59,Brownie nogada,52,Centro,Reposteria,pza,20.0
I-899E047A2C,2026-09-11 18:04:00,Eclair de cafe,57,Plaza Obelie,Petit fours,pza,16.0
I-716A7DDE97,2026-09-11 18:04:00,Galleta de mantequilla,67,Centro,Reposteria,pza,6.0
I-7086F1356E,2026-09-11 18:04:01,Cheesecake de frutos rojos,72,Norte,Pasteles,pza,170.0
I-684EF2DA3E,2026-09-11 18:04:02,Croissant de almendra,29,Plaza Obelie,Viennoiserie,pza,18.0
I-9A20749119,2026-09-11 18:04:02,Tarta de frutas,49,Sur,Pasteles,pza,155.0
I-AFC464FDFA,2026-09-11 18:04:03,Tarta de frutas,65,Plaza Obelie,Pasteles,pza,155.0
I-543C501668,2026-09-11 18:04:03,Macaron mixto,35,Norte,Petit fours,pza,10.0
I-6A30B841E6,2026-09-11 18:04:04,Croissant de almendra,48,Centro,Viennoiserie,pza,18.0
I-3E1711D7EB,2026-09-11 18:04:05,Pastel de chocolate,32,Norte,Pasteles,pza,150.0
I-A46ED5E09E,2026-09-11 18:04:05,Eclair de cafe,69,Plaza Obelie,Petit fours,pza,16.0
I-04D5742BF4,2026-09-11 18:04:05,Brownie nogada,62,Sur,Reposteria,pza,20.0
I-66BB188BF1,2026-09-11 18:04:06,Galleta de mantequilla,84,Sur,Reposteria,pza,6.0
I-0B8798EFC5,2026-09-11 18:04:07,Rol de canela,46,Norte,Viennoiserie,pza,15.0
I-613AFDE220,2026-09-11 18:04:07,Cheesecake de frutos rojos,71,Norte,Pasteles,pza,170.0
I-F305D9A1F9,2026-09-11 18:04:08,Eclair de cafe,68,Sur,Petit fours,pza,16.0
I-9FA84D1E8B,2026-09-11 18:04:09,Tarta de frutas,48,Centro,Pasteles,pza,155.0
I-BD8E931BD3,2026-09-11 18:04:09,Baguette tradicional,32,Plaza Obelie,Panaderia,pza,9.0
I-0D57B7FCBA,2026-09-11 18:04:10,Tarta de frutas,63,Plaza Obelie,Pasteles,pza,155.0
I-3D059C0275,2026-09-11 18:04:10,Croissant de almendra,79,Sur,Viennoiserie,pza,18.0
I-1380A8E7CD,2026-09-11 18:04:11,Macaron mixto,35,Norte,Petit fours,pza,10.0
I-79ADF6A5D6,2026-09-11 18:04:12,Tarta de frutas,85,Norte,Pasteles,pza,155.0
I-7DE2338209,2026-09-11 18:04:12,Eclair de cafe,48,Norte,Petit fours,pza,16.0
I-AD718516CC,2026-09-11 18:04:13,Brownie nogada,49,Centro,Reposteria,pza,20.0
I-4EB4EA62C4,2026-09-11 18:04:13,Pastel de chocolate,39,Plaza Obelie,Pasteles,pza,150.0
I-7D3717877B,2026-09-11 18:04:14,Croissant de almendra,71,Norte,Viennoiserie,pza,18.0
I-6C47C06144,2026-09-11 18:04:15,Cheesecake de frutos rojos,25,Centro,Pasteles,pza,170.0
I-4E6E8B0996,2026-09-11 18:04:15,Eclair de cafe,50,Norte,Petit fours,pza,16.0
I-7940FB1F21,2026-09-11 18:04:16,Rol de canela,48,Norte,Viennoiserie,pza,15.0
I-6001F4D7CD,2026-09-11 18:04:16,Rol de canela,38,Sur,Viennoiserie,pza,15.0
I-22D6DCD44A,2026-09-11 18:04:17,Eclair de cafe,82,Centro,Petit fours,pza,16.0
I-A8DB783C93,2026-09-11 18:04:17,Tarta de frutas,82,Norte,Pasteles,pza,155.0
I-EC32B4F496,2026-09-11 18:04:18,Croissant de almendra,76,Sur,Viennoiserie,pza,18.0
I-F76626B4D0,2026-09-11 18:04:18,Galleta de mantequilla,92,Sur,Reposteria,pza,6.0
I-29AFFDCFE1,2026-09-11 18:04:19,Pastel de chocolate,47,Plaza Obelie,Pasteles,pza,150.0
I-E985A59B51,2026-09-11 18:04:20,Galleta de mantequilla,93,Sur,Reposteria,pza,6.0
I-6C0DDB8DF4,2026-09-11 18:04:20,Tarta de frutas,52,Sur,Pasteles,pza,155.0
I-63D1D5B8DE,2026-09-11 18:04:21,Cheesecake de frutos rojos,32,Plaza Obelie,Pasteles,pza,170.0
I-625BC2598C,2026-09-11 18:04:21,Galleta de mantequilla,63,Centro,Reposteria,pza,6.0
I-DC8A47310F,2026-09-11 18:04:22,Baguette tradicional,79,Centro,Panaderia,pza,9.0
I-8C7C9F2011,2026-09-11 18:04:23,Rol de canela,40,Sur,Viennoiserie,pza,15.0
I-16200DB5ED,2026-09-11 18:04:23,Tarta de frutas,55,Sur,Pasteles,pza,155.0
I-29078F1918,2026-09-11 18:04:24,Brownie nogada,50,Plaza Obelie,Reposteria,pza,20.0
I-2BADFE06D4,2026-09-11 18:04:24,Baguette tradicional,90,Centro,Panaderia,pza,9.0
I-7416B6105C,2026-09-11 18:04:25,Croissant de almendra,80,Norte,Viennoiserie,pza,18.0
I-0D57D8AAD8,2026-09-11 18:04:26,Eclair de cafe,42,Norte,Petit fours,pza,16.0
I-A6B2C928BA,2026-09-11 18:04:26,Baguette tradicional,36,Plaza Obelie,Panaderia,pza,9.0
I-EA04DCD9B4,2026-09-11 18:04:27,Galleta de mantequilla,91,Norte,Reposteria,pza,6.0
I-19F13170AB,2026-09-11 18:04:27,Macaron mixto,76,Sur,Petit fours,pza,10.0
I-56229BDB60,2026-09-11 18:04:28,Galleta de mantequilla,45,Plaza Obelie,Reposteria,pza,6.0
I-C16ABE78D9,2026-09-11 18:04:29,Croissant de almendra,76,Sur,Viennoiserie,pza,18.0
I-16C65F2CD8,2026-09-11 18:04:29,Cheesecake de frutos rojos,67,Norte,Pasteles,pza,170.0
I-8DCAC264D1,2026-09-11 18:04:30,Cheesecake de frutos rojos,60,Norte,Pasteles,pza,170.0
I-C74D0012B1,2026-09-11 18:04:30,Eclair de cafe,84,Centro,Petit fours,pza,16.0
I-EC4D028D86,2026-09-11 18:04:30,Eclair de cafe,86,Centro,Petit fours,pza,16.0
I-E34EC1F1B5,2026-09-11 18:04:31,Brownie nogada,57,Sur,Reposteria,pza,20.0
I-CBA381D8D9,2026-09-11 18:04:32,Brownie nogada,42,Centro,Reposteria,pza,20.0
I-AF9C2F55BB,2026-09-11 18:04:32,Pastel de chocolate,94,Centro,Pasteles,pza,150.0
I-1E6E250FA2,2026-09-11 18:04:33,Tarta de frutas,69,Plaza Obelie,Pasteles,pza,155.0
I-F801F76870,2026-09-11 18:04:33,Pastel de chocolate,47,Sur,Pasteles,pza,150.0
I-49A36E6FAA,2026-09-11 18:04:34,Tarta de frutas,79,Norte,Pasteles,pza,155.0
I-6B840DF8DD,2026-09-11 18:04:35,Pastel de chocolate,59,Plaza Obelie,Pasteles,pza,150.0
I-6D1CA75648,2026-09-11 18:04:35,Tarta de frutas,90,Norte,Pasteles,pza,155.0
I-9FA0827D00,2026-09-11 18:04:36,Tarta de frutas,68,Plaza Obelie,Pasteles,pza,155.0
I-59305508BA,2026-09-11 18:04:36,Baguette tradicional,32,Plaza Obelie,Panaderia,pza,9.0
I-17FAEF4EBA,2026-09-11 18:04:37,Macaron mixto,41,Norte,Petit fours,pza,10.0
I-523BF90313,2026-09-11 18:04:38,Baguette tradicional,87,Norte,Panaderia,pza,9.0
I-F09FCBA3EC,2026-09-11 18:04:38,Croissant de almendra,40,Plaza Obelie,Viennoiserie,pza,18.0
I-51264432DB,2026-09-11 18:04:39,Rol de canela,36,Sur,Viennoiserie,pza,15.0
I-C7CA199D88,2026-09-11 18:04:40,Brownie nogada,31,Norte,Reposteria,pza,20.0
I-4261E7BB4A,2026-09-11 18:04:40,Pastel de chocolate,99,Centro,Pasteles,pza,150.0
I-3894D64BA9,2026-09-11 18:04:41,Cheesecake de frutos rojos,36,Plaza Obelie,Pasteles,pza,170.0
I-9B0818BA46,2026-09-11 18:04:41,Macaron mixto,86,Sur,Petit fours,pza,10.0
I-97C9B8C575,2026-09-11 18:04:42,Tarta de frutas,56,Centro,Pasteles,pza,155.0
I-8D9B74E556,2026-09-11 18:04:43,Baguette tradicional,32,Plaza Obelie,Panaderia,pza,9.0
I-8BDFF6220C,2026-09-11 18:04:43,Galleta de mantequilla,85,Sur,Reposteria,pza,6.0
I-477824A15A,2026-09-11 18:04:44,Cheesecake de frutos rojos,61,Norte,Pasteles,pza,170.0
I-7EA92A24A2,2026-09-11 18:04:44,Brownie nogada,37,Centro,Reposteria,pza,20.0
I-81F50A07B2,2026-09-11 18:04:45,Rol de canela,42,Plaza Obelie,Viennoiserie,pza,15.0
I-73771EF011,2026-09-11 18:04:46,Brownie nogada,30,Centro,Reposteria,pza,20.0
I-4F8FD89CD1,2026-09-11 18:04:46,Brownie nogada,45,Plaza Obelie,Reposteria,pza,20.0
I-63BCE09AC6,2026-09-11 18:04:47,Pastel de chocolate,46,Sur,Pasteles,pza,150.0
I-D782E2C028,2026-09-11 18:04:48,Galleta de mantequilla,85,Norte,Reposteria,pza,6.0
I-6083B6C904,2026-09-11 18:04:48,Cheesecake de frutos rojos,86,Sur,Pasteles,pza,170.0
I-51B9EEDF4C,2026-09-11 18:04:49,Baguette tradicional,32,Plaza Obelie,Panaderia,pza,9.0
I-2949FD5483,2026-09-11 18:04:49,Macaron mixto,30,Plaza Obelie,Petit fours,pza,10.0
I-53ED53BF93,2026-09-11 18:04:50,Macaron mixto,81,Sur,Petit fours,pza,10.0
I-7F1BE7604B,2026-09-11 18:04:51,Cheesecake de frutos rojos,59,Norte,Pasteles,pza,170.0
I-F1AA7B6ED0,2026-09-11 18:04:51,Galleta de mantequilla,83,Norte,Reposteria,pza,6.0
I-557048BA67,2026-09-11 18:04:52,Galleta de mantequilla,78,Norte,Reposteria,pza,6.0
I-AEF4B9B64C,2026-09-11 18:04:52,Eclair de cafe,80,Centro,Petit fours,pza,16.0
I-BFDB0AA12D,2026-09-11 18:04:53,Tarta de frutas,94,Norte,Pasteles,pza,155.0
I-9B2BB4BAB6,2026-09-11 18:04:54,Galleta de mantequilla,80,Sur,Reposteria,pza,6.0
I-8301BCE664,2026-09-11 18:04:54,Rol de canela,28,Centro,Viennoiserie,pza,15.0
I-0F3115491B,2026-09-11 18:04:55,Rol de canela,58,Norte,Viennoiserie,pza,15.0
I-9EAF2D4C67,2026-09-11 18:04:55,Brownie nogada,67,Sur,Reposteria,pza,20.0
I-1ED64FB821,2026-09-11 18:04:56,Brownie nogada,29,Norte,Reposteria,pza,20.0
I-B72129F170,2026-09-11 18:04:56,Croissant de almendra,54,Centro,Viennoiserie,pza,18.0
I-9A2B3EA3DE,2026-09-11 18:04:57,Macaron mixto,39,Norte,Petit fours,pza,10.0
I-5608A11258,2026-09-11 18:04:57,Tarta de frutas,54,Centro,Pasteles,pza,155.0
I-E799C66D60,2026-09-11 18:04:58,Tarta de frutas,48,Centro,Pasteles,pza,155.0
I-C026ED73CD,2026-09-11 18:04:58,Pastel de chocolate,56,Plaza Obelie,Pasteles,pza,150.0
I-3D456796C6,2026-09-11 18:04:59,Eclair de cafe,64,Sur,Petit fours,pza,16.0
I-F111395FC6,2026-09-11 18:04:59,Galleta de mantequilla,70,Centro,Reposteria,pza,6.0
I-1FAFE36218,2026-09-11 18:05:00,Tarta de frutas,42,Centro,Pasteles,pza,155.0
I-CCB6370903,2026-09-11 18:05:00,Baguette tradicional,95,Norte,Panaderia,pza,9.0
I-4B75FB5D74,2026-09-11 18:05:01,Galleta de mantequilla,90,Sur,Reposteria,pza,6.0
I-FF3B134FB2,2026-09-11 18:05:01,Pastel de chocolate,39,Sur,Pasteles,pza,150.0
I-675AC1446A,2026-09-11 18:05:02,Croissant de almendra,90,Norte,Viennoiserie,pza,18.0
I-104F2877B7,2026-09-11 18:05:02,Eclair de cafe,63,Plaza Obelie,Petit fours,pza,16.0
I-0AD8DFF4B5,2026-09-11 18:05:03,Pastel de chocolate,26,Norte,Pasteles,pza,150.0
I-50CF95B59B,2026-09-11 18:05:04,Croissant de almendra,76,Sur,Viennoiserie,pza,18.0
I-D4C2DB9391,2026-09-11 18:05:05,Cheesecake de frutos rojos,81,Sur,Pasteles,pza,170.0
I-C1A2DF3A60,2026-09-11 18:05:05,Rol de canela,39,Sur,Viennoiserie,pza,15.0
I-106A56F8AF,2026-09-11 18:05:06,Cheesecake de frutos rojos,73,Sur,Pasteles,pza,170.0
I-9C2E2B6BC1,2026-09-11 18:05:06,Baguette tradicional,92,Norte,Panaderia,pza,9.0
I-C64253A7AD,2026-09-11 18:05:07,Baguette tradicional,88,Centro,Panaderia,pza,9.0
I-2C1B4AFB80,2026-09-11 18:05:07,Macaron mixto,80,Centro,Petit fours,pza,10.0
I-931392543A,2026-09-11 18:05:08,Baguette tradicional,96,Centro,Panaderia,pza,9.0
I-CB534A0D51,2026-09-11 18:05:08,Brownie nogada,36,Norte,Reposteria,pza,20.0
I-DF681F068E,2026-09-11 18:05:09,Tarta de frutas,80,Plaza Obelie,Pasteles,pza,155.0
I-11EECB186A,2026-09-11 18:05:10,Galleta de mantequilla,87,Norte,Reposteria,pza,6.0
I-CC258A7BC9,2026-09-11 18:05:10,Rol de canela,46,Plaza Obelie,Viennoiserie,pza,15.0
I-47E21577D3,2026-09-11 18:05:11,Rol de canela,68,Norte,Viennoiserie,pza,15.0
I-416C04E4FF,2026-09-11 18:05:11,Cheesecake de frutos rojos,63,Norte,Pasteles,pza,170.0
I-9F35BB2100,2026-09-11 18:05:11,Baguette tradicional,103,Norte,Panaderia,pza,9.0
I-829E3E5ADA,2026-09-11 18:05:12,Croissant de almendra,55,Centro,Viennoiserie,pza,18.0
I-0A76250CF9,2026-09-11 18:05:13,Cheesecake de frutos rojos,66,Sur,Pasteles,pza,170.0
I-9A99B2FD41,2026-09-11 18:05:13,Rol de canela,68,Norte,Viennoiserie,pza,15.0
I-C5324460E4,2026-09-11 18:05:14,Eclair de cafe,89,Centro,Petit fours,pza,16.0
I-E8D382C319,2026-09-11 18:05:15,Eclair de cafe,85,Centro,Petit fours,pza,16.0
I-13B7967794,2026-09-11 18:05:15,Pastel de chocolate,99,Centro,Pasteles,pza,150.0
I-6C7E9480B0,2026-09-11 18:05:15,Croissant de almendra,85,Sur,Viennoiserie,pza,18.0
I-F7E8BDA361,2026-09-11 18:05:16,Rol de canela,31,Sur,Viennoiserie,pza,15.0
I-0C2045B3E4,2026-09-11 18:05:17,Brownie nogada,28,Norte,Reposteria,pza,20.0
I-48F4F11C08,2026-09-11 18:05:17,Croissant de almendra,79,Sur,Viennoiserie,pza,18.0
I-6FB8A4AD19,2026-09-11 18:05:18,Croissant de almendra,52,Plaza Obelie,Viennoiserie,pza,18.0
I-1DAF95F407,2026-09-11 18:05:19,Rol de canela,48,Plaza Obelie,Viennoiserie,pza,15.0
I-7CB84CBDBD,2026-09-11 18:05:19,Galleta de mantequilla,98,Sur,Reposteria,pza,6.0
I-5B0D1E6D78,2026-09-11 18:05:20,Brownie nogada,40,Norte,Reposteria,pza,20.0
I-E08F8113A2,2026-09-11 18:05:20,Pastel de chocolate,23,Norte,Pasteles,pza,150.0
I-871AF80576,2026-09-11 18:05:21,Tarta de frutas,51,Sur,Pasteles,pza,155.0
I-8395B04FD3,2026-09-11 18:05:21,Rol de canela,23,Centro,Viennoiserie,pza,15.0
I-D1D8E7DABD,2026-09-11 18:05:22,Cheesecake de frutos rojos,68,Sur,Pasteles,pza,170.0
I-569DDCF63F,2026-09-11 18:05:22,Rol de canela,18,Centro,Viennoiserie,pza,15.0
I-79B1CA2024,2026-09-11 18:05:23,Macaron mixto,22,Plaza Obelie,Petit fours,pza,10.0
I-4FD3049CC3,2026-09-11 18:05:23,Eclair de cafe,70,Plaza Obelie,Petit fours,pza,16.0
I-D886114ECD,2026-09-11 18:05:24,Baguette tradicional,93,Centro,Panaderia,pza,9.0
I-52F22A9C77,2026-09-11 18:05:25,Pastel de chocolate,52,Plaza Obelie,Pasteles,pza,150.0
I-E1D01ABE5E,2026-09-11 18:05:25,Eclair de cafe,36,Norte,Petit fours,pza,16.0
I-4834A018F6,2026-09-11 18:05:26,Eclair de cafe,80,Centro,Petit fours,pza,16.0
I-07093CB127,2026-09-11 18:05:27,Brownie nogada,60,Sur,Reposteria,pza,20.0
I-AFAED13F20,2026-09-11 18:05:27,Galleta de mantequilla,81,Centro,Reposteria,pza,6.0
I-7A8E72DD49,2026-09-11 18:05:28,Macaron mixto,73,Sur,Petit fours,pza,10.0
I-817210F770,2026-09-11 18:05:28,Rol de canela,23,Sur,Viennoiserie,pza,15.0
I-706F6BF5B7,2026-09-11 18:05:29,Croissant de almendra,91,Norte,Viennoiserie,pza,18.0
I-88A0DCDB26,2026-09-11 18:05:29,Macaron mixto,67,Sur,Petit fours,pza,10.0
I-4CD72A3E72,2026-09-11 18:05:30,Baguette tradicional,44,Plaza Obelie,Panaderia,pza,9.0
I-4D00131B4C,2026-09-11 18:05:30,Croissant de almendra,98,Norte,Viennoiserie,pza,18.0
I-2D3905AC9F,2026-09-11 18:05:31,Pastel de chocolate,59,Plaza Obelie,Pasteles,pza,150.0
I-C2629CC4A3,2026-09-11 18:05:31,Galleta de mantequilla,101,Sur,Reposteria,pza,6.0
I-5E852D119F,2026-09-11 18:05:32,Galleta de mantequilla,56,Plaza Obelie,Reposteria,pza,6.0
I-5ABB438375,2026-09-11 18:05:33,Pastel de chocolate,22,Norte,Pasteles,pza,150.0
I-2E03D8C2E8,2026-09-11 18:05:33,Pastel de chocolate,107,Centro,Pasteles,pza,150.0
I-B7E000A7C9,2026-09-11 18:05:34,Brownie nogada,42,Centro,Reposteria,pza,20.0
I-960A164F73,2026-09-11 18:05:34,Tarta de frutas,44,Sur,Pasteles,pza,155.0
I-6F12547998,2026-09-11 18:05:35,Pastel de chocolate,26,Norte,Pasteles,pza,150.0
I-2415440E5A,2026-09-11 18:05:35,Galleta de mantequilla,86,Centro,Reposteria,pza,6.0
I-AED9AD6617,2026-09-11 18:05:36,Cheesecake de frutos rojos,34,Centro,Pasteles,pza,170.0
I-AC08FF618F,2026-09-11 18:05:36,Baguette tradicional,98,Centro,Panaderia,pza,9.0
I-DA1DDE9BD4,2026-09-11 18:05:37,Cheesecake de frutos rojos,34,Plaza Obelie,Pasteles,pza,170.0
I-8D1F255388,2026-09-11 18:05:38,Tarta de frutas,74,Plaza Obelie,Pasteles,pza,155.0
I-9F44282530,2026-09-11 18:05:38,Rol de canela,75,Norte,Viennoiserie,pza,15.0
I-FDD3FC3105,2026-09-11 18:05:39,Galleta de mantequilla,85,Centro,Reposteria,pza,6.0
I-BA05BDB7DF,2026-09-11 18:05:39,Cheesecake de frutos rojos,66,Sur,Pasteles,pza,170.0
I-55D646F8A7,2026-09-11 18:05:40,Galleta de mantequilla,97,Norte,Reposteria,pza,6.0
I-D463EA6852,2026-09-11 18:05:40,Baguette tradicional,112,Norte,Panaderia,pza,9.0
I-3A98ADFA2F,2026-09-11 18:05:41,Rol de canela,21,Sur,Viennoiserie,pza,15.0
I-2DBDE275DF,2026-09-11 18:05:42,Galleta de mantequilla,48,Plaza Obelie,Reposteria,pza,6.0
I-B3D04BD28A,2026-09-11 18:05:42,Cheesecake de frutos rojos,35,Centro,Pasteles,pza,170.0
I-02B9571A67,2026-09-11 18:05:43,Brownie nogada,35,Norte,Reposteria,pza,20.0
I-F76100FD3D,2026-09-11 18:05:43,Tarta de frutas,43,Centro,Pasteles,pza,155.0
I-AB9FFE05CA,2026-09-11 18:05:44,Baguette tradicional,103,Centro,Panaderia,pza,9.0
I-375F357042,2026-09-11 18:05:45,Baguette tradicional,108,Norte,Panaderia,pza,9.0
I-E48ACBEE39,2026-09-11 18:05:45,Pastel de chocolate,31,Norte,Pasteles,pza,150.0
I-C9A5526F16,2026-09-11 18:05:46,Baguette tradicional,119,Norte,Panaderia,pza,9.0
I-B7BF075CB9,2026-09-11 18:05:46,Eclair de cafe,75,Sur,Petit fours,pza,16.0
I-5C377242AA,2026-09-11 18:05:47,Baguette tradicional,103,Centro,Panaderia,pza,9.0
I-6973A974AA,2026-09-11 18:05:47,Croissant de almendra,63,Centro,Viennoiserie,pza,18.0
I-D40DB7EC56,2026-09-11 18:05:48,Brownie nogada,67,Sur,Reposteria,pza,20.0
I-8F45991F7B,2026-09-11 18:05:48,Croissant de almendra,82,Sur,Viennoiserie,pza,18.0
I-8A12A28099,2026-09-11 18:05:49,Galleta de mantequilla,93,Sur,Reposteria,pza,6.0
I-BE89735966,2026-09-11 18:05:50,Macaron mixto,46,Norte,Petit fours,pza,10.0
I-F33D987257,2026-09-11 18:05:50,Rol de canela,17,Sur,Viennoiserie,pza,15.0
I-BF407817C0,2026-09-11 18:05:51,Brownie nogada,40,Centro,Reposteria,pza,20.0
I-F6A00915FA,2026-09-11 18:05:52,Macaron mixto,29,Plaza Obelie,Petit fours,pza,10.0
I-CF07FA70DC,2026-09-11 18:05:52,Baguette tradicional,55,Plaza Obelie,Panaderia,pza,9.0
I-7892726BDC,2026-09-11 18:05:53,Baguette tradicional,57,Plaza Obelie,Panaderia,pza,9.0
I-8FED627D54,2026-09-11 18:05:53,Brownie nogada,74,Sur,Reposteria,pza,20.0
I-981A2BDDA9,2026-09-11 18:05:54,Cheesecake de frutos rojos,60,Norte,Pasteles,pza,170.0
I-3F94168030,2026-09-11 18:05:55,Baguette tradicional,115,Norte,Panaderia,pza,9.0
I-BDD71EFE23,2026-09-11 18:05:55,Baguette tradicional,56,Sur,Panaderia,pza,9.0
I-48C3C57E47,2026-09-11 18:05:56,Croissant de almendra,73,Centro,Viennoiserie,pza,18.0
I-78D368F923,2026-09-11 18:05:56,Cheesecake de frutos rojos,44,Plaza Obelie,Pasteles,pza,170.0
I-86DD7D5332,2026-09-11 18:05:57,Brownie nogada,31,Norte,Reposteria,pza,20.0
I-1187A9AE0E,2026-09-11 18:05:57,Tarta de frutas,98,Norte,Pasteles,pza,155.0
I-B85E3A7B3F,2026-09-11 18:05:58,Croissant de almendra,58,Plaza Obelie,Viennoiserie,pza,18.0
I-85652B86FC,2026-09-11 18:05:59,Pastel de chocolate,35,Sur,Pasteles,pza,150.0
I-FD6B690153,2026-09-11 18:05:59,Rol de canela,59,Plaza Obelie,Viennoiserie,pza,15.0
I-0F8CC3C8DA,2026-09-11 18:06:00,Rol de canela,9,Sur,Viennoiserie,pza,15.0
I-DE6A926BA0,2026-09-11 18:06:00,Rol de canela,3,Sur,Viennoiserie,pza,15.0
I-7A600101FC,2026-09-11 18:06:01,Galleta de mantequilla,95,Centro,Reposteria,pza,6.0
I-FDC37773FF,2026-09-11 18:06:02,Pastel de chocolate,25,Norte,Pasteles,pza,150.0
I-348984D978,2026-09-11 18:06:02,Tarta de frutas,48,Centro,Pasteles,pza,155.0
I-FC5FE2BF51,2026-09-11 18:06:03,Rol de canela,55,Plaza Obelie,Viennoiserie,pza,15.0
I-0D24E8BEAC,2026-09-11 18:06:04,Pastel de chocolate,108,Centro,Pasteles,pza,150.0
I-28A9A28D36,2026-09-11 18:06:04,Eclair de cafe,67,Plaza Obelie,Petit fours,pza,16.0
I-CAC8161976,2026-09-11 18:06:05,Macaron mixto,73,Centro,Petit fours,pza,10.0
I-39F8DD8527,2026-09-11 18:06:06,Pastel de chocolate,38,Sur,Pasteles,pza,150.0
I-AFC9788C0C,2026-09-11 18:06:06,Macaron mixto,84,Centro,Petit fours,pza,10.0
I-5078FD9246,2026-09-11 18:06:06,Brownie nogada,42,Centro,Reposteria,pza,20.0
I-1B83E4435C,2026-09-11 18:06:07,Brownie nogada,37,Plaza Obelie,Reposteria,pza,20.0
I-0BB81FCAD2,2026-09-11 18:06:08,Galleta de mantequilla,94,Sur,Reposteria,pza,6.0
I-818C10397B,2026-09-11 18:06:08,Eclair de cafe,70,Sur,Petit fours,pza,16.0
I-CBA022E05E,2026-09-11 18:06:09,Croissant de almendra,54,Plaza Obelie,Viennoiserie,pza,18.0
I-E28915DCB5,2026-09-11 18:06:10,Macaron mixto,34,Plaza Obelie,Petit fours,pza,10.0
I-75CEE8BDA5,2026-09-11 18:06:10,Baguette tradicional,53,Plaza Obelie,Panaderia,pza,9.0
I-E5ED449189,2026-09-11 18:06:11,Macaron mixto,76,Centro,Petit fours,pza,10.0
I-7DCF87DCDE,2026-09-11 18:06:11,Tarta de frutas,84,Plaza Obelie,Pasteles,pza,155.0
I-0942DD1D78,2026-09-11 18:06:12,Pastel de chocolate,33,Sur,Pasteles,pza,150.0
I-9FAC05E541,2026-09-11 18:06:12,Macaron mixto,41,Plaza Obelie,Petit fours,pza,10.0
I-F3CF9BA47E,2026-09-11 18:06:13,Macaron mixto,54,Norte,Petit fours,pza,10.0
I-F501F79A07,2026-09-11 18:06:14,Galleta de mantequilla,93,Centro,Reposteria,pza,6.0
I-3BE30BFE8E,2026-09-11 18:06:14,Baguette tradicional,45,Plaza Obelie,Panaderia,pza,9.0
I-927F2699CA,2026-09-11 18:06:14,Baguette tradicional,44,Plaza Obelie,Panaderia,pza,9.0
I-6A1A8BD71E,2026-09-11 18:06:15,Rol de canela,64,Plaza Obelie,Viennoiserie,pza,15.0
I-7BF853B9CD,2026-09-11 18:06:16,Croissant de almendra,83,Centro,Viennoiserie,pza,18.0
I-1928E28FD6,2026-09-11 18:06:17,Tarta de frutas,80,Plaza Obelie,Pasteles,pza,155.0
I-2C37EE5C56,2026-09-11 18:06:17,Rol de canela,14,Sur,Viennoiserie,pza,15.0
I-7F2A14F529,2026-09-11 18:06:18,Cheesecake de frutos rojos,60,Sur,Pasteles,pza,170.0
I-543E918D3C,2026-09-11 18:06:19,Tarta de frutas,54,Sur,Pasteles,pza,155.0
I-0066DD19AB,2026-09-11 18:06:19,Pastel de chocolate,119,Centro,Pasteles,pza,150.0
I-990671B926,2026-09-11 18:06:20,Brownie nogada,43,Norte,Reposteria,pza,20.0
I-CA1A0902FF,2026-09-11 18:06:20,Croissant de almendra,65,Plaza Obelie,Viennoiserie,pza,18.0
I-595F16D3D0,2026-09-11 18:06:21,Galleta de mantequilla,85,Centro,Reposteria,pza,6.0
I-791B033322,2026-09-11 18:06:21,Rol de canela,25,Centro,Viennoiserie,pza,15.0
I-BE81ED0BC7,2026-09-11 18:06:22,Brownie nogada,45,Plaza Obelie,Reposteria,pza,20.0
I-9813A97DE3,2026-09-11 18:06:23,Eclair de cafe,45,Norte,Petit fours,pza,16.0
I-FFC1E039F7,2026-09-11 18:06:23,Eclair de cafe,57,Norte,Petit fours,pza,16.0
I-D117F1EF59,2026-09-11 18:06:24,Galleta de mantequilla,100,Sur,Reposteria,pza,6.0
I-39646237E2,2026-09-11 18:06:25,Galleta de mantequilla,46,Plaza Obelie,Reposteria,pza,6.0
I-BC9C3D9077,2026-09-11 18:06:25,Brownie nogada,45,Plaza Obelie,Reposteria,pza,20.0
I-7457070E02,2026-09-11 18:06:26,Cheesecake de frutos rojos,34,Centro,Pasteles,pza,170.0
I-8852E805C5,2026-09-11 18:06:26,Macaron mixto,49,Norte,Petit fours,pza,10.0
I-FF53230BAC,2026-09-11 18:06:26,Pastel de chocolate,131,Centro,Pasteles,pza,150.0
I-68DD5E4C23,2026-09-11 18:06:27,Eclair de cafe,74,Sur,Petit fours,pza,16.0
I-12525E8FB2,2026-09-11 18:06:28,Cheesecake de frutos rojos,55,Plaza Obelie,Pasteles,pza,170.0
I-24EBB7C168,2026-09-11 18:06:28,Baguette tradicional,66,Sur,Panaderia,pza,9.0
I-7591CEDD1B,2026-09-11 18:06:29,Macaron mixto,54,Norte,Petit fours,pza,10.0
I-DADE7E9593,2026-09-11 18:06:30,Baguette tradicional,58,Sur,Panaderia,pza,9.0
I-48ED482B17,2026-09-11 18:06:30,Macaron mixto,80,Centro,Petit fours,pza,10.0
I-C8BA56B584,2026-09-11 18:06:31,Pastel de chocolate,42,Sur,Pasteles,pza,150.0
I-6C543FA93C,2026-09-11 18:06:31,Cheesecake de frutos rojos,60,Plaza Obelie,Pasteles,pza,170.0
I-32A0776B1C,2026-09-11 18:06:32,Eclair de cafe,79,Centro,Petit fours,pza,16.0
I-79A4C92D49,2026-09-11 18:06:33,Brownie nogada,71,Sur,Reposteria,pza,20.0
I-7ED03AB4D3,2026-09-11 18:06:33,Macaron mixto,76,Centro,Petit fours,pza,10.0
I-5A70820552,2026-09-11 18:06:34,Croissant de almendra,84,Centro,Viennoiserie,pza,18.0
I-FD97F6B818,2026-09-11 18:06:35,Croissant de almendra,58,Plaza Obelie,Viennoiserie,pza,18.0
I-C48220A532,2026-09-11 18:06:35,Brownie nogada,34,Centro,Reposteria,pza,20.0
I-F12FD771AE,2026-09-11 18:06:36,Tarta de frutas,52,Centro,Pasteles,pza,155.0
I-7A073365CE,2026-09-11 18:06:36,Macaron mixto,68,Sur,Petit fours,pza,10.0
I-03C93E1514,2026-09-11 18:06:37,Rol de canela,76,Norte,Viennoiserie,pza,15.0
I-179ABCCF93,2026-09-11 18:06:38,Rol de canela,71,Plaza Obelie,Viennoiserie,pza,15.0
I-9F55E086BE,2026-09-11 18:06:38,Rol de canela,64,Plaza Obelie,Viennoiserie,pza,15.0
I-B51BB7299C,2026-09-11 18:06:39,Baguette tradicional,105,Centro,Panaderia,pza,9.0
I-F3FB5D93E6,2026-09-11 18:06:39,Croissant de almendra,93,Centro,Viennoiserie,pza,18.0
I-6B721512EB,2026-09-11 18:06:40,Cheesecake de frutos rojos,60,Plaza Obelie,Pasteles,pza,170.0
I-C5450AE4F6,2026-09-11 18:06:41,Cheesecake de frutos rojos,58,Plaza Obelie,Pasteles,pza,170.0
I-FFD9585C17,2026-09-11 18:06:41,Brownie nogada,64,Sur,Reposteria,pza,20.0
I-DADB6D3F81,2026-09-11 18:06:42,Cheesecake de frutos rojos,71,Sur,Pasteles,pza,170.0
I-7040F2A59A,2026-09-11 18:06:42,Galleta de mantequilla,105,Norte,Reposteria,pza,6.0
I-9F181FFD6C,2026-09-11 18:06:43,Tarta de frutas,49,Sur,Pasteles,pza,155.0
I-9B3CC9E2D7,2026-09-11 18:06:43,Galleta de mantequilla,39,Plaza Obelie,Reposteria,pza,6.0
I-F922F68A98,2026-09-11 18:06:44,Croissant de almendra,107,Norte,Viennoiserie,pza,18.0
I-63DAD4B2EC,2026-09-11 18:06:45,Croissant de almendra,88,Sur,Viennoiserie,pza,18.0
I-A073907981,2026-09-11 18:06:45,Galleta de mantequilla,106,Sur,Reposteria,pza,6.0
I-B7732AB097,2026-09-11 18:06:46,Baguette tradicional,54,Plaza Obelie,Panaderia,pza,9.0
I-CB3964446E,2026-09-11 18:06:47,Galleta de mantequilla,107,Sur,Reposteria,pza,6.0
I-84C2AF15FB,2026-09-11 18:06:47,Tarta de frutas,92,Plaza Obelie,Pasteles,pza,155.0
I-0CF21E9A8E,2026-09-11 18:06:48,Pastel de chocolate,137,Centro,Pasteles,pza,150.0
I-0D7132B70D,2026-09-11 18:06:48,Brownie nogada,33,Centro,Reposteria,pza,20.0
I-0EDF921039,2026-09-11 18:06:49,Rol de canela,8,Sur,Viennoiserie,pza,15.0
I-FF0EF8DE96,2026-09-11 18:06:49,Galleta de mantequilla,82,Centro,Reposteria,pza,6.0
I-B37E46AAB7,2026-09-11 18:06:50,Cheesecake de frutos rojos,72,Norte,Pasteles,pza,170.0
I-14197AA961,2026-09-11 18:06:50,Eclair de cafe,85,Sur,Petit fours,pza,16.0
I-84F99176D7,2026-09-11 18:06:51,Eclair de cafe,83,Sur,Petit fours,pza,16.0
I-9F16CB3CDD,2026-09-11 18:06:52,Croissant de almendra,88,Centro,Viennoiserie,pza,18.0
I-F7EC73B542,2026-09-11 18:06:52,Tarta de frutas,99,Norte,Pasteles,pza,155.0
I-20512FCD5B,2026-09-11 18:06:53,Cheesecake de frutos rojos,78,Norte,Pasteles,pza,170.0
I-66CBDDFD34,2026-09-11 18:06:53,Tarta de frutas,93,Plaza Obelie,Pasteles,pza,155.0
I-E151EEC21A,2026-09-11 18:06:54,Cheesecake de frutos rojos,79,Norte,Pasteles,pza,170.0
I-DB509DA123,2026-09-11 18:06:54,Eclair de cafe,90,Sur,Petit fours,pza,16.0
I-F69CFC2C8E,2026-09-11 18:06:55,Tarta de frutas,55,Sur,Pasteles,pza,155.0
I-479CADDD9A,2026-09-11 18:06:56,Pastel de chocolate,50,Sur,Pasteles,pza,150.0
I-EC33982667,2026-09-11 18:06:56,Baguette tradicional,101,Centro,Panaderia,pza,9.0
I-91D72D501A,2026-09-11 18:06:57,Tarta de frutas,61,Sur,Pasteles,pza,155.0
I-82F632CAA9,2026-09-11 18:06:58,Pastel de chocolate,54,Plaza Obelie,Pasteles,pza,150.0
I-F855F45A44,2026-09-11 18:06:59,Croissant de almendra,70,Plaza Obelie,Viennoiserie,pza,18.0
I-4A28F73E71,2026-09-11 18:06:59,Brownie nogada,25,Centro,Reposteria,pza,20.0
I-C619A09338,2026-09-11 18:07:00,Galleta de mantequilla,116,Sur,Reposteria,pza,6.0
I-CD266EB616,2026-09-11 18:07:00,Cheesecake de frutos rojos,50,Plaza Obelie,Pasteles,pza,170.0
I-08F88C1DCE,2026-09-11 18:07:01,Macaron mixto,48,Plaza Obelie,Petit fours,pza,10.0
I-0DC3F4976F,2026-09-11 18:07:02,Brownie nogada,23,Centro,Reposteria,pza,20.0
I-937AA7AAF4,2026-09-11 18:07:02,Eclair de cafe,79,Centro,Petit fours,pza,16.0
I-DC1E1D0379,2026-09-11 18:07:03,Galleta de mantequilla,41,Plaza Obelie,Reposteria,pza,6.0
I-1D2788F9BC,2026-09-11 18:07:03,Galleta de mantequilla,123,Sur,Reposteria,pza,6.0
I-76E500F040,2026-09-11 18:07:04,Brownie nogada,41,Plaza Obelie,Reposteria,pza,20.0
I-DE61DA9AA1,2026-09-11 18:07:05,Rol de canela,87,Norte,Viennoiserie,pza,15.0
I-495CBF758F,2026-09-11 18:07:05,Pastel de chocolate,54,Plaza Obelie,Pasteles,pza,150.0
I-8D95A2D8BA,2026-09-11 18:07:06,Eclair de cafe,73,Plaza Obelie,Petit fours,pza,16.0
I-7F6551F62D,2026-09-11 18:07:06,Tarta de frutas,93,Plaza Obelie,Pasteles,pza,155.0
I-F1A160AE3F,2026-09-11 18:07:07,Brownie nogada,46,Norte,Reposteria,pza,20.0
I-0A0DA0C9DE,2026-09-11 18:07:08,Rol de canela,0,Sur,Viennoiserie,pza,15.0
I-2BF91B0921,2026-09-11 18:07:08,Galleta de mantequilla,117,Norte,Reposteria,pza,6.0
I-B42853428B,2026-09-11 18:07:09,Baguette tradicional,110,Centro,Panaderia,pza,9.0
I-58988D202E,2026-09-11 18:07:10,Brownie nogada,76,Sur,Reposteria,pza,20.0
I-926D66F638,2026-09-11 18:07:10,Macaron mixto,64,Norte,Petit fours,pza,10.0
I-6154C4A8DA,2026-09-11 18:07:11,Galleta de mantequilla,42,Plaza Obelie,Reposteria,pza,6.0
I-7D7490BF2A,2026-09-11 18:07:11,Eclair de cafe,88,Sur,Petit fours,pza,16.0
I-1C519D96F3,2026-09-11 18:07:12,Eclair de cafe,56,Norte,Petit fours,pza,16.0
I-0223BADF4E,2026-09-11 18:07:12,Cheesecake de frutos rojos,75,Sur,Pasteles,pza,170.0
I-95142171E2,2026-09-11 18:07:13,Tarta de frutas,57,Centro,Pasteles,pza,155.0
I-D11D16B2B9,2026-09-11 18:07:13,Brownie nogada,41,Norte,Reposteria,pza,20.0
I-F3A77D6FBC,2026-09-11 18:07:14,Brownie nogada,36,Plaza Obelie,Reposteria,pza,20.0
I-F8C834F86B,2026-09-11 18:07:15,Galleta de mantequilla,124,Sur,Reposteria,pza,6.0
I-0DF30F2C78,2026-09-11 18:07:15,Cheesecake de frutos rojos,83,Norte,Pasteles,pza,170.0
I-840BF5A093,2026-09-11 18:07:16,Eclair de cafe,77,Centro,Petit fours,pza,16.0
I-D5B1A4CFB7,2026-09-11 18:07:17,Tarta de frutas,85,Plaza Obelie,Pasteles,pza,155.0
I-40C93ED204,2026-09-11 18:07:17,Pastel de chocolate,22,Norte,Pasteles,pza,150.0
I-60705BF043,2026-09-11 18:07:18,Galleta de mantequilla,135,Sur,Reposteria,pza,6.0
I-86015134ED,2026-09-11 18:07:18,Baguette tradicional,113,Centro,Panaderia,pza,9.0
I-F8D7960DAD,2026-09-11 18:07:19,Brownie nogada,85,Sur,Reposteria,pza,20.0
I-CFA6D296A5,2026-09-11 18:07:19,Galleta de mantequilla,47,Plaza Obelie,Reposteria,pza,6.0
I-DA589360D8,2026-09-11 18:07:20,Macaron mixto,79,Sur,Petit fours,pza,10.0
I-0D265C38DB,2026-09-11 18:07:21,Rol de canela,66,Plaza Obelie,Viennoiserie,pza,15.0
I-0A9F40F04D,2026-09-11 18:07:21,Galleta de mantequilla,81,Centro,Reposteria,pza,6.0
I-C30F242208,2026-09-11 18:07:22,Pastel de chocolate,66,Plaza Obelie,Pasteles,pza,150.0
I-DCE310E61E,2026-09-11 18:07:22,Cheesecake de frutos rojos,32,Centro,Pasteles,pza,170.0
I-71B47A2A9F,2026-09-11 18:07:22,Tarta de frutas,65,Sur,Pasteles,pza,155.0
I-72F57D13F1,2026-09-11 18:07:23,Eclair de cafe,85,Plaza Obelie,Petit fours,pza,16.0
I-A6C07732C1,2026-09-11 18:07:24,Croissant de almendra,93,Centro,Viennoiserie,pza,18.0
I-9452A68B51,2026-09-11 18:07:24,Brownie nogada,22,Centro,Reposteria,pza,20.0
I-2135D40224,2026-09-11 18:07:24,Cheesecake de frutos rojos,26,Centro,Pasteles,pza,170.0
I-8C7904FAB5,2026-09-11 18:07:25,Macaron mixto,82,Centro,Petit fours,pza,10.0
I-BC83D20A44,2026-09-11 18:07:25,Brownie nogada,27,Centro,Reposteria,pza,20.0
I-25752A41CD,2026-09-11 18:07:26,Brownie nogada,48,Plaza Obelie,Reposteria,pza,20.0
I-CD5A0616AE,2026-09-11 18:07:27,Baguette tradicional,69,Sur,Panaderia,pza,9.0
I-EC79A4A660,2026-09-11 18:07:27,Rol de canela,8,Sur,Viennoiserie,pza,15.0
I-F67B8B9388,2026-09-11 18:07:28,Rol de canela,64,Plaza Obelie,Viennoiserie,pza,15.0
I-96E2D86785,2026-09-11 18:07:28,Galleta de mantequilla,129,Sur,Reposteria,pza,6.0
I-D6631AACFC,2026-09-11 18:07:29,Galleta de mantequilla,114,Norte,Reposteria,pza,6.0
I-A982247D5F,2026-09-11 18:07:29,Pastel de chocolate,47,Sur,Pasteles,pza,150.0
I-4CAA8E49BA,2026-09-11 18:07:30,Brownie nogada,20,Centro,Reposteria,pza,20.0
I-994DF11B48,2026-09-11 18:07:31,Brownie nogada,26,Centro,Reposteria,pza,20.0
I-DB2AFA7B66,2026-09-11 18:07:32,Galleta de mantequilla,119,Norte,Reposteria,pza,6.0
I-A3986CE574,2026-09-11 18:07:32,Brownie nogada,22,Centro,Reposteria,pza,20.0
I-BAE4EB397F,2026-09-11 18:07:33,Tarta de frutas,98,Norte,Pasteles,pza,155.0
I-1DB38890A5,2026-09-11 18:07:33,Eclair de cafe,61,Norte,Petit fours,pza,16.0
I-D038D0374F,2026-09-11 18:07:34,Eclair de cafe,76,Centro,Petit fours,pza,16.0
I-0F35669438,2026-09-11 18:07:35,Cheesecake de frutos rojos,52,Plaza Obelie,Pasteles,pza,170.0
I-B8D706CC40,2026-09-11 18:07:35,Pastel de chocolate,14,Norte,Pasteles,pza,150.0
I-62C4AE27B5,2026-09-11 18:07:36,Pastel de chocolate,131,Centro,Pasteles,pza,150.0
I-A210C9B928,2026-09-11 18:07:36,Macaron mixto,77,Sur,Petit fours,pza,10.0
I-87F06516C9,2026-09-11 18:07:37,Tarta de frutas,63,Centro,Pasteles,pza,155.0
I-59AA749963,2026-09-11 18:07:37,Croissant de almendra,87,Centro,Viennoiserie,pza,18.0
I-E0449F4D48,2026-09-11 18:07:38,Pastel de chocolate,128,Centro,Pasteles,pza,150.0
I-86B8E728A5,2026-09-11 18:07:38,Galleta de mantequilla,138,Sur,Reposteria,pza,6.0
I-2648261D7C,2026-09-11 18:07:39,Galleta de mantequilla,77,Centro,Reposteria,pza,6.0
I-1B7D9DCED5,2026-09-11 18:07:40,Croissant de almendra,67,Plaza Obelie,Viennoiserie,pza,18.0
I-71843BFF14,2026-09-11 18:07:40,Croissant de almendra,86,Sur,Viennoiserie,pza,18.0
I-40A0CB37E1,2026-09-11 18:07:41,Baguette tradicional,125,Norte,Panaderia,pza,9.0
I-59C15B7721,2026-09-11 18:07:41,Tarta de frutas,64,Sur,Pasteles,pza,155.0
I-DDBD9C123D,2026-09-11 18:07:42,Baguette tradicional,76,Sur,Panaderia,pza,9.0
I-583D336EA5,2026-09-11 18:07:43,Macaron mixto,72,Sur,Petit fours,pza,10.0
I-A3AABF8D9B,2026-09-11 18:07:43,Galleta de mantequilla,129,Norte,Reposteria,pza,6.0
I-4E1E9F3E57,2026-09-11 18:07:44,Macaron mixto,61,Norte,Petit fours,pza,10.0
I-709C00556E,2026-09-11 18:07:44,Baguette tradicional,118,Norte,Panaderia,pza,9.0
I-5ADBB514F3,2026-09-11 18:07:45,Galleta de mantequilla,50,Plaza Obelie,Reposteria,pza,6.0
I-C32256C8BC,2026-09-11 18:07:46,Croissant de almendra,110,Norte,Viennoiserie,pza,18.0
I-175301982B,2026-09-11 18:07:46,Pastel de chocolate,122,Centro,Pasteles,pza,150.0
I-287D3CDAA9,2026-09-11 18:07:47,Croissant de almendra,75,Plaza Obelie,Viennoiserie,pza,18.0
I-65ABBD14B8,2026-09-11 18:07:47,Tarta de frutas,59,Sur,Pasteles,pza,155.0
I-43EA33B71D,2026-09-11 18:07:48,Baguette tradicional,106,Centro,Panaderia,pza,9.0
I-8934CF19AC,2026-09-11 18:07:49,Macaron mixto,54,Plaza Obelie,Petit fours,pza,10.0
I-4CC856A12B,2026-09-11 18:07:49,Rol de canela,34,Centro,Viennoiserie,pza,15.0
I-D6B765462D,2026-09-11 18:07:50,Eclair de cafe,86,Plaza Obelie,Petit fours,pza,16.0
I-60363C21D9,2026-09-11 18:07:51,Eclair de cafe,87,Centro,Petit fours,pza,16.0
I-828D542837,2026-09-11 18:07:51,Cheesecake de frutos rojos,54,Plaza Obelie,Pasteles,pza,170.0
I-E9F5BC0510,2026-09-11 18:07:52,Eclair de cafe,55,Norte,Petit fours,pza,16.0
I-4BA3703D31,2026-09-11 18:07:53,Macaron mixto,91,Centro,Petit fours,pza,10.0
I-F75DB28DD1,2026-09-11 18:07:53,Galleta de mantequilla,127,Norte,Reposteria,pza,6.0
I-51063DA473,2026-09-11 18:07:54,Macaron mixto,84,Centro,Petit fours,pza,10.0
I-49162DA55A,2026-09-11 18:07:54,Eclair de cafe,95,Sur,Petit fours,pza,16.0
I-1801D5DB51,2026-09-11 18:07:55,Brownie nogada,45,Norte,Reposteria,pza,20.0
I-41EB4D95CA,2026-09-11 18:07:55,Rol de canela,20,Sur,Viennoiserie,pza,15.0
I-EE01863C9C,2026-09-11 18:07:56,Pastel de chocolate,76,Plaza Obelie,Pasteles,pza,150.0
I-ACFD1A2228,2026-09-11 18:07:56,Croissant de almendra,92,Sur,Viennoiserie,pza,18.0
I-E17DC11189,2026-09-11 18:07:57,Tarta de frutas,96,Norte,Pasteles,pza,155.0
I-EFAE6A27D9,2026-09-11 18:07:58,Galleta de mantequilla,143,Sur,Reposteria,pza,6.0
I-4A760CDDDB,2026-09-11 18:07:58,Brownie nogada,80,Sur,Reposteria,pza,20.0
I-BC177A6EA3,2026-09-11 18:07:59,Cheesecake de frutos rojos,85,Norte,Pasteles,pza,170.0
I-F1F21FB701,2026-09-11 18:07:59,Macaron mixto,54,Norte,Petit fours,pza,10.0
I-825AF69A95,2026-09-11 18:08:00,Pastel de chocolate,46,Sur,Pasteles,pza,150.0
I-E65402A7FA,2026-09-11 18:08:00,Baguette tradicional,100,Centro,Panaderia,pza,9.0
I-5DB952ABB4,2026-09-11 18:08:01,Croissant de almendra,119,Norte,Viennoiserie,pza,18.0
I-ABB7FF6F5D,2026-09-11 18:08:01,Baguette tradicional,52,Plaza Obelie,Panaderia,pza,9.0
I-019F6795E7,2026-09-11 18:08:02,Croissant de almendra,114,Norte,Viennoiserie,pza,18.0
I-25CE9D3851,2026-09-11 18:08:02,Tarta de frutas,70,Sur,Pasteles,pza,155.0
I-38AF891309,2026-09-11 18:08:03,Brownie nogada,30,Centro,Reposteria,pza,20.0
I-C375B22417,2026-09-11 18:08:04,Croissant de almendra,75,Plaza Obelie,Viennoiserie,pza,18.0
I-596A0BAE9B,2026-09-11 18:08:04,Brownie nogada,40,Norte,Reposteria,pza,20.0
I-40147238F0,2026-09-11 18:08:05,Galleta de mantequilla,79,Centro,Reposteria,pza,6.0
I-A543F3DDE4,2026-09-11 18:08:05,Brownie nogada,51,Plaza Obelie,Reposteria,pza,20.0
I-96F3F828F3,2026-09-11 18:08:06,Baguette tradicional,94,Centro,Panaderia,pza,9.0
I-48C865D1B4,2026-09-11 18:08:06,Eclair de cafe,93,Sur,Petit fours,pza,16.0
I-05FDC7FDCD,2026-09-11 18:08:07,Brownie nogada,62,Plaza Obelie,Reposteria,pza,20.0
I-9E7922E521,2026-09-11 18:08:08,Tarta de frutas,95,Plaza Obelie,Pasteles,pza,155.0
I-21ED93C16B,2026-09-11 18:08:08,Cheesecake de frutos rojos,52,Plaza Obelie,Pasteles,pza,170.0
I-8D74B549B0,2026-09-11 18:08:09,Tarta de frutas,57,Centro,Pasteles,pza,155.0
I-AA74450A22,2026-09-11 18:08:10,Eclair de cafe,84,Centro,Petit fours,pza,16.0
I-A2BD406FDF,2026-09-11 18:08:10,Rol de canela,87,Norte,Viennoiserie,pza,15.0
I-E9DA97B42D,2026-09-11 18:08:11,Galleta de mantequilla,71,Centro,Reposteria,pza,6.0
I-0765AF1021,2026-09-11 18:08:11,Croissant de almendra,74,Plaza Obelie,Viennoiserie,pza,18.0
I-982C7B2461,2026-09-11 18:08:12,Macaron mixto,66,Sur,Petit fours,pza,10.0
I-2943AA1CA7,2026-09-11 18:08:12,Baguette tradicional,120,Norte,Panaderia,pza,9.0
I-C4B950E90B,2026-09-11 18:08:13,Pastel de chocolate,133,Centro,Pasteles,pza,150.0
I-C5CD9B4849,2026-09-11 18:08:13,Rol de canela,21,Sur,Viennoiserie,pza,15.0
I-79694D6EB2,2026-09-11 18:08:14,Rol de canela,64,Plaza Obelie,Viennoiserie,pza,15.0
I-D087510EFB,2026-09-11 18:08:14,Pastel de chocolate,54,Sur,Pasteles,pza,150.0
I-C9AC070A57,2026-09-11 18:08:15,Pastel de chocolate,50,Sur,Pasteles,pza,150.0
I-9A274C0FF2,2026-09-11 18:08:16,Cheesecake de frutos rojos,26,Centro,Pasteles,pza,170.0
I-9EC91F4DDB,2026-09-11 18:08:16,Rol de canela,31,Centro,Viennoiserie,pza,15.0
I-020F407AF5,2026-09-11 18:08:16,Brownie nogada,33,Centro,Reposteria,pza,20.0
I-7D925ED1F3,2026-09-11 18:08:17,Eclair de cafe,103,Sur,Petit fours,pza,16.0
I-6588A6F014,2026-09-11 18:08:18,Brownie nogada,78,Sur,Reposteria,pza,20.0
I-5629FD6BFD,2026-09-11 18:08:18,Croissant de almendra,123,Norte,Viennoiserie,pza,18.0
I-1CE2D0B2CE,2026-09-11 18:08:19,Croissant de almendra,132,Norte,Viennoiserie,pza,18.0
I-94573D5039,2026-09-11 18:08:20,Eclair de cafe,95,Sur,Petit fours,pza,16.0
I-5C96EFBEB2,2026-09-11 18:08:20,Croissant de almendra,129,Norte,Viennoiserie,pza,18.0
I-6A03A74931,2026-09-11 18:08:21,Rol de canela,89,Norte,Viennoiserie,pza,15.0
I-0B2B97F856,2026-09-11 18:08:21,Macaron mixto,60,Plaza Obelie,Petit fours,pza,10.0
I-401D8EB4F3,2026-09-11 18:08:22,Galleta de mantequilla,149,Sur,Reposteria,pza,6.0
I-D8B37A2649,2026-09-11 18:08:22,Pastel de chocolate,46,Sur,Pasteles,pza,150.0
I-07AD53B29C,2026-09-11 18:08:23,Rol de canela,67,Plaza Obelie,Viennoiserie,pza,15.0
I-7388D943BE,2026-09-11 18:08:23,Rol de canela,31,Sur,Viennoiserie,pza,15.0
I-577AC5A3A3,2026-09-11 18:08:24,Croissant de almendra,135,Norte,Viennoiserie,pza,18.0
I-AF39253092,2026-09-11 18:08:25,Croissant de almendra,92,Sur,Viennoiserie,pza,18.0
I-4956F92C08,2026-09-11 18:08:25,Pastel de chocolate,26,Norte,Pasteles,pza,150.0
I-1FF2B21BD2,2026-09-11 18:08:26,Pastel de chocolate,43,Sur,Pasteles,pza,150.0
I-72D3684EC9,2026-09-11 18:08:26,Pastel de chocolate,136,Centro,Pasteles,pza,150.0
I-F08E22BB72,2026-09-11 18:08:27,Galleta de mantequilla,81,Centro,Reposteria,pza,6.0
I-816B9566F1,2026-09-11 18:08:28,Cheesecake de frutos rojos,80,Sur,Pasteles,pza,170.0
I-D1E25DA485,2026-09-11 18:08:29,Cheesecake de frutos rojos,23,Centro,Pasteles,pza,170.0
I-096274FDA5,2026-09-11 18:08:29,Galleta de mantequilla,81,Centro,Reposteria,pza,6.0
I-D174BABDD8,2026-09-11 18:08:30,Rol de canela,89,Norte,Viennoiserie,pza,15.0
I-9BF5DD9F37,2026-09-11 18:08:30,Pastel de chocolate,69,Plaza Obelie,Pasteles,pza,150.0
I-CBE1F0FC34,2026-09-11 18:08:31,Rol de canela,24,Centro,Viennoiserie,pza,15.0
I-DB7949D19B,2026-09-11 18:08:32,Baguette tradicional,80,Sur,Panaderia,pza,9.0
I-96088C5D11,2026-09-11 18:08:32,Tarta de frutas,100,Norte,Pasteles,pza,155.0
I-86F1909C06,2026-09-11 18:08:33,Baguette tradicional,104,Centro,Panaderia,pza,9.0
I-1946934495,2026-09-11 18:08:33,Macaron mixto,64,Sur,Petit fours,pza,10.0
I-BBED48A4EE,2026-09-11 18:08:34,Baguette tradicional,114,Centro,Panaderia,pza,9.0
I-B6FD473C43,2026-09-11 18:08:34,Croissant de almendra,73,Plaza Obelie,Viennoiserie,pza,18.0
I-103F335C99,2026-09-11 18:08:35,Brownie nogada,70,Sur,Reposteria,pza,20.0
I-561BE345D5,2026-09-11 18:08:35,Rol de canela,100,Norte,Viennoiserie,pza,15.0
I-02E6D60F11,2026-09-11 18:08:36,Eclair de cafe,106,Sur,Petit fours,pza,16.0
I-1939C47E4E,2026-09-11 18:08:37,Brownie nogada,33,Centro,Reposteria,pza,20.0
I-2249EB9E84,2026-09-11 18:08:37,Eclair de cafe,59,Norte,Petit fours,pza,16.0
I-F6BECACC0A,2026-09-11 18:08:38,Galleta de mantequilla,46,Plaza Obelie,Reposteria,pza,6.0
I-FFE5DDC1AF,2026-09-11 18:08:38,Tarta de frutas,74,Sur,Pasteles,pza,155.0
I-223034C599,2026-09-11 18:08:39,Macaron mixto,47,Norte,Petit fours,pza,10.0
I-68993D0F00,2026-09-11 18:08:39,Brownie nogada,63,Sur,Reposteria,pza,20.0
I-7DD6723730,2026-09-11 18:08:40,Croissant de almendra,95,Centro,Viennoiserie,pza,18.0
I-EF8E46D30B,2026-09-11 18:08:40,Croissant de almendra,99,Centro,Viennoiserie,pza,18.0
I-FFB0B68A7E,2026-09-11 18:08:41,Pastel de chocolate,29,Norte,Pasteles,pza,150.0
I-ECC679069C,2026-09-11 18:08:41,Croissant de almendra,135,Norte,Viennoiserie,pza,18.0
I-6844996BDC,2026-09-11 18:08:42,Brownie nogada,29,Centro,Reposteria,pza,20.0
I-A984DF3BA7,2026-09-11 18:08:42,Pastel de chocolate,81,Plaza Obelie,Pasteles,pza,150.0
I-4DDEEFA1D5,2026-09-11 18:08:43,Baguette tradicional,112,Norte,Panaderia,pza,9.0
I-0E1B884AFA,2026-09-11 18:08:43,Croissant de almendra,91,Centro,Viennoiserie,pza,18.0
I-1B5BA7B973,2026-09-11 18:08:44,Croissant de almendra,89,Sur,Viennoiserie,pza,18.0
I-A0320BE828,2026-09-11 18:08:44,Croissant de almendra,100,Centro,Viennoiserie,pza,18.0
I-6F266DE52E,2026-09-11 18:08:45,Macaron mixto,49,Norte,Petit fours,pza,10.0
I-B1401D446F,2026-09-11 18:08:45,Eclair de cafe,109,Sur,Petit fours,pza,16.0
I-C109B210D7,2026-09-11 18:08:46,Cheesecake de frutos rojos,81,Sur,Pasteles,pza,170.0
I-CDA2F708B9,2026-09-11 18:08:46,Tarta de frutas,102,Plaza Obelie,Pasteles,pza,155.0
I-7A7255BD53,2026-09-11 18:08:47,Brownie nogada,31,Centro,Reposteria,pza,20.0
I-D6E30B7B3A,2026-09-11 18:08:48,Pastel de chocolate,41,Norte,Pasteles,pza,150.0
I-9E91216B14,2026-09-11 18:08:48,Pastel de chocolate,133,Centro,Pasteles,pza,150.0
I-48A1AFE317,2026-09-11 18:08:49,Eclair de cafe,86,Centro,Petit fours,pza,16.0
I-2D4DAA7777,2026-09-11 18:08:49,Tarta de frutas,111,Norte,Pasteles,pza,155.0
I-213468A68B,2026-09-11 18:08:50,Galleta de mantequilla,79,Centro,Reposteria,pza,6.0
I-63E6B6F58F,2026-09-11 18:08:51,Galleta de mantequilla,123,Norte,Reposteria,pza,6.0
I-686F43C276,2026-09-11 18:08:51,Eclair de cafe,81,Centro,Petit fours,pza,16.0
I-65CEE1A0A8,2026-09-11 18:08:52,Croissant de almendra,110,Centro,Viennoiserie,pza,18.0
I-65F8AB73B0,2026-09-11 18:08:52,Galleta de mantequilla,45,Plaza Obelie,Reposteria,pza,6.0
I-B18AD82ECE,2026-09-11 18:08:53,Tarta de frutas,117,Norte,Pasteles,pza,155.0
I-C091193AF0,2026-09-11 18:08:54,Baguette tradicional,56,Plaza Obelie,Panaderia,pza,9.0
I-C6EB887127,2026-09-11 18:08:55,Rol de canela,112,Norte,Viennoiserie,pza,15.0
I-442B00802F,2026-09-11 18:08:55,Brownie nogada,38,Centro,Reposteria,pza,20.0
I-1D555C973A,2026-09-11 18:08:56,Tarta de frutas,79,Sur,Pasteles,pza,155.0
I-2C5DB1E754,2026-09-11 18:08:57,Tarta de frutas,74,Sur,Pasteles,pza,155.0
I-2D9E0B375E,2026-09-11 18:08:57,Baguette tradicional,76,Sur,Panaderia,pza,9.0
I-32EE733355,2026-09-11 18:08:58,Rol de canela,65,Plaza Obelie,Viennoiserie,pza,15.0
I-FB686A2B92,2026-09-11 18:08:59,Cheesecake de frutos rojos,46,Plaza Obelie,Pasteles,pza,170.0
I-9C6455291B,2026-09-11 18:08:59,Croissant de almendra,80,Plaza Obelie,Viennoiserie,pza,18.0
I-9BF19E48EA,2026-09-11 18:09:00,Macaron mixto,79,Centro,Petit fours,pza,10.0
I-A6F612FCDF,2026-09-11 18:09:00,Eclair de cafe,87,Plaza Obelie,Petit fours,pza,16.0
I-A10E1C76E7,2026-09-11 18:09:00,Galleta de mantequilla,147,Sur,Reposteria,pza,6.0
I-502A4F0AFD,2026-09-11 18:09:01,Macaron mixto,71,Centro,Petit fours,pza,10.0
I-4C2340CBD4,2026-09-11 18:09:02,Rol de canela,57,Plaza Obelie,Viennoiserie,pza,15.0
I-F1E941F3E8,2026-09-11 18:09:02,Tarta de frutas,73,Sur,Pasteles,pza,155.0
I-023DC78C37,2026-09-11 18:09:03,Galleta de mantequilla,40,Plaza Obelie,Reposteria,pza,6.0
I-511BB76356,2026-09-11 18:09:03,Rol de canela,34,Sur,Viennoiserie,pza,15.0
I-B60E7A36FF,2026-09-11 18:09:04,Macaron mixto,51,Norte,Petit fours,pza,10.0
I-7EF46AC92D,2026-09-11 18:09:05,Croissant de almendra,98,Sur,Viennoiserie,pza,18.0
I-4A774062DA,2026-09-11 18:09:05,Brownie nogada,40,Centro,Reposteria,pza,20.0
I-E4ECDA1C57,2026-09-11 18:09:06,Cheesecake de frutos rojos,25,Centro,Pasteles,pza,170.0
I-2A44C3DDB2,2026-09-11 18:09:07,Galleta de mantequilla,52,Plaza Obelie,Reposteria,pza,6.0
I-DD6191EBF9,2026-09-11 18:09:07,Baguette tradicional,74,Sur,Panaderia,pza,9.0
I-C87AEDB926,2026-09-11 18:09:08,Baguette tradicional,126,Centro,Panaderia,pza,9.0
I-1B62CA3139,2026-09-11 18:09:08,Eclair de cafe,63,Norte,Petit fours,pza,16.0
I-B96F2F11A0,2026-09-11 18:09:09,Macaron mixto,70,Sur,Petit fours,pza,10.0
I-AC3B14DD96,2026-09-11 18:09:10,Eclair de cafe,56,Norte,Petit fours,pza,16.0
I-48C2ECBBBE,2026-09-11 18:09:10,Tarta de frutas,111,Plaza Obelie,Pasteles,pza,155.0
I-A692CC4607,2026-09-11 18:09:11,Cheesecake de frutos rojos,94,Norte,Pasteles,pza,170.0
I-2CAE440314,2026-09-11 18:09:11,Rol de canela,110,Norte,Viennoiserie,pza,15.0
I-AB9CBCED79,2026-09-11 18:09:12,Tarta de frutas,124,Norte,Pasteles,pza,155.0
I-CF02BE5E64,2026-09-11 18:09:13,Pastel de chocolate,89,Plaza Obelie,Pasteles,pza,150.0
I-AE8C1BF73F,2026-09-11 18:09:13,Baguette tradicional,104,Norte,Panaderia,pza,9.0
I-9482B25512,2026-09-11 18:09:14,Pastel de chocolate,39,Norte,Pasteles,pza,150.0
I-785DDC849F,2026-09-11 18:09:14,Macaron mixto,56,Norte,Petit fours,pza,10.0
I-D62CCCA276,2026-09-11 18:09:15,Macaron mixto,69,Plaza Obelie,Petit fours,pza,10.0
I-21289DA63C,2026-09-11 18:09:16,Baguette tradicional,132,Centro,Panaderia,pza,9.0
I-51B7F88F52,2026-09-11 18:09:16,Macaron mixto,70,Sur,Petit fours,pza,10.0
I-A84697BCC2,2026-09-11 18:09:17,Galleta de mantequilla,47,Plaza Obelie,Reposteria,pza,6.0
I-1E0BCB8515,2026-09-11 18:09:17,Rol de canela,64,Plaza Obelie,Viennoiserie,pza,15.0
I-78CFAE74B1,2026-09-11 18:09:18,Cheesecake de frutos rojos,55,Plaza Obelie,Pasteles,pza,170.0
I-39D6DA3F2E,2026-09-11 18:09:18,Cheesecake de frutos rojos,26,Centro,Pasteles,pza,170.0
I-AB11672954,2026-09-11 18:09:19,Macaron mixto,63,Centro,Petit fours,pza,10.0
I-4B36CD1EFF,2026-09-11 18:09:19,Croissant de almendra,77,Plaza Obelie,Viennoiserie,pza,18.0
I-741182C123,2026-09-11 18:09:20,Brownie nogada,69,Sur,Reposteria,pza,20.0
I-F30AC47AB3,2026-09-11 18:09:21,Tarta de frutas,61,Centro,Pasteles,pza,155.0
I-0D5E86EFED,2026-09-11 18:09:22,Brownie nogada,50,Norte,Reposteria,pza,20.0
I-F2E9258577,2026-09-11 18:09:22,Rol de canela,28,Centro,Viennoiserie,pza,15.0
I-48CEAEFECE,2026-09-11 18:09:23,Tarta de frutas,60,Centro,Pasteles,pza,155.0
I-3DCCCC2FC9,2026-09-11 18:09:23,Baguette tradicional,63,Plaza Obelie,Panaderia,pza,9.0
I-4B7879FD52,2026-09-11 18:09:24,Baguette tradicional,66,Sur,Panaderia,pza,9.0
I-04B8A6EA79,2026-09-11 18:09:25,Eclair de cafe,92,Centro,Petit fours,pza,16.0
I-A0AD35634A,2026-09-11 18:09:25,Eclair de cafe,88,Plaza Obelie,Petit fours,pza,16.0
I-5BFAB053B9,2026-09-11 18:09:25,Baguette tradicional,144,Centro,Panaderia,pza,9.0
I-5D2C696F45,2026-09-11 18:09:26,Baguette tradicional,104,Norte,Panaderia,pza,9.0
I-331DAB3E23,2026-09-11 18:09:27,Baguette tradicional,102,Norte,Panaderia,pza,9.0
I-7378D61C9A,2026-09-11 18:09:27,Baguette tradicional,140,Centro,Panaderia,pza,9.0
I-E54460F2B3,2026-09-11 18:09:28,Brownie nogada,57,Plaza Obelie,Reposteria,pza,20.0
I-8653C36D16,2026-09-11 18:09:29,Croissant de almendra,110,Centro,Viennoiserie,pza,18.0
I-D674645085,2026-09-11 18:09:29,Croissant de almendra,98,Sur,Viennoiserie,pza,18.0
I-561F178ED5,2026-09-11 18:09:30,Macaron mixto,65,Centro,Petit fours,pza,10.0
I-84ABEF22D0,2026-09-11 18:09:30,Rol de canela,57,Plaza Obelie,Viennoiserie,pza,15.0
I-09D5C3FFFC,2026-09-11 18:09:31,Brownie nogada,45,Norte,Reposteria,pza,20.0
I-46DA07A96B,2026-09-11 18:09:31,Tarta de frutas,69,Sur,Pasteles,pza,155.0
I-3D5A9E612E,2026-09-11 18:09:32,Pastel de chocolate,141,Centro,Pasteles,pza,150.0
I-93A94E58D8,2026-09-11 18:09:32,Cheesecake de frutos rojos,61,Plaza Obelie,Pasteles,pza,170.0
I-2553FC8131,2026-09-11 18:09:33,Croissant de almendra,72,Plaza Obelie,Viennoiserie,pza,18.0
I-EBD38F60D7,2026-09-11 18:09:34,Macaron mixto,76,Sur,Petit fours,pza,10.0
I-FA835D9AE4,2026-09-11 18:09:34,Macaron mixto,61,Centro,Petit fours,pza,10.0
I-23F1504E7A,2026-09-11 18:09:35,Cheesecake de frutos rojos,55,Plaza Obelie,Pasteles,pza,170.0
I-F35024908E,2026-09-11 18:09:35,Croissant de almendra,69,Plaza Obelie,Viennoiserie,pza,18.0
I-670B2BFDC6,2026-09-11 18:09:36,Cheesecake de frutos rojos,32,Centro,Pasteles,pza,170.0
I-2854822B0B,2026-09-11 18:09:36,Galleta de mantequilla,158,Sur,Reposteria,pza,6.0
I-63CE31A5CE,2026-09-11 18:09:37,Rol de canela,58,Plaza Obelie,Viennoiserie,pza,15.0
I-E5259E9A04,2026-09-11 18:09:38,Croissant de almendra,112,Centro,Viennoiserie,pza,18.0
I-5E33FCB402,2026-09-11 18:09:38,Croissant de almendra,113,Centro,Viennoiserie,pza,18.0
I-11E0F6109F,2026-09-11 18:09:39,Cheesecake de frutos rojos,34,Centro,Pasteles,pza,170.0
I-EF0D1F5881,2026-09-11 18:09:40,Macaron mixto,48,Norte,Petit fours,pza,10.0
I-7BECC25412,2026-09-11 18:09:40,Galleta de mantequilla,150,Sur,Reposteria,pza,6.0
I-CF67A5EFD1,2026-09-11 18:09:41,Brownie nogada,63,Sur,Reposteria,pza,20.0
I-B4390FDA18,2026-09-11 18:09:41,Eclair de cafe,99,Plaza Obelie,Petit fours,pza,16.0
I-5D898C5AB6,2026-09-11 18:09:42,Tarta de frutas,73,Sur,Pasteles,pza,155.0
I-4BC2F9C086,2026-09-11 18:09:43,Cheesecake de frutos rojos,48,Plaza Obelie,Pasteles,pza,170.0
I-0493537FAB,2026-09-11 18:09:43,Brownie nogada,69,Plaza Obelie,Reposteria,pza,20.0
I-0275B34BB7,2026-09-11 18:09:44,Rol de canela,29,Centro,Viennoiserie,pza,15.0
I-808C30FE67,2026-09-11 18:09:44,Macaron mixto,70,Plaza Obelie,Petit fours,pza,10.0
I-8048DF1E94,2026-09-11 18:09:45,Pastel de chocolate,149,Centro,Pasteles,pza,150.0
I-3EF2FAB1BC,2026-09-11 18:09:46,Macaron mixto,74,Plaza Obelie,Petit fours,pza,10.0
I-886F3E779B,2026-09-11 18:09:46,Macaron mixto,72,Plaza Obelie,Petit fours,pza,10.0
I-D9DF80D778,2026-09-11 18:09:47,Croissant de almendra,78,Plaza Obelie,Viennoiserie,pza,18.0
I-040B7339D1,2026-09-11 18:09:47,Eclair de cafe,87,Centro,Petit fours,pza,16.0
I-F48B1DBE31,2026-09-11 18:09:48,Brownie nogada,74,Sur,Reposteria,pza,20.0
I-0D9484E936,2026-09-11 18:09:48,Eclair de cafe,91,Centro,Petit fours,pza,16.0
I-91611176D9,2026-09-11 18:09:49,Pastel de chocolate,52,Sur,Pasteles,pza,150.0
I-CB9D790B4C,2026-09-11 18:09:49,Tarta de frutas,72,Centro,Pasteles,pza,155.0
I-FC581E0788,2026-09-11 18:09:50,Tarta de frutas,75,Centro,Pasteles,pza,155.0
I-877D735B49,2026-09-11 18:09:51,Brownie nogada,79,Sur,Reposteria,pza,20.0
I-FBDE01456C,2026-09-11 18:09:51,Tarta de frutas,80,Sur,Pasteles,pza,155.0
I-A6187E1DC5,2026-09-11 18:09:52,Croissant de almendra,85,Plaza Obelie,Viennoiserie,pza,18.0
I-1795A3352C,2026-09-11 18:09:52,Rol de canela,65,Plaza Obelie,Viennoiserie,pza,15.0
I-47A23EED57,2026-09-11 18:09:53,Tarta de frutas,124,Norte,Pasteles,pza,155.0
I-E11B1F545A,2026-09-11 18:09:54,Macaron mixto,86,Sur,Petit fours,pza,10.0
I-C3376206BE,2026-09-11 18:09:54,Eclair de cafe,99,Plaza Obelie,Petit fours,pza,16.0
I-644D7B7B77,2026-09-11 18:09:54,Macaron mixto,73,Centro,Petit fours,pza,10.0
I-6A363C1ACA,2026-09-11 18:09:55,Cheesecake de frutos rojos,90,Sur,Pasteles,pza,170.0
I-758CC52503,2026-09-11 18:09:56,Pastel de chocolate,49,Sur,Pasteles,pza,150.0
I-A154848CCB,2026-09-11 18:09:57,Tarta de frutas,92,Sur,Pasteles,pza,155.0
I-05FB6BCA3F,2026-09-11 18:09:57,Rol de canela,106,Norte,Viennoiserie,pza,15.0
I-0377D655C4,2026-09-11 18:09:58,Croissant de almendra,102,Sur,Viennoiserie,pza,18.0
I-4DD6877FE4,2026-09-11 18:09:59,Eclair de cafe,90,Centro,Petit fours,pza,16.0
I-34500F62AC,2026-09-11 18:09:59,Macaron mixto,80,Centro,Petit fours,pza,10.0
I-D5AA58D038,2026-09-11 18:10:00,Brownie nogada,66,Plaza Obelie,Reposteria,pza,20.0
I-426EE4518F,2026-09-11 18:10:00,Eclair de cafe,59,Norte,Petit fours,pza,16.0
I-8D1C66AD26,2026-09-11 18:10:01,Cheesecake de frutos rojos,105,Norte,Pasteles,pza,170.0
I-697D1CB851,2026-09-11 18:10:01,Cheesecake de frutos rojos,44,Centro,Pasteles,pza,170.0
I-BE7C215694,2026-09-11 18:10:02,Eclair de cafe,107,Plaza Obelie,Petit fours,pza,16.0
I-E5FBBA236A,2026-09-11 18:10:02,Rol de canela,100,Norte,Viennoiserie,pza,15.0
I-39F127661C,2026-09-11 18:10:03,Eclair de cafe,88,Centro,Petit fours,pza,16.0
I-F2CA8680EB,2026-09-11 18:10:04,Galleta de mantequilla,158,Sur,Reposteria,pza,6.0
I-BE7158343D,2026-09-11 18:10:04,Brownie nogada,46,Norte,Reposteria,pza,20.0
I-64CA0AE669,2026-09-11 18:10:05,Galleta de mantequilla,133,Norte,Reposteria,pza,6.0
I-B7FF444F54,2026-09-11 18:10:05,Galleta de mantequilla,86,Centro,Reposteria,pza,6.0
I-92E85D2791,2026-09-11 18:10:06,Rol de canela,58,Plaza Obelie,Viennoiserie,pza,15.0
I-08A6952C49,2026-09-11 18:10:07,Pastel de chocolate,154,Centro,Pasteles,pza,150.0
I-30239C6BE0,2026-09-11 18:10:07,Tarta de frutas,71,Centro,Pasteles,pza,155.0
I-701386164B,2026-09-11 18:10:08,Croissant de almendra,130,Norte,Viennoiserie,pza,18.0
I-77840F926A,2026-09-11 18:10:08,Rol de canela,111,Norte,Viennoiserie,pza,15.0
I-D63CA022F6,2026-09-11 18:10:09,Cheesecake de frutos rojos,103,Norte,Pasteles,pza,170.0
I-EE41D1A623,2026-09-11 18:10:10,Cheesecake de frutos rojos,99,Sur,Pasteles,pza,170.0
I-F75A265A6D,2026-09-11 18:10:10,Cheesecake de frutos rojos,51,Plaza Obelie,Pasteles,pza,170.0
I-E691A89473,2026-09-11 18:10:11,Macaron mixto,82,Centro,Petit fours,pza,10.0
I-76C3A60D2F,2026-09-11 18:10:12,Cheesecake de frutos rojos,98,Norte,Pasteles,pza,170.0
I-F78787B20A,2026-09-11 18:10:13,Brownie nogada,72,Sur,Reposteria,pza,20.0
I-2867340D98,2026-09-11 18:10:13,Macaron mixto,71,Plaza Obelie,Petit fours,pza,10.0
I-5D1754D111,2026-09-11 18:10:14,Pastel de chocolate,59,Sur,Pasteles,pza,150.0
I-67C95CE3ED,2026-09-11 18:10:14,Eclair de cafe,112,Plaza Obelie,Petit fours,pza,16.0
I-E60C08266D,2026-09-11 18:10:15,Macaron mixto,74,Plaza Obelie,Petit fours,pza,10.0
I-7F7972CD33,2026-09-11 18:10:16,Brownie nogada,70,Plaza Obelie,Reposteria,pza,20.0
I-393787E9F9,2026-09-11 18:10:16,Pastel de chocolate,148,Centro,Pasteles,pza,150.0
I-54E2C602A8,2026-09-11 18:10:17,Pastel de chocolate,31,Norte,Pasteles,pza,150.0
I-0431A44C34,2026-09-11 18:10:17,Galleta de mantequilla,51,Plaza Obelie,Reposteria,pza,6.0
I-6173E20E51,2026-09-11 18:10:18,Baguette tradicional,63,Plaza Obelie,Panaderia,pza,9.0
I-400AE4BDF5,2026-09-11 18:10:19,Brownie nogada,69,Plaza Obelie,Reposteria,pza,20.0
I-8B47F46771,2026-09-11 18:10:19,Pastel de chocolate,42,Norte,Pasteles,pza,150.0
I-519E4C1B1A,2026-09-11 18:10:20,Pastel de chocolate,147,Centro,Pasteles,pza,150.0
I-BA386BAB9E,2026-09-11 18:10:20,Galleta de mantequilla,134,Norte,Reposteria,pza,6.0
I-F9AFD936A9,2026-09-11 18:10:21,Rol de canela,55,Plaza Obelie,Viennoiserie,pza,15.0
I-7555B6EB63,2026-09-11 18:10:22,Cheesecake de frutos rojos,99,Norte,Pasteles,pza,170.0
I-4880408726,2026-09-11 18:10:22,Galleta de mantequilla,86,Centro,Reposteria,pza,6.0
I-F61076BC36,2026-09-11 18:10:23,Eclair de cafe,111,Plaza Obelie,Petit fours,pza,16.0
I-358E5DB47F,2026-09-11 18:10:24,Pastel de chocolate,66,Sur,Pasteles,pza,150.0
I-454CC75D42,2026-09-11 18:10:24,Galleta de mantequilla,54,Plaza Obelie,Reposteria,pza,6.0
I-588FD1E296,2026-09-11 18:10:25,Tarta de frutas,124,Norte,Pasteles,pza,155.0
I-06835F672F,2026-09-11 18:10:25,Cheesecake de frutos rojos,111,Norte,Pasteles,pza,170.0
I-DAE576CEC4,2026-09-11 18:10:26,Macaron mixto,42,Norte,Petit fours,pza,10.0
I-9224EC568E,2026-09-11 18:10:26,Eclair de cafe,80,Centro,Petit fours,pza,16.0
I-B614669EE0,2026-09-11 18:10:27,Eclair de cafe,73,Centro,Petit fours,pza,16.0
I-66CD9273FD,2026-09-11 18:10:28,Eclair de cafe,74,Centro,Petit fours,pza,16.0
I-116FC7C299,2026-09-11 18:10:28,Tarta de frutas,88,Sur,Pasteles,pza,155.0
I-248D3EBC5C,2026-09-11 18:10:28,Tarta de frutas,86,Sur,Pasteles,pza,155.0
I-47B27E3AEF,2026-09-11 18:10:29,Macaron mixto,91,Centro,Petit fours,pza,10.0
I-F90EA4CED9,2026-09-11 18:10:29,Brownie nogada,81,Plaza Obelie,Reposteria,pza,20.0
I-683E496665,2026-09-11 18:10:30,Croissant de almendra,88,Plaza Obelie,Viennoiserie,pza,18.0
I-7E4E2CA691,2026-09-11 18:10:30,Galleta de mantequilla,144,Norte,Reposteria,pza,6.0
I-DAB947B73D,2026-09-11 18:10:31,Cheesecake de frutos rojos,58,Plaza Obelie,Pasteles,pza,170.0
I-BB1449A5F3,2026-09-11 18:10:31,Eclair de cafe,114,Sur,Petit fours,pza,16.0
I-BA3940E467,2026-09-11 18:10:32,Tarta de frutas,79,Centro,Pasteles,pza,155.0
I-0AB8A80D5E,2026-09-11 18:10:32,Cheesecake de frutos rojos,98,Sur,Pasteles,pza,170.0
I-E2EB7FADD3,2026-09-11 18:10:33,Eclair de cafe,111,Plaza Obelie,Petit fours,pza,16.0
I-C583C9AF06,2026-09-11 18:10:33,Galleta de mantequilla,144,Norte,Reposteria,pza,6.0
I-3944403AD8,2026-09-11 18:10:34,Rol de canela,115,Norte,Viennoiserie,pza,15.0
I-5D37A4E251,2026-09-11 18:10:35,Tarta de frutas,80,Centro,Pasteles,pza,155.0
I-E5FDA162A9,2026-09-11 18:10:35,Galleta de mantequilla,81,Centro,Reposteria,pza,6.0
I-975456430B,2026-09-11 18:10:36,Galleta de mantequilla,168,Sur,Reposteria,pza,6.0
I-4A26FDDC29,2026-09-11 18:10:36,Eclair de cafe,79,Centro,Petit fours,pza,16.0
I-30B53880FF,2026-09-11 18:10:37,Eclair de cafe,103,Plaza Obelie,Petit fours,pza,16.0
I-4838F8211B,2026-09-11 18:10:38,Rol de canela,107,Norte,Viennoiserie,pza,15.0
I-3A6119BC57,2026-09-11 18:10:38,Croissant de almendra,105,Sur,Viennoiserie,pza,18.0
I-5616BDAC59,2026-09-11 18:10:39,Tarta de frutas,88,Sur,Pasteles,pza,155.0
I-B39FD66191,2026-09-11 18:10:40,Pastel de chocolate,100,Plaza Obelie,Pasteles,pza,150.0
I-A52D301E8E,2026-09-11 18:10:40,Rol de canela,34,Sur,Viennoiserie,pza,15.0
I-765DC498E4,2026-09-11 18:10:41,Pastel de chocolate,97,Plaza Obelie,Pasteles,pza,150.0
I-A234DD3416,2026-09-11 18:10:42,Tarta de frutas,91,Centro,Pasteles,pza,155.0
I-37AEAA84FE,2026-09-11 18:10:42,Croissant de almendra,127,Norte,Viennoiserie,pza,18.0
I-65C894ADDC,2026-09-11 18:10:43,Croissant de almendra,122,Norte,Viennoiserie,pza,18.0
I-278FDFCC80,2026-09-11 18:10:44,Pastel de chocolate,36,Norte,Pasteles,pza,150.0
I-55B092E733,2026-09-11 18:10:44,Baguette tradicional,146,Centro,Panaderia,pza,9.0
I-CDB4729455,2026-09-11 18:10:45,Pastel de chocolate,31,Norte,Pasteles,pza,150.0
I-C524FC7B86,2026-09-11 18:10:46,Tarta de frutas,94,Centro,Pasteles,pza,155.0
I-CC4830D791,2026-09-11 18:10:46,Rol de canela,48,Plaza Obelie,Viennoiserie,pza,15.0
I-6140087848,2026-09-11 18:10:47,Eclair de cafe,104,Plaza Obelie,Petit fours,pza,16.0
I-637B81D99A,2026-09-11 18:10:47,Croissant de almendra,125,Centro,Viennoiserie,pza,18.0
I-E6C0F6A0E4,2026-09-11 18:10:48,Galleta de mantequilla,64,Plaza Obelie,Reposteria,pza,6.0
I-7921507FF4,2026-09-11 18:10:48,Croissant de almendra,102,Sur,Viennoiserie,pza,18.0
I-4EE49CCBB2,2026-09-11 18:10:49,Brownie nogada,75,Plaza Obelie,Reposteria,pza,20.0
I-37DBD7CFF1,2026-09-11 18:10:50,Pastel de chocolate,59,Sur,Pasteles,pza,150.0
I-6A4C3B038B,2026-09-11 18:10:50,Macaron mixto,78,Sur,Petit fours,pza,10.0
I-FD4B810690,2026-09-11 18:10:51,Cheesecake de frutos rojos,38,Centro,Pasteles,pza,170.0
I-26FE63E9BE,2026-09-11 18:10:52,Cheesecake de frutos rojos,68,Plaza Obelie,Pasteles,pza,170.0
I-B6F96DD2F2,2026-09-11 18:10:52,Brownie nogada,64,Sur,Reposteria,pza,20.0
I-181F971A30,2026-09-11 18:10:53,Brownie nogada,38,Norte,Reposteria,pza,20.0
I-CA4D288C6E,2026-09-11 18:10:53,Baguette tradicional,66,Plaza Obelie,Panaderia,pza,9.0
I-5E36A9235B,2026-09-11 18:10:54,Cheesecake de frutos rojos,99,Sur,Pasteles,pza,170.0
I-3FA93D0798,2026-09-11 18:10:54,Baguette tradicional,75,Sur,Panaderia,pza,9.0
I-A011F1A509,2026-09-11 18:10:55,Baguette tradicional,109,Norte,Panaderia,pza,9.0
I-0EBD23BA9E,2026-09-11 18:10:55,Pastel de chocolate,32,Norte,Pasteles,pza,150.0
I-BE79F13DDB,2026-09-11 18:10:56,Baguette tradicional,106,Norte,Panaderia,pza,9.0
I-539BA554F1,2026-09-11 18:10:56,Macaron mixto,52,Norte,Petit fours,pza,10.0
I-23D3A17D9D,2026-09-11 18:10:57,Brownie nogada,87,Plaza Obelie,Reposteria,pza,20.0
I-38CCDBE017,2026-09-11 18:10:57,Eclair de cafe,106,Sur,Petit fours,pza,16.0
I-B2D32C272E,2026-09-11 18:10:58,Brownie nogada,83,Plaza Obelie,Reposteria,pza,20.0
I-C86E4559D5,2026-09-11 18:10:58,Brownie nogada,57,Sur,Reposteria,pza,20.0
I-49673966BF,2026-09-11 18:10:59,Galleta de mantequilla,148,Norte,Reposteria,pza,6.0
I-F57BC39AF1,2026-09-11 18:11:00,Brownie nogada,78,Plaza Obelie,Reposteria,pza,20.0
I-59C591D7EA,2026-09-11 18:11:00,Rol de canela,46,Plaza Obelie,Viennoiserie,pza,15.0
I-6A246EDE7F,2026-09-11 18:11:00,Eclair de cafe,116,Sur,Petit fours,pza,16.0
I-5054952FD8,2026-09-11 18:11:01,Cheesecake de frutos rojos,107,Sur,Pasteles,pza,170.0
I-9AF1A445BD,2026-09-11 18:11:02,Eclair de cafe,51,Norte,Petit fours,pza,16.0
I-2A7F11DB7D,2026-09-11 18:11:02,Rol de canela,42,Sur,Viennoiserie,pza,15.0
I-B48249F119,2026-09-11 18:11:03,Pastel de chocolate,51,Sur,Pasteles,pza,150.0
I-F89FE64B46,2026-09-11 18:11:04,Pastel de chocolate,95,Plaza Obelie,Pasteles,pza,150.0
I-EE64D62FF9,2026-09-11 18:11:04,Eclair de cafe,100,Plaza Obelie,Petit fours,pza,16.0
I-393CAF7887,2026-09-11 18:11:05,Baguette tradicional,142,Centro,Panaderia,pza,9.0
I-1630264B75,2026-09-11 18:11:05,Eclair de cafe,77,Centro,Petit fours,pza,16.0
I-939BCBEAC3,2026-09-11 18:11:06,Croissant de almendra,99,Plaza Obelie,Viennoiserie,pza,18.0
I-C430B190E2,2026-09-11 18:11:06,Pastel de chocolate,146,Centro,Pasteles,pza,150.0
I-8BE22796DE,2026-09-11 18:11:07,Pastel de chocolate,31,Norte,Pasteles,pza,150.0
I-90C4B29C4A,2026-09-11 18:11:07,Brownie nogada,44,Norte,Reposteria,pza,20.0
I-A20179F2E8,2026-09-11 18:11:08,Croissant de almendra,97,Plaza Obelie,Viennoiserie,pza,18.0
I-DC47FDAAD3,2026-09-11 18:11:08,Baguette tradicional,139,Centro,Panaderia,pza,9.0
I-1F700A27FC,2026-09-11 18:11:09,Tarta de frutas,93,Sur,Pasteles,pza,155.0
I-816F39BFEE,2026-09-11 18:11:09,Galleta de mantequilla,72,Plaza Obelie,Reposteria,pza,6.0
I-CFF016E58D,2026-09-11 18:11:10,Rol de canela,41,Centro,Viennoiserie,pza,15.0
I-7E2B4BD41A,2026-09-11 18:11:10,Pastel de chocolate,145,Centro,Pasteles,pza,150.0
I-47B9F99196,2026-09-11 18:11:11,Brownie nogada,40,Norte,Reposteria,pza,20.0
I-F7A04298B4,2026-09-11 18:11:12,Tarta de frutas,87,Sur,Pasteles,pza,155.0
I-74F032DE65,2026-09-11 18:11:12,Brownie nogada,45,Norte,Reposteria,pza,20.0
I-4B8DE3E656,2026-09-11 18:11:13,Baguette tradicional,73,Sur,Panaderia,pza,9.0
I-BED5DC74B6,2026-09-11 18:11:13,Rol de canela,103,Norte,Viennoiserie,pza,15.0
I-3FC54676C6,2026-09-11 18:11:14,Brownie nogada,48,Norte,Reposteria,pza,20.0
I-7E9A0912D3,2026-09-11 18:11:14,Galleta de mantequilla,74,Plaza Obelie,Reposteria,pza,6.0
I-A811546CDC,2026-09-11 18:11:15,Macaron mixto,103,Centro,Petit fours,pza,10.0
I-CA0BBD6B20,2026-09-11 18:11:15,Eclair de cafe,117,Sur,Petit fours,pza,16.0
I-92E86E3154,2026-09-11 18:11:16,Cheesecake de frutos rojos,114,Norte,Pasteles,pza,170.0
I-974376FC43,2026-09-11 18:11:17,Baguette tradicional,76,Plaza Obelie,Panaderia,pza,9.0
I-02069BD2EC,2026-09-11 18:11:17,Baguette tradicional,149,Centro,Panaderia,pza,9.0
I-C0AD1D6EFD,2026-09-11 18:11:18,Eclair de cafe,112,Plaza Obelie,Petit fours,pza,16.0
I-26134A2B30,2026-09-11 18:11:19,Tarta de frutas,126,Norte,Pasteles,pza,155.0
I-9EAFCD78E2,2026-09-11 18:11:19,Rol de canela,110,Norte,Viennoiserie,pza,15.0
I-544EFDA860,2026-09-11 18:11:20,Tarta de frutas,92,Sur,Pasteles,pza,155.0
I-896D665892,2026-09-11 18:11:21,Macaron mixto,101,Centro,Petit fours,pza,10.0
I-4E790CE0A6,2026-09-11 18:11:21,Brownie nogada,51,Norte,Reposteria,pza,20.0
I-F5B0E3C129,2026-09-11 18:11:22,Galleta de mantequilla,74,Plaza Obelie,Reposteria,pza,6.0
I-74C2A2A2BF,2026-09-11 18:11:22,Galleta de mantequilla,147,Norte,Reposteria,pza,6.0
I-AB1E2236AF,2026-09-11 18:11:23,Eclair de cafe,77,Centro,Petit fours,pza,16.0
I-99A75669BA,2026-09-11 18:11:24,Rol de canela,35,Centro,Viennoiserie,pza,15.0
I-E27B5352D5,2026-09-11 18:11:24,Rol de canela,117,Norte,Viennoiserie,pza,15.0
I-F5B2D45DF3,2026-09-11 18:11:25,Croissant de almendra,94,Sur,Viennoiserie,pza,18.0
I-6B0F546CE8,2026-09-11 18:11:26,Rol de canela,57,Plaza Obelie,Viennoiserie,pza,15.0
I-FEAAA12994,2026-09-11 18:11:26,Tarta de frutas,92,Centro,Pasteles,pza,155.0
I-73B11C8982,2026-09-11 18:11:27,Galleta de mantequilla,93,Centro,Reposteria,pza,6.0
I-027E5CFDCA,2026-09-11 18:11:27,Tarta de frutas,86,Centro,Pasteles,pza,155.0
I-5DA85DB2EB,2026-09-11 18:11:28,Brownie nogada,37,Centro,Reposteria,pza,20.0
I-EE033F92AC,2026-09-11 18:11:28,Cheesecake de frutos rojos,113,Sur,Pasteles,pza,170.0
I-E0AB3CEA62,2026-09-11 18:11:29,Rol de canela,61,Plaza Obelie,Viennoiserie,pza,15.0
I-4BA46C8287,2026-09-11 18:11:30,Eclair de cafe,73,Centro,Petit fours,pza,16.0
I-E2ABEEE293,2026-09-11 18:11:30,Pastel de chocolate,95,Plaza Obelie,Pasteles,pza,150.0
I-CA06BDE628,2026-09-11 18:11:31,Macaron mixto,84,Plaza Obelie,Petit fours,pza,10.0
I-81BCE9071A,2026-09-11 18:11:31,Rol de canela,51,Sur,Viennoiserie,pza,15.0
I-CDDBF6518A,2026-09-11 18:11:32,Galleta de mantequilla,76,Plaza Obelie,Reposteria,pza,6.0
I-1ED1FA97A9,2026-09-11 18:11:33,Rol de canela,52,Sur,Viennoiserie,pza,15.0
I-705F86A685,2026-09-11 18:11:33,Tarta de frutas,102,Sur,Pasteles,pza,155.0
I-72112E00CA,2026-09-11 18:11:34,Tarta de frutas,109,Sur,Pasteles,pza,155.0
I-89E5806399,2026-09-11 18:11:34,Eclair de cafe,110,Sur,Petit fours,pza,16.0
I-97AB655334,2026-09-11 18:11:35,Brownie nogada,71,Plaza Obelie,Reposteria,pza,20.0
I-B034F28712,2026-09-11 18:11:36,Baguette tradicional,88,Plaza Obelie,Panaderia,pza,9.0
I-45EFB7456D,2026-09-11 18:11:36,Croissant de almendra,86,Sur,Viennoiserie,pza,18.0
I-31601D05B4,2026-09-11 18:11:37,Tarta de frutas,112,Plaza Obelie,Pasteles,pza,155.0
I-532D0468D0,2026-09-11 18:11:37,Eclair de cafe,120,Plaza Obelie,Petit fours,pza,16.0
I-5B021AA954,2026-09-11 18:11:38,Pastel de chocolate,60,Sur,Pasteles,pza,150.0
I-1E4E33ED23,2026-09-11 18:11:38,Pastel de chocolate,95,Plaza Obelie,Pasteles,pza,150.0
I-19E6AE6A2E,2026-09-11 18:11:38,Tarta de frutas,133,Norte,Pasteles,pza,155.0
I-96B67B21CF,2026-09-11 18:11:39,Croissant de almendra,107,Plaza Obelie,Viennoiserie,pza,18.0
I-66BFE5C762,2026-09-11 18:11:39,Rol de canela,118,Norte,Viennoiserie,pza,15.0
I-C8CA094D32,2026-09-11 18:11:40,Macaron mixto,46,Norte,Petit fours,pza,10.0
I-75E33F8809,2026-09-11 18:11:40,Brownie nogada,56,Sur,Reposteria,pza,20.0
I-3D309938EC,2026-09-11 18:11:41,Baguette tradicional,151,Centro,Panaderia,pza,9.0
I-6A7271816D,2026-09-11 18:11:41,Galleta de mantequilla,173,Sur,Reposteria,pza,6.0
I-E6F0DD227F,2026-09-11 18:11:42,Brownie nogada,83,Plaza Obelie,Reposteria,pza,20.0
I-BE82DD0B00,2026-09-11 18:11:42,Tarta de frutas,108,Sur,Pasteles,pza,155.0
I-77159276C0,2026-09-11 18:11:43,Macaron mixto,80,Sur,Petit fours,pza,10.0
I-C7DA128E76,2026-09-11 18:11:43,Pastel de chocolate,34,Norte,Pasteles,pza,150.0
I-CC69FE8866,2026-09-11 18:11:44,Eclair de cafe,122,Sur,Petit fours,pza,16.0
I-06C413BC1E,2026-09-11 18:11:45,Macaron mixto,45,Norte,Petit fours,pza,10.0
I-5A4B321D08,2026-09-11 18:11:45,Croissant de almendra,117,Plaza Obelie,Viennoiserie,pza,18.0
I-D1B08A1D91,2026-09-11 18:11:46,Brownie nogada,52,Norte,Reposteria,pza,20.0
I-6D39F02152,2026-09-11 18:11:47,Rol de canela,64,Plaza Obelie,Viennoiserie,pza,15.0
I-D4CFC828F0,2026-09-11 18:11:47,Tarta de frutas,120,Plaza Obelie,Pasteles,pza,155.0
I-343199E6C8,2026-09-11 18:11:48,Croissant de almendra,124,Centro,Viennoiserie,pza,18.0
I-08046864B1,2026-09-11 18:11:48,Eclair de cafe,58,Norte,Petit fours,pza,16.0
I-42E78AA9F1,2026-09-11 18:11:49,Brownie nogada,75,Plaza Obelie,Reposteria,pza,20.0
I-DD0C10BAB6,2026-09-11 18:11:50,Eclair de cafe,66,Norte,Petit fours,pza,16.0
I-A7C3714A53,2026-09-11 18:11:50,Cheesecake de frutos rojos,64,Plaza Obelie,Pasteles,pza,170.0
I-AEE244A9EA,2026-09-11 18:11:51,Pastel de chocolate,102,Plaza Obelie,Pasteles,pza,150.0
I-78F52C3249,2026-09-11 18:11:52,Pastel de chocolate,109,Plaza Obelie,Pasteles,pza,150.0
I-3DCEB636FA,2026-09-11 18:11:52,Rol de canela,31,Centro,Viennoiserie,pza,15.0
I-4F41017661,2026-09-11 18:11:53,Cheesecake de frutos rojos,48,Centro,Pasteles,pza,170.0
I-237727C60C,2026-09-11 18:11:53,Rol de canela,48,Sur,Viennoiserie,pza,15.0
I-316A42866A,2026-09-11 18:11:54,Cheesecake de frutos rojos,114,Norte,Pasteles,pza,170.0
I-C5DF34ED66,2026-09-11 18:11:54,Galleta de mantequilla,154,Norte,Reposteria,pza,6.0
I-7D57255E36,2026-09-11 18:11:55,Eclair de cafe,127,Sur,Petit fours,pza,16.0
I-893EC11B85,2026-09-11 18:11:55,Pastel de chocolate,155,Centro,Pasteles,pza,150.0
I-CFC7C60FC0,2026-09-11 18:11:56,Rol de canela,49,Sur,Viennoiserie,pza,15.0
I-7B2F6943C5,2026-09-11 18:11:57,Macaron mixto,48,Norte,Petit fours,pza,10.0
I-6403B0BF00,2026-09-11 18:11:57,Tarta de frutas,118,Plaza Obelie,Pasteles,pza,155.0
I-BDA9D52B83,2026-09-11 18:11:58,Eclair de cafe,72,Norte,Petit fours,pza,16.0
I-8A2C45F201,2026-09-11 18:11:58,Pastel de chocolate,155,Centro,Pasteles,pza,150.0
I-10C30799AE,2026-09-11 18:11:59,Brownie nogada,62,Norte,Reposteria,pza,20.0
I-BFE9FB5D84,2026-09-11 18:12:00,Croissant de almendra,125,Plaza Obelie,Viennoiserie,pza,18.0
I-FBB4071E75,2026-09-11 18:12:00,Brownie nogada,65,Norte,Reposteria,pza,20.0
I-E27FC14CCC,2026-09-11 18:12:01,Macaron mixto,50,Norte,Petit fours,pza,10.0
I-CAFA3D1AF5,2026-09-11 18:12:01,Tarta de frutas,114,Plaza Obelie,Pasteles,pza,155.0
I-3083D932FE,2026-09-11 18:12:02,Croissant de almendra,122,Plaza Obelie,Viennoiserie,pza,18.0
I-2327B29566,2026-09-11 18:12:03,Pastel de chocolate,36,Norte,Pasteles,pza,150.0
I-DE2209E954,2026-09-11 18:12:03,Eclair de cafe,73,Norte,Petit fours,pza,16.0
I-1453943E15,2026-09-11 18:12:04,Galleta de mantequilla,172,Sur,Reposteria,pza,6.0
I-3AFAB0E7CA,2026-09-11 18:12:04,Pastel de chocolate,71,Sur,Pasteles,pza,150.0
I-D220B9705D,2026-09-11 18:12:05,Baguette tradicional,76,Sur,Panaderia,pza,9.0
I-0D5C83E995,2026-09-11 18:12:06,Cheesecake de frutos rojos,53,Centro,Pasteles,pza,170.0
I-BB2691C9AB,2026-09-11 18:12:07,Macaron mixto,81,Plaza Obelie,Petit fours,pza,10.0
I-86B5532F7C,2026-09-11 18:12:07,Croissant de almendra,122,Centro,Viennoiserie,pza,18.0
I-0551FB9B04,2026-09-11 18:12:08,Pastel de chocolate,31,Norte,Pasteles,pza,150.0
I-8FAD33120C,2026-09-11 18:12:09,Tarta de frutas,124,Plaza Obelie,Pasteles,pza,155.0
I-16A067AE83,2026-09-11 18:12:09,Tarta de frutas,111,Sur,Pasteles,pza,155.0
I-765228C4AB,2026-09-11 18:12:10,Eclair de cafe,72,Centro,Petit fours,pza,16.0
I-FF486F4631,2026-09-11 18:12:10,Croissant de almendra,84,Sur,Viennoiserie,pza,18.0
I-9D8B7DF2A4,2026-09-11 18:12:11,Croissant de almendra,96,Sur,Viennoiserie,pza,18.0
I-32B6D1E00D,2026-09-11 18:12:12,Macaron mixto,85,Sur,Petit fours,pza,10.0
I-4F31D70D3A,2026-09-11 18:12:12,Tarta de frutas,130,Plaza Obelie,Pasteles,pza,155.0
I-BC614095CB,2026-09-11 18:12:13,Macaron mixto,84,Sur,Petit fours,pza,10.0
I-98A0098887,2026-09-11 18:12:13,Tarta de frutas,142,Plaza Obelie,Pasteles,pza,155.0
I-9936BC0E7A,2026-09-11 18:12:14,Eclair de cafe,77,Centro,Petit fours,pza,16.0
I-4209051025,2026-09-11 18:12:14,Eclair de cafe,112,Plaza Obelie,Petit fours,pza,16.0
I-B3F35EE67B,2026-09-11 18:12:15,Baguette tradicional,159,Centro,Panaderia,pza,9.0
I-E364BEF19F,2026-09-11 18:12:15,Macaron mixto,84,Plaza Obelie,Petit fours,pza,10.0
I-70C2B8C8F5,2026-09-11 18:12:16,Eclair de cafe,115,Plaza Obelie,Petit fours,pza,16.0
I-33F16C1A59,2026-09-11 18:12:17,Croissant de almendra,132,Norte,Viennoiserie,pza,18.0
I-742720A1AA,2026-09-11 18:12:17,Brownie nogada,55,Sur,Reposteria,pza,20.0
I-C48AF0AD99,2026-09-11 18:12:18,Macaron mixto,94,Centro,Petit fours,pza,10.0
I-09E0ED4FFF,2026-09-11 18:12:18,Pastel de chocolate,106,Plaza Obelie,Pasteles,pza,150.0
I-1BC8F21DE9,2026-09-11 18:12:19,Tarta de frutas,80,Centro,Pasteles,pza,155.0
I-C3647E9867,2026-09-11 18:12:19,Croissant de almendra,91,Sur,Viennoiserie,pza,18.0
I-09D796A3EC,2026-09-11 18:12:20,Cheesecake de frutos rojos,114,Norte,Pasteles,pza,170.0
I-E5918F00B3,2026-09-11 18:12:20,Rol de canela,23,Centro,Viennoiserie,pza,15.0
I-AB056537FD,2026-09-11 18:12:21,Baguette tradicional,99,Norte,Panaderia,pza,9.0
I-6E8C92DBED,2026-09-11 18:12:21,Brownie nogada,78,Plaza Obelie,Reposteria,pza,20.0
I-ED38BAA125,2026-09-11 18:12:22,Croissant de almendra,124,Plaza Obelie,Viennoiserie,pza,18.0
I-0075841312,2026-09-11 18:12:22,Croissant de almendra,140,Norte,Viennoiserie,pza,18.0
I-E2D8327649,2026-09-11 18:12:23,Croissant de almendra,119,Plaza Obelie,Viennoiserie,pza,18.0
I-663735CF02,2026-09-11 18:12:24,Croissant de almendra,91,Sur,Viennoiserie,pza,18.0
I-8317ECF79C,2026-09-11 18:12:24,Tarta de frutas,88,Centro,Pasteles,pza,155.0
I-6283B56963,2026-09-11 18:12:25,Brownie nogada,45,Centro,Reposteria,pza,20.0
I-5CD4390455,2026-09-11 18:12:26,Eclair de cafe,117,Plaza Obelie,Petit fours,pza,16.0
I-D46B86D227,2026-09-11 18:12:26,Galleta de mantequilla,73,Plaza Obelie,Reposteria,pza,6.0
I-7440C96250,2026-09-11 18:12:27,Baguette tradicional,68,Sur,Panaderia,pza,9.0
I-8C17C430BF,2026-09-11 18:12:28,Galleta de mantequilla,178,Sur,Reposteria,pza,6.0
I-4D0FE91D5E,2026-09-11 18:12:28,Cheesecake de frutos rojos,74,Plaza Obelie,Pasteles,pza,170.0
I-7F2AE08854,2026-09-11 18:12:29,Cheesecake de frutos rojos,113,Norte,Pasteles,pza,170.0
I-EAE2852F45,2026-09-11 18:12:29,Macaron mixto,92,Sur,Petit fours,pza,10.0
I-C422384C5B,2026-09-11 18:12:30,Rol de canela,21,Centro,Viennoiserie,pza,15.0
I-0842445B4A,2026-09-11 18:12:30,Croissant de almendra,121,Plaza Obelie,Viennoiserie,pza,18.0
I-4D4FAAB030,2026-09-11 18:12:31,Pastel de chocolate,82,Sur,Pasteles,pza,150.0
I-9371A61501,2026-09-11 18:12:31,Eclair de cafe,85,Centro,Petit fours,pza,16.0
I-22FA855572,2026-09-11 18:12:32,Galleta de mantequilla,69,Plaza Obelie,Reposteria,pza,6.0
I-D8F80BEF77,2026-09-11 18:12:32,Pastel de chocolate,84,Sur,Pasteles,pza,150.0
I-25E165FDCB,2026-09-11 18:12:33,Galleta de mantequilla,80,Plaza Obelie,Reposteria,pza,6.0
I-8EA4C2F058,2026-09-11 18:12:33,Eclair de cafe,84,Centro,Petit fours,pza,16.0
I-23B7CFF2D4,2026-09-11 18:12:34,Galleta de mantequilla,93,Centro,Reposteria,pza,6.0
I-7EDDE48645,2026-09-11 18:12:35,Macaron mixto,96,Plaza Obelie,Petit fours,pza,10.0
I-4CBB579A8A,2026-09-11 18:12:35,Tarta de frutas,149,Plaza Obelie,Pasteles,pza,155.0
I-D797964F18,2026-09-11 18:12:36,Croissant de almendra,133,Centro,Viennoiserie,pza,18.0
I-722A2C2A82,2026-09-11 18:12:37,Brownie nogada,53,Centro,Reposteria,pza,20.0
I-BF87B996F8,2026-09-11 18:12:37,Croissant de almendra,84,Sur,Viennoiserie,pza,18.0
I-F9061C287B,2026-09-11 18:12:38,Pastel de chocolate,108,Plaza Obelie,Pasteles,pza,150.0
I-FE6D07C52B,2026-09-11 18:12:38,Rol de canela,56,Plaza Obelie,Viennoiserie,pza,15.0
I-B3A81BCFD6,2026-09-11 18:12:39,Baguette tradicional,82,Plaza Obelie,Panaderia,pza,9.0
I-DFB627E0C0,2026-09-11 18:12:39,Cheesecake de frutos rojos,78,Plaza Obelie,Pasteles,pza,170.0
I-DBE6E61D05,2026-09-11 18:12:40,Croissant de almendra,128,Centro,Viennoiserie,pza,18.0
I-5C65F790A0,2026-09-11 18:12:41,Baguette tradicional,88,Plaza Obelie,Panaderia,pza,9.0
I-32E72AFD3C,2026-09-11 18:12:41,Croissant de almendra,121,Plaza Obelie,Viennoiserie,pza,18.0
I-0228E17A44,2026-09-11 18:12:42,Brownie nogada,47,Sur,Reposteria,pza,20.0
I-192F37477A,2026-09-11 18:12:43,Brownie nogada,60,Centro,Reposteria,pza,20.0
I-B8057C09C7,2026-09-11 18:12:43,Baguette tradicional,91,Norte,Panaderia,pza,9.0
I-5E130D24EB,2026-09-11 18:12:44,Tarta de frutas,118,Sur,Pasteles,pza,155.0
I-6C7A6B382E,2026-09-11 18:12:45,Baguette tradicional,72,Sur,Panaderia,pza,9.0
I-591A5EAD71,2026-09-11 18:12:45,Macaron mixto,102,Centro,Petit fours,pza,10.0
I-B12188A1CE,2026-09-11 18:12:46,Croissant de almendra,152,Norte,Viennoiserie,pza,18.0
I-446CDE84FC,2026-09-11 18:12:47,Galleta de mantequilla,158,Norte,Reposteria,pza,6.0
I-7160016444,2026-09-11 18:12:47,Galleta de mantequilla,163,Norte,Reposteria,pza,6.0
I-0CF32DB555,2026-09-11 18:12:48,Macaron mixto,92,Plaza Obelie,Petit fours,pza,10.0
I-0AFFCC8359,2026-09-11 18:12:48,Pastel de chocolate,81,Sur,Pasteles,pza,150.0
I-4515E8AE72,2026-09-11 18:12:49,Baguette tradicional,68,Sur,Panaderia,pza,9.0
I-8E22FDC5BC,2026-09-11 18:12:49,Macaron mixto,48,Norte,Petit fours,pza,10.0
I-0F80231EBF,2026-09-11 18:12:50,Galleta de mantequilla,88,Centro,Reposteria,pza,6.0
I-D964C2409F,2026-09-11 18:12:51,Eclair de cafe,122,Sur,Petit fours,pza,16.0
I-0F29AD10FA,2026-09-11 18:12:51,Cheesecake de frutos rojos,110,Norte,Pasteles,pza,170.0
I-E86E93FBAD,2026-09-11 18:12:52,Baguette tradicional,97,Plaza Obelie,Panaderia,pza,9.0
I-EDCA4A4A86,2026-09-11 18:12:52,Eclair de cafe,68,Norte,Petit fours,pza,16.0
I-8F19FCCC13,2026-09-11 18:12:53,Brownie nogada,71,Centro,Reposteria,pza,20.0
I-27542214E4,2026-09-11 18:12:53,Eclair de cafe,62,Norte,Petit fours,pza,16.0
I-223E23DD6D,2026-09-11 18:12:54,Eclair de cafe,68,Norte,Petit fours,pza,16.0
I-A819427699,2026-09-11 18:12:54,Macaron mixto,85,Sur,Petit fours,pza,10.0
I-C05602E996,2026-09-11 18:12:55,Eclair de cafe,78,Norte,Petit fours,pza,16.0
I-568840C2D9,2026-09-11 18:12:56,Galleta de mantequilla,100,Centro,Reposteria,pza,6.0
I-EB73AC1417,2026-09-11 18:12:57,Pastel de chocolate,31,Norte,Pasteles,pza,150.0
I-344918FC04,2026-09-11 18:12:57,Pastel de chocolate,39,Norte,Pasteles,pza,150.0
I-35D905E3C1,2026-09-11 18:12:58,Macaron mixto,104,Plaza Obelie,Petit fours,pza,10.0
I-637941C2DD,2026-09-11 18:12:58,Tarta de frutas,125,Sur,Pasteles,pza,155.0
I-EA89184299,2026-09-11 18:12:59,Galleta de mantequilla,80,Plaza Obelie,Reposteria,pza,6.0
I-B72CE32BBB,2026-09-11 18:12:59,Brownie nogada,80,Centro,Reposteria,pza,20.0
I-853CBC7BEE,2026-09-11 18:13:00,Brownie nogada,62,Norte,Reposteria,pza,20.0
I-16BDAF991B,2026-09-11 18:13:00,Cheesecake de frutos rojos,106,Norte,Pasteles,pza,170.0
I-3A0C99EDC9,2026-09-11 18:13:01,Rol de canela,126,Norte,Viennoiserie,pza,15.0
I-71ABC4BA6A,2026-09-11 18:13:02,Galleta de mantequilla,81,Plaza Obelie,Reposteria,pza,6.0
I-EE7AAFF955,2026-09-11 18:13:02,Croissant de almendra,145,Norte,Viennoiserie,pza,18.0
I-B17CA6907F,2026-09-11 18:13:03,Tarta de frutas,153,Plaza Obelie,Pasteles,pza,155.0
I-019A761757,2026-09-11 18:13:03,Baguette tradicional,101,Plaza Obelie,Panaderia,pza,9.0
I-E6A7355E80,2026-09-11 18:13:04,Macaron mixto,82,Sur,Petit fours,pza,10.0
I-CBBA313BA0,2026-09-11 18:13:04,Baguette tradicional,95,Plaza Obelie,Panaderia,pza,9.0
I-07A7013D99,2026-09-11 18:13:05,Brownie nogada,43,Sur,Reposteria,pza,20.0
I-1A239BCD35,2026-09-11 18:13:05,Rol de canela,15,Centro,Viennoiserie,pza,15.0
I-C74738D18A,2026-09-11 18:13:06,Rol de canela,9,Centro,Viennoiserie,pza,15.0
I-3F384F378F,2026-09-11 18:13:07,Macaron mixto,100,Plaza Obelie,Petit fours,pza,10.0
I-BC06519C0B,2026-09-11 18:13:07,Eclair de cafe,129,Sur,Petit fours,pza,16.0
I-15E1A20941,2026-09-11 18:13:08,Galleta de mantequilla,96,Centro,Reposteria,pza,6.0
I-94DA8FD25E,2026-09-11 18:13:08,Brownie nogada,92,Centro,Reposteria,pza,20.0
I-ED304CA51D,2026-09-11 18:13:09,Baguette tradicional,167,Centro,Panaderia,pza,9.0
I-742CEE98D6,2026-09-11 18:13:09,Galleta de mantequilla,73,Plaza Obelie,Reposteria,pza,6.0
I-C00973FDA2,2026-09-11 18:13:10,Eclair de cafe,94,Centro,Petit fours,pza,16.0
I-0866EC8711,2026-09-11 18:13:11,Tarta de frutas,133,Sur,Pasteles,pza,155.0
I-B33D0E189E,2026-09-11 18:13:11,Croissant de almendra,95,Sur,Viennoiserie,pza,18.0
I-DA85E13342,2026-09-11 18:13:12,Pastel de chocolate,39,Norte,Pasteles,pza,150.0
I-949DFCDE47,2026-09-11 18:13:12,Galleta de mantequilla,91,Centro,Reposteria,pza,6.0
I-48AEB2F7CA,2026-09-11 18:13:13,Macaron mixto,79,Sur,Petit fours,pza,10.0
I-9C8CE6364B,2026-09-11 18:13:14,Eclair de cafe,129,Plaza Obelie,Petit fours,pza,16.0
I-B65A961BB5,2026-09-11 18:13:14,Croissant de almendra,103,Sur,Viennoiserie,pza,18.0
I-06C83E5AF6,2026-09-11 18:13:15,Macaron mixto,100,Plaza Obelie,Petit fours,pza,10.0
I-4A64CDF04D,2026-09-11 18:13:16,Cheesecake de frutos rojos,117,Norte,Pasteles,pza,170.0
I-24B7048965,2026-09-11 18:13:16,Tarta de frutas,127,Norte,Pasteles,pza,155.0
I-A484A05F82,2026-09-11 18:13:17,Eclair de cafe,82,Norte,Petit fours,pza,16.0
I-A1DD713A45,2026-09-11 18:13:18,Baguette tradicional,161,Centro,Panaderia,pza,9.0
I-4B060EB4F1,2026-09-11 18:13:18,Macaron mixto,106,Centro,Petit fours,pza,10.0
I-E7F1C74948,2026-09-11 18:13:19,Tarta de frutas,82,Centro,Pasteles,pza,155.0
I-EA76DBB981,2026-09-11 18:13:20,Rol de canela,58,Sur,Viennoiserie,pza,15.0
I-6F1C12FB69,2026-09-11 18:13:20,Baguette tradicional,155,Centro,Panaderia,pza,9.0
I-2C1F2682C7,2026-09-11 18:13:21,Pastel de chocolate,85,Sur,Pasteles,pza,150.0
I-50987C391D,2026-09-11 18:13:22,Macaron mixto,109,Centro,Petit fours,pza,10.0
I-33045294E7,2026-09-11 18:13:22,Eclair de cafe,88,Norte,Petit fours,pza,16.0
I-3B492C3A49,2026-09-11 18:13:22,Croissant de almendra,130,Plaza Obelie,Viennoiserie,pza,18.0
I-ABFE34E986,2026-09-11 18:13:23,Cheesecake de frutos rojos,83,Plaza Obelie,Pasteles,pza,170.0
I-1ECDD7D9FE,2026-09-11 18:13:24,Baguette tradicional,97,Plaza Obelie,Panaderia,pza,9.0
I-9C130D187E,2026-09-11 18:13:24,Eclair de cafe,94,Norte,Petit fours,pza,16.0
I-821BF3C71F,2026-09-11 18:13:25,Eclair de cafe,133,Sur,Petit fours,pza,16.0
I-2AC1FDD7D0,2026-09-11 18:13:25,Pastel de chocolate,112,Plaza Obelie,Pasteles,pza,150.0
I-EFA9FF291D,2026-09-11 18:13:26,Cheesecake de frutos rojos,116,Norte,Pasteles,pza,170.0
I-9BD1C9E1F6,2026-09-11 18:13:26,Macaron mixto,49,Norte,Petit fours,pza,10.0
I-AC97082214,2026-09-11 18:13:27,Rol de canela,65,Plaza Obelie,Viennoiserie,pza,15.0
I-169CB18767,2026-09-11 18:13:27,Rol de canela,60,Sur,Viennoiserie,pza,15.0
I-4E1BBCC23E,2026-09-11 18:13:28,Croissant de almendra,140,Centro,Viennoiserie,pza,18.0
I-9420598163,2026-09-11 18:13:29,Galleta de mantequilla,174,Sur,Reposteria,pza,6.0
I-37835A1469,2026-09-11 18:13:29,Eclair de cafe,94,Centro,Petit fours,pza,16.0
I-5BD38F6BEB,2026-09-11 18:13:30,Pastel de chocolate,94,Sur,Pasteles,pza,150.0
I-655E420EBF,2026-09-11 18:13:31,Eclair de cafe,92,Norte,Petit fours,pza,16.0
I-8BF5F659D8,2026-09-11 18:13:31,Tarta de frutas,148,Plaza Obelie,Pasteles,pza,155.0
I-56844D6ACE,2026-09-11 18:13:31,Pastel de chocolate,44,Norte,Pasteles,pza,150.0
I-A1E80F1BD7,2026-09-11 18:13:32,Galleta de mantequilla,172,Norte,Reposteria,pza,6.0
I-9A8E7BBE08,2026-09-11 18:13:33,Macaron mixto,118,Centro,Petit fours,pza,10.0
I-27E4BC7156,2026-09-11 18:13:33,Galleta de mantequilla,175,Norte,Reposteria,pza,6.0
I-6A984281A6,2026-09-11 18:13:34,Eclair de cafe,137,Sur,Petit fours,pza,16.0
I-6BDA6973F6,2026-09-11 18:13:34,Galleta de mantequilla,87,Centro,Reposteria,pza,6.0
I-A9916698A3,2026-09-11 18:13:35,Eclair de cafe,101,Centro,Petit fours,pza,16.0
I-3B415B824B,2026-09-11 18:13:35,Baguette tradicional,165,Centro,Panaderia,pza,9.0
I-0D9F21DC35,2026-09-11 18:13:36,Macaron mixto,105,Plaza Obelie,Petit fours,pza,10.0
I-9E7E753260,2026-09-11 18:13:36,Eclair de cafe,140,Sur,Petit fours,pza,16.0
I-BB1D91B470,2026-09-11 18:13:37,Brownie nogada,68,Norte,Reposteria,pza,20.0
I-59CA21EDAB,2026-09-11 18:13:37,Macaron mixto,109,Plaza Obelie,Petit fours,pza,10.0
I-5766B91221,2026-09-11 18:13:38,Macaron mixto,43,Norte,Petit fours,pza,10.0
I-A0710DC838,2026-09-11 18:13:38,Pastel de chocolate,157,Centro,Pasteles,pza,150.0
I-EE792D164A,2026-09-11 18:13:39,Cheesecake de frutos rojos,109,Sur,Pasteles,pza,170.0
I-41B4CCF1E7,2026-09-11 18:13:39,Croissant de almendra,136,Plaza Obelie,Viennoiserie,pza,18.0
I-F8D9BA4395,2026-09-11 18:13:40,Eclair de cafe,146,Sur,Petit fours,pza,16.0
I-6AECE1524E,2026-09-11 18:13:40,Pastel de chocolate,149,Centro,Pasteles,pza,150.0
I-FC16890668,2026-09-11 18:13:41,Pastel de chocolate,53,Norte,Pasteles,pza,150.0
I-5BA5661825,2026-09-11 18:13:42,Eclair de cafe,121,Plaza Obelie,Petit fours,pza,16.0
I-5E5A86FAA7,2026-09-11 18:13:42,Brownie nogada,74,Norte,Reposteria,pza,20.0
I-41B4CCF1E7,2026-09-11 18:13:39,Croissant de almendra,136,Plaza Obelie,Viennoiserie,pza,18.0
I-E2D0B42CED,2026-09-11 18:13:43,Croissant de almendra,102,Sur,Viennoiserie,pza,18.0
I-EFB46BDC22,2026-09-11 18:14:13,Macaron mixto,62,Sur,Petit fours,pza,10.0
I-5308B7DEB0,2026-09-11 18:14:13,Macaron mixto,65,Plaza Obelie,Petit fours,pza,10.0
I-BCB24835A5,2026-09-11 18:14:14,Cheesecake de frutos rojos,45,Centro,Pasteles,pza,170.0
I-DC875FCF59,2026-09-11 18:14:15,Brownie nogada,66,Centro,Reposteria,pza,20.0
I-AF45B0C2C8,2026-09-11 18:14:15,Cheesecake de frutos rojos,47,Norte,Pasteles,pza,170.0
I-5F21F3EAE3,2026-09-11 18:14:16,Brownie nogada,67,Centro,Reposteria,pza,20.0
I-469D303F94,2026-09-11 18:14:16,Galleta de mantequilla,51,Sur,Reposteria,pza,6.0
I-BFA3F281A8,2026-09-11 18:14:17,Cheesecake de frutos rojos,58,Sur,Pasteles,pza,170.0
I-65CDFB7B88,2026-09-11 18:14:17,Baguette tradicional,69,Norte,Panaderia,pza,9.0
I-2354761129,2026-09-11 18:14:18,Rol de canela,48,Plaza Obelie,Viennoiserie,pza,15.0
I-8722B43136,2026-09-11 18:14:19,Baguette tradicional,18,Sur,Panaderia,pza,9.0
I-ADF21EEC4B,2026-09-11 18:14:19,Croissant de almendra,48,Plaza Obelie,Viennoiserie,pza,18.0
I-56CDF932A2,2026-09-11 18:14:20,Galleta de mantequilla,48,Plaza Obelie,Reposteria,pza,6.0
I-C732914C6A,2026-09-11 18:14:21,Cheesecake de frutos rojos,54,Centro,Pasteles,pza,170.0
I-8350F0DC22,2026-09-11 18:14:21,Baguette tradicional,65,Plaza Obelie,Panaderia,pza,9.0
I-A2C6697C44,2026-09-11 18:14:22,Pastel de chocolate,66,Centro,Pasteles,pza,150.0
I-73701B13C1,2026-09-11 18:14:23,Baguette tradicional,69,Plaza Obelie,Panaderia,pza,9.0
I-EDCEB83CDF,2026-09-11 18:14:23,Galleta de mantequilla,56,Sur,Reposteria,pza,6.0
I-5D877AEE54,2026-09-11 18:14:24,Pastel de chocolate,60,Centro,Pasteles,pza,150.0
I-CAA5BD69DE,2026-09-11 18:14:24,Tarta de frutas,51,Centro,Pasteles,pza,155.0
I-44C79AB608,2026-09-11 18:14:25,Eclair de cafe,86,Sur,Petit fours,pza,16.0
I-97F0BD2AEA,2026-09-11 18:14:25,Rol de canela,86,Sur,Viennoiserie,pza,15.0
I-12C0673315,2026-09-11 18:14:26,Cheesecake de frutos rojos,69,Sur,Pasteles,pza,170.0
I-9A13B81C61,2026-09-11 18:14:27,Galleta de mantequilla,68,Sur,Reposteria,pza,6.0
I-6D3712E7DD,2026-09-11 18:14:27,Baguette tradicional,71,Norte,Panaderia,pza,9.0
I-15D0B9F9AF,2026-09-11 18:14:28,Pastel de chocolate,41,Sur,Pasteles,pza,150.0
I-891B39ABF1,2026-09-11 18:14:28,Pastel de chocolate,43,Sur,Pasteles,pza,150.0
I-DE9843BE53,2026-09-11 18:14:29,Brownie nogada,18,Norte,Reposteria,pza,20.0
I-AC89B79AF2,2026-09-11 18:14:29,Croissant de almendra,37,Sur,Viennoiserie,pza,18.0
I-D6E2C153E9,2026-09-11 18:14:30,Galleta de mantequilla,64,Sur,Reposteria,pza,6.0
I-7741A3FE0A,2026-09-11 18:14:31,Croissant de almendra,43,Sur,Viennoiserie,pza,18.0
I-B684581C8E,2026-09-11 18:14:31,Rol de canela,53,Plaza Obelie,Viennoiserie,pza,15.0
I-5DB6ED9E3E,2026-09-11 18:14:32,Macaron mixto,68,Norte,Petit fours,pza,10.0
I-BA0B9A990E,2026-09-11 18:14:32,Tarta de frutas,49,Sur,Pasteles,pza,155.0
I-2C83318DB8,2026-09-11 18:14:33,Croissant de almendra,56,Plaza Obelie,Viennoiserie,pza,18.0
I-C6388A74D6,2026-09-11 18:14:34,Galleta de mantequilla,61,Sur,Reposteria,pza,6.0
I-BDB0FDE3FA,2026-09-11 18:14:34,Baguette tradicional,61,Centro,Panaderia,pza,9.0
I-8BB281609D,2026-09-11 18:14:35,Rol de canela,36,Centro,Viennoiserie,pza,15.0
I-1FED8117FF,2026-09-11 18:14:36,Eclair de cafe,79,Norte,Petit fours,pza,16.0
I-281B407E49,2026-09-11 18:14:37,Brownie nogada,61,Centro,Reposteria,pza,20.0
I-FCCAD6C532,2026-09-11 18:14:37,Eclair de cafe,86,Norte,Petit fours,pza,16.0
I-46A2F95DB0,2026-09-11 18:14:38,Brownie nogada,58,Centro,Reposteria,pza,20.0
I-93B24B667C,2026-09-11 18:14:39,Baguette tradicional,74,Plaza Obelie,Panaderia,pza,9.0
I-D2A50106AE,2026-09-11 18:14:39,Galleta de mantequilla,50,Centro,Reposteria,pza,6.0
I-8950E44F0A,2026-09-11 18:14:40,Baguette tradicional,81,Norte,Panaderia,pza,9.0
I-0B1C810632,2026-09-11 18:14:40,Pastel de chocolate,33,Norte,Pasteles,pza,150.0
I-E539ECFD17,2026-09-11 18:14:41,Eclair de cafe,63,Plaza Obelie,Petit fours,pza,16.0
I-2C019A43BF,2026-09-11 18:14:42,Cheesecake de frutos rojos,70,Sur,Pasteles,pza,170.0
I-CF95F88BA4,2026-09-11 18:14:42,Pastel de chocolate,74,Plaza Obelie,Pasteles,pza,150.0
I-C9BCA66844,2026-09-11 18:14:43,Pastel de chocolate,35,Sur,Pasteles,pza,150.0
I-5B88F17FB1,2026-09-11 18:14:43,Tarta de frutas,54,Centro,Pasteles,pza,155.0
I-7C7C356ED1,2026-09-11 18:14:44,Macaron mixto,59,Sur,Petit fours,pza,10.0
I-05CC72A198,2026-09-11 18:14:45,Baguette tradicional,24,Sur,Panaderia,pza,9.0
I-F35DE81C3B,2026-09-11 18:14:45,Rol de canela,45,Norte,Viennoiserie,pza,15.0
I-15FCA8B88E,2026-09-11 18:14:46,Galleta de mantequilla,72,Sur,Reposteria,pza,6.0
I-61F30748F8,2026-09-11 18:14:46,Macaron mixto,80,Norte,Petit fours,pza,10.0
I-EE1B8BC4E2,2026-09-11 18:14:47,Cheesecake de frutos rojos,51,Norte,Pasteles,pza,170.0
I-2CA8939ACB,2026-09-11 18:14:47,Tarta de frutas,44,Sur,Pasteles,pza,155.0
I-6E587FEB59,2026-09-11 18:14:48,Croissant de almendra,68,Plaza Obelie,Viennoiserie,pza,18.0
I-E94F893AED,2026-09-11 18:14:48,Baguette tradicional,73,Norte,Panaderia,pza,9.0
I-C20C1E095E,2026-09-11 18:14:49,Cheesecake de frutos rojos,38,Plaza Obelie,Pasteles,pza,170.0
I-77801B63F7,2026-09-11 18:14:50,Brownie nogada,15,Norte,Reposteria,pza,20.0
I-56AEB2CAA7,2026-09-11 18:14:50,Macaron mixto,46,Centro,Petit fours,pza,10.0
I-447D5FC489,2026-09-11 18:14:51,Croissant de almendra,55,Sur,Viennoiserie,pza,18.0
I-AC1FE5C35D,2026-09-11 18:14:52,Galleta de mantequilla,46,Plaza Obelie,Reposteria,pza,6.0
I-C613BD60FB,2026-09-11 18:14:52,Galleta de mantequilla,62,Centro,Reposteria,pza,6.0
I-C7823251E7,2026-09-11 18:14:53,Galleta de mantequilla,74,Centro,Reposteria,pza,6.0
I-88E923C4E5,2026-09-11 18:14:53,Galleta de mantequilla,68,Sur,Reposteria,pza,6.0
I-D1ACA2D6B1,2026-09-11 18:14:54,Pastel de chocolate,71,Centro,Pasteles,pza,150.0
I-0302CD985E,2026-09-11 18:14:55,Tarta de frutas,34,Plaza Obelie,Pasteles,pza,155.0
I-686DD63688,2026-09-11 18:14:55,Brownie nogada,87,Plaza Obelie,Reposteria,pza,20.0
I-2B8517ED55,2026-09-11 18:14:56,Cheesecake de frutos rojos,43,Norte,Pasteles,pza,170.0
I-D1A512377E,2026-09-11 18:14:57,Galleta de mantequilla,33,Norte,Reposteria,pza,6.0
I-4FF8C0E8A0,2026-09-11 18:14:57,Tarta de frutas,61,Centro,Pasteles,pza,155.0
I-7139AB6346,2026-09-11 18:14:58,Cheesecake de frutos rojos,45,Norte,Pasteles,pza,170.0
I-A0E810EA45,2026-09-11 18:14:58,Macaron mixto,63,Plaza Obelie,Petit fours,pza,10.0
I-A45802B506,2026-09-11 18:14:59,Tarta de frutas,34,Plaza Obelie,Pasteles,pza,155.0
I-6339B295B3,2026-09-11 18:14:59,Galleta de mantequilla,38,Plaza Obelie,Reposteria,pza,6.0
I-9235BF54BB,2026-09-11 18:15:00,Eclair de cafe,76,Centro,Petit fours,pza,16.0
I-186C47A299,2026-09-11 18:15:00,Pastel de chocolate,72,Centro,Pasteles,pza,150.0
I-AC1DFBC358,2026-09-11 18:15:01,Croissant de almendra,37,Centro,Viennoiserie,pza,18.0
I-654ADE2B8D,2026-09-11 18:15:01,Baguette tradicional,26,Sur,Panaderia,pza,9.0
I-5F9A30CC49,2026-09-11 18:15:02,Macaron mixto,60,Plaza Obelie,Petit fours,pza,10.0
I-015F4B2266,2026-09-11 18:15:02,Brownie nogada,14,Norte,Reposteria,pza,20.0
I-2812464527,2026-09-11 18:15:03,Pastel de chocolate,42,Norte,Pasteles,pza,150.0
I-2662AEA165,2026-09-11 18:15:04,Croissant de almendra,43,Norte,Viennoiserie,pza,18.0
I-F786EFB54F,2026-09-11 18:15:04,Galleta de mantequilla,44,Norte,Reposteria,pza,6.0
I-27A8507B13,2026-09-11 18:15:05,Pastel de chocolate,81,Plaza Obelie,Pasteles,pza,150.0
I-05A1526A66,2026-09-11 18:15:06,Brownie nogada,70,Centro,Reposteria,pza,20.0
I-AD8AD4387A,2026-09-11 18:15:06,Galleta de mantequilla,77,Sur,Reposteria,pza,6.0
I-E84B4F59A8,2026-09-11 18:15:06,Pastel de chocolate,74,Plaza Obelie,Pasteles,pza,150.0
I-754CC059CD,2026-09-11 18:15:07,Rol de canela,30,Centro,Viennoiserie,pza,15.0
I-119E273A36,2026-09-11 18:15:08,Pastel de chocolate,80,Centro,Pasteles,pza,150.0
I-D8D8899A66,2026-09-11 18:15:09,Pastel de chocolate,33,Sur,Pasteles,pza,150.0
I-49EDB59C26,2026-09-11 18:15:09,Baguette tradicional,35,Sur,Panaderia,pza,9.0
I-FBF9EF8FEA,2026-09-11 18:15:10,Croissant de almendra,41,Centro,Viennoiserie,pza,18.0
I-AFDC6D73F3,2026-09-11 18:15:10,Rol de canela,44,Norte,Viennoiserie,pza,15.0
I-F9D0E737E5,2026-09-11 18:15:11,Macaron mixto,57,Sur,Petit fours,pza,10.0
I-9B11F223CF,2026-09-11 18:15:11,Macaron mixto,72,Norte,Petit fours,pza,10.0
I-1272955893,2026-09-11 18:15:12,Baguette tradicional,85,Norte,Panaderia,pza,9.0
I-FABD87661F,2026-09-11 18:15:12,Baguette tradicional,78,Norte,Panaderia,pza,9.0
I-E7ABEF68B4,2026-09-11 18:15:12,Baguette tradicional,42,Sur,Panaderia,pza,9.0
I-3E8324A187,2026-09-11 18:15:13,Galleta de mantequilla,66,Centro,Reposteria,pza,6.0
I-8ACB94FBC5,2026-09-11 18:15:14,Eclair de cafe,86,Sur,Petit fours,pza,16.0
I-40D83C2127,2026-09-11 18:15:14,Cheesecake de frutos rojos,33,Plaza Obelie,Pasteles,pza,170.0
I-32209246EB,2026-09-11 18:15:15,Cheesecake de frutos rojos,64,Centro,Pasteles,pza,170.0
I-5F533103AC,2026-09-11 18:15:16,Baguette tradicional,41,Sur,Panaderia,pza,9.0
I-2DE8CFA703,2026-09-11 18:15:16,Pastel de chocolate,51,Norte,Pasteles,pza,150.0
I-0935D8540A,2026-09-11 18:15:17,Rol de canela,89,Sur,Viennoiserie,pza,15.0
I-C6A3B7F18C,2026-09-11 18:15:17,Eclair de cafe,64,Plaza Obelie,Petit fours,pza,16.0
I-9CDFF700D5,2026-09-11 18:15:18,Pastel de chocolate,67,Plaza Obelie,Pasteles,pza,150.0
I-A80ED1D508,2026-09-11 18:15:18,Brownie nogada,82,Plaza Obelie,Reposteria,pza,20.0
I-73062339C1,2026-09-11 18:15:19,Rol de canela,51,Plaza Obelie,Viennoiserie,pza,15.0
I-294942B03B,2026-09-11 18:15:19,Pastel de chocolate,44,Norte,Pasteles,pza,150.0
I-45C220E0C9,2026-09-11 18:15:20,Macaron mixto,72,Norte,Petit fours,pza,10.0
I-3362E782EA,2026-09-11 18:15:21,Brownie nogada,87,Sur,Reposteria,pza,20.0
I-1CD00BEFDF,2026-09-11 18:15:21,Tarta de frutas,53,Centro,Pasteles,pza,155.0
I-C8BD414D5A,2026-09-11 18:15:22,Rol de canela,39,Norte,Viennoiserie,pza,15.0
I-6A85E857C9,2026-09-11 18:15:22,Macaron mixto,65,Sur,Petit fours,pza,10.0
I-9F7CEEC172,2026-09-11 18:15:23,Eclair de cafe,86,Sur,Petit fours,pza,16.0
I-566192A8C0,2026-09-11 18:15:24,Tarta de frutas,74,Norte,Pasteles,pza,155.0
I-E8477C7AF6,2026-09-11 18:15:24,Macaron mixto,64,Sur,Petit fours,pza,10.0
I-80A94300B7,2026-09-11 18:15:24,Brownie nogada,17,Norte,Reposteria,pza,20.0
I-BBFAFB0358,2026-09-11 18:15:25,Rol de canela,52,Plaza Obelie,Viennoiserie,pza,15.0
I-2B7DB75865,2026-09-11 18:15:26,Galleta de mantequilla,79,Sur,Reposteria,pza,6.0
I-806687E3A1,2026-09-11 18:15:26,Rol de canela,51,Norte,Viennoiserie,pza,15.0
I-0E728F0630,2026-09-11 18:15:27,Cheesecake de frutos rojos,56,Norte,Pasteles,pza,170.0
I-DF0054B1E2,2026-09-11 18:15:27,Baguette tradicional,64,Centro,Panaderia,pza,9.0
I-180056E561,2026-09-11 18:15:28,Tarta de frutas,35,Plaza Obelie,Pasteles,pza,155.0
I-B6FA475D30,2026-09-11 18:15:28,Tarta de frutas,56,Centro,Pasteles,pza,155.0
I-620CEEA37E,2026-09-11 18:15:29,Cheesecake de frutos rojos,63,Centro,Pasteles,pza,170.0
I-A771CEF698,2026-09-11 18:15:29,Baguette tradicional,85,Plaza Obelie,Panaderia,pza,9.0
I-830CE79A35,2026-09-11 18:15:30,Rol de canela,58,Norte,Viennoiserie,pza,15.0
I-0F3DC89A28,2026-09-11 18:15:30,Croissant de almendra,78,Plaza Obelie,Viennoiserie,pza,18.0
I-D08A75D337,2026-09-11 18:15:31,Eclair de cafe,92,Sur,Petit fours,pza,16.0
I-0530D89419,2026-09-11 18:15:32,Baguette tradicional,92,Plaza Obelie,Panaderia,pza,9.0
I-309C1453F5,2026-09-11 18:15:32,Rol de canela,60,Plaza Obelie,Viennoiserie,pza,15.0
I-506FE3C2FD,2026-09-11 18:15:33,Croissant de almendra,64,Sur,Viennoiserie,pza,18.0
I-D365177CE8,2026-09-11 18:15:33,Eclair de cafe,81,Centro,Petit fours,pza,16.0
I-CA061CC614,2026-09-11 18:15:33,Croissant de almendra,86,Plaza Obelie,Viennoiserie,pza,18.0
I-556F729703,2026-09-11 18:15:34,Cheesecake de frutos rojos,61,Norte,Pasteles,pza,170.0
I-BA25FCDC05,2026-09-11 18:15:35,Eclair de cafe,70,Plaza Obelie,Petit fours,pza,16.0
I-F5408CB293,2026-09-11 18:15:35,Baguette tradicional,91,Plaza Obelie,Panaderia,pza,9.0
I-ED1C6D9F03,2026-09-11 18:15:36,Croissant de almendra,35,Norte,Viennoiserie,pza,18.0
I-AC2111A2AF,2026-09-11 18:15:36,Brownie nogada,80,Sur,Reposteria,pza,20.0
I-7892AB253C,2026-09-11 18:15:37,Galleta de mantequilla,84,Sur,Reposteria,pza,6.0
I-D0B0043D98,2026-09-11 18:15:38,Croissant de almendra,38,Norte,Viennoiserie,pza,18.0
I-462E2D00A2,2026-09-11 18:15:38,Eclair de cafe,102,Sur,Petit fours,pza,16.0
I-CC57AC58B8,2026-09-11 18:15:39,Baguette tradicional,103,Plaza Obelie,Panaderia,pza,9.0
I-E30B7F959C,2026-09-11 18:15:39,Baguette tradicional,42,Sur,Panaderia,pza,9.0
I-FA82AA274B,2026-09-11 18:15:40,Eclair de cafe,84,Norte,Petit fours,pza,16.0
I-96BEE7FEC7,2026-09-11 18:15:40,Eclair de cafe,80,Norte,Petit fours,pza,16.0
I-473282C2E6,2026-09-11 18:15:41,Pastel de chocolate,73,Plaza Obelie,Pasteles,pza,150.0
I-77B3EAD0AF,2026-09-11 18:15:41,Pastel de chocolate,82,Centro,Pasteles,pza,150.0
I-847E783CF9,2026-09-11 18:15:42,Cheesecake de frutos rojos,77,Sur,Pasteles,pza,170.0
I-E013EC4760,2026-09-11 18:15:43,Baguette tradicional,103,Plaza Obelie,Panaderia,pza,9.0
I-FF59DE3547,2026-09-11 18:15:43,Eclair de cafe,76,Norte,Petit fours,pza,16.0
I-15B5E0D976,2026-09-11 18:15:44,Tarta de frutas,69,Norte,Pasteles,pza,155.0
I-1D3E53802D,2026-09-11 18:15:44,Cheesecake de frutos rojos,72,Sur,Pasteles,pza,170.0
I-68632A302A,2026-09-11 18:15:45,Macaron mixto,81,Norte,Petit fours,pza,10.0
I-C7EAECB6DF,2026-09-11 18:15:45,Cheesecake de frutos rojos,59,Centro,Pasteles,pza,170.0
I-CFD0C1E1EB,2026-09-11 18:15:46,Brownie nogada,89,Sur,Reposteria,pza,20.0
I-0B6A8E27AA,2026-09-11 18:15:46,Baguette tradicional,78,Norte,Panaderia,pza,9.0
I-E7E281C109,2026-09-11 18:15:47,Eclair de cafe,76,Centro,Petit fours,pza,16.0
I-1D1582AE99,2026-09-11 18:15:47,Galleta de mantequilla,88,Sur,Reposteria,pza,6.0
I-5B28C1637F,2026-09-11 18:15:48,Galleta de mantequilla,68,Centro,Reposteria,pza,6.0
I-E94143F9A8,2026-09-11 18:15:49,Croissant de almendra,58,Sur,Viennoiserie,pza,18.0
I-5586ADAC83,2026-09-11 18:15:49,Cheesecake de frutos rojos,42,Plaza Obelie,Pasteles,pza,170.0
I-E0D92C2B55,2026-09-11 18:15:50,Rol de canela,70,Norte,Viennoiserie,pza,15.0
I-A8D249403A,2026-09-11 18:15:50,Galleta de mantequilla,84,Sur,Reposteria,pza,6.0
I-3C39642C86,2026-09-11 18:15:51,Galleta de mantequilla,37,Plaza Obelie,Reposteria,pza,6.0
I-6125042854,2026-09-11 18:15:52,Baguette tradicional,77,Norte,Panaderia,pza,9.0
I-E116525B4E,2026-09-11 18:15:52,Croissant de almendra,39,Norte,Viennoiserie,pza,18.0
I-7FE701A49A,2026-09-11 18:15:53,Baguette tradicional,80,Norte,Panaderia,pza,9.0
I-2E97DF3830,2026-09-11 18:15:53,Pastel de chocolate,39,Norte,Pasteles,pza,150.0
I-10143BC0B9,2026-09-11 18:15:54,Eclair de cafe,105,Sur,Petit fours,pza,16.0
I-EDD76D7529,2026-09-11 18:15:55,Tarta de frutas,76,Norte,Pasteles,pza,155.0
I-AA3793943F,2026-09-11 18:15:55,Croissant de almendra,52,Centro,Viennoiserie,pza,18.0
I-00A2E2E913,2026-09-11 18:15:56,Baguette tradicional,91,Norte,Panaderia,pza,9.0
I-19ACE17AC1,2026-09-11 18:15:57,Croissant de almendra,85,Plaza Obelie,Viennoiserie,pza,18.0
I-CCE9DE0EFB,2026-09-11 18:15:57,Baguette tradicional,109,Plaza Obelie,Panaderia,pza,9.0
I-290FE38A41,2026-09-11 18:15:58,Brownie nogada,90,Plaza Obelie,Reposteria,pza,20.0
I-E8788B679B,2026-09-11 18:15:59,Galleta de mantequilla,35,Plaza Obelie,Reposteria,pza,6.0
I-87E2FD843F,2026-09-11 18:15:59,Galleta de mantequilla,47,Norte,Reposteria,pza,6.0
I-82D8FC66CE,2026-09-11 18:16:00,Eclair de cafe,116,Sur,Petit fours,pza,16.0
I-2AC6442309,2026-09-11 18:16:00,Tarta de frutas,68,Norte,Pasteles,pza,155.0
I-9C0E688F61,2026-09-11 18:16:01,Pastel de chocolate,41,Sur,Pasteles,pza,150.0
I-2802289A27,2026-09-11 18:16:01,Croissant de almendra,44,Centro,Viennoiserie,pza,18.0
I-DF5FAF3CA3,2026-09-11 18:16:02,Baguette tradicional,39,Sur,Panaderia,pza,9.0
I-8A85CB800B,2026-09-11 18:16:02,Croissant de almendra,43,Norte,Viennoiserie,pza,18.0
I-B1783172D5,2026-09-11 18:16:03,Tarta de frutas,56,Centro,Pasteles,pza,155.0
I-FD08092F39,2026-09-11 18:16:03,Tarta de frutas,45,Plaza Obelie,Pasteles,pza,155.0
I-C7255814BB,2026-09-11 18:16:04,Tarta de frutas,69,Norte,Pasteles,pza,155.0
I-44ED122C8B,2026-09-11 18:16:04,Cheesecake de frutos rojos,54,Norte,Pasteles,pza,170.0
I-B100F1F76A,2026-09-11 18:16:05,Tarta de frutas,62,Norte,Pasteles,pza,155.0
I-2A3138B26D,2026-09-11 18:16:06,Pastel de chocolate,31,Norte,Pasteles,pza,150.0
I-96EE1458D2,2026-09-11 18:16:06,Macaron mixto,51,Centro,Petit fours,pza,10.0
I-A235EB3BE1,2026-09-11 18:16:07,Galleta de mantequilla,85,Sur,Reposteria,pza,6.0
I-0BCB873C6C,2026-09-11 18:16:08,Tarta de frutas,67,Centro,Pasteles,pza,155.0
I-AC8FDA5430,2026-09-11 18:16:08,Baguette tradicional,99,Norte,Panaderia,pza,9.0
I-24F78CB3BF,2026-09-11 18:16:09,Rol de canela,82,Sur,Viennoiserie,pza,15.0
I-0DA5B4FFB4,2026-09-11 18:16:09,Tarta de frutas,52,Plaza Obelie,Pasteles,pza,155.0
I-7CACDAA036,2026-09-11 18:16:10,Macaron mixto,59,Plaza Obelie,Petit fours,pza,10.0
I-EDFCCFB501,2026-09-11 18:16:10,Pastel de chocolate,29,Norte,Pasteles,pza,150.0
I-9E285594B4,2026-09-11 18:16:11,Macaron mixto,76,Sur,Petit fours,pza,10.0
I-67F200FF9D,2026-09-11 18:16:12,Tarta de frutas,73,Norte,Pasteles,pza,155.0
I-219CC31873,2026-09-11 18:16:12,Galleta de mantequilla,96,Sur,Reposteria,pza,6.0
I-95519540C7,2026-09-11 18:16:13,Croissant de almendra,48,Norte,Viennoiserie,pza,18.0
I-2F0DDF11C0,2026-09-11 18:16:13,Rol de canela,76,Sur,Viennoiserie,pza,15.0
I-F71D0867EB,2026-09-11 18:16:14,Cheesecake de frutos rojos,64,Centro,Pasteles,pza,170.0
I-A750B82762,2026-09-11 18:16:15,Macaron mixto,67,Plaza Obelie,Petit fours,pza,10.0
I-485AD5EDF5,2026-09-11 18:16:15,Rol de canela,66,Plaza Obelie,Viennoiserie,pza,15.0
I-22A8E9FD24,2026-09-11 18:16:16,Tarta de frutas,68,Norte,Pasteles,pza,155.0
I-F130C14ADC,2026-09-11 18:16:16,Rol de canela,68,Norte,Viennoiserie,pza,15.0
I-F52DEBBE46,2026-09-11 18:16:17,Baguette tradicional,59,Centro,Panaderia,pza,9.0
I-D60403763B,2026-09-11 18:16:18,Baguette tradicional,38,Sur,Panaderia,pza,9.0
I-CE91D205D4,2026-09-11 18:16:18,Galleta de mantequilla,32,Plaza Obelie,Reposteria,pza,6.0
I-5DA78E18FF,2026-09-11 18:16:19,Brownie nogada,10,Norte,Reposteria,pza,20.0
I-B355366E0C,2026-09-11 18:16:19,Rol de canela,31,Centro,Viennoiserie,pza,15.0
I-9300DFA913,2026-09-11 18:16:20,Galleta de mantequilla,50,Norte,Reposteria,pza,6.0
I-730C5B635E,2026-09-11 18:16:21,Cheesecake de frutos rojos,64,Centro,Pasteles,pza,170.0
I-47B65B0479,2026-09-11 18:16:21,Galleta de mantequilla,31,Plaza Obelie,Reposteria,pza,6.0
I-CF4007E2FC,2026-09-11 18:16:22,Brownie nogada,7,Norte,Reposteria,pza,20.0
I-97EEA624CB,2026-09-11 18:16:22,Macaron mixto,79,Norte,Petit fours,pza,10.0
I-150CC7B022,2026-09-11 18:16:23,Galleta de mantequilla,80,Centro,Reposteria,pza,6.0
I-43097A07B7,2026-09-11 18:16:23,Tarta de frutas,65,Centro,Pasteles,pza,155.0
I-34EB7D0D64,2026-09-11 18:16:24,Eclair de cafe,66,Plaza Obelie,Petit fours,pza,16.0
I-B9ECE060D2,2026-09-11 18:16:25,Brownie nogada,64,Centro,Reposteria,pza,20.0
I-E0ADC6D6EA,2026-09-11 18:16:25,Tarta de frutas,54,Sur,Pasteles,pza,155.0
I-67CE67EB54,2026-09-11 18:16:26,Baguette tradicional,35,Sur,Panaderia,pza,9.0
I-3270C55289,2026-09-11 18:16:26,Galleta de mantequilla,45,Norte,Reposteria,pza,6.0
I-6F569CB689,2026-09-11 18:16:27,Eclair de cafe,117,Sur,Petit fours,pza,16.0
I-5805F4287C,2026-09-11 18:16:28,Tarta de frutas,75,Centro,Pasteles,pza,155.0
I-406B9461B9,2026-09-11 18:16:28,Rol de canela,23,Centro,Viennoiserie,pza,15.0
I-FB18FB22A3,2026-09-11 18:16:29,Baguette tradicional,97,Norte,Panaderia,pza,9.0
I-403C6C85DA,2026-09-11 18:16:29,Pastel de chocolate,51,Sur,Pasteles,pza,150.0
I-58ACE500BE,2026-09-11 18:16:30,Cheesecake de frutos rojos,69,Centro,Pasteles,pza,170.0
I-FEE14583D9,2026-09-11 18:16:30,Cheesecake de frutos rojos,39,Plaza Obelie,Pasteles,pza,170.0
I-38E745A29B,2026-09-11 18:16:30,Macaron mixto,79,Norte,Petit fours,pza,10.0
I-0E7670CF0C,2026-09-11 18:16:31,Baguette tradicional,47,Sur,Panaderia,pza,9.0
I-E2B40A3A11,2026-09-11 18:16:32,Baguette tradicional,105,Plaza Obelie,Panaderia,pza,9.0
I-1505D254B1,2026-09-11 18:16:32,Macaron mixto,73,Sur,Petit fours,pza,10.0
I-16730C8F01,2026-09-11 18:16:33,Croissant de almendra,40,Norte,Viennoiserie,pza,18.0
I-2C1AE9C246,2026-09-11 18:16:33,Cheesecake de frutos rojos,61,Norte,Pasteles,pza,170.0
I-D8039CCC2F,2026-09-11 18:16:34,Cheesecake de frutos rojos,73,Centro,Pasteles,pza,170.0
I-9C28DF3972,2026-09-11 18:16:34,Pastel de chocolate,30,Norte,Pasteles,pza,150.0
I-C91D06076D,2026-09-11 18:16:35,Cheesecake de frutos rojos,84,Sur,Pasteles,pza,170.0
I-65C3D7CBC0,2026-09-11 18:16:36,Pastel de chocolate,22,Norte,Pasteles,pza,150.0
I-EC311B1A34,2026-09-11 18:16:36,Baguette tradicional,53,Sur,Panaderia,pza,9.0
I-7B63836581,2026-09-11 18:16:37,Pastel de chocolate,49,Sur,Pasteles,pza,150.0
I-4EEEC7D45B,2026-09-11 18:16:37,Cheesecake de frutos rojos,50,Plaza Obelie,Pasteles,pza,170.0
I-06D32DECAE,2026-09-11 18:16:38,Pastel de chocolate,91,Centro,Pasteles,pza,150.0
I-F6E631E7B6,2026-09-11 18:16:39,Pastel de chocolate,51,Sur,Pasteles,pza,150.0
I-E02F8982A7,2026-09-11 18:16:39,Galleta de mantequilla,98,Sur,Reposteria,pza,6.0
I-180BC6B2B7,2026-09-11 18:16:40,Eclair de cafe,121,Sur,Petit fours,pza,16.0
I-2B7E11AEE2,2026-09-11 18:16:40,Baguette tradicional,52,Centro,Panaderia,pza,9.0
I-AC1458CCA1,2026-09-11 18:16:41,Macaron mixto,68,Sur,Petit fours,pza,10.0
I-EF1D043166,2026-09-11 18:16:41,Brownie nogada,2,Norte,Reposteria,pza,20.0
I-121CF1AD08,2026-09-11 18:16:42,Rol de canela,71,Norte,Viennoiserie,pza,15.0
I-27DE1AD990,2026-09-11 18:16:43,Baguette tradicional,53,Centro,Panaderia,pza,9.0
I-BEA0DC66D0,2026-09-11 18:16:43,Macaron mixto,48,Centro,Petit fours,pza,10.0
I-1C8235613F,2026-09-11 18:16:44,Baguette tradicional,56,Sur,Panaderia,pza,9.0
I-EAE43AE692,2026-09-11 18:16:44,Tarta de frutas,60,Plaza Obelie,Pasteles,pza,155.0
I-17720B3C74,2026-09-11 18:16:45,Baguette tradicional,108,Norte,Panaderia,pza,9.0
I-575C2C7D69,2026-09-11 18:16:46,Baguette tradicional,61,Centro,Panaderia,pza,9.0
I-2379942FCB,2026-09-11 18:16:46,Cheesecake de frutos rojos,49,Plaza Obelie,Pasteles,pza,170.0
I-A668D601B7,2026-09-11 18:16:47,Baguette tradicional,120,Norte,Panaderia,pza,9.0
I-AAA79AFC1F,2026-09-11 18:16:47,Rol de canela,68,Plaza Obelie,Viennoiserie,pza,15.0
I-539CE9814B,2026-09-11 18:16:48,Baguette tradicional,112,Plaza Obelie,Panaderia,pza,9.0
I-3A93159CA4,2026-09-11 18:16:48,Croissant de almendra,94,Plaza Obelie,Viennoiserie,pza,18.0
I-90A3716CD2,2026-09-11 18:16:49,Pastel de chocolate,28,Norte,Pasteles,pza,150.0
I-44145B17F8,2026-09-11 18:16:49,Macaron mixto,68,Sur,Petit fours,pza,10.0
I-A2E706E999,2026-09-11 18:16:50,Galleta de mantequilla,37,Plaza Obelie,Reposteria,pza,6.0
I-4FA5AA9AFD,2026-09-11 18:16:50,Rol de canela,16,Centro,Viennoiserie,pza,15.0
I-77EA9AFAC1,2026-09-11 18:16:51,Pastel de chocolate,46,Sur,Pasteles,pza,150.0
I-3647AA2A6D,2026-09-11 18:16:52,Galleta de mantequilla,30,Plaza Obelie,Reposteria,pza,6.0
I-91E81F8C4D,2026-09-11 18:16:52,Cheesecake de frutos rojos,68,Centro,Pasteles,pza,170.0
I-E38173132B,2026-09-11 18:16:53,Eclair de cafe,66,Plaza Obelie,Petit fours,pza,16.0
I-A19C763546,2026-09-11 18:16:53,Pastel de chocolate,28,Norte,Pasteles,pza,150.0
I-D990F044D4,2026-09-11 18:16:54,Brownie nogada,75,Centro,Reposteria,pza,20.0
I-D0CFA0A0BD,2026-09-11 18:16:55,Cheesecake de frutos rojos,78,Sur,Pasteles,pza,170.0
I-7DB6C38F21,2026-09-11 18:16:55,Galleta de mantequilla,42,Norte,Reposteria,pza,6.0
I-F90307B63E,2026-09-11 18:16:56,Cheesecake de frutos rojos,60,Plaza Obelie,Pasteles,pza,170.0
I-4B952EA77E,2026-09-11 18:16:57,Rol de canela,69,Plaza Obelie,Viennoiserie,pza,15.0
I-932139CA81,2026-09-11 18:16:57,Croissant de almendra,32,Norte,Viennoiserie,pza,18.0
I-7A91C113E6,2026-09-11 18:16:58,Macaron mixto,64,Plaza Obelie,Petit fours,pza,10.0
I-79F1BA4417,2026-09-11 18:16:59,Tarta de frutas,71,Centro,Pasteles,pza,155.0
I-93A9FBFEBC,2026-09-11 18:16:59,Brownie nogada,5,Norte,Reposteria,pza,20.0
I-5BAE64E6E4,2026-09-11 18:17:00,Macaron mixto,89,Norte,Petit fours,pza,10.0
I-A58F14EFA5,2026-09-11 18:17:01,Pastel de chocolate,23,Norte,Pasteles,pza,150.0
I-17F6F994B6,2026-09-11 18:17:01,Eclair de cafe,69,Norte,Petit fours,pza,16.0
I-540F974A20,2026-09-11 18:17:02,Eclair de cafe,132,Sur,Petit fours,pza,16.0
I-16DE44073C,2026-09-11 18:17:02,Eclair de cafe,79,Centro,Petit fours,pza,16.0
I-D7B02C57B1,2026-09-11 18:17:03,Baguette tradicional,70,Centro,Panaderia,pza,9.0
I-DBD1569163,2026-09-11 18:17:04,Baguette tradicional,115,Plaza Obelie,Panaderia,pza,9.0
I-A52ABE2724,2026-09-11 18:17:04,Rol de canela,68,Plaza Obelie,Viennoiserie,pza,15.0
I-8CB5EA0D6A,2026-09-11 18:17:05,Eclair de cafe,70,Norte,Petit fours,pza,16.0
I-05DE78339B,2026-09-11 18:17:06,Galleta de mantequilla,54,Norte,Reposteria,pza,6.0
I-CAFB140F1D,2026-09-11 18:17:06,Tarta de frutas,72,Norte,Pasteles,pza,155.0
I-E9F71CDB3D,2026-09-11 18:17:07,Brownie nogada,84,Centro,Reposteria,pza,20.0
I-44BB57AC14,2026-09-11 18:17:08,Rol de canela,9,Centro,Viennoiserie,pza,15.0
I-EBF4C7AE3B,2026-09-11 18:17:08,Brownie nogada,89,Plaza Obelie,Reposteria,pza,20.0
I-63EC64EE51,2026-09-11 18:17:09,Eclair de cafe,67,Plaza Obelie,Petit fours,pza,16.0
I-0EC944937E,2026-09-11 18:17:09,Croissant de almendra,63,Sur,Viennoiserie,pza,18.0
I-56A1D97500,2026-09-11 18:17:10,Pastel de chocolate,16,Norte,Pasteles,pza,150.0
I-832D8F5802,2026-09-11 18:17:11,Rol de canela,71,Sur,Viennoiserie,pza,15.0
I-89DD0ACAE4,2026-09-11 18:17:11,Brownie nogada,96,Centro,Reposteria,pza,20.0
I-118E723215,2026-09-11 18:17:12,Macaron mixto,76,Plaza Obelie,Petit fours,pza,10.0
I-3107C5BE27,2026-09-11 18:17:12,Croissant de almendra,72,Sur,Viennoiserie,pza,18.0
I-01FFE0A3D9,2026-09-11 18:17:12,Pastel de chocolate,97,Centro,Pasteles,pza,150.0
I-ADD7CC128B,2026-09-11 18:17:13,Macaron mixto,80,Sur,Petit fours,pza,10.0
I-8304A7FD06,2026-09-11 18:17:13,Eclair de cafe,81,Centro,Petit fours,pza,16.0
I-390FE65212,2026-09-11 18:17:14,Macaron mixto,53,Centro,Petit fours,pza,10.0
I-BD96C36976,2026-09-11 18:17:15,Galleta de mantequilla,62,Norte,Reposteria,pza,6.0
I-1968DA4690,2026-09-11 18:17:15,Eclair de cafe,70,Plaza Obelie,Petit fours,pza,16.0
I-2E6BD96CB6,2026-09-11 18:17:16,Tarta de frutas,77,Centro,Pasteles,pza,155.0
I-88DE809DEB,2026-09-11 18:17:17,Cheesecake de frutos rojos,63,Plaza Obelie,Pasteles,pza,170.0
I-DF2FADA224,2026-09-11 18:17:17,Croissant de almendra,91,Plaza Obelie,Viennoiserie,pza,18.0
I-EA64DFB32C,2026-09-11 18:17:18,Rol de canela,70,Plaza Obelie,Viennoiserie,pza,15.0
I-056D2C5A9F,2026-09-11 18:17:18,Rol de canela,18,Centro,Viennoiserie,pza,15.0
I-126E741810,2026-09-11 18:17:19,Macaron mixto,71,Plaza Obelie,Petit fours,pza,10.0
I-EC23902E49,2026-09-11 18:17:20,Pastel de chocolate,90,Centro,Pasteles,pza,150.0
I-65A30E1069,2026-09-11 18:17:20,Macaron mixto,47,Centro,Petit fours,pza,10.0
I-8CAD677AD7,2026-09-11 18:17:21,Baguette tradicional,48,Sur,Panaderia,pza,9.0
I-DB30D180EA,2026-09-11 18:17:21,Cheesecake de frutos rojos,56,Norte,Pasteles,pza,170.0
I-5E6E97057C,2026-09-11 18:17:22,Macaron mixto,53,Centro,Petit fours,pza,10.0
I-119C06B8BD,2026-09-11 18:17:23,Galleta de mantequilla,42,Plaza Obelie,Reposteria,pza,6.0
I-3A0D45F706,2026-09-11 18:17:23,Tarta de frutas,46,Sur,Pasteles,pza,155.0
I-FE608B0B96,2026-09-11 18:17:24,Cheesecake de frutos rojos,75,Sur,Pasteles,pza,170.0
I-99B2BF01D0,2026-09-11 18:17:24,Rol de canela,67,Sur,Viennoiserie,pza,15.0
I-C84BA980B1,2026-09-11 18:17:25,Pastel de chocolate,22,Norte,Pasteles,pza,150.0
I-6D86C5E6F4,2026-09-11 18:17:25,Rol de canela,74,Norte,Viennoiserie,pza,15.0
I-0C3DD104AD,2026-09-11 18:17:26,Croissant de almendra,31,Norte,Viennoiserie,pza,18.0
I-925A1DD549,2026-09-11 18:17:26,Brownie nogada,94,Centro,Reposteria,pza,20.0
I-E1F218ACCD,2026-09-11 18:17:27,Cheesecake de frutos rojos,74,Plaza Obelie,Pasteles,pza,170.0
I-D6E2F48F02,2026-09-11 18:17:27,Rol de canela,79,Norte,Viennoiserie,pza,15.0
I-5D89DB7836,2026-09-11 18:17:28,Tarta de frutas,69,Centro,Pasteles,pza,155.0
I-F46B46F946,2026-09-11 18:17:29,Baguette tradicional,50,Sur,Panaderia,pza,9.0
I-CBE677357E,2026-09-11 18:17:29,Rol de canela,78,Plaza Obelie,Viennoiserie,pza,15.0
I-734D365473,2026-09-11 18:17:30,Rol de canela,15,Centro,Viennoiserie,pza,15.0
I-0D4BCD6814,2026-09-11 18:17:31,Rol de canela,73,Norte,Viennoiserie,pza,15.0
I-8E23E37262,2026-09-11 18:17:31,Galleta de mantequilla,36,Plaza Obelie,Reposteria,pza,6.0
I-ED340559CF,2026-09-11 18:17:32,Baguette tradicional,127,Plaza Obelie,Panaderia,pza,9.0
I-DBCF61DA8F,2026-09-11 18:17:32,Pastel de chocolate,39,Sur,Pasteles,pza,150.0
I-51C420325F,2026-09-11 18:17:33,Pastel de chocolate,95,Centro,Pasteles,pza,150.0
I-680CF309EB,2026-09-11 18:17:34,Eclair de cafe,76,Plaza Obelie,Petit fours,pza,16.0
I-5DA2DCF97C,2026-09-11 18:17:34,Baguette tradicional,42,Sur,Panaderia,pza,9.0
I-39DB105DD7,2026-09-11 18:17:35,Tarta de frutas,69,Plaza Obelie,Pasteles,pza,155.0
I-22F7ECE4FD,2026-09-11 18:17:36,Cheesecake de frutos rojos,67,Plaza Obelie,Pasteles,pza,170.0
I-AF3DA544F6,2026-09-11 18:17:36,Eclair de cafe,64,Norte,Petit fours,pza,16.0
I-4773BDE66A,2026-09-11 18:17:37,Eclair de cafe,68,Plaza Obelie,Petit fours,pza,16.0
I-575CD81A0D,2026-09-11 18:17:37,Brownie nogada,87,Sur,Reposteria,pza,20.0
I-E1ED381934,2026-09-11 18:17:38,Croissant de almendra,88,Plaza Obelie,Viennoiserie,pza,18.0
I-46F0570446,2026-09-11 18:17:39,Galleta de mantequilla,94,Sur,Reposteria,pza,6.0
I-346F7FE203,2026-09-11 18:17:39,Baguette tradicional,75,Centro,Panaderia,pza,9.0
I-855E4B5BF2,2026-09-11 18:17:40,Pastel de chocolate,68,Plaza Obelie,Pasteles,pza,150.0
I-B52E4E0E0B,2026-09-11 18:17:40,Pastel de chocolate,67,Plaza Obelie,Pasteles,pza,150.0
I-C471608B2A,2026-09-11 18:17:41,Cheesecake de frutos rojos,66,Plaza Obelie,Pasteles,pza,170.0
I-7A13BCEA6A,2026-09-11 18:17:41,Eclair de cafe,78,Plaza Obelie,Petit fours,pza,16.0
I-2B189FE961,2026-09-11 18:17:42,Pastel de chocolate,49,Sur,Pasteles,pza,150.0
I-EB6E356061,2026-09-11 18:17:42,Rol de canela,82,Norte,Viennoiserie,pza,15.0
I-EF517A82EB,2026-09-11 18:17:43,Baguette tradicional,117,Norte,Panaderia,pza,9.0
I-7FD429ABB7,2026-09-11 18:17:44,Pastel de chocolate,72,Plaza Obelie,Pasteles,pza,150.0
I-62417969E6,2026-09-11 18:17:44,Pastel de chocolate,92,Centro,Pasteles,pza,150.0
I-4C6B823F32,2026-09-11 18:17:45,Galleta de mantequilla,41,Plaza Obelie,Reposteria,pza,6.0
I-113C839C88,2026-09-11 18:17:45,Baguette tradicional,77,Centro,Panaderia,pza,9.0
I-207177074A,2026-09-11 18:17:46,Baguette tradicional,77,Centro,Panaderia,pza,9.0
I-547F8A7BB3,2026-09-11 18:17:46,Baguette tradicional,123,Plaza Obelie,Panaderia,pza,9.0
I-AD5238F790,2026-09-11 18:17:47,Brownie nogada,91,Centro,Reposteria,pza,20.0
I-D0476E3EE9,2026-09-11 18:17:47,Macaron mixto,91,Sur,Petit fours,pza,10.0
I-8AF65F6C6E,2026-09-11 18:17:48,Macaron mixto,81,Norte,Petit fours,pza,10.0
I-1C6729E52A,2026-09-11 18:17:48,Tarta de frutas,72,Norte,Pasteles,pza,155.0
I-870001FD6F,2026-09-11 18:17:49,Macaron mixto,76,Plaza Obelie,Petit fours,pza,10.0
I-C67D355C2A,2026-09-11 18:17:49,Pastel de chocolate,81,Plaza Obelie,Pasteles,pza,150.0
I-804E627A00,2026-09-11 18:17:50,Pastel de chocolate,86,Centro,Pasteles,pza,150.0
I-2ABB52576C,2026-09-11 18:17:50,Galleta de mantequilla,73,Centro,Reposteria,pza,6.0
I-87F9797D12,2026-09-11 18:17:51,Galleta de mantequilla,74,Norte,Reposteria,pza,6.0
I-B7478472B8,2026-09-11 18:17:52,Croissant de almendra,71,Sur,Viennoiserie,pza,18.0
I-C9F2EEE429,2026-09-11 18:17:52,Eclair de cafe,71,Plaza Obelie,Petit fours,pza,16.0
I-CA905C28AF,2026-09-11 18:17:53,Rol de canela,83,Norte,Viennoiserie,pza,15.0
I-5528693195,2026-09-11 18:17:53,Tarta de frutas,75,Plaza Obelie,Pasteles,pza,155.0
I-2B6765251F,2026-09-11 18:17:54,Galleta de mantequilla,34,Plaza Obelie,Reposteria,pza,6.0
I-0900EE5EF1,2026-09-11 18:17:54,Brownie nogada,84,Plaza Obelie,Reposteria,pza,20.0
I-1939488B94,2026-09-11 18:17:55,Croissant de almendra,44,Centro,Viennoiserie,pza,18.0
I-E3BA0537EF,2026-09-11 18:17:56,Cheesecake de frutos rojos,81,Sur,Pasteles,pza,170.0
I-ECBEC30CBB,2026-09-11 18:17:56,Galleta de mantequilla,30,Plaza Obelie,Reposteria,pza,6.0
I-360F860213,2026-09-11 18:17:57,Eclair de cafe,90,Centro,Petit fours,pza,16.0
I-B8B492F134,2026-09-11 18:17:58,Cheesecake de frutos rojos,64,Plaza Obelie,Pasteles,pza,170.0
I-6AD3F802A0,2026-09-11 18:17:58,Macaron mixto,83,Sur,Petit fours,pza,10.0
I-D68089D1A0,2026-09-11 18:17:59,Brownie nogada,88,Plaza Obelie,Reposteria,pza,20.0
I-86ABA6A46E,2026-09-11 18:17:59,Macaron mixto,54,Centro,Petit fours,pza,10.0
I-93CD8357F4,2026-09-11 18:18:00,Rol de canela,24,Centro,Viennoiserie,pza,15.0
I-7D5081262B,2026-09-11 18:18:00,Baguette tradicional,120,Norte,Panaderia,pza,9.0
I-4FF11AE12B,2026-09-11 18:18:01,Brownie nogada,89,Centro,Reposteria,pza,20.0
I-74C5D137E7,2026-09-11 18:18:02,Galleta de mantequilla,79,Norte,Reposteria,pza,6.0
I-620F100287,2026-09-11 18:18:02,Eclair de cafe,100,Centro,Petit fours,pza,16.0
I-DBF26FB75E,2026-09-11 18:18:03,Tarta de frutas,58,Sur,Pasteles,pza,155.0
I-1B938F9305,2026-09-11 18:18:03,Galleta de mantequilla,29,Plaza Obelie,Reposteria,pza,6.0
I-71FB605EED,2026-09-11 18:18:04,Baguette tradicional,80,Centro,Panaderia,pza,9.0
I-F5745CD056,2026-09-11 18:18:05,Macaron mixto,76,Norte,Petit fours,pza,10.0
I-CF44F930B1,2026-09-11 18:18:05,Baguette tradicional,35,Sur,Panaderia,pza,9.0
I-7C2CCA4F9B,2026-09-11 18:18:05,Baguette tradicional,112,Norte,Panaderia,pza,9.0
I-4AD5C18189,2026-09-11 18:18:06,Pastel de chocolate,86,Centro,Pasteles,pza,150.0
I-D279D0185D,2026-09-11 18:18:06,Baguette tradicional,105,Norte,Panaderia,pza,9.0
I-7610729A83,2026-09-11 18:18:07,Eclair de cafe,111,Centro,Petit fours,pza,16.0
I-66AD852FEB,2026-09-11 18:18:07,Croissant de almendra,55,Centro,Viennoiserie,pza,18.0
I-3775B076F0,2026-09-11 18:18:08,Tarta de frutas,61,Sur,Pasteles,pza,155.0
I-75901C41B0,2026-09-11 18:18:09,Croissant de almendra,69,Sur,Viennoiserie,pza,18.0
I-1B67A36D23,2026-09-11 18:18:10,Eclair de cafe,118,Centro,Petit fours,pza,16.0
I-B8B1C26D58,2026-09-11 18:18:10,Macaron mixto,75,Sur,Petit fours,pza,10.0
I-BC879DAB18,2026-09-11 18:18:11,Baguette tradicional,33,Sur,Panaderia,pza,9.0
I-A67A2FBBB1,2026-09-11 18:18:11,Eclair de cafe,63,Plaza Obelie,Petit fours,pza,16.0
I-F256C09B69,2026-09-11 18:18:12,Cheesecake de frutos rojos,93,Sur,Pasteles,pza,170.0
I-92DE10C5B5,2026-09-11 18:18:12,Cheesecake de frutos rojos,90,Sur,Pasteles,pza,170.0
I-CDE051F70D,2026-09-11 18:18:13,Baguette tradicional,115,Plaza Obelie,Panaderia,pza,9.0
I-F61A5F7B70,2026-09-11 18:18:13,Galleta de mantequilla,76,Norte,Reposteria,pza,6.0
I-492F2910BC,2026-09-11 18:18:14,Eclair de cafe,72,Norte,Petit fours,pza,16.0
I-132DE74D2C,2026-09-11 18:18:15,Eclair de cafe,135,Sur,Petit fours,pza,16.0
I-C626594723,2026-09-11 18:18:15,Cheesecake de frutos rojos,59,Plaza Obelie,Pasteles,pza,170.0
I-F859E7E8D9,2026-09-11 18:18:16,Baguette tradicional,39,Sur,Panaderia,pza,9.0
I-22081817A6,2026-09-11 18:18:16,Pastel de chocolate,84,Plaza Obelie,Pasteles,pza,150.0
I-EFC8E82935,2026-09-11 18:18:17,Baguette tradicional,92,Centro,Panaderia,pza,9.0
I-ED6C26F70C,2026-09-11 18:18:18,Baguette tradicional,32,Sur,Panaderia,pza,9.0
I-400B6EDA63,2026-09-11 18:18:18,Brownie nogada,91,Sur,Reposteria,pza,20.0
I-5B0FCC09B1,2026-09-11 18:18:19,Eclair de cafe,127,Centro,Petit fours,pza,16.0
I-8121F03F1E,2026-09-11 18:18:20,Galleta de mantequilla,86,Sur,Reposteria,pza,6.0
I-BAFC7FC32F,2026-09-11 18:18:20,Baguette tradicional,35,Sur,Panaderia,pza,9.0
I-EE5D4CF191,2026-09-11 18:18:21,Rol de canela,81,Plaza Obelie,Viennoiserie,pza,15.0
I-1B7B179AA4,2026-09-11 18:18:22,Galleta de mantequilla,98,Sur,Reposteria,pza,6.0
I-8BCE6A3F40,2026-09-11 18:18:22,Rol de canela,80,Norte,Viennoiserie,pza,15.0
I-5041EC67AC,2026-09-11 18:18:23,Macaron mixto,72,Norte,Petit fours,pza,10.0
I-3517B5C03B,2026-09-11 18:18:23,Macaron mixto,84,Plaza Obelie,Petit fours,pza,10.0
I-E0D19687B5,2026-09-11 18:18:24,Cheesecake de frutos rojos,63,Plaza Obelie,Pasteles,pza,170.0
I-BB614E5E1E,2026-09-11 18:18:24,Croissant de almendra,95,Plaza Obelie,Viennoiserie,pza,18.0
I-405E345BE2,2026-09-11 18:18:25,Galleta de mantequilla,79,Norte,Reposteria,pza,6.0
I-FC56135A03,2026-09-11 18:18:26,Eclair de cafe,63,Plaza Obelie,Petit fours,pza,16.0
I-0A432F1513,2026-09-11 18:18:26,Rol de canela,29,Centro,Viennoiserie,pza,15.0
I-80A201B887,2026-09-11 18:18:27,Tarta de frutas,81,Plaza Obelie,Pasteles,pza,155.0
I-294E72C9C6,2026-09-11 18:18:27,Cheesecake de frutos rojos,71,Centro,Pasteles,pza,170.0
I-170FD33B37,2026-09-11 18:18:28,Eclair de cafe,136,Sur,Petit fours,pza,16.0
I-18130E46A3,2026-09-11 18:18:28,Macaron mixto,85,Sur,Petit fours,pza,10.0
I-06C9041559,2026-09-11 18:18:29,Brownie nogada,92,Sur,Reposteria,pza,20.0
I-F2F67B284B,2026-09-11 18:18:30,Brownie nogada,10,Norte,Reposteria,pza,20.0
I-492F817E2C,2026-09-11 18:18:30,Rol de canela,32,Centro,Viennoiserie,pza,15.0
I-6438E3451E,2026-09-11 18:18:31,Pastel de chocolate,14,Norte,Pasteles,pza,150.0
I-A35393FE26,2026-09-11 18:18:31,Brownie nogada,103,Sur,Reposteria,pza,20.0
I-056AA845B9,2026-09-11 18:18:32,Pastel de chocolate,53,Sur,Pasteles,pza,150.0
I-E3DFA43BB3,2026-09-11 18:18:33,Brownie nogada,95,Sur,Reposteria,pza,20.0
I-4C2B434108,2026-09-11 18:18:34,Eclair de cafe,124,Centro,Petit fours,pza,16.0
I-2A3B2119E3,2026-09-11 18:18:34,Tarta de frutas,62,Centro,Pasteles,pza,155.0
I-AE38C00E9B,2026-09-11 18:18:35,Brownie nogada,15,Norte,Reposteria,pza,20.0
I-9B0A0FE9B7,2026-09-11 18:18:36,Rol de canela,90,Plaza Obelie,Viennoiserie,pza,15.0
I-330CC5B1F9,2026-09-11 18:18:36,Cheesecake de frutos rojos,48,Norte,Pasteles,pza,170.0
I-5E8EE0F65B,2026-09-11 18:18:37,Macaron mixto,76,Plaza Obelie,Petit fours,pza,10.0
I-1F867FC82B,2026-09-11 18:18:37,Pastel de chocolate,80,Centro,Pasteles,pza,150.0
I-EB99ACF274,2026-09-11 18:18:38,Galleta de mantequilla,36,Plaza Obelie,Reposteria,pza,6.0
I-13F1C11AF6,2026-09-11 18:18:39,Tarta de frutas,81,Plaza Obelie,Pasteles,pza,155.0
I-85692945F0,2026-09-11 18:18:39,Eclair de cafe,132,Sur,Petit fours,pza,16.0
I-0A48A861BD,2026-09-11 18:18:40,Croissant de almendra,28,Norte,Viennoiserie,pza,18.0
I-27E6EFE5F4,2026-09-11 18:18:40,Cheesecake de frutos rojos,73,Centro,Pasteles,pza,170.0
I-B2B5B9098D,2026-09-11 18:18:41,Cheesecake de frutos rojos,101,Sur,Pasteles,pza,170.0
I-310176CB02,2026-09-11 18:18:42,Rol de canela,44,Centro,Viennoiserie,pza,15.0
I-C93BFED27F,2026-09-11 18:18:42,Tarta de frutas,70,Centro,Pasteles,pza,155.0
I-6E1609D679,2026-09-11 18:18:42,Macaron mixto,91,Sur,Petit fours,pza,10.0
I-E36AA590E9,2026-09-11 18:18:43,Macaron mixto,103,Sur,Petit fours,pza,10.0
I-B67AC3900D,2026-09-11 18:18:43,Tarta de frutas,85,Plaza Obelie,Pasteles,pza,155.0
I-9D9A4AEEBB,2026-09-11 18:18:44,Galleta de mantequilla,83,Norte,Reposteria,pza,6.0
I-B83AEA22D6,2026-09-11 18:18:45,Rol de canela,90,Norte,Viennoiserie,pza,15.0
I-62D679E038,2026-09-11 18:18:46,Eclair de cafe,74,Norte,Petit fours,pza,16.0
I-BFBCDC991A,2026-09-11 18:18:46,Tarta de frutas,89,Plaza Obelie,Pasteles,pza,155.0
I-4DD7198898,2026-09-11 18:18:47,Galleta de mantequilla,37,Plaza Obelie,Reposteria,pza,6.0
I-8A144DFD39,2026-09-11 18:18:48,Croissant de almendra,31,Norte,Viennoiserie,pza,18.0
I-4C07B153AB,2026-09-11 18:18:48,Brownie nogada,100,Centro,Reposteria,pza,20.0
I-2ED499BE42,2026-09-11 18:18:49,Macaron mixto,60,Centro,Petit fours,pza,10.0
I-8DE6C5DB40,2026-09-11 18:18:49,Cheesecake de frutos rojos,77,Centro,Pasteles,pza,170.0
I-CA3675CFDC,2026-09-11 18:18:50,Eclair de cafe,128,Centro,Petit fours,pza,16.0
I-2523211ADE,2026-09-11 18:18:50,Cheesecake de frutos rojos,87,Centro,Pasteles,pza,170.0
I-074EF63FA9,2026-09-11 18:18:51,Croissant de almendra,64,Centro,Viennoiserie,pza,18.0
I-8564791B84,2026-09-11 18:18:51,Pastel de chocolate,60,Sur,Pasteles,pza,150.0
I-A65E4C3F10,2026-09-11 18:18:52,Galleta de mantequilla,71,Centro,Reposteria,pza,6.0
I-4C104F8BB5,2026-09-11 18:18:53,Tarta de frutas,82,Norte,Pasteles,pza,155.0
I-7EC8151E29,2026-09-11 18:18:53,Galleta de mantequilla,73,Centro,Reposteria,pza,6.0
I-12DF6FBCA7,2026-09-11 18:18:54,Baguette tradicional,100,Centro,Panaderia,pza,9.0
I-01D8816B94,2026-09-11 18:18:55,Rol de canela,90,Plaza Obelie,Viennoiserie,pza,15.0
I-1FC19FD9F4,2026-09-11 18:18:55,Brownie nogada,106,Centro,Reposteria,pza,20.0
I-043438BA18,2026-09-11 18:18:56,Rol de canela,47,Centro,Viennoiserie,pza,15.0
I-007509EED2,2026-09-11 18:18:56,Tarta de frutas,66,Centro,Pasteles,pza,155.0
I-31A3D2D59D,2026-09-11 18:18:57,Baguette tradicional,111,Plaza Obelie,Panaderia,pza,9.0
I-D0A66B9AAC,2026-09-11 18:18:58,Macaron mixto,115,Sur,Petit fours,pza,10.0
I-4D33B722D6,2026-09-11 18:18:59,Macaron mixto,55,Centro,Petit fours,pza,10.0
I-7B0436F245,2026-09-11 18:18:59,Rol de canela,42,Centro,Viennoiserie,pza,15.0
I-3E79AF6B90,2026-09-11 18:19:00,Rol de canela,97,Plaza Obelie,Viennoiserie,pza,15.0
I-7D7D9741A1,2026-09-11 18:19:00,Rol de canela,96,Plaza Obelie,Viennoiserie,pza,15.0
I-756367789C,2026-09-11 18:19:01,Galleta de mantequilla,65,Centro,Reposteria,pza,6.0
I-12698A91F8,2026-09-11 18:19:01,Macaron mixto,119,Sur,Petit fours,pza,10.0
I-84EBBA93A2,2026-09-11 18:19:02,Tarta de frutas,58,Centro,Pasteles,pza,155.0
I-5403C8B22E,2026-09-11 18:19:02,Baguette tradicional,111,Plaza Obelie,Panaderia,pza,9.0
I-20B120E608,2026-09-11 18:19:03,Croissant de almendra,68,Centro,Viennoiserie,pza,18.0
I-C8A37D71C8,2026-09-11 18:19:03,Cheesecake de frutos rojos,105,Sur,Pasteles,pza,170.0
I-1E4585EC2D,2026-09-11 18:19:04,Croissant de almendra,66,Centro,Viennoiserie,pza,18.0
I-E31EB8F30D,2026-09-11 18:19:05,Pastel de chocolate,92,Plaza Obelie,Pasteles,pza,150.0
I-143B4C94AE,2026-09-11 18:19:05,Galleta de mantequilla,103,Sur,Reposteria,pza,6.0
I-CCB5034918,2026-09-11 18:19:06,Baguette tradicional,33,Sur,Panaderia,pza,9.0
I-BA3A34581D,2026-09-11 18:19:06,Galleta de mantequilla,30,Plaza Obelie,Reposteria,pza,6.0
I-6FC716AA1F,2026-09-11 18:19:07,Cheesecake de frutos rojos,94,Centro,Pasteles,pza,170.0
I-0530D26705,2026-09-11 18:19:07,Galleta de mantequilla,101,Sur,Reposteria,pza,6.0
I-1245F5E0CD,2026-09-11 18:19:08,Galleta de mantequilla,94,Norte,Reposteria,pza,6.0
I-4907F0EFD3,2026-09-11 18:19:08,Pastel de chocolate,24,Norte,Pasteles,pza,150.0
I-DD6A52ACE4,2026-09-11 18:19:08,Rol de canela,46,Centro,Viennoiserie,pza,15.0
I-A8181EFF64,2026-09-11 18:19:09,Croissant de almendra,24,Norte,Viennoiserie,pza,18.0
I-FBB082A7E5,2026-09-11 18:19:09,Croissant de almendra,100,Plaza Obelie,Viennoiserie,pza,18.0
I-F80549C4A7,2026-09-11 18:19:10,Brownie nogada,88,Sur,Reposteria,pza,20.0
I-454510B5CA,2026-09-11 18:19:11,Macaron mixto,116,Sur,Petit fours,pza,10.0
I-2A4FA8CCE3,2026-09-11 18:19:11,Cheesecake de frutos rojos,117,Sur,Pasteles,pza,170.0
I-7C32BED711,2026-09-11 18:19:12,Baguette tradicional,108,Plaza Obelie,Panaderia,pza,9.0
I-9A5EEBDF10,2026-09-11 18:19:13,Rol de canela,94,Norte,Viennoiserie,pza,15.0
I-DEF7A09134,2026-09-11 18:19:13,Croissant de almendra,67,Sur,Viennoiserie,pza,18.0
I-AAF72D011A,2026-09-11 18:19:14,Tarta de frutas,58,Centro,Pasteles,pza,155.0
I-64B41EA02D,2026-09-11 18:19:15,Baguette tradicional,95,Centro,Panaderia,pza,9.0
I-F2372A094D,2026-09-11 18:19:15,Baguette tradicional,113,Norte,Panaderia,pza,9.0
I-7244EF6BC1,2026-09-11 18:19:16,Baguette tradicional,122,Norte,Panaderia,pza,9.0
I-F783672AE6,2026-09-11 18:19:17,Tarta de frutas,91,Plaza Obelie,Pasteles,pza,155.0
I-8C3F035639,2026-09-11 18:19:17,Rol de canela,101,Plaza Obelie,Viennoiserie,pza,15.0
I-7A68C391B9,2026-09-11 18:19:18,Tarta de frutas,66,Sur,Pasteles,pza,155.0
I-21B21E4ADA,2026-09-11 18:19:18,Tarta de frutas,79,Norte,Pasteles,pza,155.0
I-942B63A9F3,2026-09-11 18:19:19,Tarta de frutas,89,Plaza Obelie,Pasteles,pza,155.0
I-7E2B77DF72,2026-09-11 18:19:20,Macaron mixto,83,Norte,Petit fours,pza,10.0
I-417798721E,2026-09-11 18:19:20,Brownie nogada,21,Norte,Reposteria,pza,20.0
I-445311B044,2026-09-11 18:19:21,Eclair de cafe,121,Centro,Petit fours,pza,16.0
I-09BC284C9B,2026-09-11 18:19:21,Eclair de cafe,133,Centro,Petit fours,pza,16.0
I-DE1CB2C5EC,2026-09-11 18:19:21,Rol de canela,73,Sur,Viennoiserie,pza,15.0
I-7D2DD3E6AA,2026-09-11 18:19:22,Brownie nogada,15,Norte,Reposteria,pza,20.0
I-F86418863E,2026-09-11 18:19:23,Macaron mixto,120,Sur,Petit fours,pza,10.0
I-A8B8108721,2026-09-11 18:19:23,Galleta de mantequilla,110,Sur,Reposteria,pza,6.0
I-C023BF4BC6,2026-09-11 18:19:24,Rol de canela,99,Norte,Viennoiserie,pza,15.0
I-8CC5486859,2026-09-11 18:19:24,Baguette tradicional,36,Sur,Panaderia,pza,9.0
I-79B186A9A0,2026-09-11 18:19:25,Croissant de almendra,73,Centro,Viennoiserie,pza,18.0
I-350C9FB453,2026-09-11 18:19:25,Croissant de almendra,103,Plaza Obelie,Viennoiserie,pza,18.0
I-5B22D3C827,2026-09-11 18:19:26,Baguette tradicional,117,Plaza Obelie,Panaderia,pza,9.0
I-5EC1D684BA,2026-09-11 18:19:26,Galleta de mantequilla,103,Sur,Reposteria,pza,6.0
I-678EDFF89F,2026-09-11 18:19:27,Baguette tradicional,43,Sur,Panaderia,pza,9.0
I-14BB888DAE,2026-09-11 18:19:27,Pastel de chocolate,100,Plaza Obelie,Pasteles,pza,150.0
I-D28CD5F7F6,2026-09-11 18:19:28,Galleta de mantequilla,65,Centro,Reposteria,pza,6.0
I-8AA7FA972F,2026-09-11 18:19:28,Brownie nogada,15,Norte,Reposteria,pza,20.0
I-7EF6347068,2026-09-11 18:19:29,Galleta de mantequilla,72,Centro,Reposteria,pza,6.0
I-7767B3607D,2026-09-11 18:19:30,Tarta de frutas,61,Sur,Pasteles,pza,155.0
I-0AFE53B33B,2026-09-11 18:19:30,Pastel de chocolate,86,Centro,Pasteles,pza,150.0
I-95087F2DC2,2026-09-11 18:19:31,Pastel de chocolate,95,Plaza Obelie,Pasteles,pza,150.0
I-A7DF810CC7,2026-09-11 18:19:32,Tarta de frutas,73,Norte,Pasteles,pza,155.0
I-41640AEB27,2026-09-11 18:19:32,Macaron mixto,84,Norte,Petit fours,pza,10.0
I-8C6E63B8CF,2026-09-11 18:19:32,Eclair de cafe,64,Plaza Obelie,Petit fours,pza,16.0
I-4C65F4F4A4,2026-09-11 18:19:33,Cheesecake de frutos rojos,90,Centro,Pasteles,pza,170.0
I-D2328D2E40,2026-09-11 18:19:34,Brownie nogada,90,Plaza Obelie,Reposteria,pza,20.0
I-7A4A86356F,2026-09-11 18:19:34,Cheesecake de frutos rojos,119,Sur,Pasteles,pza,170.0
I-3153453F90,2026-09-11 18:19:35,Galleta de mantequilla,105,Sur,Reposteria,pza,6.0
I-2638A63CD9,2026-09-11 18:19:36,Cheesecake de frutos rojos,53,Norte,Pasteles,pza,170.0
I-42E50A8BA3,2026-09-11 18:19:36,Brownie nogada,13,Norte,Reposteria,pza,20.0
I-DB670B53AA,2026-09-11 18:19:37,Brownie nogada,20,Norte,Reposteria,pza,20.0
I-B527A5905B,2026-09-11 18:19:37,Brownie nogada,14,Norte,Reposteria,pza,20.0
I-7BB4B34CEA,2026-09-11 18:19:38,Croissant de almendra,33,Norte,Viennoiserie,pza,18.0
I-ED35F40277,2026-09-11 18:19:39,Baguette tradicional,95,Centro,Panaderia,pza,9.0
I-57E562607A,2026-09-11 18:19:39,Cheesecake de frutos rojos,60,Norte,Pasteles,pza,170.0
I-A42210B54E,2026-09-11 18:19:40,Cheesecake de frutos rojos,111,Sur,Pasteles,pza,170.0
I-C5BFFF12B2,2026-09-11 18:19:40,Galleta de mantequilla,93,Norte,Reposteria,pza,6.0
I-1631754473,2026-09-11 18:19:41,Croissant de almendra,72,Sur,Viennoiserie,pza,18.0
I-9CB5255483,2026-09-11 18:19:42,Macaron mixto,57,Centro,Petit fours,pza,10.0
I-8BDA63BD01,2026-09-11 18:19:42,Galleta de mantequilla,113,Sur,Reposteria,pza,6.0
I-0AD7EE2152,2026-09-11 18:19:43,Pastel de chocolate,88,Centro,Pasteles,pza,150.0
I-898C30AA33,2026-09-11 18:19:43,Rol de canela,44,Centro,Viennoiserie,pza,15.0
I-B58E13D5F6,2026-09-11 18:19:44,Tarta de frutas,73,Sur,Pasteles,pza,155.0
I-85A7B6F950,2026-09-11 18:19:45,Rol de canela,77,Sur,Viennoiserie,pza,15.0
I-379854B228,2026-09-11 18:19:45,Baguette tradicional,121,Plaza Obelie,Panaderia,pza,9.0
I-9A54B7113B,2026-09-11 18:19:46,Tarta de frutas,76,Sur,Pasteles,pza,155.0
I-D94BDD0272,2026-09-11 18:19:46,Croissant de almendra,30,Norte,Viennoiserie,pza,18.0
I-3961EA963C,2026-09-11 18:19:47,Rol de canela,93,Plaza Obelie,Viennoiserie,pza,15.0
I-97F654B9FD,2026-09-11 18:19:47,Baguette tradicional,127,Plaza Obelie,Panaderia,pza,9.0
I-F5F8A67D57,2026-09-11 18:19:48,Galleta de mantequilla,86,Norte,Reposteria,pza,6.0
I-24148DC994,2026-09-11 18:19:49,Croissant de almendra,82,Centro,Viennoiserie,pza,18.0
I-4071F671AD,2026-09-11 18:19:49,Croissant de almendra,104,Plaza Obelie,Viennoiserie,pza,18.0
I-4B1BE4B3C5,2026-09-11 18:19:50,Galleta de mantequilla,73,Centro,Reposteria,pza,6.0
I-F2B9C4018B,2026-09-11 18:19:51,Tarta de frutas,76,Norte,Pasteles,pza,155.0
I-B06E7BB18B,2026-09-11 18:19:51,Brownie nogada,84,Plaza Obelie,Reposteria,pza,20.0
I-BE1A946854,2026-09-11 18:19:52,Croissant de almendra,27,Norte,Viennoiserie,pza,18.0
I-EAB977800B,2026-09-11 18:19:52,Rol de canela,89,Plaza Obelie,Viennoiserie,pza,15.0
I-AA0A186CB5,2026-09-11 18:19:53,Baguette tradicional,90,Centro,Panaderia,pza,9.0
I-9CCC4050FB,2026-09-11 18:19:53,Croissant de almendra,78,Sur,Viennoiserie,pza,18.0
I-911958AC7E,2026-09-11 18:19:54,Pastel de chocolate,104,Plaza Obelie,Pasteles,pza,150.0
I-1A6B03601F,2026-09-11 18:19:54,Rol de canela,97,Norte,Viennoiserie,pza,15.0
I-4B7C641649,2026-09-11 18:19:55,Pastel de chocolate,64,Sur,Pasteles,pza,150.0
I-9CF3BE687C,2026-09-11 18:19:55,Galleta de mantequilla,77,Centro,Reposteria,pza,6.0
I-C86738E02D,2026-09-11 18:19:56,Macaron mixto,84,Plaza Obelie,Petit fours,pza,10.0
I-A30CF427F2,2026-09-11 18:19:56,Eclair de cafe,144,Sur,Petit fours,pza,16.0
I-33FB1C6B52,2026-09-11 18:19:57,Macaron mixto,60,Centro,Petit fours,pza,10.0
I-BC5F33E4C2,2026-09-11 18:19:58,Pastel de chocolate,94,Centro,Pasteles,pza,150.0
I-7F4433395B,2026-09-11 18:19:58,Tarta de frutas,75,Sur,Pasteles,pza,155.0
I-EF5B33218B,2026-09-11 18:19:59,Eclair de cafe,64,Plaza Obelie,Petit fours,pza,16.0
I-DCA054E67C,2026-09-11 18:19:59,Pastel de chocolate,103,Centro,Pasteles,pza,150.0
I-2669B15641,2026-09-11 18:20:00,Pastel de chocolate,101,Centro,Pasteles,pza,150.0
I-195FA30E23,2026-09-11 18:20:00,Eclair de cafe,128,Centro,Petit fours,pza,16.0
I-050F7FC446,2026-09-11 18:20:01,Eclair de cafe,144,Sur,Petit fours,pza,16.0
I-0A5661C5C1,2026-09-11 18:20:01,Croissant de almendra,101,Plaza Obelie,Viennoiserie,pza,18.0
I-C2760E3E97,2026-09-11 18:20:02,Cheesecake de frutos rojos,55,Plaza Obelie,Pasteles,pza,170.0
I-A2312069E2,2026-09-11 18:20:02,Pastel de chocolate,21,Norte,Pasteles,pza,150.0
I-9336D65ED9,2026-09-11 18:20:03,Brownie nogada,77,Plaza Obelie,Reposteria,pza,20.0
I-0954D710F3,2026-09-11 18:20:03,Galleta de mantequilla,87,Norte,Reposteria,pza,6.0
I-79F9F8EC73,2026-09-11 18:20:04,Rol de canela,51,Centro,Viennoiserie,pza,15.0
I-235317C1C9,2026-09-11 18:20:04,Eclair de cafe,59,Plaza Obelie,Petit fours,pza,16.0
I-180BBEF7BB,2026-09-11 18:20:05,Pastel de chocolate,15,Norte,Pasteles,pza,150.0
I-9F8E7ABEE5,2026-09-11 18:20:06,Brownie nogada,98,Centro,Reposteria,pza,20.0
I-6FEAEE47F1,2026-09-11 18:20:06,Macaron mixto,83,Norte,Petit fours,pza,10.0
I-683583C255,2026-09-11 18:20:07,Croissant de almendra,88,Sur,Viennoiserie,pza,18.0
I-5B598319D3,2026-09-11 18:20:08,Galleta de mantequilla,24,Plaza Obelie,Reposteria,pza,6.0
I-34A4AC8254,2026-09-11 18:20:08,Brownie nogada,89,Plaza Obelie,Reposteria,pza,20.0
I-76A4F2AA29,2026-09-11 18:20:09,Baguette tradicional,47,Sur,Panaderia,pza,9.0
I-3AB568EBD2,2026-09-11 18:20:09,Galleta de mantequilla,81,Centro,Reposteria,pza,6.0
I-C28B3907E5,2026-09-11 18:20:10,Croissant de almendra,34,Norte,Viennoiserie,pza,18.0
I-2CCD85A1E9,2026-09-11 18:20:11,Galleta de mantequilla,76,Centro,Reposteria,pza,6.0
I-BA76610C9E,2026-09-11 18:20:11,Baguette tradicional,139,Plaza Obelie,Panaderia,pza,9.0
I-A776B89B30,2026-09-11 18:20:12,Brownie nogada,96,Plaza Obelie,Reposteria,pza,20.0
I-F3D45FF70D,2026-09-11 18:20:12,Eclair de cafe,121,Centro,Petit fours,pza,16.0
I-90F46D0A58,2026-09-11 18:20:13,Pastel de chocolate,110,Centro,Pasteles,pza,150.0
I-18D3D902F4,2026-09-11 18:20:13,Brownie nogada,95,Plaza Obelie,Reposteria,pza,20.0
I-D4E7700E01,2026-09-11 18:20:14,Brownie nogada,22,Norte,Reposteria,pza,20.0
I-8300CAD77F,2026-09-11 18:20:14,Macaron mixto,125,Sur,Petit fours,pza,10.0
I-70182B8894,2026-09-11 18:20:15,Macaron mixto,84,Plaza Obelie,Petit fours,pza,10.0
I-416E4B72BA,2026-09-11 18:20:15,Eclair de cafe,69,Plaza Obelie,Petit fours,pza,16.0
I-0B089A7649,2026-09-11 18:20:16,Pastel de chocolate,114,Centro,Pasteles,pza,150.0
I-CA074CA9E4,2026-09-11 18:20:17,Rol de canela,77,Sur,Viennoiserie,pza,15.0
I-5517C5AA00,2026-09-11 18:20:17,Pastel de chocolate,118,Centro,Pasteles,pza,150.0
I-033CDE0197,2026-09-11 18:20:18,Galleta de mantequilla,122,Sur,Reposteria,pza,6.0
I-66B885D3AA,2026-09-11 18:20:19,Cheesecake de frutos rojos,55,Norte,Pasteles,pza,170.0
I-2215C592B4,2026-09-11 18:20:19,Croissant de almendra,37,Norte,Viennoiserie,pza,18.0
I-84CE5B9460,2026-09-11 18:20:20,Rol de canela,87,Sur,Viennoiserie,pza,15.0
I-6E7949AC22,2026-09-11 18:20:21,Cheesecake de frutos rojos,104,Sur,Pasteles,pza,170.0
I-43D8A7E417,2026-09-11 18:20:21,Tarta de frutas,95,Plaza Obelie,Pasteles,pza,155.0
I-E8A6C15868,2026-09-11 18:20:22,Croissant de almendra,88,Centro,Viennoiserie,pza,18.0
I-8C889E19EF,2026-09-11 18:20:22,Pastel de chocolate,60,Sur,Pasteles,pza,150.0
I-58E96B5906,2026-09-11 18:20:23,Rol de canela,81,Sur,Viennoiserie,pza,15.0
I-C4E00D2A58,2026-09-11 18:20:23,Rol de canela,102,Norte,Viennoiserie,pza,15.0
I-7633FC4E1B,2026-09-11 18:20:24,Rol de canela,88,Sur,Viennoiserie,pza,15.0
I-F49FD0AEE4,2026-09-11 18:20:24,Tarta de frutas,101,Plaza Obelie,Pasteles,pza,155.0
I-82336F18FC,2026-09-11 18:20:25,Cheesecake de frutos rojos,98,Sur,Pasteles,pza,170.0
I-89218A84AA,2026-09-11 18:20:26,Galleta de mantequilla,76,Centro,Reposteria,pza,6.0
I-A1A5AC1A64,2026-09-11 18:20:26,Baguette tradicional,41,Sur,Panaderia,pza,9.0
I-4BC394A2FC,2026-09-11 18:20:27,Croissant de almendra,33,Norte,Viennoiserie,pza,18.0
I-C64217B3F7,2026-09-11 18:20:27,Galleta de mantequilla,80,Norte,Reposteria,pza,6.0
I-7BB3D3694E,2026-09-11 18:20:28,Rol de canela,88,Plaza Obelie,Viennoiserie,pza,15.0
I-A430BEF63B,2026-09-11 18:20:28,Pastel de chocolate,114,Plaza Obelie,Pasteles,pza,150.0
I-0651EBC60F,2026-09-11 18:20:29,Baguette tradicional,132,Plaza Obelie,Panaderia,pza,9.0
I-ECADDC4994,2026-09-11 18:20:29,Baguette tradicional,45,Sur,Panaderia,pza,9.0
I-E718F30635,2026-09-11 18:20:29,Tarta de frutas,95,Plaza Obelie,Pasteles,pza,155.0
I-0C014B749A,2026-09-11 18:20:30,Pastel de chocolate,121,Plaza Obelie,Pasteles,pza,150.0
I-F1A35ABFFB,2026-09-11 18:20:31,Croissant de almendra,45,Norte,Viennoiserie,pza,18.0
I-8FA8983FE6,2026-09-11 18:20:31,Rol de canela,89,Plaza Obelie,Viennoiserie,pza,15.0
I-97BB532B89,2026-09-11 18:20:32,Pastel de chocolate,129,Centro,Pasteles,pza,150.0
I-E51BF8C9D6,2026-09-11 18:20:33,Cheesecake de frutos rojos,67,Norte,Pasteles,pza,170.0
I-7DA9FD7B3B,2026-09-11 18:20:33,Tarta de frutas,77,Sur,Pasteles,pza,155.0
I-3D5B58A381,2026-09-11 18:20:34,Galleta de mantequilla,128,Sur,Reposteria,pza,6.0
I-A8FC478416,2026-09-11 18:20:34,Rol de canela,94,Sur,Viennoiserie,pza,15.0
I-00D57C3B9D,2026-09-11 18:20:35,Brownie nogada,106,Plaza Obelie,Reposteria,pza,20.0
I-C45151D75D,2026-09-11 18:20:35,Eclair de cafe,75,Norte,Petit fours,pza,16.0
I-17277A6E06,2026-09-11 18:20:36,Baguette tradicional,92,Centro,Panaderia,pza,9.0
I-19EFDF8FC5,2026-09-11 18:20:36,Cheesecake de frutos rojos,60,Plaza Obelie,Pasteles,pza,170.0
I-4C1DC54744,2026-09-11 18:20:37,Cheesecake de frutos rojos,108,Sur,Pasteles,pza,170.0
I-91248EC461,2026-09-11 18:20:37,Cheesecake de frutos rojos,102,Sur,Pasteles,pza,170.0
I-F701849AF9,2026-09-11 18:20:38,Croissant de almendra,92,Sur,Viennoiserie,pza,18.0
I-FF5FFBCB78,2026-09-11 18:20:38,Galleta de mantequilla,73,Centro,Reposteria,pza,6.0
I-10FA7A2B81,2026-09-11 18:20:39,Baguette tradicional,133,Plaza Obelie,Panaderia,pza,9.0
I-92F0A80A1E,2026-09-11 18:20:39,Baguette tradicional,50,Sur,Panaderia,pza,9.0
I-49D7919115,2026-09-11 18:20:40,Eclair de cafe,79,Plaza Obelie,Petit fours,pza,16.0
I-02E33CAC22,2026-09-11 18:20:40,Galleta de mantequilla,66,Centro,Reposteria,pza,6.0
I-5EEB48C3E7,2026-09-11 18:20:41,Croissant de almendra,93,Plaza Obelie,Viennoiserie,pza,18.0
I-38E57EFB9F,2026-09-11 18:20:41,Tarta de frutas,89,Sur,Pasteles,pza,155.0
I-73D37E7DC4,2026-09-11 18:20:42,Rol de canela,100,Norte,Viennoiserie,pza,15.0
I-63AFA5456B,2026-09-11 18:20:42,Pastel de chocolate,119,Plaza Obelie,Pasteles,pza,150.0
I-68DE4C4658,2026-09-11 18:20:43,Brownie nogada,105,Centro,Reposteria,pza,20.0
I-CFDD441687,2026-09-11 18:20:43,Galleta de mantequilla,66,Centro,Reposteria,pza,6.0
I-E16B4F6EDA,2026-09-11 18:20:44,Macaron mixto,126,Sur,Petit fours,pza,10.0
I-BFBA0EE83A,2026-09-11 18:20:45,Baguette tradicional,121,Norte,Panaderia,pza,9.0
I-2CEAEFADA9,2026-09-11 18:20:45,Rol de canela,110,Norte,Viennoiserie,pza,15.0
I-15A187BC40,2026-09-11 18:20:46,Rol de canela,54,Centro,Viennoiserie,pza,15.0
I-081DE30F1B,2026-09-11 18:20:46,Brownie nogada,102,Centro,Reposteria,pza,20.0
I-293A73E3F6,2026-09-11 18:20:47,Macaron mixto,137,Sur,Petit fours,pza,10.0
I-F15192A3D3,2026-09-11 18:20:47,Croissant de almendra,49,Norte,Viennoiserie,pza,18.0
I-E482F0410D,2026-09-11 18:20:48,Cheesecake de frutos rojos,108,Sur,Pasteles,pza,170.0
I-619C4D2C9E,2026-09-11 18:20:49,Macaron mixto,131,Sur,Petit fours,pza,10.0
I-76EAB89601,2026-09-11 18:20:49,Croissant de almendra,95,Plaza Obelie,Viennoiserie,pza,18.0
I-741215724A,2026-09-11 18:20:50,Macaron mixto,94,Norte,Petit fours,pza,10.0
I-79A007968C,2026-09-11 18:20:50,Pastel de chocolate,122,Plaza Obelie,Pasteles,pza,150.0
I-F23E866B48,2026-09-11 18:20:51,Brownie nogada,104,Centro,Reposteria,pza,20.0
I-2AB7F13F12,2026-09-11 18:20:52,Macaron mixto,97,Norte,Petit fours,pza,10.0
I-8A11062CFE,2026-09-11 18:20:52,Rol de canela,119,Norte,Viennoiserie,pza,15.0
I-4CFDE1C51A,2026-09-11 18:20:53,Croissant de almendra,89,Sur,Viennoiserie,pza,18.0
I-CA601B8D21,2026-09-11 18:20:53,Macaron mixto,89,Plaza Obelie,Petit fours,pza,10.0
I-5D91BF0581,2026-09-11 18:20:54,Galleta de mantequilla,78,Centro,Reposteria,pza,6.0
I-AC7EC49552,2026-09-11 18:20:54,Baguette tradicional,113,Norte,Panaderia,pza,9.0
I-4320DA1957,2026-09-11 18:20:55,Macaron mixto,57,Centro,Petit fours,pza,10.0
I-C3A07E2659,2026-09-11 18:20:55,Pastel de chocolate,123,Plaza Obelie,Pasteles,pza,150.0
I-8491A5C692,2026-09-11 18:20:56,Croissant de almendra,92,Centro,Viennoiserie,pza,18.0
I-6C053AAD31,2026-09-11 18:20:57,Cheesecake de frutos rojos,66,Plaza Obelie,Pasteles,pza,170.0
I-00CEC998F1,2026-09-11 18:20:57,Macaron mixto,89,Plaza Obelie,Petit fours,pza,10.0
I-6F510D45A9,2026-09-11 18:20:58,Tarta de frutas,78,Norte,Pasteles,pza,155.0
I-D653B083BA,2026-09-11 18:20:58,Eclair de cafe,91,Plaza Obelie,Petit fours,pza,16.0
I-404D0BB5B5,2026-09-11 18:20:59,Galleta de mantequilla,80,Norte,Reposteria,pza,6.0
I-1B6A1219DC,2026-09-11 18:21:00,Galleta de mantequilla,84,Centro,Reposteria,pza,6.0
I-7BF06013FF,2026-09-11 18:21:00,Rol de canela,118,Norte,Viennoiserie,pza,15.0
I-4432FE25A3,2026-09-11 18:21:01,Pastel de chocolate,13,Norte,Pasteles,pza,150.0
I-A54908DCCE,2026-09-11 18:21:01,Eclair de cafe,99,Plaza Obelie,Petit fours,pza,16.0
I-A7338ADFC5,2026-09-11 18:21:02,Pastel de chocolate,6,Norte,Pasteles,pza,150.0
I-1C834DEF85,2026-09-11 18:21:02,Eclair de cafe,75,Norte,Petit fours,pza,16.0
I-2A2EF3E0D0,2026-09-11 18:21:03,Cheesecake de frutos rojos,108,Sur,Pasteles,pza,170.0
I-9E8827D78B,2026-09-11 18:21:04,Brownie nogada,94,Sur,Reposteria,pza,20.0
I-AC58930E6F,2026-09-11 18:21:04,Eclair de cafe,83,Norte,Petit fours,pza,16.0
I-EEB45E1056,2026-09-11 18:21:05,Tarta de frutas,64,Centro,Pasteles,pza,155.0
I-C4EDFE7440,2026-09-11 18:21:05,Eclair de cafe,110,Plaza Obelie,Petit fours,pza,16.0
I-47CBBAFC07,2026-09-11 18:21:06,Pastel de chocolate,131,Centro,Pasteles,pza,150.0
I-51EC7C77A9,2026-09-11 18:21:07,Pastel de chocolate,125,Centro,Pasteles,pza,150.0
I-6AF82FE214,2026-09-11 18:21:07,Tarta de frutas,92,Sur,Pasteles,pza,155.0
I-08C92A945E,2026-09-11 18:21:07,Brownie nogada,86,Sur,Reposteria,pza,20.0
I-2BA7804731,2026-09-11 18:21:08,Galleta de mantequilla,90,Norte,Reposteria,pza,6.0
I-C8547BCAA3,2026-09-11 18:21:09,Eclair de cafe,113,Centro,Petit fours,pza,16.0
I-940116E496,2026-09-11 18:21:09,Tarta de frutas,73,Norte,Pasteles,pza,155.0
I-89C6E8AEE7,2026-09-11 18:21:10,Cheesecake de frutos rojos,84,Centro,Pasteles,pza,170.0
I-BD1048D197,2026-09-11 18:21:10,Galleta de mantequilla,26,Plaza Obelie,Reposteria,pza,6.0
I-EAE0B463AF,2026-09-11 18:21:11,Tarta de frutas,79,Norte,Pasteles,pza,155.0
I-6717410BA9,2026-09-11 18:21:11,Pastel de chocolate,120,Plaza Obelie,Pasteles,pza,150.0
I-0582CAC329,2026-09-11 18:21:12,Rol de canela,102,Sur,Viennoiserie,pza,15.0
I-00CF64E6AA,2026-09-11 18:21:12,Eclair de cafe,116,Centro,Petit fours,pza,16.0
I-E63C672A91,2026-09-11 18:21:13,Eclair de cafe,124,Centro,Petit fours,pza,16.0
I-ED8D4E930B,2026-09-11 18:21:14,Brownie nogada,104,Centro,Reposteria,pza,20.0
I-98F6F2DDA4,2026-09-11 18:21:14,Rol de canela,113,Norte,Viennoiserie,pza,15.0
I-1C563D19CB,2026-09-11 18:21:15,Tarta de frutas,96,Sur,Pasteles,pza,155.0
I-680117778D,2026-09-11 18:21:15,Macaron mixto,91,Norte,Petit fours,pza,10.0
I-5640C31D66,2026-09-11 18:21:16,Macaron mixto,58,Centro,Petit fours,pza,10.0
I-0E8FA51D3F,2026-09-11 18:21:17,Baguette tradicional,97,Centro,Panaderia,pza,9.0
I-5CF1E91648,2026-09-11 18:21:17,Croissant de almendra,101,Plaza Obelie,Viennoiserie,pza,18.0
I-2FB6E28B43,2026-09-11 18:21:18,Croissant de almendra,99,Centro,Viennoiserie,pza,18.0
I-B75BC36108,2026-09-11 18:21:19,Pastel de chocolate,131,Plaza Obelie,Pasteles,pza,150.0
I-7051EE273F,2026-09-11 18:21:19,Brownie nogada,99,Plaza Obelie,Reposteria,pza,20.0
I-2B74475CA7,2026-09-11 18:21:20,Macaron mixto,94,Norte,Petit fours,pza,10.0
I-6FE9B01463,2026-09-11 18:21:20,Baguette tradicional,93,Centro,Panaderia,pza,9.0
I-E3636B667C,2026-09-11 18:21:21,Baguette tradicional,123,Norte,Panaderia,pza,9.0
I-3583F903F3,2026-09-11 18:21:22,Croissant de almendra,110,Centro,Viennoiserie,pza,18.0
I-260E938D51,2026-09-11 18:21:23,Pastel de chocolate,135,Plaza Obelie,Pasteles,pza,150.0
I-4AF5A843A8,2026-09-11 18:21:23,Baguette tradicional,127,Plaza Obelie,Panaderia,pza,9.0
I-C86586401E,2026-09-11 18:21:24,Tarta de frutas,77,Norte,Pasteles,pza,155.0
I-77837C6B68,2026-09-11 18:21:24,Croissant de almendra,105,Centro,Viennoiserie,pza,18.0
I-E98A14C3CE,2026-09-11 18:21:25,Cheesecake de frutos rojos,72,Plaza Obelie,Pasteles,pza,170.0
I-2FE405AF61,2026-09-11 18:21:25,Croissant de almendra,113,Centro,Viennoiserie,pza,18.0
I-F6AB6E4C68,2026-09-11 18:21:26,Macaron mixto,134,Sur,Petit fours,pza,10.0
I-A2A35A36E5,2026-09-11 18:21:27,Pastel de chocolate,127,Plaza Obelie,Pasteles,pza,150.0
I-4EFCBF1903,2026-09-11 18:21:27,Croissant de almendra,99,Plaza Obelie,Viennoiserie,pza,18.0
I-2B65C88966,2026-09-11 18:21:28,Croissant de almendra,119,Centro,Viennoiserie,pza,18.0
I-B6D61278CA,2026-09-11 18:21:28,Galleta de mantequilla,88,Norte,Reposteria,pza,6.0
I-E5CEA44D6B,2026-09-11 18:21:29,Macaron mixto,94,Plaza Obelie,Petit fours,pza,10.0
I-3FCF6F84F6,2026-09-11 18:21:29,Pastel de chocolate,126,Centro,Pasteles,pza,150.0
I-AA70AA857B,2026-09-11 18:21:29,Rol de canela,98,Plaza Obelie,Viennoiserie,pza,15.0
I-6855D12D20,2026-09-11 18:21:30,Rol de canela,113,Sur,Viennoiserie,pza,15.0
I-0D61D8FBDB,2026-09-11 18:21:31,Galleta de mantequilla,30,Plaza Obelie,Reposteria,pza,6.0
I-70540F609A,2026-09-11 18:21:31,Tarta de frutas,102,Sur,Pasteles,pza,155.0
I-6CF40FACDC,2026-09-11 18:21:32,Cheesecake de frutos rojos,77,Centro,Pasteles,pza,170.0
I-1A88969672,2026-09-11 18:21:33,Baguette tradicional,52,Sur,Panaderia,pza,9.0
I-98EFC2B897,2026-09-11 18:21:33,Pastel de chocolate,0,Norte,Pasteles,pza,150.0
I-6C0F92C023,2026-09-11 18:21:34,Macaron mixto,93,Norte,Petit fours,pza,10.0
I-C40AF6B669,2026-09-11 18:21:34,Cheesecake de frutos rojos,85,Centro,Pasteles,pza,170.0
I-BE02D4D6AA,2026-09-11 18:21:35,Cheesecake de frutos rojos,65,Norte,Pasteles,pza,170.0
I-27F9258CB0,2026-09-11 18:21:36,Baguette tradicional,135,Plaza Obelie,Panaderia,pza,9.0
I-DDD3392507,2026-09-11 18:21:36,Tarta de frutas,82,Norte,Pasteles,pza,155.0
I-F4F4127515,2026-09-11 18:21:37,Croissant de almendra,104,Plaza Obelie,Viennoiserie,pza,18.0
I-B7B2950B08,2026-09-11 18:21:38,Rol de canela,101,Plaza Obelie,Viennoiserie,pza,15.0
I-22F2B53FE6,2026-09-11 18:21:38,Galleta de mantequilla,32,Plaza Obelie,Reposteria,pza,6.0
I-B92381CD05,2026-09-11 18:21:39,Tarta de frutas,101,Sur,Pasteles,pza,155.0
I-95629BBBE4,2026-09-11 18:21:39,Macaron mixto,139,Sur,Petit fours,pza,10.0
I-6A70A89734,2026-09-11 18:21:40,Eclair de cafe,131,Centro,Petit fours,pza,16.0
I-DCF53BF599,2026-09-11 18:21:40,Brownie nogada,102,Plaza Obelie,Reposteria,pza,20.0
I-3AB54EA918,2026-09-11 18:21:41,Croissant de almendra,130,Centro,Viennoiserie,pza,18.0
I-4EB9DC8B59,2026-09-11 18:21:41,Tarta de frutas,58,Centro,Pasteles,pza,155.0
I-B5458E0DF2,2026-09-11 18:21:42,Brownie nogada,113,Plaza Obelie,Reposteria,pza,20.0
I-FA015232A6,2026-09-11 18:21:42,Galleta de mantequilla,133,Sur,Reposteria,pza,6.0
I-7635B80861,2026-09-11 18:21:43,Rol de canela,123,Norte,Viennoiserie,pza,15.0
I-93DAB2B9D8,2026-09-11 18:21:44,Cheesecake de frutos rojos,79,Centro,Pasteles,pza,170.0
I-960273D3C6,2026-09-11 18:21:44,Brownie nogada,107,Plaza Obelie,Reposteria,pza,20.0
I-CAB29093C5,2026-09-11 18:21:45,Croissant de almendra,108,Plaza Obelie,Viennoiserie,pza,18.0
I-87C1DE49A6,2026-09-11 18:21:45,Eclair de cafe,80,Norte,Petit fours,pza,16.0
I-2C97658E02,2026-09-11 18:21:46,Croissant de almendra,93,Sur,Viennoiserie,pza,18.0
I-3289ED7948,2026-09-11 18:21:46,Cheesecake de frutos rojos,89,Centro,Pasteles,pza,170.0
I-39B32B6879,2026-09-11 18:21:47,Macaron mixto,95,Norte,Petit fours,pza,10.0
I-DAAA223F25,2026-09-11 18:21:48,Macaron mixto,136,Sur,Petit fours,pza,10.0
I-41A98FEBD6,2026-09-11 18:21:48,Rol de canela,50,Centro,Viennoiserie,pza,15.0
I-9961D4C9B5,2026-09-11 18:21:49,Macaron mixto,97,Norte,Petit fours,pza,10.0
I-93E8E1A7D2,2026-09-11 18:21:49,Cheesecake de frutos rojos,75,Plaza Obelie,Pasteles,pza,170.0
I-C60ABFD8C4,2026-09-11 18:21:50,Cheesecake de frutos rojos,100,Sur,Pasteles,pza,170.0
I-1DE7706D38,2026-09-11 18:21:51,Galleta de mantequilla,127,Sur,Reposteria,pza,6.0
I-23B24FDA3F,2026-09-11 18:21:51,Pastel de chocolate,126,Centro,Pasteles,pza,150.0
I-B4C6C0F67E,2026-09-11 18:21:52,Rol de canela,126,Norte,Viennoiserie,pza,15.0
I-25B407202D,2026-09-11 18:21:52,Rol de canela,126,Norte,Viennoiserie,pza,15.0
I-90DD8A8158,2026-09-11 18:21:53,Macaron mixto,64,Centro,Petit fours,pza,10.0
I-77B4DE5664,2026-09-11 18:21:53,Eclair de cafe,114,Plaza Obelie,Petit fours,pza,16.0
I-F9FDF04655,2026-09-11 18:21:54,Cheesecake de frutos rojos,74,Plaza Obelie,Pasteles,pza,170.0
I-22407689BE,2026-09-11 18:21:54,Croissant de almendra,114,Plaza Obelie,Viennoiserie,pza,18.0
I-D516075D8C,2026-09-11 18:21:55,Eclair de cafe,153,Sur,Petit fours,pza,16.0
I-5C2A1DA124,2026-09-11 18:21:55,Cheesecake de frutos rojos,74,Norte,Pasteles,pza,170.0
I-0F983C5C9A,2026-09-11 18:21:56,Pastel de chocolate,63,Sur,Pasteles,pza,150.0
I-C1E2A037E4,2026-09-11 18:21:57,Brownie nogada,22,Norte,Reposteria,pza,20.0
I-2B3C5621DB,2026-09-11 18:21:57,Pastel de chocolate,4,Norte,Pasteles,pza,150.0
I-5A9774CCAE,2026-09-11 18:21:58,Baguette tradicional,60,Sur,Panaderia,pza,9.0
I-F4E11C0497,2026-09-11 18:21:58,Eclair de cafe,109,Plaza Obelie,Petit fours,pza,16.0
I-B466E10D09,2026-09-11 18:21:59,Pastel de chocolate,133,Centro,Pasteles,pza,150.0
I-17377322C3,2026-09-11 18:21:59,Cheesecake de frutos rojos,92,Centro,Pasteles,pza,170.0
I-7BC00027CB,2026-09-11 18:22:00,Baguette tradicional,98,Centro,Panaderia,pza,9.0
I-85E14E6609,2026-09-11 18:22:01,Brownie nogada,102,Centro,Reposteria,pza,20.0
I-B4A0EB7C31,2026-09-11 18:22:01,Rol de canela,53,Centro,Viennoiserie,pza,15.0
I-A8BC686BAA,2026-09-11 18:22:02,Tarta de frutas,78,Norte,Pasteles,pza,155.0
I-B8B6C277FB,2026-09-11 18:22:03,Rol de canela,138,Norte,Viennoiserie,pza,15.0
I-0B60EA900D,2026-09-11 18:22:03,Brownie nogada,113,Centro,Reposteria,pza,20.0
I-4D0D12B682,2026-09-11 18:22:04,Tarta de frutas,74,Norte,Pasteles,pza,155.0
I-B4C578519E,2026-09-11 18:22:04,Macaron mixto,106,Plaza Obelie,Petit fours,pza,10.0
I-F7929ADC7B,2026-09-11 18:22:05,Macaron mixto,138,Sur,Petit fours,pza,10.0
I-50E339AF37,2026-09-11 18:22:05,Macaron mixto,94,Norte,Petit fours,pza,10.0
I-3A08CD43E8,2026-09-11 18:22:06,Brownie nogada,23,Norte,Reposteria,pza,20.0
I-C27E5DE7AA,2026-09-11 18:22:06,Cheesecake de frutos rojos,86,Norte,Pasteles,pza,170.0
I-C8C3DCDB34,2026-09-11 18:22:07,Cheesecake de frutos rojos,102,Sur,Pasteles,pza,170.0
I-D2A8FF8CB1,2026-09-11 18:22:07,Eclair de cafe,124,Centro,Petit fours,pza,16.0
I-ED947AAA7C,2026-09-11 18:22:08,Tarta de frutas,93,Sur,Pasteles,pza,155.0
I-6FF6A4005F,2026-09-11 18:22:08,Galleta de mantequilla,87,Norte,Reposteria,pza,6.0
I-6852A3B2FD,2026-09-11 18:22:09,Croissant de almendra,125,Centro,Viennoiserie,pza,18.0
I-8C7A40A595,2026-09-11 18:22:10,Baguette tradicional,60,Sur,Panaderia,pza,9.0
I-6482AA6EE9,2026-09-11 18:22:10,Cheesecake de frutos rojos,73,Plaza Obelie,Pasteles,pza,170.0
I-FD0D544BB2,2026-09-11 18:22:11,Galleta de mantequilla,26,Plaza Obelie,Reposteria,pza,6.0
I-D7926D2C1E,2026-09-11 18:22:12,Croissant de almendra,52,Norte,Viennoiserie,pza,18.0
I-697C9DCC04,2026-09-11 18:22:12,Macaron mixto,88,Norte,Petit fours,pza,10.0
I-4FD209BB18,2026-09-11 18:22:13,Pastel de chocolate,2,Norte,Pasteles,pza,150.0
I-6A3FD30691,2026-09-11 18:22:13,Macaron mixto,110,Plaza Obelie,Petit fours,pza,10.0
I-847DE419BB,2026-09-11 18:22:14,Brownie nogada,118,Plaza Obelie,Reposteria,pza,20.0
I-EF4EA42D2B,2026-09-11 18:22:14,Baguette tradicional,131,Plaza Obelie,Panaderia,pza,9.0
I-F2C5457F14,2026-09-11 18:22:15,Rol de canela,93,Plaza Obelie,Viennoiserie,pza,15.0
I-5569FC5B78,2026-09-11 18:22:16,Rol de canela,145,Norte,Viennoiserie,pza,15.0
I-7F3EA7888A,2026-09-11 18:22:16,Rol de canela,118,Sur,Viennoiserie,pza,15.0
I-3F4043B020,2026-09-11 18:22:17,Eclair de cafe,87,Norte,Petit fours,pza,16.0
I-9259EE8DF6,2026-09-11 18:22:17,Eclair de cafe,132,Centro,Petit fours,pza,16.0
I-99DB941EEF,2026-09-11 18:22:18,Croissant de almendra,90,Sur,Viennoiserie,pza,18.0
I-E2EE59BB2E,2026-09-11 18:22:19,Eclair de cafe,81,Norte,Petit fours,pza,16.0
I-A705FA3906,2026-09-11 18:22:20,Rol de canela,130,Sur,Viennoiserie,pza,15.0
I-EEC7F6AA76,2026-09-11 18:22:20,Galleta de mantequilla,130,Sur,Reposteria,pza,6.0
I-2049106D2D,2026-09-11 18:22:21,Macaron mixto,99,Norte,Petit fours,pza,10.0
I-5DBB47609A,2026-09-11 18:22:21,Pastel de chocolate,136,Centro,Pasteles,pza,150.0
I-6A55C1BA22,2026-09-11 18:22:22,Galleta de mantequilla,96,Norte,Reposteria,pza,6.0
I-5013D8A442,2026-09-11 18:22:23,Baguette tradicional,134,Norte,Panaderia,pza,9.0
I-B48BB2EB3C,2026-09-11 18:22:23,Galleta de mantequilla,37,Plaza Obelie,Reposteria,pza,6.0
I-9204FEC6D9,2026-09-11 18:22:23,Cheesecake de frutos rojos,103,Centro,Pasteles,pza,170.0
I-DDCA7DE359,2026-09-11 18:22:24,Macaron mixto,99,Norte,Petit fours,pza,10.0
I-F9A839B4AA,2026-09-11 18:22:25,Rol de canela,49,Centro,Viennoiserie,pza,15.0
I-560114E518,2026-09-11 18:22:26,Baguette tradicional,58,Sur,Panaderia,pza,9.0
I-8FC2663948,2026-09-11 18:22:26,Pastel de chocolate,127,Plaza Obelie,Pasteles,pza,150.0
I-64381DBA2D,2026-09-11 18:22:27,Cheesecake de frutos rojos,73,Plaza Obelie,Pasteles,pza,170.0
I-1BBF64A385,2026-09-11 18:22:28,Macaron mixto,118,Plaza Obelie,Petit fours,pza,10.0
I-39BC17B1A4,2026-09-11 18:22:28,Rol de canela,125,Sur,Viennoiserie,pza,15.0
I-85871EAD2E,2026-09-11 18:22:29,Macaron mixto,76,Centro,Petit fours,pza,10.0
I-D31A738168,2026-09-11 18:22:29,Croissant de almendra,119,Plaza Obelie,Viennoiserie,pza,18.0
I-B4473BABB1,2026-09-11 18:22:30,Macaron mixto,131,Sur,Petit fours,pza,10.0
I-D57657EEDD,2026-09-11 18:22:31,Cheesecake de frutos rojos,85,Plaza Obelie,Pasteles,pza,170.0
I-030FAD8215,2026-09-11 18:22:32,Baguette tradicional,136,Norte,Panaderia,pza,9.0
I-AEF87D5E0A,2026-09-11 18:22:32,Brownie nogada,114,Centro,Reposteria,pza,20.0
I-E5F32F2927,2026-09-11 18:22:33,Croissant de almendra,83,Sur,Viennoiserie,pza,18.0
I-CD84EFE57D,2026-09-11 18:22:34,Baguette tradicional,67,Sur,Panaderia,pza,9.0
I-8382784BEF,2026-09-11 18:22:34,Pastel de chocolate,136,Centro,Pasteles,pza,150.0
I-6B9BE6D8B2,2026-09-11 18:22:34,Croissant de almendra,51,Norte,Viennoiserie,pza,18.0
I-8FC4BFEDA6,2026-09-11 18:22:35,Eclair de cafe,132,Centro,Petit fours,pza,16.0
I-2E513BC6BE,2026-09-11 18:22:36,Pastel de chocolate,7,Norte,Pasteles,pza,150.0
I-CC13A6BC4F,2026-09-11 18:22:36,Croissant de almendra,132,Centro,Viennoiserie,pza,18.0
I-6D6B80D3D8,2026-09-11 18:22:37,Cheesecake de frutos rojos,113,Sur,Pasteles,pza,170.0
I-5B19D197A3,2026-09-11 18:22:37,Baguette tradicional,134,Plaza Obelie,Panaderia,pza,9.0
I-A0064BE485,2026-09-11 18:22:38,Rol de canela,89,Plaza Obelie,Viennoiserie,pza,15.0
I-B00FD33259,2026-09-11 18:22:39,Macaron mixto,126,Plaza Obelie,Petit fours,pza,10.0
I-E343FE4BF2,2026-09-11 18:22:39,Macaron mixto,134,Sur,Petit fours,pza,10.0
I-0957D49459,2026-09-11 18:22:40,Croissant de almendra,118,Plaza Obelie,Viennoiserie,pza,18.0
I-AE15E5EA6B,2026-09-11 18:22:40,Baguette tradicional,147,Norte,Panaderia,pza,9.0
I-EF948E41D3,2026-09-11 18:22:41,Pastel de chocolate,5,Norte,Pasteles,pza,150.0
I-FDAD6DA042,2026-09-11 18:22:41,Brownie nogada,127,Plaza Obelie,Reposteria,pza,20.0
I-86BA3BABF4,2026-09-11 18:22:42,Macaron mixto,122,Plaza Obelie,Petit fours,pza,10.0
I-D98F62A693,2026-09-11 18:22:42,Cheesecake de frutos rojos,113,Centro,Pasteles,pza,170.0
I-68A4A21E8E,2026-09-11 18:22:43,Tarta de frutas,69,Centro,Pasteles,pza,155.0
I-A71715A918,2026-09-11 18:22:43,Eclair de cafe,146,Sur,Petit fours,pza,16.0
I-3D95EDED16,2026-09-11 18:22:44,Brownie nogada,118,Centro,Reposteria,pza,20.0
I-C9A6E1C42E,2026-09-11 18:22:45,Pastel de chocolate,130,Plaza Obelie,Pasteles,pza,150.0
I-ABE7C59A24,2026-09-11 18:22:45,Cheesecake de frutos rojos,79,Plaza Obelie,Pasteles,pza,170.0
I-B63460F4CF,2026-09-11 18:22:46,Eclair de cafe,158,Sur,Petit fours,pza,16.0
I-6552047ED0,2026-09-11 18:22:46,Brownie nogada,21,Norte,Reposteria,pza,20.0
I-FC9DDA3AAF,2026-09-11 18:22:47,Eclair de cafe,162,Sur,Petit fours,pza,16.0
I-80B1AD75E1,2026-09-11 18:22:47,Galleta de mantequilla,89,Centro,Reposteria,pza,6.0
I-556D535B3C,2026-09-11 18:22:48,Galleta de mantequilla,95,Norte,Reposteria,pza,6.0
I-7A65285391,2026-09-11 18:22:48,Tarta de frutas,103,Plaza Obelie,Pasteles,pza,155.0
I-484569784A,2026-09-11 18:22:49,Eclair de cafe,90,Norte,Petit fours,pza,16.0
I-31D94368D1,2026-09-11 18:22:49,Baguette tradicional,93,Centro,Panaderia,pza,9.0
I-AB67F845B7,2026-09-11 18:22:50,Macaron mixto,140,Sur,Petit fours,pza,10.0
I-597863910C,2026-09-11 18:22:51,Galleta de mantequilla,35,Plaza Obelie,Reposteria,pza,6.0
I-AA3C085861,2026-09-11 18:22:51,Baguette tradicional,146,Plaza Obelie,Panaderia,pza,9.0
I-EEC105297D,2026-09-11 18:22:51,Macaron mixto,78,Centro,Petit fours,pza,10.0
I-65DF0C86BD,2026-09-11 18:22:52,Rol de canela,58,Centro,Viennoiserie,pza,15.0
I-CE3A1BE548,2026-09-11 18:22:52,Croissant de almendra,121,Plaza Obelie,Viennoiserie,pza,18.0
I-D130A45D2D,2026-09-11 18:22:53,Brownie nogada,23,Norte,Reposteria,pza,20.0
I-91FA98AC01,2026-09-11 18:22:53,Macaron mixto,101,Norte,Petit fours,pza,10.0
I-CCEF67DEDF,2026-09-11 18:22:54,Galleta de mantequilla,45,Plaza Obelie,Reposteria,pza,6.0
I-633F591104,2026-09-11 18:22:55,Eclair de cafe,114,Plaza Obelie,Petit fours,pza,16.0
I-6F3C269C20,2026-09-11 18:22:55,Rol de canela,84,Plaza Obelie,Viennoiserie,pza,15.0
I-4D207236B4,2026-09-11 18:22:56,Brownie nogada,122,Centro,Reposteria,pza,20.0
I-FEF5C18B44,2026-09-11 18:22:57,Eclair de cafe,116,Plaza Obelie,Petit fours,pza,16.0
I-271D15321E,2026-09-11 18:22:57,Baguette tradicional,142,Norte,Panaderia,pza,9.0
I-E580B63CF1,2026-09-11 18:22:58,Baguette tradicional,148,Norte,Panaderia,pza,9.0
I-390496BFF1,2026-09-11 18:22:58,Cheesecake de frutos rojos,114,Sur,Pasteles,pza,170.0
I-B6DF4EC189,2026-09-11 18:22:59,Rol de canela,124,Sur,Viennoiserie,pza,15.0
I-FB1B4DD7FA,2026-09-11 18:22:59,Croissant de almendra,75,Sur,Viennoiserie,pza,18.0
I-338CDD4D0C,2026-09-11 18:23:00,Tarta de frutas,109,Plaza Obelie,Pasteles,pza,155.0
I-B56598A10E,2026-09-11 18:23:00,Eclair de cafe,99,Norte,Petit fours,pza,16.0
I-12903CCE9E,2026-09-11 18:23:01,Croissant de almendra,131,Plaza Obelie,Viennoiserie,pza,18.0
I-F09015D77C,2026-09-11 18:23:01,Brownie nogada,29,Norte,Reposteria,pza,20.0
I-8EFEA0229F,2026-09-11 18:23:02,Galleta de mantequilla,137,Sur,Reposteria,pza,6.0
I-0BE8E3B2B8,2026-09-11 18:23:02,Eclair de cafe,133,Centro,Petit fours,pza,16.0
I-2C0E07AE16,2026-09-11 18:23:03,Eclair de cafe,127,Centro,Petit fours,pza,16.0
I-72A846365F,2026-09-11 18:23:03,Brownie nogada,114,Centro,Reposteria,pza,20.0
I-0693EF6252,2026-09-11 18:23:04,Galleta de mantequilla,135,Sur,Reposteria,pza,6.0
I-459DE2317D,2026-09-11 18:23:04,Croissant de almendra,53,Norte,Viennoiserie,pza,18.0
I-7FA54FCA62,2026-09-11 18:23:05,Cheesecake de frutos rojos,80,Plaza Obelie,Pasteles,pza,170.0
I-A2B256A13A,2026-09-11 18:23:06,Cheesecake de frutos rojos,78,Plaza Obelie,Pasteles,pza,170.0
I-AD8EFA328C,2026-09-11 18:23:06,Tarta de frutas,86,Norte,Pasteles,pza,155.0
I-F8AD27D56D,2026-09-11 18:23:06,Brownie nogada,37,Norte,Reposteria,pza,20.0
I-80120AE185,2026-09-11 18:23:07,Baguette tradicional,152,Norte,Panaderia,pza,9.0
I-6C0A835745,2026-09-11 18:23:08,Pastel de chocolate,131,Plaza Obelie,Pasteles,pza,150.0
I-A160F9A030,2026-09-11 18:23:09,Tarta de frutas,112,Plaza Obelie,Pasteles,pza,155.0
I-31F089EB11,2026-09-11 18:23:09,Macaron mixto,111,Norte,Petit fours,pza,10.0
I-4980C0EF6A,2026-09-11 18:23:10,Baguette tradicional,141,Plaza Obelie,Panaderia,pza,9.0
I-A4270151CE,2026-09-11 18:23:10,Eclair de cafe,130,Centro,Petit fours,pza,16.0
I-28132CF037,2026-09-11 18:23:11,Tarta de frutas,64,Centro,Pasteles,pza,155.0
I-87C7DB4EA4,2026-09-11 18:23:12,Macaron mixto,112,Norte,Petit fours,pza,10.0
I-F4AB653349,2026-09-11 18:23:12,Pastel de chocolate,126,Plaza Obelie,Pasteles,pza,150.0
I-F5B30E9BD9,2026-09-11 18:23:13,Cheesecake de frutos rojos,126,Sur,Pasteles,pza,170.0
I-05EDC878BA,2026-09-11 18:23:13,Galleta de mantequilla,142,Sur,Reposteria,pza,6.0
I-0D55E2187C,2026-09-11 18:23:14,Rol de canela,134,Sur,Viennoiserie,pza,15.0
I-B886426A36,2026-09-11 18:23:14,Galleta de mantequilla,90,Norte,Reposteria,pza,6.0
I-E465929C3C,2026-09-11 18:23:15,Rol de canela,51,Centro,Viennoiserie,pza,15.0
I-63D86BF93F,2026-09-11 18:23:15,Croissant de almendra,143,Centro,Viennoiserie,pza,18.0
I-55E1620DFC,2026-09-11 18:23:16,Macaron mixto,90,Centro,Petit fours,pza,10.0
I-9B62BD818D,2026-09-11 18:23:16,Galleta de mantequilla,89,Norte,Reposteria,pza,6.0
I-3A0A1EC644,2026-09-11 18:23:17,Cheesecake de frutos rojos,71,Plaza Obelie,Pasteles,pza,170.0
I-9863EC1A6A,2026-09-11 18:23:17,Croissant de almendra,84,Sur,Viennoiserie,pza,18.0
I-AE179A4E8F,2026-09-11 18:23:18,Cheesecake de frutos rojos,65,Plaza Obelie,Pasteles,pza,170.0
I-D6CC329665,2026-09-11 18:23:19,Croissant de almendra,80,Sur,Viennoiserie,pza,18.0
I-C1F75F5375,2026-09-11 18:23:19,Pastel de chocolate,133,Plaza Obelie,Pasteles,pza,150.0
I-3E7D8C628D,2026-09-11 18:23:20,Cheesecake de frutos rojos,85,Norte,Pasteles,pza,170.0
I-F4DDC61E0F,2026-09-11 18:23:20,Rol de canela,149,Norte,Viennoiserie,pza,15.0
I-5E1F253057,2026-09-11 18:23:21,Brownie nogada,134,Plaza Obelie,Reposteria,pza,20.0
I-CB64D2BE04,2026-09-11 18:23:22,Brownie nogada,85,Sur,Reposteria,pza,20.0
I-93F96FBE1D,2026-09-11 18:23:22,Brownie nogada,120,Centro,Reposteria,pza,20.0
I-A8BCC21FB7,2026-09-11 18:23:23,Pastel de chocolate,72,Sur,Pasteles,pza,150.0
I-C005656AFD,2026-09-11 18:23:23,Croissant de almendra,135,Plaza Obelie,Viennoiserie,pza,18.0
I-C44E030C87,2026-09-11 18:23:24,Cheesecake de frutos rojos,67,Plaza Obelie,Pasteles,pza,170.0
I-735A60B356,2026-09-11 18:23:25,Pastel de chocolate,141,Centro,Pasteles,pza,150.0
I-BA98CFDA91,2026-09-11 18:23:25,Tarta de frutas,82,Norte,Pasteles,pza,155.0
I-13A1709AEF,2026-09-11 18:23:26,Cheesecake de frutos rojos,138,Sur,Pasteles,pza,170.0
I-2B72E1160F,2026-09-11 18:23:26,Croissant de almendra,47,Norte,Viennoiserie,pza,18.0
I-E1177E447A,2026-09-11 18:23:27,Galleta de mantequilla,40,Plaza Obelie,Reposteria,pza,6.0
I-01664E8D6F,2026-09-11 18:23:27,Eclair de cafe,108,Plaza Obelie,Petit fours,pza,16.0
I-58DD57B0C6,2026-09-11 18:23:28,Baguette tradicional,73,Sur,Panaderia,pza,9.0
I-E1722689F0,2026-09-11 18:23:28,Pastel de chocolate,149,Centro,Pasteles,pza,150.0
I-42926ADF48,2026-09-11 18:23:29,Cheesecake de frutos rojos,77,Plaza Obelie,Pasteles,pza,170.0
I-CE4E3AADEB,2026-09-11 18:23:30,Brownie nogada,138,Plaza Obelie,Reposteria,pza,20.0
I-10E82C5B83,2026-09-11 18:23:31,Macaron mixto,86,Centro,Petit fours,pza,10.0
I-45F2FF84E5,2026-09-11 18:23:31,Tarta de frutas,86,Norte,Pasteles,pza,155.0
I-A1F4F4F717,2026-09-11 18:23:32,Baguette tradicional,77,Sur,Panaderia,pza,9.0
I-0FAE240070,2026-09-11 18:23:32,Brownie nogada,130,Centro,Reposteria,pza,20.0
I-A7100B96DE,2026-09-11 18:23:33,Galleta de mantequilla,149,Sur,Reposteria,pza,6.0
I-F253FAE5C7,2026-09-11 18:23:34,Rol de canela,51,Centro,Viennoiserie,pza,15.0
I-74835D18C3,2026-09-11 18:23:34,Macaron mixto,127,Plaza Obelie,Petit fours,pza,10.0
I-6CE2B19852,2026-09-11 18:23:35,Baguette tradicional,161,Norte,Panaderia,pza,9.0
I-481DA1AEAF,2026-09-11 18:23:35,Cheesecake de frutos rojos,88,Plaza Obelie,Pasteles,pza,170.0
I-9A20DDEF5C,2026-09-11 18:23:36,Cheesecake de frutos rojos,109,Centro,Pasteles,pza,170.0
I-68A598E0C6,2026-09-11 18:23:36,Macaron mixto,121,Norte,Petit fours,pza,10.0
I-A18D294D03,2026-09-11 18:23:37,Brownie nogada,84,Sur,Reposteria,pza,20.0
I-501F601B1E,2026-09-11 18:23:37,Macaron mixto,134,Plaza Obelie,Petit fours,pza,10.0
I-B2D966E71F,2026-09-11 18:23:38,Eclair de cafe,111,Norte,Petit fours,pza,16.0
I-0346272C75,2026-09-11 18:23:38,Eclair de cafe,111,Norte,Petit fours,pza,16.0
I-C3992C04C9,2026-09-11 18:23:39,Croissant de almendra,52,Norte,Viennoiserie,pza,18.0
I-A26857A377,2026-09-11 18:23:39,Pastel de chocolate,154,Centro,Pasteles,pza,150.0
I-F37BA38EC4,2026-09-11 18:23:40,Croissant de almendra,58,Norte,Viennoiserie,pza,18.0
I-21A7E20282,2026-09-11 18:23:41,Macaron mixto,87,Centro,Petit fours,pza,10.0
I-3D2B3D13F1,2026-09-11 18:23:41,Croissant de almendra,135,Centro,Viennoiserie,pza,18.0
I-F75FC88560,2026-09-11 18:23:42,Eclair de cafe,113,Plaza Obelie,Petit fours,pza,16.0
I-A42DB0BC6D,2026-09-11 18:23:42,Brownie nogada,129,Centro,Reposteria,pza,20.0
I-5A3690E12C,2026-09-11 18:23:43,Pastel de chocolate,5,Norte,Pasteles,pza,150.0
I-A43FDE5E6E,2026-09-11 18:23:43,Tarta de frutas,60,Centro,Pasteles,pza,155.0
I-4006495E16,2026-09-11 18:23:44,Brownie nogada,33,Norte,Reposteria,pza,20.0
I-4F8385A720,2026-09-11 18:23:45,Baguette tradicional,172,Norte,Panaderia,pza,9.0
I-7F24E09A6A,2026-09-11 18:23:45,Croissant de almendra,87,Sur,Viennoiserie,pza,18.0
I-D93A8E2166,2026-09-11 18:23:46,Galleta de mantequilla,95,Centro,Reposteria,pza,6.0
I-83447681CE,2026-09-11 18:23:46,Baguette tradicional,175,Norte,Panaderia,pza,9.0
I-8BE08D198B,2026-09-11 18:23:47,Croissant de almendra,130,Centro,Viennoiserie,pza,18.0
I-C31362BA9B,2026-09-11 18:23:47,Brownie nogada,42,Norte,Reposteria,pza,20.0
I-E42545C0AC,2026-09-11 18:23:48,Galleta de mantequilla,90,Norte,Reposteria,pza,6.0
I-013C6DF5C7,2026-09-11 18:23:48,Pastel de chocolate,141,Plaza Obelie,Pasteles,pza,150.0
I-C578E3FE3A,2026-09-11 18:23:49,Baguette tradicional,105,Centro,Panaderia,pza,9.0
I-030424DABF,2026-09-11 18:23:50,Macaron mixto,81,Centro,Petit fours,pza,10.0
I-9091D0D0B5,2026-09-11 18:23:50,Tarta de frutas,90,Norte,Pasteles,pza,155.0
I-2CAF8E8A35,2026-09-11 18:23:50,Cheesecake de frutos rojos,105,Centro,Pasteles,pza,170.0
I-52050F14F1,2026-09-11 18:23:51,Croissant de almendra,80,Sur,Viennoiserie,pza,18.0
I-C9E9C91287,2026-09-11 18:23:51,Cheesecake de frutos rojos,97,Centro,Pasteles,pza,170.0
I-0C8029C9D3,2026-09-11 18:23:52,Cheesecake de frutos rojos,105,Centro,Pasteles,pza,170.0
I-A4F8151A12,2026-09-11 18:23:53,Macaron mixto,85,Centro,Petit fours,pza,10.0
I-429C2A87B3,2026-09-11 18:23:54,Tarta de frutas,100,Norte,Pasteles,pza,155.0
I-9FF5FF7A81,2026-09-11 18:23:54,Cheesecake de frutos rojos,77,Norte,Pasteles,pza,170.0
I-84A68D62A9,2026-09-11 18:23:54,Croissant de almendra,129,Plaza Obelie,Viennoiserie,pza,18.0
I-2D0A75202E,2026-09-11 18:23:55,Tarta de frutas,105,Norte,Pasteles,pza,155.0
I-8E775D7D8F,2026-09-11 18:23:56,Croissant de almendra,121,Plaza Obelie,Viennoiserie,pza,18.0
I-0157D648C9,2026-09-11 18:23:56,Rol de canela,127,Sur,Viennoiserie,pza,15.0
I-0287BE91A5,2026-09-11 18:23:57,Eclair de cafe,158,Sur,Petit fours,pza,16.0
I-6D3148C2F3,2026-09-11 18:23:58,Macaron mixto,86,Centro,Petit fours,pza,10.0
I-75835BE1A2,2026-09-11 18:23:58,Galleta de mantequilla,94,Norte,Reposteria,pza,6.0
I-ED54FA6F28,2026-09-11 18:23:59,Pastel de chocolate,76,Sur,Pasteles,pza,150.0
I-3E90D16283,2026-09-11 18:23:59,Croissant de almendra,124,Plaza Obelie,Viennoiserie,pza,18.0
I-AE5F185C27,2026-09-11 18:24:00,Baguette tradicional,170,Norte,Panaderia,pza,9.0
I-DEA946998E,2026-09-11 18:24:00,Galleta de mantequilla,45,Plaza Obelie,Reposteria,pza,6.0
I-E99321588B,2026-09-11 18:24:01,Brownie nogada,88,Sur,Reposteria,pza,20.0
I-2D550E63C9,2026-09-11 18:24:02,Galleta de mantequilla,141,Sur,Reposteria,pza,6.0
I-C612A1B611,2026-09-11 18:24:02,Macaron mixto,122,Norte,Petit fours,pza,10.0
I-D78C25220F,2026-09-11 18:24:03,Pastel de chocolate,80,Sur,Pasteles,pza,150.0
I-D29585BC77,2026-09-11 18:24:03,Tarta de frutas,104,Plaza Obelie,Pasteles,pza,155.0
I-5302626065,2026-09-11 18:24:04,Galleta de mantequilla,141,Sur,Reposteria,pza,6.0
I-92B5B2EC8A,2026-09-11 18:24:04,Croissant de almendra,136,Plaza Obelie,Viennoiserie,pza,18.0
I-52088E281A,2026-09-11 18:24:05,Eclair de cafe,108,Norte,Petit fours,pza,16.0
I-966DD3811F,2026-09-11 18:24:05,Tarta de frutas,97,Norte,Pasteles,pza,155.0
I-09B8205CEE,2026-09-11 18:24:06,Brownie nogada,122,Centro,Reposteria,pza,20.0
I-3FCEEB7EB0,2026-09-11 18:24:06,Croissant de almendra,78,Sur,Viennoiserie,pza,18.0
I-6C79870241,2026-09-11 18:24:07,Macaron mixto,88,Centro,Petit fours,pza,10.0
I-4C7E1A82C0,2026-09-11 18:24:08,Tarta de frutas,97,Norte,Pasteles,pza,155.0
I-5814DE810A,2026-09-11 18:24:08,Croissant de almendra,69,Norte,Viennoiserie,pza,18.0
I-E0EC1A11E0,2026-09-11 18:24:09,Rol de canela,160,Norte,Viennoiserie,pza,15.0
I-735778B37E,2026-09-11 18:24:09,Brownie nogada,44,Norte,Reposteria,pza,20.0
I-E564A2321B,2026-09-11 18:24:10,Tarta de frutas,113,Plaza Obelie,Pasteles,pza,155.0
I-21C082165F,2026-09-11 18:24:10,Rol de canela,51,Centro,Viennoiserie,pza,15.0
I-7A079CCD36,2026-09-11 18:24:11,Pastel de chocolate,75,Sur,Pasteles,pza,150.0
I-720AEE47A9,2026-09-11 18:24:11,Croissant de almendra,139,Plaza Obelie,Viennoiserie,pza,18.0
I-74A406EDC5,2026-09-11 18:24:12,Eclair de cafe,116,Norte,Petit fours,pza,16.0
I-7540FA5EDF,2026-09-11 18:24:13,Pastel de chocolate,139,Plaza Obelie,Pasteles,pza,150.0
I-6346BC39AD,2026-09-11 18:24:13,Macaron mixto,125,Norte,Petit fours,pza,10.0
I-BAC698FF8D,2026-09-11 18:24:14,Rol de canela,119,Sur,Viennoiserie,pza,15.0
I-80247D9F49,2026-09-11 18:24:15,Rol de canela,88,Plaza Obelie,Viennoiserie,pza,15.0
I-8BFE8B370F,2026-09-11 18:24:15,Galleta de mantequilla,51,Plaza Obelie,Reposteria,pza,6.0
I-2676C68750,2026-09-11 18:24:16,Galleta de mantequilla,51,Plaza Obelie,Reposteria,pza,6.0
I-4BE3F403C6,2026-09-11 18:24:16,Pastel de chocolate,3,Norte,Pasteles,pza,150.0
I-A57D990EF0,2026-09-11 18:24:17,Baguette tradicional,135,Plaza Obelie,Panaderia,pza,9.0
I-1C6265C3F2,2026-09-11 18:24:18,Baguette tradicional,173,Norte,Panaderia,pza,9.0
I-66E1C7F038,2026-09-11 18:24:18,Croissant de almendra,83,Sur,Viennoiserie,pza,18.0
I-C1413B3095,2026-09-11 18:24:19,Brownie nogada,115,Centro,Reposteria,pza,20.0
I-A033014F49,2026-09-11 18:24:20,Macaron mixto,145,Sur,Petit fours,pza,10.0
I-6BC167E150,2026-09-11 18:24:20,Croissant de almendra,74,Norte,Viennoiserie,pza,18.0
I-F068A04908,2026-09-11 18:24:20,Tarta de frutas,59,Centro,Pasteles,pza,155.0
I-7FA457E6A9,2026-09-11 18:24:21,Pastel de chocolate,9,Norte,Pasteles,pza,150.0
I-CA35993D3E,2026-09-11 18:24:22,Eclair de cafe,131,Centro,Petit fours,pza,16.0
I-2C4DA125FB,2026-09-11 18:24:23,Tarta de frutas,92,Norte,Pasteles,pza,155.0
I-D119FCDC89,2026-09-11 18:24:23,Pastel de chocolate,147,Centro,Pasteles,pza,150.0
I-2ECBEC4579,2026-09-11 18:24:23,Baguette tradicional,80,Sur,Panaderia,pza,9.0
I-E742A6F2CE,2026-09-11 18:24:24,Baguette tradicional,180,Norte,Panaderia,pza,9.0
I-EA6249EBBF,2026-09-11 18:24:25,Galleta de mantequilla,55,Plaza Obelie,Reposteria,pza,6.0
I-84BD31F8B9,2026-09-11 18:24:25,Baguette tradicional,114,Centro,Panaderia,pza,9.0
I-94AFFEE7A8,2026-09-11 18:24:26,Rol de canela,62,Centro,Viennoiserie,pza,15.0
I-5F2673EACC,2026-09-11 18:24:26,Macaron mixto,119,Norte,Petit fours,pza,10.0
I-27643CF5A4,2026-09-11 18:24:27,Tarta de frutas,59,Centro,Pasteles,pza,155.0
I-7984745FB7,2026-09-11 18:24:27,Baguette tradicional,82,Sur,Panaderia,pza,9.0
I-D245503F48,2026-09-11 18:24:28,Macaron mixto,127,Norte,Petit fours,pza,10.0
I-F9928DED0A,2026-09-11 18:24:29,Macaron mixto,137,Plaza Obelie,Petit fours,pza,10.0
I-5894920498,2026-09-11 18:24:29,Baguette tradicional,123,Centro,Panaderia,pza,9.0
I-BC173AB969,2026-09-11 18:24:30,Macaron mixto,144,Sur,Petit fours,pza,10.0
I-26DA1362EE,2026-09-11 18:24:31,Rol de canela,67,Centro,Viennoiserie,pza,15.0
I-0573B55F58,2026-09-11 18:24:31,Tarta de frutas,59,Centro,Pasteles,pza,155.0
I-BE49E57625,2026-09-11 18:24:31,Pastel de chocolate,147,Centro,Pasteles,pza,150.0
I-F894403791,2026-09-11 18:24:32,Croissant de almendra,81,Sur,Viennoiserie,pza,18.0
I-C6D7AB0C1F,2026-09-11 18:24:33,Eclair de cafe,113,Norte,Petit fours,pza,16.0
I-6CCBB252E0,2026-09-11 18:24:33,Pastel de chocolate,9,Norte,Pasteles,pza,150.0
I-0FDD48CECC,2026-09-11 18:24:34,Eclair de cafe,142,Centro,Petit fours,pza,16.0
I-3C9DEB2BCC,2026-09-11 18:24:34,Eclair de cafe,122,Norte,Petit fours,pza,16.0
I-A6772B4B5D,2026-09-11 18:24:35,Galleta de mantequilla,103,Norte,Reposteria,pza,6.0
I-288512555E,2026-09-11 18:24:35,Macaron mixto,122,Norte,Petit fours,pza,10.0
I-AF20BEF7ED,2026-09-11 18:24:36,Macaron mixto,80,Centro,Petit fours,pza,10.0
I-C6D5736D9C,2026-09-11 18:24:36,Tarta de frutas,53,Centro,Pasteles,pza,155.0
I-3C72E812F9,2026-09-11 18:24:37,Tarta de frutas,87,Norte,Pasteles,pza,155.0
I-2F41B1726B,2026-09-11 18:24:37,Tarta de frutas,102,Sur,Pasteles,pza,155.0
I-F667DE69E6,2026-09-11 18:24:38,Pastel de chocolate,144,Plaza Obelie,Pasteles,pza,150.0
I-C9B2737A3C,2026-09-11 18:24:38,Eclair de cafe,115,Norte,Petit fours,pza,16.0
I-064BF13537,2026-09-11 18:24:39,Baguette tradicional,140,Plaza Obelie,Panaderia,pza,9.0
I-B38031C3D0,2026-09-11 18:24:39,Pastel de chocolate,152,Centro,Pasteles,pza,150.0
I-CBD43EC462,2026-09-11 18:24:40,Rol de canela,85,Plaza Obelie,Viennoiserie,pza,15.0
I-797520B021,2026-09-11 18:24:40,Macaron mixto,91,Centro,Petit fours,pza,10.0
I-93B5F142BC,2026-09-11 18:24:41,Brownie nogada,52,Norte,Reposteria,pza,20.0
I-5E4C02CBC0,2026-09-11 18:24:41,Brownie nogada,59,Norte,Reposteria,pza,20.0
I-346B11AAB5,2026-09-11 18:24:42,Tarta de frutas,95,Norte,Pasteles,pza,155.0
I-F05DE920BD,2026-09-11 18:24:42,Pastel de chocolate,152,Centro,Pasteles,pza,150.0
I-4316AFCA5E,2026-09-11 18:24:43,Pastel de chocolate,142,Plaza Obelie,Pasteles,pza,150.0
I-2DBC1C4DD2,2026-09-11 18:24:43,Rol de canela,68,Centro,Viennoiserie,pza,15.0
I-86F0F2A197,2026-09-11 18:24:44,Macaron mixto,95,Centro,Petit fours,pza,10.0
I-3C9FA9F1F4,2026-09-11 18:24:44,Cheesecake de frutos rojos,72,Norte,Pasteles,pza,170.0
I-029CE9EA3B,2026-09-11 18:24:45,Cheesecake de frutos rojos,84,Plaza Obelie,Pasteles,pza,170.0
I-BFEE922138,2026-09-11 18:24:45,Macaron mixto,122,Norte,Petit fours,pza,10.0
I-F9F48B910D,2026-09-11 18:24:46,Cheesecake de frutos rojos,108,Centro,Pasteles,pza,170.0
I-24E0BC7FCB,2026-09-11 18:24:47,Baguette tradicional,127,Centro,Panaderia,pza,9.0
I-C0AEDEDD4E,2026-09-11 18:24:47,Eclair de cafe,137,Centro,Petit fours,pza,16.0
I-DA918B075E,2026-09-11 18:24:48,Pastel de chocolate,1,Norte,Pasteles,pza,150.0
I-E244818FCC,2026-09-11 18:24:48,Macaron mixto,138,Plaza Obelie,Petit fours,pza,10.0
I-E66D65F12F,2026-09-11 18:24:49,Tarta de frutas,96,Norte,Pasteles,pza,155.0
I-A74ED53AD4,2026-09-11 18:24:50,Pastel de chocolate,145,Plaza Obelie,Pasteles,pza,150.0
I-1ECDB3D791,2026-09-11 18:24:50,Cheesecake de frutos rojos,76,Norte,Pasteles,pza,170.0
I-55823E76E5,2026-09-11 18:24:51,Pastel de chocolate,82,Sur,Pasteles,pza,150.0
I-96DEFF48F6,2026-09-11 18:24:51,Tarta de frutas,118,Plaza Obelie,Pasteles,pza,155.0
I-C875748724,2026-09-11 18:24:52,Macaron mixto,147,Plaza Obelie,Petit fours,pza,10.0
I-2D807B1669,2026-09-11 18:24:52,Eclair de cafe,155,Sur,Petit fours,pza,16.0
I-85BB70DBDA,2026-09-11 18:24:53,Tarta de frutas,108,Sur,Pasteles,pza,155.0
I-23460BB9A6,2026-09-11 18:24:54,Brownie nogada,81,Sur,Reposteria,pza,20.0
I-AC340263C3,2026-09-11 18:24:55,Eclair de cafe,117,Norte,Petit fours,pza,16.0
I-80217B2CCA,2026-09-11 18:24:55,Tarta de frutas,127,Plaza Obelie,Pasteles,pza,155.0
I-37F23785D5,2026-09-11 18:24:56,Eclair de cafe,164,Sur,Petit fours,pza,16.0
I-6D03E866C9,2026-09-11 18:24:57,Baguette tradicional,136,Plaza Obelie,Panaderia,pza,9.0
I-0F5EF27C58,2026-09-11 18:24:57,Brownie nogada,67,Norte,Reposteria,pza,20.0
I-3CC0EDEE7C,2026-09-11 18:24:58,Galleta de mantequilla,91,Centro,Reposteria,pza,6.0
I-82724BF3B8,2026-09-11 18:24:58,Eclair de cafe,118,Norte,Petit fours,pza,16.0
I-0B3B8FB691,2026-09-11 18:24:59,Tarta de frutas,57,Centro,Pasteles,pza,155.0
I-87B8DBF899,2026-09-11 18:25:00,Eclair de cafe,115,Norte,Petit fours,pza,16.0
I-691233EF22,2026-09-11 18:25:00,Eclair de cafe,114,Norte,Petit fours,pza,16.0
I-2611DA2CAA,2026-09-11 18:25:01,Rol de canela,168,Norte,Viennoiserie,pza,15.0
I-20B4392E78,2026-09-11 18:25:01,Galleta de mantequilla,100,Centro,Reposteria,pza,6.0
I-97E5DC9E69,2026-09-11 18:25:02,Rol de canela,120,Sur,Viennoiserie,pza,15.0
I-151D564FC1,2026-09-11 18:25:02,Cheesecake de frutos rojos,88,Norte,Pasteles,pza,170.0
I-8B02A3408A,2026-09-11 18:25:03,Galleta de mantequilla,107,Norte,Reposteria,pza,6.0
I-01219342A9,2026-09-11 18:25:03,Macaron mixto,143,Sur,Petit fours,pza,10.0
I-9F77B6C6EA,2026-09-11 18:25:04,Brownie nogada,92,Sur,Reposteria,pza,20.0
I-67643284B4,2026-09-11 18:25:04,Galleta de mantequilla,109,Centro,Reposteria,pza,6.0
I-178E3F7806,2026-09-11 18:25:05,Pastel de chocolate,85,Sur,Pasteles,pza,150.0
I-2CA5FA4F10,2026-09-11 18:25:05,Pastel de chocolate,0,Norte,Pasteles,pza,150.0
I-CCB8D46868,2026-09-11 18:25:06,Croissant de almendra,137,Plaza Obelie,Viennoiserie,pza,18.0
I-44A3D45BD2,2026-09-11 18:25:06,Galleta de mantequilla,119,Centro,Reposteria,pza,6.0
I-D248A1E9CA,2026-09-11 18:25:07,Pastel de chocolate,144,Centro,Pasteles,pza,150.0
I-B508EEAA4D,2026-09-11 18:25:08,Rol de canela,86,Plaza Obelie,Viennoiserie,pza,15.0
I-E17A6E41E9,2026-09-11 18:25:08,Eclair de cafe,137,Centro,Petit fours,pza,16.0
I-4CDCE3F69E,2026-09-11 18:25:09,Galleta de mantequilla,103,Norte,Reposteria,pza,6.0
I-00809B7615,2026-09-11 18:25:09,Tarta de frutas,123,Plaza Obelie,Pasteles,pza,155.0
I-EC076CB8FB,2026-09-11 18:25:10,Tarta de frutas,126,Plaza Obelie,Pasteles,pza,155.0
I-A890F9D755,2026-09-11 18:25:10,Macaron mixto,106,Centro,Petit fours,pza,10.0
I-924E8DF301,2026-09-11 18:25:11,Croissant de almendra,130,Centro,Viennoiserie,pza,18.0
I-B09A4982BD,2026-09-11 18:25:11,Pastel de chocolate,95,Sur,Pasteles,pza,150.0
I-D364F2793B,2026-09-11 18:25:12,Galleta de mantequilla,124,Centro,Reposteria,pza,6.0
I-08C0B5B5B1,2026-09-11 18:25:13,Macaron mixto,110,Centro,Petit fours,pza,10.0
I-C3C5BB97C8,2026-09-11 18:25:13,Brownie nogada,117,Centro,Reposteria,pza,20.0
I-A5F6FE4591,2026-09-11 18:25:14,Macaron mixto,119,Norte,Petit fours,pza,10.0
I-648327D907,2026-09-11 18:25:14,Pastel de chocolate,3,Norte,Pasteles,pza,150.0
I-38471F299B,2026-09-11 18:25:15,Croissant de almendra,144,Plaza Obelie,Viennoiserie,pza,18.0
I-9C1260358F,2026-09-11 18:25:16,Eclair de cafe,117,Norte,Petit fours,pza,16.0
I-88F3FE64C3,2026-09-11 18:25:16,Rol de canela,71,Centro,Viennoiserie,pza,15.0
I-885E550A49,2026-09-11 18:25:17,Croissant de almendra,67,Norte,Viennoiserie,pza,18.0
I-ACBC2183E7,2026-09-11 18:25:17,Rol de canela,162,Norte,Viennoiserie,pza,15.0
I-8CFDBBD0B5,2026-09-11 18:25:18,Cheesecake de frutos rojos,79,Plaza Obelie,Pasteles,pza,170.0
I-071634B454,2026-09-11 18:25:19,Brownie nogada,139,Plaza Obelie,Reposteria,pza,20.0
I-0008C846AC,2026-09-11 18:25:20,Tarta de frutas,120,Plaza Obelie,Pasteles,pza,155.0
I-AB165EF667,2026-09-11 18:25:20,Galleta de mantequilla,137,Sur,Reposteria,pza,6.0
I-14F8425945,2026-09-11 18:25:21,Croissant de almendra,61,Norte,Viennoiserie,pza,18.0
I-A4809573FD,2026-09-11 18:25:21,Macaron mixto,114,Centro,Petit fours,pza,10.0
I-2BAA311F7F,2026-09-11 18:25:22,Croissant de almendra,74,Sur,Viennoiserie,pza,18.0
I-B8BC38C41F,2026-09-11 18:25:22,Rol de canela,120,Sur,Viennoiserie,pza,15.0
I-D8825FD9B4,2026-09-11 18:25:23,Pastel de chocolate,11,Norte,Pasteles,pza,150.0
I-D95CB5533F,2026-09-11 18:25:24,Brownie nogada,69,Norte,Reposteria,pza,20.0
I-1866F26337,2026-09-11 18:25:24,Cheesecake de frutos rojos,71,Plaza Obelie,Pasteles,pza,170.0
I-3F3D3FBA97,2026-09-11 18:25:25,Eclair de cafe,109,Norte,Petit fours,pza,16.0
I-0DF0CE79D0,2026-09-11 18:25:25,Brownie nogada,90,Sur,Reposteria,pza,20.0
I-190ADBBAE2,2026-09-11 18:25:26,Brownie nogada,144,Plaza Obelie,Reposteria,pza,20.0
I-141C32421D,2026-09-11 18:25:27,Macaron mixto,114,Centro,Petit fours,pza,10.0
I-4AF67BB565,2026-09-11 18:25:27,Tarta de frutas,97,Norte,Pasteles,pza,155.0
I-96561751F1,2026-09-11 18:25:28,Croissant de almendra,73,Sur,Viennoiserie,pza,18.0
I-0F820EF7BE,2026-09-11 18:25:28,Croissant de almendra,154,Plaza Obelie,Viennoiserie,pza,18.0
I-46F91B51F2,2026-09-11 18:25:29,Eclair de cafe,143,Centro,Petit fours,pza,16.0
I-43DAAFE041,2026-09-11 18:25:30,Galleta de mantequilla,64,Plaza Obelie,Reposteria,pza,6.0
I-761C2DB242,2026-09-11 18:25:30,Baguette tradicional,179,Norte,Panaderia,pza,9.0
I-38C8B9FA70,2026-09-11 18:25:31,Pastel de chocolate,155,Plaza Obelie,Pasteles,pza,150.0
I-D3E4A75681,2026-09-11 18:25:31,Macaron mixto,117,Norte,Petit fours,pza,10.0
I-864F6677EB,2026-09-11 18:25:32,Pastel de chocolate,154,Plaza Obelie,Pasteles,pza,150.0
I-0104937FA6,2026-09-11 18:25:32,Tarta de frutas,107,Norte,Pasteles,pza,155.0
I-9F1BA9A93A,2026-09-11 18:25:33,Pastel de chocolate,103,Sur,Pasteles,pza,150.0
I-B6A71AD69F,2026-09-11 18:25:34,Brownie nogada,149,Plaza Obelie,Reposteria,pza,20.0
I-50D064BFD1,2026-09-11 18:25:34,Tarta de frutas,105,Norte,Pasteles,pza,155.0
I-479EFF16B7,2026-09-11 18:25:35,Eclair de cafe,168,Sur,Petit fours,pza,16.0
I-ECD735ED7D,2026-09-11 18:25:35,Eclair de cafe,102,Norte,Petit fours,pza,16.0
I-B78C2972A4,2026-09-11 18:25:36,Cheesecake de frutos rojos,106,Centro,Pasteles,pza,170.0
I-FD8B32209C,2026-09-11 18:25:37,Cheesecake de frutos rojos,146,Sur,Pasteles,pza,170.0
I-559116210A,2026-09-11 18:25:37,Eclair de cafe,124,Plaza Obelie,Petit fours,pza,16.0
I-6B3D9CF45A,2026-09-11 18:25:38,Baguette tradicional,145,Plaza Obelie,Panaderia,pza,9.0
I-010E99B173,2026-09-11 18:25:39,Tarta de frutas,124,Plaza Obelie,Pasteles,pza,155.0
I-59B3728F1C,2026-09-11 18:25:39,Tarta de frutas,100,Sur,Pasteles,pza,155.0
I-B9BD6722B8,2026-09-11 18:25:40,Croissant de almendra,82,Sur,Viennoiserie,pza,18.0
I-64B10A5C89,2026-09-11 18:25:40,Baguette tradicional,86,Sur,Panaderia,pza,9.0
I-1080D8CCC8,2026-09-11 18:25:41,Pastel de chocolate,101,Sur,Pasteles,pza,150.0
I-AEE04E8F65,2026-09-11 18:25:41,Tarta de frutas,52,Centro,Pasteles,pza,155.0
I-73D1ABB321,2026-09-11 18:25:42,Galleta de mantequilla,119,Centro,Reposteria,pza,6.0
I-05C81D864F,2026-09-11 18:25:42,Baguette tradicional,79,Sur,Panaderia,pza,9.0
I-7EE58CAAF2,2026-09-11 18:25:43,Tarta de frutas,55,Centro,Pasteles,pza,155.0
I-9CB3C1DC9F,2026-09-11 18:25:43,Brownie nogada,71,Norte,Reposteria,pza,20.0
I-663A311B88,2026-09-11 18:25:44,Eclair de cafe,98,Norte,Petit fours,pza,16.0
I-6F3878F5DD,2026-09-11 18:25:44,Eclair de cafe,104,Norte,Petit fours,pza,16.0
I-C34B59F9A7,2026-09-11 18:25:45,Tarta de frutas,101,Norte,Pasteles,pza,155.0
I-68B9F1F737,2026-09-11 18:25:45,Pastel de chocolate,148,Centro,Pasteles,pza,150.0
I-23DCE8FF72,2026-09-11 18:25:46,Tarta de frutas,124,Plaza Obelie,Pasteles,pza,155.0
I-EC75456B85,2026-09-11 18:25:46,Rol de canela,77,Centro,Viennoiserie,pza,15.0
I-708272B27E,2026-09-11 18:25:47,Croissant de almendra,85,Sur,Viennoiserie,pza,18.0
I-9F2F1DCEF0,2026-09-11 18:25:47,Brownie nogada,65,Norte,Reposteria,pza,20.0
I-4A6F072EB8,2026-09-11 18:25:48,Eclair de cafe,139,Centro,Petit fours,pza,16.0
I-8B3EF2DE3B,2026-09-11 18:25:48,Brownie nogada,97,Sur,Reposteria,pza,20.0
I-A2D9FA8635,2026-09-11 18:25:49,Croissant de almendra,153,Plaza Obelie,Viennoiserie,pza,18.0
I-54ABF3CC57,2026-09-11 18:25:49,Rol de canela,115,Sur,Viennoiserie,pza,15.0
I-0694E29666,2026-09-11 18:25:50,Eclair de cafe,145,Centro,Petit fours,pza,16.0
I-D68B0BAB8E,2026-09-11 18:25:50,Pastel de chocolate,7,Norte,Pasteles,pza,150.0
I-7D4FD9066E,2026-09-11 18:25:51,Tarta de frutas,96,Norte,Pasteles,pza,155.0
I-4FC3CDB3C7,2026-09-11 18:25:52,Tarta de frutas,133,Plaza Obelie,Pasteles,pza,155.0
I-BD373ACB4E,2026-09-11 18:25:52,Croissant de almendra,83,Sur,Viennoiserie,pza,18.0
I-C30D51C2EB,2026-09-11 18:25:53,Tarta de frutas,98,Norte,Pasteles,pza,155.0
I-C53E7AF9FE,2026-09-11 18:25:53,Cheesecake de frutos rojos,84,Norte,Pasteles,pza,170.0
I-BCE6FEF77F,2026-09-11 18:25:54,Tarta de frutas,110,Sur,Pasteles,pza,155.0
I-3FF70B39FA,2026-09-11 18:25:55,Brownie nogada,90,Sur,Reposteria,pza,20.0
I-CF08353A1D,2026-09-11 18:25:55,Galleta de mantequilla,112,Centro,Reposteria,pza,6.0
I-86F04E331D,2026-09-11 18:25:56,Macaron mixto,121,Centro,Petit fours,pza,10.0
I-B041DB4BE7,2026-09-11 18:25:57,Brownie nogada,116,Centro,Reposteria,pza,20.0
I-DF1677FD5C,2026-09-11 18:25:57,Rol de canela,112,Sur,Viennoiserie,pza,15.0
I-CDEB2B1BE0,2026-09-11 18:25:58,Eclair de cafe,108,Norte,Petit fours,pza,16.0
I-1E2E7D8740,2026-09-11 18:25:58,Cheesecake de frutos rojos,69,Plaza Obelie,Pasteles,pza,170.0
I-F1C1A7B96E,2026-09-11 18:25:59,Galleta de mantequilla,76,Plaza Obelie,Reposteria,pza,6.0
I-E608C5E703,2026-09-11 18:26:00,Baguette tradicional,152,Plaza Obelie,Panaderia,pza,9.0
I-C5F8E42D5C,2026-09-11 18:26:01,Eclair de cafe,145,Centro,Petit fours,pza,16.0
I-21089B76FB,2026-09-11 18:26:01,Baguette tradicional,177,Norte,Panaderia,pza,9.0
I-80A5CEB9F2,2026-09-11 18:26:02,Eclair de cafe,170,Sur,Petit fours,pza,16.0
I-A44EAACB62,2026-09-11 18:26:02,Baguette tradicional,126,Centro,Panaderia,pza,9.0
I-8FE5414A0C,2026-09-11 18:26:03,Croissant de almendra,135,Centro,Viennoiserie,pza,18.0
I-B13A7A246D,2026-09-11 18:26:03,Brownie nogada,94,Sur,Reposteria,pza,20.0
I-CE64C640F8,2026-09-11 18:26:04,Cheesecake de frutos rojos,80,Norte,Pasteles,pza,170.0
I-1583C1F4D3,2026-09-11 18:26:04,Brownie nogada,63,Norte,Reposteria,pza,20.0
I-F483C6C057,2026-09-11 18:26:05,Brownie nogada,56,Norte,Reposteria,pza,20.0
I-5C3B538C21,2026-09-11 18:26:06,Croissant de almendra,66,Norte,Viennoiserie,pza,18.0
I-BD789EE5AA,2026-09-11 18:26:06,Galleta de mantequilla,80,Plaza Obelie,Reposteria,pza,6.0
I-C28F788CB1,2026-09-11 18:26:07,Eclair de cafe,109,Norte,Petit fours,pza,16.0
I-BA3BE07C68,2026-09-11 18:26:08,Baguette tradicional,125,Centro,Panaderia,pza,9.0
I-754B18F7A2,2026-09-11 18:26:08,Macaron mixto,120,Centro,Petit fours,pza,10.0
I-5B66014DB4,2026-09-11 18:26:09,Baguette tradicional,134,Centro,Panaderia,pza,9.0
I-96E5A5187D,2026-09-11 18:26:10,Pastel de chocolate,2,Norte,Pasteles,pza,150.0
I-9A0A36F2F3,2026-09-11 18:26:10,Pastel de chocolate,146,Plaza Obelie,Pasteles,pza,150.0
I-919A16ECDC,2026-09-11 18:26:11,Baguette tradicional,175,Norte,Panaderia,pza,9.0
I-B683356159,2026-09-11 18:26:11,Eclair de cafe,149,Centro,Petit fours,pza,16.0
I-26F5DEEBB0,2026-09-11 18:26:12,Cheesecake de frutos rojos,90,Norte,Pasteles,pza,170.0
I-B6D3869441,2026-09-11 18:26:12,Macaron mixto,145,Plaza Obelie,Petit fours,pza,10.0
I-0B86F9B94D,2026-09-11 18:26:13,Tarta de frutas,134,Plaza Obelie,Pasteles,pza,155.0
I-82AB034FD8,2026-09-11 18:26:13,Tarta de frutas,113,Sur,Pasteles,pza,155.0
I-583A2B758B,2026-09-11 18:26:14,Pastel de chocolate,0,Norte,Pasteles,pza,150.0
I-A75FABAE12,2026-09-11 18:26:15,Cheesecake de frutos rojos,72,Plaza Obelie,Pasteles,pza,170.0
I-37117A6BFE,2026-09-11 18:26:16,Eclair de cafe,163,Sur,Petit fours,pza,16.0
I-33630A4E82,2026-09-11 18:26:16,Macaron mixto,142,Plaza Obelie,Petit fours,pza,10.0
I-4302938957,2026-09-11 18:26:17,Baguette tradicional,157,Plaza Obelie,Panaderia,pza,9.0
I-DE5D5A2F8D,2026-09-11 18:26:17,Brownie nogada,152,Plaza Obelie,Reposteria,pza,20.0
I-C3A6A49EB6,2026-09-11 18:26:18,Cheesecake de frutos rojos,143,Sur,Pasteles,pza,170.0
I-47EED80582,2026-09-11 18:26:19,Macaron mixto,127,Norte,Petit fours,pza,10.0
I-A25F556300,2026-09-11 18:26:19,Cheesecake de frutos rojos,136,Sur,Pasteles,pza,170.0
I-33771FE28F,2026-09-11 18:26:20,Rol de canela,88,Plaza Obelie,Viennoiserie,pza,15.0
I-426B0A3FB4,2026-09-11 18:26:20,Galleta de mantequilla,104,Norte,Reposteria,pza,6.0
I-CFF8934423,2026-09-11 18:26:21,Tarta de frutas,111,Sur,Pasteles,pza,155.0
I-35EA18F022,2026-09-11 18:26:22,Cheesecake de frutos rojos,111,Centro,Pasteles,pza,170.0
I-6994B39A4F,2026-09-11 18:26:22,Rol de canela,95,Plaza Obelie,Viennoiserie,pza,15.0
I-433488676E,2026-09-11 18:26:23,Pastel de chocolate,96,Sur,Pasteles,pza,150.0
I-69D5EA8898,2026-09-11 18:26:23,Brownie nogada,65,Norte,Reposteria,pza,20.0
I-DBB2CE26FE,2026-09-11 18:26:24,Brownie nogada,70,Norte,Reposteria,pza,20.0
I-4CC20EE268,2026-09-11 18:26:25,Cheesecake de frutos rojos,87,Norte,Pasteles,pza,170.0
I-35FE9B72C5,2026-09-11 18:26:26,Tarta de frutas,108,Norte,Pasteles,pza,155.0
I-56294284B9,2026-09-11 18:26:26,Galleta de mantequilla,133,Sur,Reposteria,pza,6.0
I-2EC350623E,2026-09-11 18:26:27,Eclair de cafe,111,Norte,Petit fours,pza,16.0
I-287B67257E,2026-09-11 18:26:28,Croissant de almendra,155,Plaza Obelie,Viennoiserie,pza,18.0
I-CFC64365F1,2026-09-11 18:26:28,Galleta de mantequilla,108,Norte,Reposteria,pza,6.0
I-3D1ABA1B08,2026-09-11 18:26:29,Macaron mixto,136,Plaza Obelie,Petit fours,pza,10.0
I-8A970D60B4,2026-09-11 18:26:30,Macaron mixto,129,Plaza Obelie,Petit fours,pza,10.0
I-DCCB9D8645,2026-09-11 18:26:30,Brownie nogada,72,Norte,Reposteria,pza,20.0
I-3B7DC91CD2,2026-09-11 18:26:31,Croissant de almendra,76,Sur,Viennoiserie,pza,18.0
I-013C65EF27,2026-09-11 18:26:31,Galleta de mantequilla,82,Plaza Obelie,Reposteria,pza,6.0
I-19DFF4F1F0,2026-09-11 18:26:32,Tarta de frutas,54,Centro,Pasteles,pza,155.0
I-E539606F63,2026-09-11 18:26:32,Eclair de cafe,108,Norte,Petit fours,pza,16.0
I-07053CB20C,2026-09-11 18:26:33,Macaron mixto,136,Plaza Obelie,Petit fours,pza,10.0
I-71B1722C6D,2026-09-11 18:26:33,Pastel de chocolate,157,Plaza Obelie,Pasteles,pza,150.0
I-FDE491BA6C,2026-09-11 18:26:34,Rol de canela,69,Centro,Viennoiserie,pza,15.0
I-836C2B48B2,2026-09-11 18:26:34,Pastel de chocolate,154,Plaza Obelie,Pasteles,pza,150.0
I-DB7825D091,2026-09-11 18:26:35,Croissant de almendra,131,Centro,Viennoiserie,pza,18.0
I-7D77BB6205,2026-09-11 18:26:35,Baguette tradicional,182,Norte,Panaderia,pza,9.0
I-67708EDCB2,2026-09-11 18:26:36,Galleta de mantequilla,119,Norte,Reposteria,pza,6.0
I-FD374EACF4,2026-09-11 18:26:37,Pastel de chocolate,140,Centro,Pasteles,pza,150.0
I-8874999BB6,2026-09-11 18:26:37,Brownie nogada,73,Norte,Reposteria,pza,20.0
I-5F55C7589C,2026-09-11 18:26:38,Baguette tradicional,84,Sur,Panaderia,pza,9.0
I-8A825B973F,2026-09-11 18:26:38,Tarta de frutas,113,Sur,Pasteles,pza,155.0
I-6B0A667D43,2026-09-11 18:26:39,Galleta de mantequilla,114,Norte,Reposteria,pza,6.0
I-31E3241690,2026-09-11 18:26:39,Baguette tradicional,126,Centro,Panaderia,pza,9.0
I-27826F54FE,2026-09-11 18:26:40,Pastel de chocolate,8,Norte,Pasteles,pza,150.0
I-0724B22F95,2026-09-11 18:26:41,Tarta de frutas,112,Sur,Pasteles,pza,155.0
I-50D54BF772,2026-09-11 18:26:41,Rol de canela,103,Plaza Obelie,Viennoiserie,pza,15.0
I-A97326B5D3,2026-09-11 18:26:42,Brownie nogada,118,Centro,Reposteria,pza,20.0
I-05CAE1DDF6,2026-09-11 18:26:43,Macaron mixto,126,Norte,Petit fours,pza,10.0
I-A6BDF6C69B,2026-09-11 18:26:43,Rol de canela,78,Centro,Viennoiserie,pza,15.0
I-2BE619BD21,2026-09-11 18:26:44,Eclair de cafe,121,Plaza Obelie,Petit fours,pza,16.0
I-9DD9629CB4,2026-09-11 18:26:45,Eclair de cafe,132,Plaza Obelie,Petit fours,pza,16.0
I-C2898C2D19,2026-09-11 18:26:45,Tarta de frutas,112,Sur,Pasteles,pza,155.0
I-02C422789E,2026-09-11 18:26:46,Macaron mixto,128,Norte,Petit fours,pza,10.0
I-70B3A9CA10,2026-09-11 18:26:46,Baguette tradicional,85,Sur,Panaderia,pza,9.0
I-0FAEB6FCE6,2026-09-11 18:26:47,Galleta de mantequilla,122,Centro,Reposteria,pza,6.0
I-398D2F4CF6,2026-09-11 18:26:47,Brownie nogada,104,Sur,Reposteria,pza,20.0
I-B72E1B035D,2026-09-11 18:26:48,Cheesecake de frutos rojos,90,Norte,Pasteles,pza,170.0
I-456D4DB733,2026-09-11 18:26:49,Cheesecake de frutos rojos,110,Centro,Pasteles,pza,170.0
I-D267F84BEB,2026-09-11 18:26:49,Cheesecake de frutos rojos,80,Plaza Obelie,Pasteles,pza,170.0
I-83DCBFEDBC,2026-09-11 18:26:50,Pastel de chocolate,139,Centro,Pasteles,pza,150.0
I-9BEFE1C4F2,2026-09-11 18:26:50,Baguette tradicional,138,Centro,Panaderia,pza,9.0
I-29C73C10DA,2026-09-11 18:26:51,Tarta de frutas,141,Plaza Obelie,Pasteles,pza,155.0
I-6BC875FE5E,2026-09-11 18:26:52,Rol de canela,124,Sur,Viennoiserie,pza,15.0
I-168A1E0939,2026-09-11 18:26:52,Brownie nogada,108,Sur,Reposteria,pza,20.0
I-8F9672EB22,2026-09-11 18:26:53,Eclair de cafe,162,Sur,Petit fours,pza,16.0
I-EB67ECD84D,2026-09-11 18:26:53,Galleta de mantequilla,134,Sur,Reposteria,pza,6.0
I-46B8A74DFF,2026-09-11 18:26:53,Eclair de cafe,129,Plaza Obelie,Petit fours,pza,16.0
I-2DE8667B2F,2026-09-11 18:26:54,Eclair de cafe,111,Norte,Petit fours,pza,16.0
I-0BABEA1123,2026-09-11 18:26:55,Galleta de mantequilla,139,Sur,Reposteria,pza,6.0
I-41C6EFE349,2026-09-11 18:26:55,Macaron mixto,154,Sur,Petit fours,pza,10.0
I-95DBF2ADD6,2026-09-11 18:26:56,Pastel de chocolate,11,Norte,Pasteles,pza,150.0
I-B0713065FE,2026-09-11 18:26:57,Macaron mixto,122,Centro,Petit fours,pza,10.0
I-A29D709F6E,2026-09-11 18:26:57,Baguette tradicional,83,Sur,Panaderia,pza,9.0
I-C5C06C2DE2,2026-09-11 18:26:58,Macaron mixto,135,Plaza Obelie,Petit fours,pza,10.0
I-6FF38B19E3,2026-09-11 18:26:59,Cheesecake de frutos rojos,140,Sur,Pasteles,pza,170.0
I-72927DF38F,2026-09-11 18:26:59,Brownie nogada,100,Sur,Reposteria,pza,20.0
I-82CD8C1514,2026-09-11 18:27:00,Eclair de cafe,110,Norte,Petit fours,pza,16.0
I-60E450EDCE,2026-09-11 18:27:00,Pastel de chocolate,23,Norte,Pasteles,pza,150.0
I-ECFCCEB0FE,2026-09-11 18:27:01,Eclair de cafe,138,Plaza Obelie,Petit fours,pza,16.0
I-5FB5A2765B,2026-09-11 18:27:01,Tarta de frutas,151,Plaza Obelie,Pasteles,pza,155.0
I-874254B46B,2026-09-11 18:27:02,Baguette tradicional,87,Sur,Panaderia,pza,9.0
I-741747B595,2026-09-11 18:27:02,Baguette tradicional,184,Norte,Panaderia,pza,9.0
I-6F76129918,2026-09-11 18:27:03,Croissant de almendra,157,Plaza Obelie,Viennoiserie,pza,18.0
I-62E41C3E8B,2026-09-11 18:27:04,Eclair de cafe,168,Sur,Petit fours,pza,16.0
I-EEEFD7A63F,2026-09-11 18:27:04,Pastel de chocolate,137,Centro,Pasteles,pza,150.0
I-685036C1BC,2026-09-11 18:27:05,Cheesecake de frutos rojos,136,Sur,Pasteles,pza,170.0
I-CE3DAEC5CD,2026-09-11 18:27:06,Croissant de almendra,142,Centro,Viennoiserie,pza,18.0
I-AF17CF8C08,2026-09-11 18:27:07,Baguette tradicional,181,Norte,Panaderia,pza,9.0
I-6B10774BAF,2026-09-11 18:27:07,Tarta de frutas,109,Norte,Pasteles,pza,155.0
I-BB47F11A20,2026-09-11 18:27:07,Galleta de mantequilla,77,Plaza Obelie,Reposteria,pza,6.0
I-E68E68E2D4,2026-09-11 18:27:08,Baguette tradicional,180,Norte,Panaderia,pza,9.0
I-0FC825CE48,2026-09-11 18:27:08,Pastel de chocolate,106,Sur,Pasteles,pza,150.0
I-773EFAD1EE,2026-09-11 18:27:09,Pastel de chocolate,21,Norte,Pasteles,pza,150.0
I-D630C71A13,2026-09-11 18:27:09,Brownie nogada,110,Sur,Reposteria,pza,20.0
I-36BC17D6B0,2026-09-11 18:27:10,Macaron mixto,132,Plaza Obelie,Petit fours,pza,10.0
I-D920E8E2FB,2026-09-11 18:27:10,Eclair de cafe,141,Centro,Petit fours,pza,16.0
I-9CD7AECFCD,2026-09-11 18:27:11,Macaron mixto,127,Centro,Petit fours,pza,10.0
I-80AEAF74F1,2026-09-11 18:27:11,Macaron mixto,141,Plaza Obelie,Petit fours,pza,10.0
I-CE256FC493,2026-09-11 18:27:12,Baguette tradicional,92,Sur,Panaderia,pza,9.0
I-68FBB6386C,2026-09-11 18:27:12,Baguette tradicional,98,Sur,Panaderia,pza,9.0
I-A20B4E5200,2026-09-11 18:27:13,Cheesecake de frutos rojos,82,Norte,Pasteles,pza,170.0
I-897C48EE1E,2026-09-11 18:27:13,Tarta de frutas,119,Norte,Pasteles,pza,155.0
I-7FCC86AC80,2026-09-11 18:27:14,Pastel de chocolate,156,Plaza Obelie,Pasteles,pza,150.0
I-827D37E28E,2026-09-11 18:27:15,Tarta de frutas,124,Norte,Pasteles,pza,155.0
I-D26A37762F,2026-09-11 18:27:15,Macaron mixto,124,Norte,Petit fours,pza,10.0
I-657EEF51AC,2026-09-11 18:27:16,Baguette tradicional,132,Centro,Panaderia,pza,9.0
I-5ED0500ACD,2026-09-11 18:27:16,Baguette tradicional,136,Centro,Panaderia,pza,9.0
I-7DC3A67787,2026-09-11 18:27:17,Brownie nogada,65,Norte,Reposteria,pza,20.0
I-7293E3091C,2026-09-11 18:27:17,Eclair de cafe,169,Sur,Petit fours,pza,16.0
I-A2AF87B6FC,2026-09-11 18:27:18,Cheesecake de frutos rojos,80,Norte,Pasteles,pza,170.0
I-9ACE34D4A4,2026-09-11 18:27:18,Croissant de almendra,60,Norte,Viennoiserie,pza,18.0
I-B59CDAD532,2026-09-11 18:27:19,Eclair de cafe,148,Centro,Petit fours,pza,16.0
I-830FEEF585,2026-09-11 18:27:20,Rol de canela,161,Norte,Viennoiserie,pza,15.0
I-335785D9E6,2026-09-11 18:27:20,Tarta de frutas,153,Plaza Obelie,Pasteles,pza,155.0
I-6A3BDC4E00,2026-09-11 18:27:20,Tarta de frutas,124,Norte,Pasteles,pza,155.0
I-61AFE564C0,2026-09-11 18:27:21,Rol de canela,79,Centro,Viennoiserie,pza,15.0
I-9D443E0C3A,2026-09-11 18:27:22,Cheesecake de frutos rojos,120,Centro,Pasteles,pza,170.0
I-3890B5A6E2,2026-09-11 18:27:22,Rol de canela,84,Centro,Viennoiserie,pza,15.0
I-4AD2279805,2026-09-11 18:27:23,Galleta de mantequilla,80,Plaza Obelie,Reposteria,pza,6.0
I-4AE3CD78EF,2026-09-11 18:27:24,Macaron mixto,125,Norte,Petit fours,pza,10.0
I-2A534E8079,2026-09-11 18:27:24,Macaron mixto,160,Sur,Petit fours,pza,10.0
I-8813403F82,2026-09-11 18:27:25,Pastel de chocolate,18,Norte,Pasteles,pza,150.0
I-F57D815E67,2026-09-11 18:27:26,Galleta de mantequilla,80,Plaza Obelie,Reposteria,pza,6.0
I-4848616AE9,2026-09-11 18:27:26,Rol de canela,122,Sur,Viennoiserie,pza,15.0
I-02C2F5AB8A,2026-09-11 18:27:27,Pastel de chocolate,148,Plaza Obelie,Pasteles,pza,150.0
I-724F0CCB5D,2026-09-11 18:27:27,Brownie nogada,58,Norte,Reposteria,pza,20.0
I-A6A1B894B1,2026-09-11 18:27:28,Tarta de frutas,51,Centro,Pasteles,pza,155.0
I-353AD277E8,2026-09-11 18:27:29,Baguette tradicional,146,Centro,Panaderia,pza,9.0
I-F3B0ACB5EA,2026-09-11 18:27:29,Macaron mixto,142,Plaza Obelie,Petit fours,pza,10.0
I-D4B072D20A,2026-09-11 18:27:30,Tarta de frutas,114,Sur,Pasteles,pza,155.0
I-56320D8232,2026-09-11 18:27:30,Eclair de cafe,134,Plaza Obelie,Petit fours,pza,16.0
I-38B226E13A,2026-09-11 18:27:31,Croissant de almendra,68,Norte,Viennoiserie,pza,18.0
I-76962A020A,2026-09-11 18:27:32,Cheesecake de frutos rojos,143,Sur,Pasteles,pza,170.0
I-B39A84B6B0,2026-09-11 18:27:32,Galleta de mantequilla,145,Sur,Reposteria,pza,6.0
I-93F8057AAF,2026-09-11 18:27:33,Rol de canela,88,Centro,Viennoiserie,pza,15.0
I-9004D7AE23,2026-09-11 18:27:33,Brownie nogada,110,Centro,Reposteria,pza,20.0
I-BD30816C7D,2026-09-11 18:27:34,Tarta de frutas,120,Sur,Pasteles,pza,155.0
I-C1C0CB9DDD,2026-09-11 18:27:34,Baguette tradicional,177,Norte,Panaderia,pza,9.0
I-9134754AFA,2026-09-11 18:27:35,Macaron mixto,169,Sur,Petit fours,pza,10.0
I-886596A13F,2026-09-11 18:27:35,Croissant de almendra,60,Norte,Viennoiserie,pza,18.0
I-530D9F42D2,2026-09-11 18:27:36,Pastel de chocolate,11,Norte,Pasteles,pza,150.0
I-1CE58DB235,2026-09-11 18:27:37,Pastel de chocolate,143,Centro,Pasteles,pza,150.0
I-CBE3C7788B,2026-09-11 18:27:37,Galleta de mantequilla,134,Centro,Reposteria,pza,6.0
I-24C570E795,2026-09-11 18:27:38,Tarta de frutas,156,Plaza Obelie,Pasteles,pza,155.0
I-7888AD1BAC,2026-09-11 18:27:38,Macaron mixto,125,Norte,Petit fours,pza,10.0
I-E1889B4A2D,2026-09-11 18:27:39,Baguette tradicional,148,Centro,Panaderia,pza,9.0
I-71183F0466,2026-09-11 18:27:39,Baguette tradicional,154,Centro,Panaderia,pza,9.0
I-0E82E1798C,2026-09-11 18:27:40,Macaron mixto,141,Plaza Obelie,Petit fours,pza,10.0
I-9E3377AD62,2026-09-11 18:27:40,Tarta de frutas,149,Plaza Obelie,Pasteles,pza,155.0
I-7DA29DDF22,2026-09-11 18:27:41,Cheesecake de frutos rojos,140,Sur,Pasteles,pza,170.0
I-FAF6EF352B,2026-09-11 18:27:42,Galleta de mantequilla,151,Sur,Reposteria,pza,6.0
I-79D3829F30,2026-09-11 18:27:42,Pastel de chocolate,147,Plaza Obelie,Pasteles,pza,150.0
I-E1173FB70D,2026-09-11 18:27:43,Brownie nogada,69,Norte,Reposteria,pza,20.0
I-AC519289DF,2026-09-11 18:27:43,Macaron mixto,126,Norte,Petit fours,pza,10.0
I-B4ADE41893,2026-09-11 18:27:44,Croissant de almendra,151,Centro,Viennoiserie,pza,18.0
I-C697AB1070,2026-09-11 18:27:44,Cheesecake de frutos rojos,114,Centro,Pasteles,pza,170.0
I-141BA89EF6,2026-09-11 18:27:45,Macaron mixto,143,Plaza Obelie,Petit fours,pza,10.0
I-E54AA1FCFB,2026-09-11 18:27:45,Tarta de frutas,59,Centro,Pasteles,pza,155.0
I-D18EAFCCAC,2026-09-11 18:27:46,Macaron mixto,133,Norte,Petit fours,pza,10.0
I-4320578AE9,2026-09-11 18:27:47,Eclair de cafe,135,Plaza Obelie,Petit fours,pza,16.0
I-E03A4E9795,2026-09-11 18:27:47,Baguette tradicional,155,Plaza Obelie,Panaderia,pza,9.0
I-71A58C55A9,2026-09-11 18:27:48,Macaron mixto,141,Norte,Petit fours,pza,10.0
I-ECC97FAF0B,2026-09-11 18:27:48,Brownie nogada,76,Norte,Reposteria,pza,20.0
I-5D6697BF02,2026-09-11 18:27:49,Cheesecake de frutos rojos,74,Norte,Pasteles,pza,170.0
I-6E3ECE43F8,2026-09-11 18:27:49,Baguette tradicional,153,Centro,Panaderia,pza,9.0
I-0FE042923D,2026-09-11 18:27:50,Tarta de frutas,154,Plaza Obelie,Pasteles,pza,155.0
I-C6C84548ED,2026-09-11 18:27:50,Baguette tradicional,148,Centro,Panaderia,pza,9.0
I-AD69B51654,2026-09-11 18:27:51,Croissant de almendra,156,Centro,Viennoiserie,pza,18.0
I-91606AFC49,2026-09-11 18:27:52,Pastel de chocolate,10,Norte,Pasteles,pza,150.0
I-1BF8D1F4BE,2026-09-11 18:27:52,Galleta de mantequilla,75,Plaza Obelie,Reposteria,pza,6.0
I-31EDEC84DE,2026-09-11 18:27:53,Baguette tradicional,170,Norte,Panaderia,pza,9.0
I-E8EAE4588F,2026-09-11 18:27:53,Brownie nogada,88,Norte,Reposteria,pza,20.0
I-5F4318F555,2026-09-11 18:27:54,Baguette tradicional,99,Sur,Panaderia,pza,9.0
I-2D2E1E6949,2026-09-11 18:27:55,Eclair de cafe,118,Norte,Petit fours,pza,16.0
I-07C3C509CD,2026-09-11 18:27:55,Pastel de chocolate,147,Plaza Obelie,Pasteles,pza,150.0
I-3A2D8CCF27,2026-09-11 18:27:56,Croissant de almendra,71,Sur,Viennoiserie,pza,18.0
I-B824FFE1A9,2026-09-11 18:27:56,Baguette tradicional,149,Plaza Obelie,Panaderia,pza,9.0
I-CA2B6E85EE,2026-09-11 18:27:57,Macaron mixto,119,Centro,Petit fours,pza,10.0
I-7DE5CA0570,2026-09-11 18:27:58,Pastel de chocolate,5,Norte,Pasteles,pza,150.0
I-E8687654C8,2026-09-11 18:27:58,Pastel de chocolate,154,Plaza Obelie,Pasteles,pza,150.0
I-37947403AA,2026-09-11 18:27:59,Cheesecake de frutos rojos,72,Plaza Obelie,Pasteles,pza,170.0
I-52E2F648C9,2026-09-11 18:28:00,Galleta de mantequilla,81,Plaza Obelie,Reposteria,pza,6.0
I-05E12B1511,2026-09-11 18:28:00,Baguette tradicional,142,Plaza Obelie,Panaderia,pza,9.0
I-7173BBCA4C,2026-09-11 18:28:00,Macaron mixto,145,Norte,Petit fours,pza,10.0
I-CD669FDE09,2026-09-11 18:28:01,Galleta de mantequilla,146,Centro,Reposteria,pza,6.0
I-E261DA3E94,2026-09-11 18:28:02,Cheesecake de frutos rojos,80,Plaza Obelie,Pasteles,pza,170.0
I-6CFD3913A9,2026-09-11 18:28:03,Croissant de almendra,163,Centro,Viennoiserie,pza,18.0
I-A419B5058C,2026-09-11 18:28:03,Rol de canela,93,Centro,Viennoiserie,pza,15.0
I-FBDD2856DD,2026-09-11 18:28:04,Tarta de frutas,63,Centro,Pasteles,pza,155.0
I-FCEFF7FFFF,2026-09-11 18:28:05,Tarta de frutas,156,Plaza Obelie,Pasteles,pza,155.0
I-9A40143672,2026-09-11 18:28:05,Tarta de frutas,128,Norte,Pasteles,pza,155.0
I-631357522B,2026-09-11 18:28:06,Cheesecake de frutos rojos,134,Sur,Pasteles,pza,170.0
I-745D15253A,2026-09-11 18:28:07,Baguette tradicional,151,Plaza Obelie,Panaderia,pza,9.0
I-463F8CEEF9,2026-09-11 18:28:07,Rol de canela,131,Sur,Viennoiserie,pza,15.0
I-839015B9BC,2026-09-11 18:28:08,Eclair de cafe,113,Norte,Petit fours,pza,16.0
I-C23CDD0708,2026-09-11 18:28:08,Baguette tradicional,162,Plaza Obelie,Panaderia,pza,9.0
I-C5FDA49683,2026-09-11 18:28:09,Eclair de cafe,146,Plaza Obelie,Petit fours,pza,16.0
I-6992B257F2,2026-09-11 18:28:09,Pastel de chocolate,151,Centro,Pasteles,pza,150.0
I-CB0FC47203,2026-09-11 18:28:10,Croissant de almendra,61,Norte,Viennoiserie,pza,18.0
I-448F175BC0,2026-09-11 18:28:10,Rol de canela,93,Centro,Viennoiserie,pza,15.0
I-16BABC2EEA,2026-09-11 18:28:10,Rol de canela,103,Centro,Viennoiserie,pza,15.0
I-8F06A0CD6B,2026-09-11 18:28:11,Macaron mixto,142,Plaza Obelie,Petit fours,pza,10.0
I-F4D8E0C858,2026-09-11 18:28:11,Baguette tradicional,98,Sur,Panaderia,pza,9.0
I-250A0E197A,2026-09-11 18:28:12,Brownie nogada,119,Centro,Reposteria,pza,20.0
I-F06F5B7885,2026-09-11 18:28:13,Tarta de frutas,154,Plaza Obelie,Pasteles,pza,155.0
I-30CCEE7036,2026-09-11 18:28:13,Baguette tradicional,147,Centro,Panaderia,pza,9.0
I-7B45351AC3,2026-09-11 18:28:14,Eclair de cafe,146,Plaza Obelie,Petit fours,pza,16.0
I-D08AA50E6F,2026-09-11 18:28:15,Tarta de frutas,113,Sur,Pasteles,pza,155.0
I-2C11A60DDB,2026-09-11 18:28:15,Rol de canela,109,Centro,Viennoiserie,pza,15.0
I-4BCFBCBE81,2026-09-11 18:28:16,Cheesecake de frutos rojos,138,Sur,Pasteles,pza,170.0
I-772FB0754C,2026-09-11 18:28:17,Brownie nogada,158,Plaza Obelie,Reposteria,pza,20.0
I-BE2B4B30B2,2026-09-11 18:28:17,Tarta de frutas,136,Norte,Pasteles,pza,155.0
I-BA128CF533,2026-09-11 18:28:17,Croissant de almendra,67,Norte,Viennoiserie,pza,18.0
I-C7CFEFD192,2026-09-11 18:28:18,Brownie nogada,168,Plaza Obelie,Reposteria,pza,20.0
I-7D5F238F19,2026-09-11 18:28:18,Rol de canela,102,Centro,Viennoiserie,pza,15.0
I-2428D147FB,2026-09-11 18:28:19,Cheesecake de frutos rojos,149,Sur,Pasteles,pza,170.0
I-D15ED5CE7D,2026-09-11 18:28:20,Croissant de almendra,168,Centro,Viennoiserie,pza,18.0
I-DD1F87BF9E,2026-09-11 18:28:20,Brownie nogada,119,Sur,Reposteria,pza,20.0
I-60025EEDF2,2026-09-11 18:28:21,Pastel de chocolate,12,Norte,Pasteles,pza,150.0
I-485FA0EF92,2026-09-11 18:28:22,Rol de canela,104,Centro,Viennoiserie,pza,15.0
I-92E2CB2D03,2026-09-11 18:28:22,Macaron mixto,150,Norte,Petit fours,pza,10.0
I-BFF3FC9FD5,2026-09-11 18:28:23,Baguette tradicional,169,Plaza Obelie,Panaderia,pza,9.0
I-ECD0E7DF70,2026-09-11 18:28:23,Baguette tradicional,173,Plaza Obelie,Panaderia,pza,9.0
I-E2A5B02104,2026-09-11 18:28:24,Croissant de almendra,77,Sur,Viennoiserie,pza,18.0
I-919F50B69B,2026-09-11 18:28:25,Croissant de almendra,169,Centro,Viennoiserie,pza,18.0
I-A10087D05F,2026-09-11 18:28:25,Macaron mixto,113,Centro,Petit fours,pza,10.0
I-082534622B,2026-09-11 18:28:26,Brownie nogada,168,Plaza Obelie,Reposteria,pza,20.0
I-954F8DADD1,2026-09-11 18:28:26,Eclair de cafe,149,Plaza Obelie,Petit fours,pza,16.0
I-7CD4B3D69E,2026-09-11 18:28:27,Baguette tradicional,100,Sur,Panaderia,pza,9.0
I-F7C57F5FAC,2026-09-11 18:28:27,Croissant de almendra,166,Plaza Obelie,Viennoiserie,pza,18.0
I-7075B48E0F,2026-09-11 18:28:28,Croissant de almendra,81,Sur,Viennoiserie,pza,18.0
I-417EA57CB2,2026-09-11 18:28:29,Brownie nogada,130,Centro,Reposteria,pza,20.0
I-890D4F4FAF,2026-09-11 18:28:29,Baguette tradicional,166,Plaza Obelie,Panaderia,pza,9.0
I-AA69A3F585,2026-09-11 18:28:30,Cheesecake de frutos rojos,66,Norte,Pasteles,pza,170.0
I-CD2624425C,2026-09-11 18:28:30,Eclair de cafe,152,Centro,Petit fours,pza,16.0
I-63A5784AB1,2026-09-11 18:28:31,Pastel de chocolate,20,Norte,Pasteles,pza,150.0
I-F029B5D548,2026-09-11 18:28:31,Cheesecake de frutos rojos,143,Sur,Pasteles,pza,170.0
I-7B1F2E324C,2026-09-11 18:28:32,Macaron mixto,173,Sur,Petit fours,pza,10.0
I-86C3DA83F6,2026-09-11 18:28:33,Galleta de mantequilla,159,Sur,Reposteria,pza,6.0
I-1923B0EB9B,2026-09-11 18:28:33,Croissant de almendra,172,Centro,Viennoiserie,pza,18.0
I-AF6E33BF9D,2026-09-11 18:28:34,Croissant de almendra,70,Norte,Viennoiserie,pza,18.0
I-B8BAF1254D,2026-09-11 18:28:34,Cheesecake de frutos rojos,147,Sur,Pasteles,pza,170.0
I-D80962B71F,2026-09-11 18:28:35,Brownie nogada,95,Norte,Reposteria,pza,20.0
I-7D9BEB7527,2026-09-11 18:28:35,Tarta de frutas,71,Centro,Pasteles,pza,155.0
I-B21CA179D7,2026-09-11 18:28:36,Baguette tradicional,155,Centro,Panaderia,pza,9.0
I-63CE356A3E,2026-09-11 18:28:36,Croissant de almendra,88,Sur,Viennoiserie,pza,18.0
I-03FDE84F31,2026-09-11 18:28:37,Galleta de mantequilla,89,Plaza Obelie,Reposteria,pza,6.0
I-DAD012B0EE,2026-09-11 18:28:37,Pastel de chocolate,161,Centro,Pasteles,pza,150.0
I-3D36729689,2026-09-11 18:28:38,Brownie nogada,128,Centro,Reposteria,pza,20.0
I-6E77038826,2026-09-11 18:28:39,Macaron mixto,120,Centro,Petit fours,pza,10.0
I-E5D2F510D1,2026-09-11 18:28:39,Baguette tradicional,95,Sur,Panaderia,pza,9.0
I-2EFA1E8ACF,2026-09-11 18:28:40,Rol de canela,163,Norte,Viennoiserie,pza,15.0
I-0F7F166F12,2026-09-11 18:28:40,Rol de canela,97,Plaza Obelie,Viennoiserie,pza,15.0
I-EC6F78AB61,2026-09-11 18:28:41,Cheesecake de frutos rojos,120,Centro,Pasteles,pza,170.0
I-50392BA78F,2026-09-11 18:28:41,Tarta de frutas,150,Plaza Obelie,Pasteles,pza,155.0
I-DAA814D9A0,2026-09-11 18:28:42,Rol de canela,102,Plaza Obelie,Viennoiserie,pza,15.0
I-0A9E2CFB33,2026-09-11 18:28:42,Croissant de almendra,96,Sur,Viennoiserie,pza,18.0
I-EF0BA066DD,2026-09-11 18:28:43,Macaron mixto,123,Centro,Petit fours,pza,10.0
I-6204F697F8,2026-09-11 18:28:43,Macaron mixto,140,Plaza Obelie,Petit fours,pza,10.0
I-54930757E2,2026-09-11 18:28:44,Galleta de mantequilla,106,Norte,Reposteria,pza,6.0
I-AE4369C0A0,2026-09-11 18:28:45,Galleta de mantequilla,108,Norte,Reposteria,pza,6.0
I-9A8D0082D9,2026-09-11 18:28:45,Brownie nogada,175,Plaza Obelie,Reposteria,pza,20.0
I-71EEDCD89B,2026-09-11 18:28:46,Rol de canela,101,Plaza Obelie,Viennoiserie,pza,15.0
I-CAC739B4BD,2026-09-11 18:28:46,Rol de canela,157,Norte,Viennoiserie,pza,15.0
I-0D27D59834,2026-09-11 18:28:47,Croissant de almendra,179,Centro,Viennoiserie,pza,18.0
I-15C49BAE88,2026-09-11 18:28:47,Brownie nogada,104,Norte,Reposteria,pza,20.0
I-CB02D4FB04,2026-09-11 18:28:48,Tarta de frutas,159,Plaza Obelie,Pasteles,pza,155.0
I-119D4DABB8,2026-09-11 18:28:49,Rol de canela,139,Sur,Viennoiserie,pza,15.0
I-420900EC60,2026-09-11 18:28:49,Rol de canela,111,Plaza Obelie,Viennoiserie,pza,15.0
I-D33C0F62BB,2026-09-11 18:28:50,Macaron mixto,150,Norte,Petit fours,pza,10.0
I-D879B75665,2026-09-11 18:28:51,Macaron mixto,177,Sur,Petit fours,pza,10.0
I-7522641880,2026-09-11 18:28:51,Baguette tradicional,175,Plaza Obelie,Panaderia,pza,9.0
I-6FE2ABCD0E,2026-09-11 18:28:52,Brownie nogada,120,Sur,Reposteria,pza,20.0
I-F94235C56A,2026-09-11 18:28:52,Pastel de chocolate,31,Norte,Pasteles,pza,150.0
I-1451B6E42F,2026-09-11 18:28:53,Baguette tradicional,154,Centro,Panaderia,pza,9.0
I-9791F312D3,2026-09-11 18:28:54,Baguette tradicional,177,Norte,Panaderia,pza,9.0
I-1D132FAF2E,2026-09-11 18:28:54,Tarta de frutas,142,Norte,Pasteles,pza,155.0
I-14FA64AB8A,2026-09-11 18:28:54,Tarta de frutas,111,Sur,Pasteles,pza,155.0
I-E990A1EF0B,2026-09-11 18:28:55,Galleta de mantequilla,84,Plaza Obelie,Reposteria,pza,6.0
I-677616705E,2026-09-11 18:28:55,Rol de canela,111,Plaza Obelie,Viennoiserie,pza,15.0
I-C65175B2A8,2026-09-11 18:28:56,Eclair de cafe,154,Plaza Obelie,Petit fours,pza,16.0
I-EFF8BA177D,2026-09-11 18:28:56,Macaron mixto,151,Plaza Obelie,Petit fours,pza,10.0
I-DE55AF650F,2026-09-11 18:28:57,Macaron mixto,161,Plaza Obelie,Petit fours,pza,10.0
I-D8528547AC,2026-09-11 18:28:58,Croissant de almendra,177,Centro,Viennoiserie,pza,18.0
I-65DB470A1B,2026-09-11 18:28:58,Galleta de mantequilla,90,Plaza Obelie,Reposteria,pza,6.0
I-C1975314D1,2026-09-11 18:28:59,Macaron mixto,119,Centro,Petit fours,pza,10.0
I-CD628545BF,2026-09-11 18:29:00,Croissant de almendra,93,Sur,Viennoiserie,pza,18.0
I-C540DA29F5,2026-09-11 18:29:00,Baguette tradicional,179,Plaza Obelie,Panaderia,pza,9.0
I-7833A37ED6,2026-09-11 18:29:01,Eclair de cafe,164,Sur,Petit fours,pza,16.0
I-D9845BF973,2026-09-11 18:29:01,Tarta de frutas,118,Sur,Pasteles,pza,155.0
I-F379B13BA4,2026-09-11 18:29:02,Brownie nogada,170,Plaza Obelie,Reposteria,pza,20.0
I-F2ED162E84,2026-09-11 18:29:02,Croissant de almendra,102,Sur,Viennoiserie,pza,18.0
I-C6094B2602,2026-09-11 18:29:03,Brownie nogada,120,Sur,Reposteria,pza,20.0
I-C7600D0FC5,2026-09-11 18:29:03,Brownie nogada,126,Sur,Reposteria,pza,20.0
I-ECAAAC00EE,2026-09-11 18:29:04,Pastel de chocolate,30,Norte,Pasteles,pza,150.0
I-8B498CFA91,2026-09-11 18:29:05,Macaron mixto,158,Plaza Obelie,Petit fours,pza,10.0
I-0368A4AF3B,2026-09-11 18:29:05,Galleta de mantequilla,106,Norte,Reposteria,pza,6.0
I-058F976E2D,2026-09-11 18:29:06,Macaron mixto,160,Norte,Petit fours,pza,10.0
I-750A6B3D6F,2026-09-11 18:29:06,Pastel de chocolate,105,Sur,Pasteles,pza,150.0
I-C3B5AB6A0F,2026-09-11 18:29:07,Baguette tradicional,179,Norte,Panaderia,pza,9.0
I-22CF0C3C9C,2026-09-11 18:29:07,Rol de canela,109,Centro,Viennoiserie,pza,15.0
I-6E2D11CBED,2026-09-11 18:29:08,Rol de canela,107,Centro,Viennoiserie,pza,15.0
I-BE1330F944,2026-09-11 18:29:08,Brownie nogada,112,Norte,Reposteria,pza,20.0
I-F01FCDAE57,2026-09-11 18:29:09,Croissant de almendra,177,Plaza Obelie,Viennoiserie,pza,18.0
I-A60294A00B,2026-09-11 18:29:09,Cheesecake de frutos rojos,123,Centro,Pasteles,pza,170.0
I-7A39371421,2026-09-11 18:29:10,Tarta de frutas,166,Plaza Obelie,Pasteles,pza,155.0
I-5CC98A4A31,2026-09-11 18:29:10,Tarta de frutas,69,Centro,Pasteles,pza,155.0
I-CC64E5EF54,2026-09-11 18:29:11,Croissant de almendra,174,Centro,Viennoiserie,pza,18.0
I-932ADA00B5,2026-09-11 18:29:12,Brownie nogada,108,Norte,Reposteria,pza,20.0
I-8728C0E3FB,2026-09-11 18:29:12,Galleta de mantequilla,115,Norte,Reposteria,pza,6.0
I-6008964DD0,2026-09-11 18:29:12,Macaron mixto,180,Sur,Petit fours,pza,10.0
I-184F55A91E,2026-09-11 18:29:13,Pastel de chocolate,163,Plaza Obelie,Pasteles,pza,150.0
I-3689704BBF,2026-09-11 18:29:14,Brownie nogada,125,Sur,Reposteria,pza,20.0
I-68C51EFA49,2026-09-11 18:29:14,Croissant de almendra,182,Centro,Viennoiserie,pza,18.0
I-C3FD834669,2026-09-11 18:29:15,Croissant de almendra,63,Norte,Viennoiserie,pza,18.0
I-A31D778F75,2026-09-11 18:29:15,Macaron mixto,122,Centro,Petit fours,pza,10.0
I-17EE0F7263,2026-09-11 18:29:16,Eclair de cafe,146,Plaza Obelie,Petit fours,pza,16.0
I-B2A54E29AC,2026-09-11 18:29:16,Croissant de almendra,182,Plaza Obelie,Viennoiserie,pza,18.0
I-97C8736662,2026-09-11 18:29:17,Pastel de chocolate,23,Norte,Pasteles,pza,150.0
I-D1FEF9D234,2026-09-11 18:29:18,Rol de canela,143,Sur,Viennoiserie,pza,15.0
I-F25AF19AD4,2026-09-11 18:29:18,Tarta de frutas,136,Norte,Pasteles,pza,155.0
I-787EED404C,2026-09-11 18:29:19,Macaron mixto,123,Centro,Petit fours,pza,10.0
I-20D19ABF18,2026-09-11 18:29:19,Tarta de frutas,176,Plaza Obelie,Pasteles,pza,155.0
I-F294D15C74,2026-09-11 18:29:20,Galleta de mantequilla,155,Sur,Reposteria,pza,6.0
I-19EEBEA896,2026-09-11 18:29:20,Brownie nogada,102,Norte,Reposteria,pza,20.0
I-8E28D66BC5,2026-09-11 18:29:21,Cheesecake de frutos rojos,116,Centro,Pasteles,pza,170.0
I-F9F8CB7222,2026-09-11 18:29:22,Eclair de cafe,167,Sur,Petit fours,pza,16.0
I-2A3AA96FF1,2026-09-11 18:29:22,Macaron mixto,127,Centro,Petit fours,pza,10.0
I-F84425B771,2026-09-11 18:29:23,Croissant de almendra,103,Sur,Viennoiserie,pza,18.0
I-B9003A25D9,2026-09-11 18:29:23,Macaron mixto,166,Norte,Petit fours,pza,10.0
I-3E7E90F802,2026-09-11 18:29:24,Croissant de almendra,95,Sur,Viennoiserie,pza,18.0
I-A3E49521EF,2026-09-11 18:29:24,Cheesecake de frutos rojos,121,Centro,Pasteles,pza,170.0
I-8870A024BB,2026-09-11 18:29:25,Eclair de cafe,165,Sur,Petit fours,pza,16.0
I-BCCE58F651,2026-09-11 18:29:25,Eclair de cafe,177,Sur,Petit fours,pza,16.0
I-43F21B51B1,2026-09-11 18:29:26,Eclair de cafe,186,Sur,Petit fours,pza,16.0
I-F3379AAF0F,2026-09-11 18:29:26,Rol de canela,120,Plaza Obelie,Viennoiserie,pza,15.0
I-4363086006,2026-09-11 18:29:27,Croissant de almendra,65,Norte,Viennoiserie,pza,18.0
I-A7A125250D,2026-09-11 18:29:27,Eclair de cafe,157,Plaza Obelie,Petit fours,pza,16.0
I-BA54CB1863,2026-09-11 18:29:28,Croissant de almendra,72,Norte,Viennoiserie,pza,18.0
I-97021396E7,2026-09-11 18:29:28,Baguette tradicional,180,Norte,Panaderia,pza,9.0
I-8F0730DD19,2026-09-11 18:29:29,Galleta de mantequilla,121,Norte,Reposteria,pza,6.0
I-063F7A5963,2026-09-11 18:29:30,Rol de canela,111,Centro,Viennoiserie,pza,15.0
I-02C97C966A,2026-09-11 18:29:30,Brownie nogada,177,Plaza Obelie,Reposteria,pza,20.0
I-98D4E73108,2026-09-11 18:29:31,Eclair de cafe,184,Sur,Petit fours,pza,16.0
I-1A1E6249EC,2026-09-11 18:29:31,Macaron mixto,174,Sur,Petit fours,pza,10.0
I-A397459B45,2026-09-11 18:29:32,Cheesecake de frutos rojos,125,Centro,Pasteles,pza,170.0
I-CC8E000367,2026-09-11 18:29:32,Tarta de frutas,110,Sur,Pasteles,pza,155.0
I-2DC5328D6F,2026-09-11 18:29:33,Tarta de frutas,104,Sur,Pasteles,pza,155.0
I-94B13A698F,2026-09-11 18:29:33,Rol de canela,155,Sur,Viennoiserie,pza,15.0
I-A14F34F480,2026-09-11 18:29:34,Tarta de frutas,78,Centro,Pasteles,pza,155.0
I-2D19A7F6A1,2026-09-11 18:29:34,Brownie nogada,120,Centro,Reposteria,pza,20.0
I-7A86E441D6,2026-09-11 18:29:35,Pastel de chocolate,168,Centro,Pasteles,pza,150.0
I-2097F755E1,2026-09-11 18:29:36,Eclair de cafe,194,Sur,Petit fours,pza,16.0
I-B12DAF24F7,2026-09-11 18:29:37,Croissant de almendra,94,Sur,Viennoiserie,pza,18.0
I-1BA4DC29EE,2026-09-11 18:29:37,Cheesecake de frutos rojos,88,Plaza Obelie,Pasteles,pza,170.0
I-F92E46D3FE,2026-09-11 18:29:38,Eclair de cafe,154,Centro,Petit fours,pza,16.0
I-0390101ED9,2026-09-11 18:29:38,Cheesecake de frutos rojos,143,Sur,Pasteles,pza,170.0
I-B102F7F8BC,2026-09-11 18:29:38,Rol de canela,105,Centro,Viennoiserie,pza,15.0
I-CB61283FFD,2026-09-11 18:29:39,Cheesecake de frutos rojos,147,Sur,Pasteles,pza,170.0
I-672040FEA3,2026-09-11 18:29:40,Tarta de frutas,172,Plaza Obelie,Pasteles,pza,155.0
I-8714FAAFB0,2026-09-11 18:29:41,Eclair de cafe,112,Norte,Petit fours,pza,16.0
I-12892DA75F,2026-09-11 18:29:41,Brownie nogada,186,Plaza Obelie,Reposteria,pza,20.0
I-84742C517F,2026-09-11 18:29:42,Eclair de cafe,166,Plaza Obelie,Petit fours,pza,16.0
I-E9C997FD35,2026-09-11 18:29:42,Cheesecake de frutos rojos,87,Plaza Obelie,Pasteles,pza,170.0
I-560AB8DDF1,2026-09-11 18:29:43,Brownie nogada,129,Sur,Reposteria,pza,20.0
I-E5790EC146,2026-09-11 18:29:44,Croissant de almendra,178,Plaza Obelie,Viennoiserie,pza,18.0
I-CEB347DD99,2026-09-11 18:29:44,Brownie nogada,179,Plaza Obelie,Reposteria,pza,20.0
I-88213FC904,2026-09-11 18:29:45,Tarta de frutas,71,Centro,Pasteles,pza,155.0
I-C02C024790,2026-09-11 18:29:46,Eclair de cafe,188,Sur,Petit fours,pza,16.0
I-4A64E37F6C,2026-09-11 18:29:46,Croissant de almendra,180,Centro,Viennoiserie,pza,18.0
I-2A2803A1F2,2026-09-11 18:29:47,Rol de canela,152,Sur,Viennoiserie,pza,15.0
I-4A68AC8057,2026-09-11 18:29:47,Croissant de almendra,83,Norte,Viennoiserie,pza,18.0
I-DD0D9CBAA4,2026-09-11 18:29:48,Baguette tradicional,100,Sur,Panaderia,pza,9.0
I-52C71067B8,2026-09-11 18:29:48,Brownie nogada,118,Centro,Reposteria,pza,20.0
I-2D905A1B0A,2026-09-11 18:29:49,Tarta de frutas,172,Plaza Obelie,Pasteles,pza,155.0
I-4B72CB9FD7,2026-09-11 18:29:49,Cheesecake de frutos rojos,97,Plaza Obelie,Pasteles,pza,170.0
I-11D30AEC2D,2026-09-11 18:29:50,Galleta de mantequilla,113,Norte,Reposteria,pza,6.0
I-68C9E67738,2026-09-11 18:29:50,Brownie nogada,172,Plaza Obelie,Reposteria,pza,20.0
I-B097D97603,2026-09-11 18:29:51,Brownie nogada,106,Norte,Reposteria,pza,20.0
I-56EF5F1595,2026-09-11 18:29:51,Macaron mixto,168,Norte,Petit fours,pza,10.0
I-E0595DAD35,2026-09-11 18:29:52,Croissant de almendra,173,Plaza Obelie,Viennoiserie,pza,18.0
I-0A28D8CDF4,2026-09-11 18:29:52,Croissant de almendra,99,Sur,Viennoiserie,pza,18.0
I-81988A1616,2026-09-11 18:29:53,Tarta de frutas,67,Centro,Pasteles,pza,155.0
I-1275F2CECF,2026-09-11 18:29:53,Tarta de frutas,145,Norte,Pasteles,pza,155.0
I-A5C672A921,2026-09-11 18:29:54,Brownie nogada,165,Plaza Obelie,Reposteria,pza,20.0
I-FF5B68E166,2026-09-11 18:29:54,Tarta de frutas,61,Centro,Pasteles,pza,155.0
I-AE1F136FFD,2026-09-11 18:29:55,Baguette tradicional,95,Sur,Panaderia,pza,9.0
I-8CB93EBD8C,2026-09-11 18:29:56,Brownie nogada,161,Plaza Obelie,Reposteria,pza,20.0
I-35F89DF873,2026-09-11 18:29:56,Pastel de chocolate,100,Sur,Pasteles,pza,150.0
I-ACE403D1A7,2026-09-11 18:29:57,Cheesecake de frutos rojos,106,Plaza Obelie,Pasteles,pza,170.0
I-63CD9A73C5,2026-09-11 18:29:57,Tarta de frutas,143,Norte,Pasteles,pza,155.0
I-A76D96B439,2026-09-11 18:29:58,Galleta de mantequilla,92,Plaza Obelie,Reposteria,pza,6.0
I-F39AC1134A,2026-09-11 18:29:58,Galleta de mantequilla,151,Centro,Reposteria,pza,6.0
I-152BC5EFB5,2026-09-11 18:29:59,Galleta de mantequilla,162,Sur,Reposteria,pza,6.0
I-73FD275882,2026-09-11 18:30:00,Baguette tradicional,104,Sur,Panaderia,pza,9.0
I-2A5E1F60DE,2026-09-11 18:30:00,Brownie nogada,117,Centro,Reposteria,pza,20.0
I-F13F28517A,2026-09-11 18:30:01,Croissant de almendra,172,Centro,Viennoiserie,pza,18.0
I-8080A15AFA,2026-09-11 18:30:02,Tarta de frutas,113,Sur,Pasteles,pza,155.0
I-F8B573D3A7,2026-09-11 18:30:02,Galleta de mantequilla,96,Plaza Obelie,Reposteria,pza,6.0
I-643D2406CF,2026-09-11 18:30:03,Tarta de frutas,152,Norte,Pasteles,pza,155.0
I-E413ED5A3D,2026-09-11 18:30:04,Eclair de cafe,189,Sur,Petit fours,pza,16.0
I-BD87E9E40B,2026-09-11 18:30:04,Baguette tradicional,147,Centro,Panaderia,pza,9.0
I-91173E327E,2026-09-11 18:30:05,Cheesecake de frutos rojos,72,Norte,Pasteles,pza,170.0
I-AB107AD806,2026-09-11 18:30:05,Baguette tradicional,108,Sur,Panaderia,pza,9.0
I-4707CDA92D,2026-09-11 18:30:06,Eclair de cafe,201,Sur,Petit fours,pza,16.0
I-8536762643,2026-09-11 18:30:06,Cheesecake de frutos rojos,77,Norte,Pasteles,pza,170.0
I-E72A528B74,2026-09-11 18:30:07,Galleta de mantequilla,148,Centro,Reposteria,pza,6.0
I-909FD33428,2026-09-11 18:30:07,Brownie nogada,122,Centro,Reposteria,pza,20.0
I-3023C6A894,2026-09-11 18:30:08,Baguette tradicional,180,Plaza Obelie,Panaderia,pza,9.0
I-30C4163CA4,2026-09-11 18:30:09,Rol de canela,132,Plaza Obelie,Viennoiserie,pza,15.0
I-B17766B5FD,2026-09-11 18:30:09,Pastel de chocolate,167,Plaza Obelie,Pasteles,pza,150.0
I-D536E9F498,2026-09-11 18:30:10,Baguette tradicional,111,Sur,Panaderia,pza,9.0
I-7EFE4B9FE8,2026-09-11 18:30:10,Baguette tradicional,180,Plaza Obelie,Panaderia,pza,9.0
I-C942EA1AF8,2026-09-11 18:30:11,Macaron mixto,126,Centro,Petit fours,pza,10.0
I-7DBFEC2905,2026-09-11 18:30:11,Cheesecake de frutos rojos,112,Plaza Obelie,Pasteles,pza,170.0
I-FD619557FF,2026-09-11 18:30:12,Cheesecake de frutos rojos,77,Norte,Pasteles,pza,170.0
I-B5FE1A27F7,2026-09-11 18:30:12,Tarta de frutas,161,Norte,Pasteles,pza,155.0
I-41E98E3A24,2026-09-11 18:30:13,Rol de canela,162,Sur,Viennoiserie,pza,15.0
I-377D2DF52E,2026-09-11 18:30:13,Macaron mixto,157,Plaza Obelie,Petit fours,pza,10.0
I-EA42F15F5F,2026-09-11 18:30:14,Tarta de frutas,158,Norte,Pasteles,pza,155.0
I-BC9C18B720,2026-09-11 18:30:14,Croissant de almendra,78,Norte,Viennoiserie,pza,18.0
I-9D1BA2D3E9,2026-09-11 18:30:15,Brownie nogada,171,Plaza Obelie,Reposteria,pza,20.0
I-9D65CDFE09,2026-09-11 18:30:15,Brownie nogada,113,Norte,Reposteria,pza,20.0
I-6F7A16FA6F,2026-09-11 18:30:16,Rol de canela,112,Centro,Viennoiserie,pza,15.0
I-91935C79A8,2026-09-11 18:30:17,Brownie nogada,120,Norte,Reposteria,pza,20.0
I-5A0E4E49C4,2026-09-11 18:30:17,Croissant de almendra,94,Sur,Viennoiserie,pza,18.0
I-16F93244C4,2026-09-11 18:30:17,Galleta de mantequilla,157,Sur,Reposteria,pza,6.0
I-D2E53AE2EF,2026-09-11 18:30:18,Macaron mixto,186,Sur,Petit fours,pza,10.0
I-A980A2A337,2026-09-11 18:30:18,Pastel de chocolate,27,Norte,Pasteles,pza,150.0
I-D96F27392F,2026-09-11 18:30:19,Galleta de mantequilla,89,Plaza Obelie,Reposteria,pza,6.0
I-7C23B3194F,2026-09-11 18:30:20,Pastel de chocolate,177,Plaza Obelie,Pasteles,pza,150.0
I-8F9E92CE74,2026-09-11 18:30:20,Rol de canela,174,Sur,Viennoiserie,pza,15.0
I-5EEC5AD364,2026-09-11 18:30:21,Baguette tradicional,140,Centro,Panaderia,pza,9.0
I-F04BFA2AD1,2026-09-11 18:30:22,Baguette tradicional,138,Centro,Panaderia,pza,9.0
I-EC67FC88C7,2026-09-11 18:30:22,Eclair de cafe,207,Sur,Petit fours,pza,16.0
I-F1045B139F,2026-09-11 18:30:23,Cheesecake de frutos rojos,153,Sur,Pasteles,pza,170.0
I-358A386FBA,2026-09-11 18:30:23,Brownie nogada,116,Norte,Reposteria,pza,20.0
I-C8A5DDD5FD,2026-09-11 18:30:24,Baguette tradicional,176,Plaza Obelie,Panaderia,pza,9.0
I-788BACD5C3,2026-09-11 18:30:24,Eclair de cafe,178,Plaza Obelie,Petit fours,pza,16.0
I-A0AF1E5B87,2026-09-11 18:30:24,Macaron mixto,186,Sur,Petit fours,pza,10.0
I-21CFF56048,2026-09-11 18:30:25,Croissant de almendra,169,Centro,Viennoiserie,pza,18.0
I-6B954CE4C3,2026-09-11 18:30:26,Croissant de almendra,185,Plaza Obelie,Viennoiserie,pza,18.0
I-13909CFC53,2026-09-11 18:30:26,Baguette tradicional,113,Sur,Panaderia,pza,9.0
I-F61A34C8DA,2026-09-11 18:30:27,Croissant de almendra,87,Norte,Viennoiserie,pza,18.0
I-EF5D0D089A,2026-09-11 18:30:27,Galleta de mantequilla,168,Sur,Reposteria,pza,6.0
I-40BAA2311B,2026-09-11 18:30:27,Brownie nogada,119,Centro,Reposteria,pza,20.0
I-791F0DDE96,2026-09-11 18:30:28,Cheesecake de frutos rojos,137,Centro,Pasteles,pza,170.0
I-4D48F8E7DD,2026-09-11 18:30:29,Eclair de cafe,150,Centro,Petit fours,pza,16.0
I-546F6D1CDE,2026-09-11 18:30:29,Pastel de chocolate,35,Norte,Pasteles,pza,150.0
I-7AB4D0ECEF,2026-09-11 18:30:30,Macaron mixto,173,Norte,Petit fours,pza,10.0
I-07C9CF69DB,2026-09-11 18:30:31,Baguette tradicional,180,Norte,Panaderia,pza,9.0
I-2AA070F3F7,2026-09-11 18:30:31,Tarta de frutas,168,Norte,Pasteles,pza,155.0
I-923A11EAC1,2026-09-11 18:30:32,Croissant de almendra,180,Plaza Obelie,Viennoiserie,pza,18.0
I-82F53ED869,2026-09-11 18:30:32,Croissant de almendra,171,Centro,Viennoiserie,pza,18.0
I-EAA24F836C,2026-09-11 18:30:33,Galleta de mantequilla,174,Sur,Reposteria,pza,6.0
I-9CD0A0F935,2026-09-11 18:30:34,Macaron mixto,160,Plaza Obelie,Petit fours,pza,10.0
I-1251E77CFE,2026-09-11 18:30:34,Macaron mixto,166,Plaza Obelie,Petit fours,pza,10.0
I-B7A122A7C4,2026-09-11 18:30:35,Croissant de almendra,93,Norte,Viennoiserie,pza,18.0
I-2F53B3F9C4,2026-09-11 18:30:35,Cheesecake de frutos rojos,118,Plaza Obelie,Pasteles,pza,170.0
I-4F0B1BFD53,2026-09-11 18:30:36,Eclair de cafe,159,Centro,Petit fours,pza,16.0
I-86A3F6B2F2,2026-09-11 18:30:37,Croissant de almendra,173,Centro,Viennoiserie,pza,18.0
I-6F590315AF,2026-09-11 18:30:37,Macaron mixto,173,Norte,Petit fours,pza,10.0
I-53CF2F8488,2026-09-11 18:30:38,Brownie nogada,127,Centro,Reposteria,pza,20.0
I-A584D148B3,2026-09-11 18:30:38,Macaron mixto,193,Sur,Petit fours,pza,10.0
I-9145F79C17,2026-09-11 18:30:39,Rol de canela,171,Sur,Viennoiserie,pza,15.0
I-FD82E65F78,2026-09-11 18:30:39,Tarta de frutas,57,Centro,Pasteles,pza,155.0
I-5F03CAFDAA,2026-09-11 18:30:40,Macaron mixto,138,Centro,Petit fours,pza,10.0
I-E71BF2865F,2026-09-11 18:30:40,Eclair de cafe,205,Sur,Petit fours,pza,16.0
I-567C3D61FD,2026-09-11 18:30:41,Macaron mixto,142,Centro,Petit fours,pza,10.0
I-600AE1A3E0,2026-09-11 18:30:41,Croissant de almendra,92,Sur,Viennoiserie,pza,18.0
I-2EFA389A90,2026-09-11 18:30:42,Galleta de mantequilla,89,Plaza Obelie,Reposteria,pza,6.0
I-AAB8FD21DC,2026-09-11 18:30:43,Baguette tradicional,189,Norte,Panaderia,pza,9.0
I-1E6CFE63AD,2026-09-11 18:30:43,Galleta de mantequilla,90,Plaza Obelie,Reposteria,pza,6.0
I-446D1B20CD,2026-09-11 18:30:44,Pastel de chocolate,164,Centro,Pasteles,pza,150.0
I-FDBF8CA935,2026-09-11 18:30:44,Macaron mixto,159,Plaza Obelie,Petit fours,pza,10.0
I-0DD57F56D8,2026-09-11 18:30:45,Galleta de mantequilla,169,Sur,Reposteria,pza,6.0
I-A895F3664A,2026-09-11 18:30:45,Baguette tradicional,187,Norte,Panaderia,pza,9.0
I-14B1C5DA17,2026-09-11 18:30:46,Tarta de frutas,111,Sur,Pasteles,pza,155.0
I-0FC5ECFBAC,2026-09-11 18:30:47,Baguette tradicional,113,Sur,Panaderia,pza,9.0
I-8577F0646B,2026-09-11 18:30:47,Eclair de cafe,199,Sur,Petit fours,pza,16.0
I-88488D39E8,2026-09-11 18:30:48,Brownie nogada,129,Centro,Reposteria,pza,20.0
I-1B23DF7C8A,2026-09-11 18:30:48,Macaron mixto,191,Sur,Petit fours,pza,10.0
I-F3638112E2,2026-09-11 18:30:49,Baguette tradicional,120,Sur,Panaderia,pza,9.0
I-F83B839F78,2026-09-11 18:30:49,Tarta de frutas,53,Centro,Pasteles,pza,155.0
I-021B3D8294,2026-09-11 18:30:50,Brownie nogada,169,Plaza Obelie,Reposteria,pza,20.0
I-2D1B68DC0C,2026-09-11 18:30:50,Croissant de almendra,101,Norte,Viennoiserie,pza,18.0
I-CAD955A0DF,2026-09-11 18:30:51,Eclair de cafe,167,Centro,Petit fours,pza,16.0
I-6E764E2699,2026-09-11 18:30:52,Tarta de frutas,53,Centro,Pasteles,pza,155.0
I-4CE8049024,2026-09-11 18:30:52,Eclair de cafe,200,Sur,Petit fours,pza,16.0
I-5E80E6CB5E,2026-09-11 18:30:53,Galleta de mantequilla,99,Plaza Obelie,Reposteria,pza,6.0
I-8E13803B20,2026-09-11 18:30:54,Eclair de cafe,210,Sur,Petit fours,pza,16.0
I-B83063B98A,2026-09-11 18:30:54,Galleta de mantequilla,145,Centro,Reposteria,pza,6.0
I-6A8B7E72FE,2026-09-11 18:30:55,Galleta de mantequilla,106,Plaza Obelie,Reposteria,pza,6.0
I-05F9C12480,2026-09-11 18:30:56,Pastel de chocolate,39,Norte,Pasteles,pza,150.0
I-C3AE968665,2026-09-11 18:30:56,Eclair de cafe,173,Centro,Petit fours,pza,16.0
I-0DB67A2BC4,2026-09-11 18:30:57,Tarta de frutas,180,Plaza Obelie,Pasteles,pza,155.0
I-EABD8FABA8,2026-09-11 18:30:57,Macaron mixto,144,Centro,Petit fours,pza,10.0
I-C5829C9AD9,2026-09-11 18:30:58,Macaron mixto,202,Sur,Petit fours,pza,10.0
I-1D13897D2B,2026-09-11 18:30:59,Macaron mixto,181,Norte,Petit fours,pza,10.0
I-9E0BBB10FD,2026-09-11 18:30:59,Croissant de almendra,178,Centro,Viennoiserie,pza,18.0
I-970D88B5D8,2026-09-11 18:31:00,Galleta de mantequilla,107,Norte,Reposteria,pza,6.0
I-D28A4F215C,2026-09-11 18:31:01,Croissant de almendra,191,Plaza Obelie,Viennoiserie,pza,18.0
I-DFA149E123,2026-09-11 18:31:01,Cheesecake de frutos rojos,144,Centro,Pasteles,pza,170.0
I-37F0C5097B,2026-09-11 18:31:02,Croissant de almendra,90,Sur,Viennoiserie,pza,18.0
I-45026A7C63,2026-09-11 18:31:02,Baguette tradicional,185,Plaza Obelie,Panaderia,pza,9.0
I-6BFD049024,2026-09-11 18:31:03,Cheesecake de frutos rojos,89,Norte,Pasteles,pza,170.0
I-EF778A1ACD,2026-09-11 18:31:04,Tarta de frutas,50,Centro,Pasteles,pza,155.0
I-0404291891,2026-09-11 18:31:04,Rol de canela,181,Sur,Viennoiserie,pza,15.0
I-2454EA60F0,2026-09-11 18:31:05,Macaron mixto,154,Centro,Petit fours,pza,10.0
I-004DBC1FE8,2026-09-11 18:31:05,Cheesecake de frutos rojos,96,Norte,Pasteles,pza,170.0
I-6EC2520C82,2026-09-11 18:31:06,Cheesecake de frutos rojos,113,Plaza Obelie,Pasteles,pza,170.0
I-CE7502A59C,2026-09-11 18:31:06,Rol de canela,190,Sur,Viennoiserie,pza,15.0
I-A4B53143B3,2026-09-11 18:31:07,Eclair de cafe,216,Sur,Petit fours,pza,16.0
I-68C00C91F7,2026-09-11 18:31:07,Galleta de mantequilla,179,Sur,Reposteria,pza,6.0
I-5BED49065D,2026-09-11 18:31:08,Tarta de frutas,45,Centro,Pasteles,pza,155.0
I-EBD5A62B74,2026-09-11 18:31:08,Galleta de mantequilla,182,Sur,Reposteria,pza,6.0
I-81E4B90DFB,2026-09-11 18:31:09,Macaron mixto,159,Centro,Petit fours,pza,10.0
I-2FAB186A22,2026-09-11 18:31:10,Pastel de chocolate,43,Norte,Pasteles,pza,150.0
I-1797782F7B,2026-09-11 18:31:11,Tarta de frutas,174,Norte,Pasteles,pza,155.0
I-542B7F0232,2026-09-11 18:31:11,Galleta de mantequilla,146,Centro,Reposteria,pza,6.0
I-7EFB270803,2026-09-11 18:31:12,Cheesecake de frutos rojos,99,Norte,Pasteles,pza,170.0
I-69ECA3C70C,2026-09-11 18:31:13,Tarta de frutas,179,Plaza Obelie,Pasteles,pza,155.0
I-4488BCB3E4,2026-09-11 18:31:13,Macaron mixto,169,Centro,Petit fours,pza,10.0
I-822735715D,2026-09-11 18:31:14,Pastel de chocolate,159,Centro,Pasteles,pza,150.0
I-CF6556AD83,2026-09-11 18:31:15,Tarta de frutas,106,Sur,Pasteles,pza,155.0
I-A3063CBC98,2026-09-11 18:31:15,Baguette tradicional,199,Norte,Panaderia,pza,9.0
I-4AF390F0FE,2026-09-11 18:31:15,Croissant de almendra,85,Sur,Viennoiserie,pza,18.0
I-C3D61209B3,2026-09-11 18:31:16,Macaron mixto,159,Plaza Obelie,Petit fours,pza,10.0
I-6147D92419,2026-09-11 18:31:17,Eclair de cafe,115,Norte,Petit fours,pza,16.0
I-33334E6C6C,2026-09-11 18:31:17,Croissant de almendra,188,Plaza Obelie,Viennoiserie,pza,18.0
I-A8BC91A355,2026-09-11 18:31:18,Pastel de chocolate,186,Plaza Obelie,Pasteles,pza,150.0
I-66F0C17373,2026-09-11 18:31:19,Eclair de cafe,119,Norte,Petit fours,pza,16.0
I-718949A555,2026-09-11 18:31:19,Croissant de almendra,92,Sur,Viennoiserie,pza,18.0
I-5EFFA72FA9,2026-09-11 18:31:20,Macaron mixto,199,Sur,Petit fours,pza,10.0
I-8B60F28DD9,2026-09-11 18:31:20,Galleta de mantequilla,186,Sur,Reposteria,pza,6.0
I-454B49900A,2026-09-11 18:31:21,Galleta de mantequilla,114,Plaza Obelie,Reposteria,pza,6.0
I-0E04034DF5,2026-09-11 18:31:22,Eclair de cafe,115,Norte,Petit fours,pza,16.0
I-10AEA7C842,2026-09-11 18:31:22,Tarta de frutas,102,Sur,Pasteles,pza,155.0
I-8E300349A7,2026-09-11 18:31:23,Pastel de chocolate,53,Norte,Pasteles,pza,150.0
I-AD3566A5AC,2026-09-11 18:31:24,Tarta de frutas,50,Centro,Pasteles,pza,155.0
I-E0C9D4B3BD,2026-09-11 18:31:25,Pastel de chocolate,92,Sur,Pasteles,pza,150.0
I-7D78404EE5,2026-09-11 18:31:25,Croissant de almendra,199,Plaza Obelie,Viennoiserie,pza,18.0
I-AE7FC9E6E2,2026-09-11 18:31:26,Tarta de frutas,175,Plaza Obelie,Pasteles,pza,155.0
I-DA55193886,2026-09-11 18:31:26,Cheesecake de frutos rojos,154,Centro,Pasteles,pza,170.0
I-A0ADAEF576,2026-09-11 18:31:27,Cheesecake de frutos rojos,146,Sur,Pasteles,pza,170.0
I-5EA2CF644D,2026-09-11 18:31:27,Baguette tradicional,194,Norte,Panaderia,pza,9.0
I-D12706F231,2026-09-11 18:31:28,Tarta de frutas,102,Sur,Pasteles,pza,155.0
I-29B4D0CD87,2026-09-11 18:31:29,Brownie nogada,133,Centro,Reposteria,pza,20.0
I-400E2B2D84,2026-09-11 18:31:29,Macaron mixto,203,Sur,Petit fours,pza,10.0
I-75006EFC1C,2026-09-11 18:31:30,Brownie nogada,128,Centro,Reposteria,pza,20.0
I-B7EB78135D,2026-09-11 18:31:30,Brownie nogada,134,Centro,Reposteria,pza,20.0
I-B80F16E8DE,2026-09-11 18:31:31,Pastel de chocolate,86,Sur,Pasteles,pza,150.0
I-C420ED03B6,2026-09-11 18:31:31,Eclair de cafe,217,Sur,Petit fours,pza,16.0
I-AB157D1778,2026-09-11 18:31:32,Pastel de chocolate,83,Sur,Pasteles,pza,150.0
I-7E68746261,2026-09-11 18:31:33,Eclair de cafe,184,Centro,Petit fours,pza,16.0
I-17959E2122,2026-09-11 18:31:33,Croissant de almendra,176,Centro,Viennoiserie,pza,18.0
I-651F73EF1F,2026-09-11 18:31:34,Macaron mixto,200,Sur,Petit fours,pza,10.0
I-1E6B26BD75,2026-09-11 18:31:34,Baguette tradicional,187,Plaza Obelie,Panaderia,pza,9.0
I-4F5845000C,2026-09-11 18:31:35,Baguette tradicional,192,Plaza Obelie,Panaderia,pza,9.0
I-F856027C06,2026-09-11 18:31:36,Macaron mixto,158,Plaza Obelie,Petit fours,pza,10.0
I-7FA4205B7A,2026-09-11 18:31:36,Baguette tradicional,115,Sur,Panaderia,pza,9.0
I-F6EBF4D4B1,2026-09-11 18:31:37,Pastel de chocolate,160,Centro,Pasteles,pza,150.0
I-EC3DF4A466,2026-09-11 18:31:38,Cheesecake de frutos rojos,142,Sur,Pasteles,pza,170.0
I-2923C2F2B4,2026-09-11 18:31:38,Eclair de cafe,180,Plaza Obelie,Petit fours,pza,16.0
I-93124F137F,2026-09-11 18:31:39,Galleta de mantequilla,157,Centro,Reposteria,pza,6.0
I-41A4E9DC4A,2026-09-11 18:31:39,Croissant de almendra,203,Plaza Obelie,Viennoiserie,pza,18.0
I-8B41160355,2026-09-11 18:31:40,Cheesecake de frutos rojos,148,Sur,Pasteles,pza,170.0
I-554516C029,2026-09-11 18:31:41,Baguette tradicional,146,Centro,Panaderia,pza,9.0
I-DEE8181BA2,2026-09-11 18:31:41,Tarta de frutas,182,Norte,Pasteles,pza,155.0
I-AF447A8824,2026-09-11 18:31:42,Eclair de cafe,188,Plaza Obelie,Petit fours,pza,16.0
I-F6A4B1040F,2026-09-11 18:31:43,Croissant de almendra,215,Plaza Obelie,Viennoiserie,pza,18.0
I-5A520DE148,2026-09-11 18:31:43,Macaron mixto,168,Centro,Petit fours,pza,10.0
I-F8BC104528,2026-09-11 18:31:44,Tarta de frutas,44,Centro,Pasteles,pza,155.0
I-DD115A8A61,2026-09-11 18:31:44,Brownie nogada,125,Sur,Reposteria,pza,20.0
I-3F1686E458,2026-09-11 18:31:45,Rol de canela,110,Centro,Viennoiserie,pza,15.0
I-82276CF08B,2026-09-11 18:31:45,Croissant de almendra,103,Norte,Viennoiserie,pza,18.0
I-6DA5C2498E,2026-09-11 18:31:46,Eclair de cafe,188,Plaza Obelie,Petit fours,pza,16.0
I-E8ACE2B344,2026-09-11 18:31:46,Pastel de chocolate,89,Sur,Pasteles,pza,150.0
I-91701F2021,2026-09-11 18:31:47,Rol de canela,165,Norte,Viennoiserie,pza,15.0
I-B884436695,2026-09-11 18:31:47,Rol de canela,107,Centro,Viennoiserie,pza,15.0
I-ED103DDEA5,2026-09-11 18:31:48,Eclair de cafe,127,Norte,Petit fours,pza,16.0
I-D240462F7D,2026-09-11 18:31:49,Galleta de mantequilla,115,Norte,Reposteria,pza,6.0
I-768DB342C0,2026-09-11 18:31:49,Eclair de cafe,136,Norte,Petit fours,pza,16.0
I-C842626D30,2026-09-11 18:31:50,Tarta de frutas,185,Norte,Pasteles,pza,155.0
I-C50F00BF65,2026-09-11 18:31:50,Rol de canela,112,Centro,Viennoiserie,pza,15.0
I-E956EE8170,2026-09-11 18:31:51,Croissant de almendra,188,Centro,Viennoiserie,pza,18.0
I-9C5138B427,2026-09-11 18:31:51,Eclair de cafe,133,Norte,Petit fours,pza,16.0
I-BD49E97293,2026-09-11 18:31:52,Cheesecake de frutos rojos,106,Norte,Pasteles,pza,170.0
I-A7CD599E42,2026-09-11 18:31:53,Brownie nogada,171,Plaza Obelie,Reposteria,pza,20.0
I-60474A0341,2026-09-11 18:31:53,Galleta de mantequilla,115,Plaza Obelie,Reposteria,pza,6.0
I-31D09CC93B,2026-09-11 18:31:54,Tarta de frutas,170,Plaza Obelie,Pasteles,pza,155.0
I-4B0F38E79D,2026-09-11 18:31:55,Tarta de frutas,39,Centro,Pasteles,pza,155.0
I-B7EFD2E3FE,2026-09-11 18:31:55,Tarta de frutas,111,Sur,Pasteles,pza,155.0
I-FE24FA88AB,2026-09-11 18:31:56,Brownie nogada,110,Norte,Reposteria,pza,20.0
I-12A6DCDA5C,2026-09-11 18:31:56,Eclair de cafe,194,Plaza Obelie,Petit fours,pza,16.0
I-7EC22C2B6E,2026-09-11 18:31:57,Croissant de almendra,93,Sur,Viennoiserie,pza,18.0
I-0B921437E1,2026-09-11 18:31:58,Cheesecake de frutos rojos,157,Centro,Pasteles,pza,170.0
I-3A48495DE2,2026-09-11 18:31:58,Cheesecake de frutos rojos,111,Plaza Obelie,Pasteles,pza,170.0
I-060BE3C2C7,2026-09-11 18:31:59,Pastel de chocolate,198,Plaza Obelie,Pasteles,pza,150.0
I-6050AB620F,2026-09-11 18:31:59,Croissant de almendra,94,Sur,Viennoiserie,pza,18.0
I-4C02AF0312,2026-09-11 18:32:00,Brownie nogada,127,Centro,Reposteria,pza,20.0
I-F5E6F5E1E7,2026-09-11 18:32:00,Cheesecake de frutos rojos,168,Centro,Pasteles,pza,170.0
I-98113E8E87,2026-09-11 18:32:01,Cheesecake de frutos rojos,117,Norte,Pasteles,pza,170.0
I-0E883322A2,2026-09-11 18:32:01,Eclair de cafe,125,Norte,Petit fours,pza,16.0
I-AE8B7DF1B7,2026-09-11 18:32:02,Brownie nogada,134,Centro,Reposteria,pza,20.0
I-1D4D4245E7,2026-09-11 18:32:03,Brownie nogada,177,Plaza Obelie,Reposteria,pza,20.0
I-66676D9014,2026-09-11 18:32:03,Cheesecake de frutos rojos,121,Plaza Obelie,Pasteles,pza,170.0
I-D10A28A768,2026-09-11 18:32:04,Brownie nogada,121,Sur,Reposteria,pza,20.0
I-699765C32A,2026-09-11 18:32:04,Pastel de chocolate,100,Sur,Pasteles,pza,150.0
I-2B17325019,2026-09-11 18:32:05,Rol de canela,176,Norte,Viennoiserie,pza,15.0
I-CB75E65F60,2026-09-11 18:32:05,Brownie nogada,127,Sur,Reposteria,pza,20.0
I-70504747A8,2026-09-11 18:32:06,Rol de canela,109,Centro,Viennoiserie,pza,15.0
I-A0F30B187A,2026-09-11 18:32:06,Croissant de almendra,89,Sur,Viennoiserie,pza,18.0
I-74214CCBE3,2026-09-11 18:32:07,Brownie nogada,128,Sur,Reposteria,pza,20.0
I-2E648EBB05,2026-09-11 18:32:08,Cheesecake de frutos rojos,125,Norte,Pasteles,pza,170.0
I-9B7F7D146A,2026-09-11 18:32:08,Rol de canela,201,Sur,Viennoiserie,pza,15.0
I-B6D6C5F0DF,2026-09-11 18:32:08,Galleta de mantequilla,163,Centro,Reposteria,pza,6.0
I-7BE5F78428,2026-09-11 18:32:09,Rol de canela,210,Sur,Viennoiserie,pza,15.0
I-F4AD5F6761,2026-09-11 18:32:10,Rol de canela,217,Sur,Viennoiserie,pza,15.0
I-A84E939F82,2026-09-11 18:32:10,Rol de canela,218,Sur,Viennoiserie,pza,15.0
I-91685AE310,2026-09-11 18:32:11,Eclair de cafe,220,Sur,Petit fours,pza,16.0
I-C86C0985D4,2026-09-11 18:32:12,Baguette tradicional,199,Plaza Obelie,Panaderia,pza,9.0
I-B3F6CF5A48,2026-09-11 18:32:12,Brownie nogada,130,Sur,Reposteria,pza,20.0
I-333069DFA5,2026-09-11 18:32:13,Cheesecake de frutos rojos,121,Plaza Obelie,Pasteles,pza,170.0
I-53107947EA,2026-09-11 18:32:13,Macaron mixto,197,Sur,Petit fours,pza,10.0
I-9D382FFF08,2026-09-11 18:32:14,Tarta de frutas,191,Norte,Pasteles,pza,155.0
I-F84AE444F5,2026-09-11 18:32:14,Pastel de chocolate,209,Plaza Obelie,Pasteles,pza,150.0
I-3579B51AB2,2026-09-11 18:32:15,Brownie nogada,189,Plaza Obelie,Reposteria,pza,20.0
I-EE16F53D36,2026-09-11 18:32:15,Brownie nogada,195,Plaza Obelie,Reposteria,pza,20.0
I-EC41CB3C9E,2026-09-11 18:32:16,Tarta de frutas,167,Plaza Obelie,Pasteles,pza,155.0
I-3163D5F9F1,2026-09-11 18:32:16,Galleta de mantequilla,120,Norte,Reposteria,pza,6.0
I-8D9547117F,2026-09-11 18:32:17,Baguette tradicional,208,Plaza Obelie,Panaderia,pza,9.0
I-1D700126CA,2026-09-11 18:32:17,Galleta de mantequilla,171,Centro,Reposteria,pza,6.0
I-29447B191E,2026-09-11 18:32:18,Baguette tradicional,121,Sur,Panaderia,pza,9.0
I-1D6F69D290,2026-09-11 18:32:19,Baguette tradicional,196,Norte,Panaderia,pza,9.0
I-167E880CA2,2026-09-11 18:32:19,Baguette tradicional,200,Plaza Obelie,Panaderia,pza,9.0
I-5AB5542B50,2026-09-11 18:32:20,Tarta de frutas,179,Plaza Obelie,Pasteles,pza,155.0
I-5C5B34D743,2026-09-11 18:32:20,Rol de canela,136,Plaza Obelie,Viennoiserie,pza,15.0
I-5F869F2532,2026-09-11 18:32:21,Macaron mixto,191,Sur,Petit fours,pza,10.0
I-B77DBA5613,2026-09-11 18:32:22,Croissant de almendra,82,Sur,Viennoiserie,pza,18.0
I-D0EE65FF3B,2026-09-11 18:32:22,Pastel de chocolate,221,Plaza Obelie,Pasteles,pza,150.0
I-E21C3D24BA,2026-09-11 18:32:23,Macaron mixto,169,Centro,Petit fours,pza,10.0
I-D79CC9C467,2026-09-11 18:32:23,Rol de canela,173,Norte,Viennoiserie,pza,15.0
I-DD3FBDD8C9,2026-09-11 18:32:24,Rol de canela,109,Centro,Viennoiserie,pza,15.0
I-0CB9E669DB,2026-09-11 18:32:25,Baguette tradicional,197,Norte,Panaderia,pza,9.0
I-312022E908,2026-09-11 18:32:26,Rol de canela,223,Sur,Viennoiserie,pza,15.0
I-564DBFEB8F,2026-09-11 18:32:26,Pastel de chocolate,217,Plaza Obelie,Pasteles,pza,150.0
I-D570B7EC89,2026-09-11 18:32:26,Brownie nogada,194,Plaza Obelie,Reposteria,pza,20.0
I-99486E8086,2026-09-11 18:32:27,Cheesecake de frutos rojos,115,Plaza Obelie,Pasteles,pza,170.0
I-32D9F485B0,2026-09-11 18:32:27,Eclair de cafe,130,Norte,Petit fours,pza,16.0
I-66563F3A0D,2026-09-11 18:32:28,Tarta de frutas,45,Centro,Pasteles,pza,155.0
I-DEA5896371,2026-09-11 18:32:29,Rol de canela,217,Sur,Viennoiserie,pza,15.0
I-84C266A6AD,2026-09-11 18:32:29,Cheesecake de frutos rojos,146,Sur,Pasteles,pza,170.0
I-726DC92907,2026-09-11 18:32:30,Tarta de frutas,187,Plaza Obelie,Pasteles,pza,155.0
I-1DC990138D,2026-09-11 18:32:31,Rol de canela,112,Centro,Viennoiserie,pza,15.0
I-695AE42E80,2026-09-11 18:32:31,Galleta de mantequilla,116,Plaza Obelie,Reposteria,pza,6.0
I-2F535F4D57,2026-09-11 18:32:32,Eclair de cafe,188,Centro,Petit fours,pza,16.0
I-345E726DAD,2026-09-11 18:32:33,Macaron mixto,180,Norte,Petit fours,pza,10.0
I-0CACD2B5CB,2026-09-11 18:32:33,Baguette tradicional,141,Centro,Panaderia,pza,9.0
I-258EFE1F31,2026-09-11 18:32:34,Macaron mixto,161,Centro,Petit fours,pza,10.0
I-0AA64B42F0,2026-09-11 18:32:34,Tarta de frutas,197,Plaza Obelie,Pasteles,pza,155.0
I-9EB7B6D149,2026-09-11 18:32:35,Tarta de frutas,191,Plaza Obelie,Pasteles,pza,155.0
I-E5CB0696D8,2026-09-11 18:32:35,Brownie nogada,128,Centro,Reposteria,pza,20.0
I-13FFEE15B1,2026-09-11 18:32:36,Baguette tradicional,192,Plaza Obelie,Panaderia,pza,9.0
I-2DC74FE601,2026-09-11 18:32:37,Croissant de almendra,185,Centro,Viennoiserie,pza,18.0
I-5700827F79,2026-09-11 18:32:37,Pastel de chocolate,56,Norte,Pasteles,pza,150.0
I-F79D576BD0,2026-09-11 18:32:38,Cheesecake de frutos rojos,154,Sur,Pasteles,pza,170.0
I-CF4C4E75F6,2026-09-11 18:32:38,Croissant de almendra,214,Plaza Obelie,Viennoiserie,pza,18.0
I-10BD09D8DE,2026-09-11 18:32:39,Tarta de frutas,188,Plaza Obelie,Pasteles,pza,155.0
I-475CB2B5A1,2026-09-11 18:32:40,Eclair de cafe,220,Sur,Petit fours,pza,16.0
I-2F648F3BE0,2026-09-11 18:32:40,Baguette tradicional,194,Plaza Obelie,Panaderia,pza,9.0
I-8E8BAE411F,2026-09-11 18:32:41,Eclair de cafe,214,Sur,Petit fours,pza,16.0
I-AAFF199ABA,2026-09-11 18:32:42,Baguette tradicional,186,Plaza Obelie,Panaderia,pza,9.0
I-4C5ED8B7B0,2026-09-11 18:32:42,Croissant de almendra,76,Sur,Viennoiserie,pza,18.0
I-A5E04541FD,2026-09-11 18:32:43,Cheesecake de frutos rojos,118,Plaza Obelie,Pasteles,pza,170.0
I-CDE5432C3E,2026-09-11 18:32:43,Galleta de mantequilla,167,Centro,Reposteria,pza,6.0
I-58C8DD49B8,2026-09-11 18:32:44,Brownie nogada,137,Centro,Reposteria,pza,20.0
I-6703B96288,2026-09-11 18:32:45,Tarta de frutas,56,Centro,Pasteles,pza,155.0
I-5641331A22,2026-09-11 18:32:45,Macaron mixto,189,Norte,Petit fours,pza,10.0
I-7B5B607DD7,2026-09-11 18:32:46,Cheesecake de frutos rojos,157,Sur,Pasteles,pza,170.0
I-6119BB3CFD,2026-09-11 18:32:46,Baguette tradicional,138,Centro,Panaderia,pza,9.0
I-F3F4077BC2,2026-09-11 18:32:47,Macaron mixto,167,Centro,Petit fours,pza,10.0
I-ECCC9B53C6,2026-09-11 18:32:48,Eclair de cafe,181,Centro,Petit fours,pza,16.0
I-C8A30050B2,2026-09-11 18:32:48,Rol de canela,111,Centro,Viennoiserie,pza,15.0
I-6F93F253C6,2026-09-11 18:32:49,Brownie nogada,200,Plaza Obelie,Reposteria,pza,20.0
I-92CBCAE0AF,2026-09-11 18:32:49,Brownie nogada,129,Centro,Reposteria,pza,20.0
I-98B5F7E2A1,2026-09-11 18:32:50,Macaron mixto,167,Plaza Obelie,Petit fours,pza,10.0
I-6FF3109F63,2026-09-11 18:32:50,Tarta de frutas,185,Plaza Obelie,Pasteles,pza,155.0
I-4C6A76DDB8,2026-09-11 18:32:51,Cheesecake de frutos rojos,177,Centro,Pasteles,pza,170.0
I-FCA67AF318,2026-09-11 18:32:52,Croissant de almendra,111,Norte,Viennoiserie,pza,18.0
I-EC52FEBCAD,2026-09-11 18:32:52,Brownie nogada,201,Plaza Obelie,Reposteria,pza,20.0
I-4A1C2E4712,2026-09-11 18:32:53,Baguette tradicional,148,Centro,Panaderia,pza,9.0
I-1FC4D22666,2026-09-11 18:32:53,Galleta de mantequilla,194,Sur,Reposteria,pza,6.0
I-8CFA1B0C7A,2026-09-11 18:32:54,Galleta de mantequilla,177,Centro,Reposteria,pza,6.0
I-2CDFBD8D64,2026-09-11 18:32:55,Galleta de mantequilla,186,Sur,Reposteria,pza,6.0
I-FBC62710CD,2026-09-11 18:32:55,Cheesecake de frutos rojos,170,Centro,Pasteles,pza,170.0
I-BAD88D63D8,2026-09-11 18:32:56,Galleta de mantequilla,185,Sur,Reposteria,pza,6.0
I-B6B4C2D779,2026-09-11 18:32:56,Macaron mixto,159,Plaza Obelie,Petit fours,pza,10.0
I-12F29FCE7D,2026-09-11 18:32:57,Baguette tradicional,199,Norte,Panaderia,pza,9.0
I-EEB14E245C,2026-09-11 18:32:58,Brownie nogada,112,Norte,Reposteria,pza,20.0
I-57A414BBB6,2026-09-11 18:32:58,Galleta de mantequilla,180,Centro,Reposteria,pza,6.0
I-E45675DA30,2026-09-11 18:32:59,Pastel de chocolate,52,Norte,Pasteles,pza,150.0
I-042C8D36BF,2026-09-11 18:32:59,Galleta de mantequilla,121,Norte,Reposteria,pza,6.0
I-585DBEB041,2026-09-11 18:33:00,Macaron mixto,168,Centro,Petit fours,pza,10.0
I-0ED12D45AB,2026-09-11 18:33:00,Eclair de cafe,141,Norte,Petit fours,pza,16.0
I-962BB747D8,2026-09-11 18:33:01,Pastel de chocolate,104,Sur,Pasteles,pza,150.0
I-09CF776DDE,2026-09-11 18:33:02,Cheesecake de frutos rojos,160,Sur,Pasteles,pza,170.0
I-60450B2AC1,2026-09-11 18:33:02,Baguette tradicional,143,Centro,Panaderia,pza,9.0
I-4F420EED90,2026-09-11 18:33:03,Cheesecake de frutos rojos,125,Norte,Pasteles,pza,170.0
I-7600D70765,2026-09-11 18:33:04,Cheesecake de frutos rojos,174,Centro,Pasteles,pza,170.0
I-084AA199A4,2026-09-11 18:33:04,Brownie nogada,198,Plaza Obelie,Reposteria,pza,20.0
I-374AE8846E,2026-09-11 18:33:05,Macaron mixto,168,Plaza Obelie,Petit fours,pza,10.0
I-63197E7561,2026-09-11 18:33:05,Tarta de frutas,66,Centro,Pasteles,pza,155.0
I-724A8DFA59,2026-09-11 18:33:06,Galleta de mantequilla,190,Centro,Reposteria,pza,6.0
I-48F996A2A6,2026-09-11 18:33:07,Croissant de almendra,76,Sur,Viennoiserie,pza,18.0
I-AB156B9371,2026-09-11 18:33:07,Cheesecake de frutos rojos,129,Plaza Obelie,Pasteles,pza,170.0
I-FF667F98D8,2026-09-11 18:33:08,Pastel de chocolate,110,Sur,Pasteles,pza,150.0
I-857982FCA4,2026-09-11 18:33:08,Rol de canela,113,Centro,Viennoiserie,pza,15.0
I-9F5230ECD3,2026-09-11 18:33:09,Tarta de frutas,68,Centro,Pasteles,pza,155.0
I-33EDBB9B24,2026-09-11 18:33:09,Croissant de almendra,186,Centro,Viennoiserie,pza,18.0
I-15E3D804E1,2026-09-11 18:33:10,Croissant de almendra,221,Plaza Obelie,Viennoiserie,pza,18.0
I-9DBDEB99A0,2026-09-11 18:33:11,Brownie nogada,106,Norte,Reposteria,pza,20.0
I-5C8E77A9BD,2026-09-11 18:33:11,Tarta de frutas,185,Norte,Pasteles,pza,155.0
I-190F7ABA37,2026-09-11 18:33:12,Brownie nogada,204,Plaza Obelie,Reposteria,pza,20.0
I-B89D815963,2026-09-11 18:33:13,Macaron mixto,166,Plaza Obelie,Petit fours,pza,10.0
I-8AF097E8AA,2026-09-11 18:33:14,Tarta de frutas,183,Plaza Obelie,Pasteles,pza,155.0
I-0406DE34AE,2026-09-11 18:33:14,Brownie nogada,110,Norte,Reposteria,pza,20.0
I-B9C4B79276,2026-09-11 18:33:15,Croissant de almendra,72,Sur,Viennoiserie,pza,18.0
I-EC49D18A1F,2026-09-11 18:33:16,Croissant de almendra,224,Plaza Obelie,Viennoiserie,pza,18.0
I-8EB055DEE9,2026-09-11 18:33:16,Macaron mixto,175,Centro,Petit fours,pza,10.0
I-84DB8FA9F6,2026-09-11 18:33:17,Baguette tradicional,143,Centro,Panaderia,pza,9.0
I-7B22C682F8,2026-09-11 18:33:17,Brownie nogada,122,Sur,Reposteria,pza,20.0
I-D367B127A2,2026-09-11 18:33:18,Tarta de frutas,119,Sur,Pasteles,pza,155.0
I-168C8B5625,2026-09-11 18:33:19,Croissant de almendra,106,Norte,Viennoiserie,pza,18.0
I-471E671DC2,2026-09-11 18:33:19,Tarta de frutas,113,Sur,Pasteles,pza,155.0
I-6AA2C7E9BA,2026-09-11 18:33:20,Brownie nogada,123,Centro,Reposteria,pza,20.0
I-3B398A2941,2026-09-11 18:33:20,Baguette tradicional,192,Norte,Panaderia,pza,9.0
I-C59F508D83,2026-09-11 18:33:21,Cheesecake de frutos rojos,182,Centro,Pasteles,pza,170.0
I-95A75B10F6,2026-09-11 18:33:21,Macaron mixto,164,Plaza Obelie,Petit fours,pza,10.0
I-92C47DC9B2,2026-09-11 18:33:22,Brownie nogada,119,Sur,Reposteria,pza,20.0
I-C64DBCA2CB,2026-09-11 18:33:23,Rol de canela,115,Centro,Viennoiserie,pza,15.0
I-D38B5FB0CE,2026-09-11 18:33:23,Cheesecake de frutos rojos,165,Sur,Pasteles,pza,170.0
I-E86F631C4F,2026-09-11 18:33:24,Baguette tradicional,198,Norte,Panaderia,pza,9.0
I-B70D135DE2,2026-09-11 18:33:25,Macaron mixto,169,Centro,Petit fours,pza,10.0
I-3A02DDFE8A,2026-09-11 18:33:26,Baguette tradicional,187,Plaza Obelie,Panaderia,pza,9.0
I-F7713CBE15,2026-09-11 18:33:26,Brownie nogada,207,Plaza Obelie,Reposteria,pza,20.0
I-FBF9E00CB9,2026-09-11 18:33:27,Tarta de frutas,190,Plaza Obelie,Pasteles,pza,155.0
I-85757EF4FD,2026-09-11 18:33:28,Eclair de cafe,135,Norte,Petit fours,pza,16.0
I-50EDE5121C,2026-09-11 18:33:28,Brownie nogada,123,Centro,Reposteria,pza,20.0
I-5A433A6DA1,2026-09-11 18:33:29,Croissant de almendra,233,Plaza Obelie,Viennoiserie,pza,18.0
I-4EACFE6742,2026-09-11 18:33:29,Galleta de mantequilla,193,Centro,Reposteria,pza,6.0
I-5EBC37FA5E,2026-09-11 18:33:30,Galleta de mantequilla,122,Norte,Reposteria,pza,6.0
I-60043AE583,2026-09-11 18:33:30,Macaron mixto,185,Norte,Petit fours,pza,10.0
I-C35A4C7999,2026-09-11 18:33:31,Tarta de frutas,184,Plaza Obelie,Pasteles,pza,155.0
I-BBBC22A64D,2026-09-11 18:33:31,Macaron mixto,187,Norte,Petit fours,pza,10.0
I-B57E9F90F2,2026-09-11 18:33:32,Cheesecake de frutos rojos,177,Centro,Pasteles,pza,170.0
I-2DD58E8B29,2026-09-11 18:33:32,Galleta de mantequilla,131,Norte,Reposteria,pza,6.0
I-94A1E710FB,2026-09-11 18:33:33,Galleta de mantequilla,181,Sur,Reposteria,pza,6.0
I-60FAD9A89C,2026-09-11 18:33:33,Croissant de almendra,68,Sur,Viennoiserie,pza,18.0
I-18E8D6DB70,2026-09-11 18:33:34,Macaron mixto,175,Plaza Obelie,Petit fours,pza,10.0
I-AE5BAC546A,2026-09-11 18:33:34,Pastel de chocolate,221,Plaza Obelie,Pasteles,pza,150.0
I-ED884BF3ED,2026-09-11 18:33:35,Rol de canela,147,Plaza Obelie,Viennoiserie,pza,15.0
I-83F640601F,2026-09-11 18:33:36,Galleta de mantequilla,199,Centro,Reposteria,pza,6.0
I-07994DF251,2026-09-11 18:33:36,Galleta de mantequilla,112,Plaza Obelie,Reposteria,pza,6.0
I-DB62F5E57D,2026-09-11 18:33:37,Eclair de cafe,186,Plaza Obelie,Petit fours,pza,16.0
I-063EE500B4,2026-09-11 18:33:37,Macaron mixto,174,Centro,Petit fours,pza,10.0
I-1E3357092A,2026-09-11 18:33:38,Pastel de chocolate,170,Centro,Pasteles,pza,150.0
I-785997420E,2026-09-11 18:33:38,Pastel de chocolate,63,Norte,Pasteles,pza,150.0
I-C462AE06F6,2026-09-11 18:33:39,Eclair de cafe,210,Sur,Petit fours,pza,16.0
I-0482618BD8,2026-09-11 18:33:39,Macaron mixto,198,Norte,Petit fours,pza,10.0
I-5AFA286383,2026-09-11 18:33:40,Galleta de mantequilla,186,Sur,Reposteria,pza,6.0
I-ED8999BA47,2026-09-11 18:33:40,Baguette tradicional,121,Sur,Panaderia,pza,9.0
I-4E32524B52,2026-09-11 18:33:41,Baguette tradicional,194,Norte,Panaderia,pza,9.0
I-05C377D89F,2026-09-11 18:33:41,Rol de canela,170,Norte,Viennoiserie,pza,15.0
I-341B9B92A7,2026-09-11 18:33:42,Eclair de cafe,205,Sur,Petit fours,pza,16.0
I-53C8DA3D7A,2026-09-11 18:33:42,Croissant de almendra,198,Centro,Viennoiserie,pza,18.0
I-BCDA91A251,2026-09-11 18:33:43,Pastel de chocolate,180,Centro,Pasteles,pza,150.0
I-ACA3D39245,2026-09-11 18:33:43,Croissant de almendra,103,Norte,Viennoiserie,pza,18.0
I-09D07C5C12,2026-09-11 18:33:44,Eclair de cafe,185,Centro,Petit fours,pza,16.0
I-D2437EB40E,2026-09-11 18:33:45,Baguette tradicional,204,Norte,Panaderia,pza,9.0
I-39C74F80CD,2026-09-11 18:33:45,Rol de canela,166,Norte,Viennoiserie,pza,15.0
I-BF5A62DB62,2026-09-11 18:33:46,Eclair de cafe,132,Norte,Petit fours,pza,16.0
I-2BD14BC17F,2026-09-11 18:33:46,Rol de canela,221,Sur,Viennoiserie,pza,15.0
I-1AFD2F7053,2026-09-11 18:33:47,Cheesecake de frutos rojos,172,Sur,Pasteles,pza,170.0
I-BEA34D3A37,2026-09-11 18:33:47,Pastel de chocolate,60,Norte,Pasteles,pza,150.0
I-FD538FDA17,2026-09-11 18:33:48,Croissant de almendra,72,Sur,Viennoiserie,pza,18.0
I-50EC862D05,2026-09-11 18:33:48,Pastel de chocolate,119,Sur,Pasteles,pza,150.0
I-5E5DFFFBDE,2026-09-11 18:33:49,Pastel de chocolate,192,Centro,Pasteles,pza,150.0
I-EF6D60AC1C,2026-09-11 18:33:49,Eclair de cafe,133,Norte,Petit fours,pza,16.0
I-64667F6026,2026-09-11 18:33:50,Galleta de mantequilla,105,Plaza Obelie,Reposteria,pza,6.0
I-286CF20C04,2026-09-11 18:33:50,Brownie nogada,128,Sur,Reposteria,pza,20.0
I-06C98FEA4D,2026-09-11 18:33:51,Eclair de cafe,126,Norte,Petit fours,pza,16.0
I-5E752D5064,2026-09-11 18:33:52,Macaron mixto,167,Plaza Obelie,Petit fours,pza,10.0
I-4680849433,2026-09-11 18:33:53,Cheesecake de frutos rojos,134,Plaza Obelie,Pasteles,pza,170.0
I-E358D2C7B5,2026-09-11 18:33:53,Brownie nogada,118,Centro,Reposteria,pza,20.0
I-7E51A0F59C,2026-09-11 18:33:54,Rol de canela,158,Norte,Viennoiserie,pza,15.0
I-463117D9A4,2026-09-11 18:33:54,Macaron mixto,173,Centro,Petit fours,pza,10.0
I-329375F872,2026-09-11 18:33:55,Tarta de frutas,189,Plaza Obelie,Pasteles,pza,155.0
I-43CDAA6EDB,2026-09-11 18:33:56,Rol de canela,122,Centro,Viennoiserie,pza,15.0
I-0F8953B23D,2026-09-11 18:33:57,Galleta de mantequilla,143,Norte,Reposteria,pza,6.0
I-8C0B82D1B0,2026-09-11 18:33:57,Tarta de frutas,70,Centro,Pasteles,pza,155.0
I-9BFE669572,2026-09-11 18:33:58,Macaron mixto,183,Centro,Petit fours,pza,10.0
I-AA0DDEBD55,2026-09-11 18:33:59,Croissant de almendra,96,Norte,Viennoiserie,pza,18.0
I-217AECD173,2026-09-11 18:33:59,Brownie nogada,210,Plaza Obelie,Reposteria,pza,20.0
I-1CC500D697,2026-09-11 18:34:00,Baguette tradicional,117,Sur,Panaderia,pza,9.0
I-FB9DCAF36C,2026-09-11 18:34:00,Galleta de mantequilla,194,Sur,Reposteria,pza,6.0
I-B3679F9B1B,2026-09-11 18:34:01,Cheesecake de frutos rojos,119,Norte,Pasteles,pza,170.0
I-AFF721941A,2026-09-11 18:34:02,Macaron mixto,159,Plaza Obelie,Petit fours,pza,10.0
I-147CAB1257,2026-09-11 18:34:02,Tarta de frutas,69,Centro,Pasteles,pza,155.0
I-294328D7C3,2026-09-11 18:34:02,Pastel de chocolate,214,Plaza Obelie,Pasteles,pza,150.0
I-2D6BAF727F,2026-09-11 18:34:03,Brownie nogada,222,Plaza Obelie,Reposteria,pza,20.0
I-FC80BA662C,2026-09-11 18:34:04,Cheesecake de frutos rojos,117,Norte,Pasteles,pza,170.0
I-F2441C0139,2026-09-11 18:34:04,Tarta de frutas,78,Centro,Pasteles,pza,155.0
I-C01A99D789,2026-09-11 18:34:05,Macaron mixto,194,Norte,Petit fours,pza,10.0
I-9E18280D64,2026-09-11 18:34:05,Croissant de almendra,90,Norte,Viennoiserie,pza,18.0
I-2F9D0F1EEC,2026-09-11 18:34:06,Pastel de chocolate,63,Norte,Pasteles,pza,150.0
I-03BFEAA3CE,2026-09-11 18:34:07,Tarta de frutas,109,Sur,Pasteles,pza,155.0
I-4DE564DA28,2026-09-11 18:34:07,Macaron mixto,189,Centro,Petit fours,pza,10.0
I-F56944E17C,2026-09-11 18:34:08,Tarta de frutas,118,Sur,Pasteles,pza,155.0
I-05D24779E3,2026-09-11 18:34:09,Tarta de frutas,186,Norte,Pasteles,pza,155.0
I-358A655D50,2026-09-11 18:34:09,Cheesecake de frutos rojos,116,Norte,Pasteles,pza,170.0
I-AF9AEACF59,2026-09-11 18:34:10,Macaron mixto,169,Plaza Obelie,Petit fours,pza,10.0
I-B9288D0C39,2026-09-11 18:34:10,Rol de canela,214,Sur,Viennoiserie,pza,15.0
I-8D7AA1EA7E,2026-09-11 18:34:11,Croissant de almendra,205,Centro,Viennoiserie,pza,18.0
I-47A93FA31B,2026-09-11 18:34:12,Eclair de cafe,192,Centro,Petit fours,pza,16.0
I-D21F0BE070,2026-09-11 18:34:12,Brownie nogada,121,Sur,Reposteria,pza,20.0
I-CD480F383B,2026-09-11 18:34:13,Brownie nogada,127,Centro,Reposteria,pza,20.0
I-CEFA621EB2,2026-09-11 18:34:14,Pastel de chocolate,73,Norte,Pasteles,pza,150.0
I-D6E8A2AE85,2026-09-11 18:34:14,Croissant de almendra,211,Centro,Viennoiserie,pza,18.0
I-245AB89306,2026-09-11 18:34:15,Galleta de mantequilla,106,Plaza Obelie,Reposteria,pza,6.0
I-FF030A0E29,2026-09-11 18:34:16,Brownie nogada,129,Centro,Reposteria,pza,20.0
I-B1B7EF689C,2026-09-11 18:34:16,Croissant de almendra,238,Plaza Obelie,Viennoiserie,pza,18.0
I-55AECEC57B,2026-09-11 18:34:17,Croissant de almendra,85,Norte,Viennoiserie,pza,18.0
I-C1FAB6C934,2026-09-11 18:34:17,Baguette tradicional,120,Sur,Panaderia,pza,9.0
I-FC859776E1,2026-09-11 18:34:18,Eclair de cafe,127,Norte,Petit fours,pza,16.0
I-78892FD87C,2026-09-11 18:34:18,Tarta de frutas,181,Norte,Pasteles,pza,155.0
I-C0394DCC8B,2026-09-11 18:34:19,Eclair de cafe,213,Sur,Petit fours,pza,16.0
I-A5C6545703,2026-09-11 18:34:19,Croissant de almendra,220,Centro,Viennoiserie,pza,18.0
I-3B89E1BF27,2026-09-11 18:34:20,Rol de canela,114,Centro,Viennoiserie,pza,15.0
I-CF658CB7AA,2026-09-11 18:34:20,Macaron mixto,190,Centro,Petit fours,pza,10.0
I-62E950CA38,2026-09-11 18:34:21,Macaron mixto,199,Norte,Petit fours,pza,10.0
I-08D0555BFD,2026-09-11 18:34:21,Cheesecake de frutos rojos,127,Norte,Pasteles,pza,170.0
I-1DBE3F2527,2026-09-11 18:34:22,Macaron mixto,196,Sur,Petit fours,pza,10.0
I-B2BF411808,2026-09-11 18:34:23,Croissant de almendra,233,Plaza Obelie,Viennoiserie,pza,18.0
I-F30C870EF5,2026-09-11 18:34:23,Macaron mixto,204,Norte,Petit fours,pza,10.0
I-800A3DB42B,2026-09-11 18:34:24,Tarta de frutas,192,Norte,Pasteles,pza,155.0
I-966807F604,2026-09-11 18:34:24,Baguette tradicional,146,Centro,Panaderia,pza,9.0
I-310D9E6FB0,2026-09-11 18:34:25,Croissant de almendra,222,Centro,Viennoiserie,pza,18.0
I-0C03458CD4,2026-09-11 18:34:26,Macaron mixto,210,Norte,Petit fours,pza,10.0
I-90C9B0B1B7,2026-09-11 18:34:26,Galleta de mantequilla,199,Sur,Reposteria,pza,6.0
I-B22DA80428,2026-09-11 18:34:27,Rol de canela,139,Plaza Obelie,Viennoiserie,pza,15.0
I-B6534ED8F7,2026-09-11 18:34:28,Rol de canela,218,Sur,Viennoiserie,pza,15.0
I-F6A65944D1,2026-09-11 18:34:28,Brownie nogada,214,Plaza Obelie,Reposteria,pza,20.0
I-3C1475E37F,2026-09-11 18:34:29,Tarta de frutas,199,Plaza Obelie,Pasteles,pza,155.0
I-03CBEF3B30,2026-09-11 18:34:29,Macaron mixto,169,Plaza Obelie,Petit fours,pza,10.0
I-5C8CB3B354,2026-09-11 18:34:29,Cheesecake de frutos rojos,138,Norte,Pasteles,pza,170.0
I-69C3ECD710,2026-09-11 18:34:30,Rol de canela,152,Norte,Viennoiserie,pza,15.0
I-C2E3390B29,2026-09-11 18:34:30,Cheesecake de frutos rojos,142,Norte,Pasteles,pza,170.0
I-EAEFB2A5D3,2026-09-11 18:34:31,Brownie nogada,126,Sur,Reposteria,pza,20.0
I-1BA6613FC6,2026-09-11 18:34:32,Tarta de frutas,70,Centro,Pasteles,pza,155.0
I-FBBA445064,2026-09-11 18:34:32,Rol de canela,144,Norte,Viennoiserie,pza,15.0
I-DD73DBC811,2026-09-11 18:34:33,Cheesecake de frutos rojos,128,Plaza Obelie,Pasteles,pza,170.0
I-85158A57C7,2026-09-11 18:34:34,Brownie nogada,213,Plaza Obelie,Reposteria,pza,20.0
I-39F36EA4DA,2026-09-11 18:34:34,Cheesecake de frutos rojos,184,Sur,Pasteles,pza,170.0
I-AB7D6BD72F,2026-09-11 18:34:35,Cheesecake de frutos rojos,179,Sur,Pasteles,pza,170.0
I-6780B1EAA6,2026-09-11 18:34:36,Rol de canela,150,Norte,Viennoiserie,pza,15.0
I-EE3B3D1A26,2026-09-11 18:34:37,Rol de canela,228,Sur,Viennoiserie,pza,15.0
I-D8A96A3EA1,2026-09-11 18:34:37,Galleta de mantequilla,205,Sur,Reposteria,pza,6.0
I-86587C19D3,2026-09-11 18:34:38,Eclair de cafe,134,Norte,Petit fours,pza,16.0
I-1F95459FA6,2026-09-11 18:34:38,Baguette tradicional,149,Centro,Panaderia,pza,9.0
I-3D17764133,2026-09-11 18:34:39,Baguette tradicional,130,Sur,Panaderia,pza,9.0
I-315DF155EC,2026-09-11 18:34:40,Brownie nogada,121,Norte,Reposteria,pza,20.0
I-9543850464,2026-09-11 18:34:40,Brownie nogada,140,Centro,Reposteria,pza,20.0
I-E6584A3132,2026-09-11 18:34:41,Rol de canela,141,Plaza Obelie,Viennoiserie,pza,15.0
I-6D56B51261,2026-09-11 18:34:41,Tarta de frutas,197,Plaza Obelie,Pasteles,pza,155.0
I-411458E57F,2026-09-11 18:34:42,Brownie nogada,225,Plaza Obelie,Reposteria,pza,20.0
I-72D3947C12,2026-09-11 18:34:43,Galleta de mantequilla,199,Centro,Reposteria,pza,6.0
I-DE1F796AF2,2026-09-11 18:34:43,Brownie nogada,143,Centro,Reposteria,pza,20.0
I-1B54D428E5,2026-09-11 18:34:43,Eclair de cafe,217,Sur,Petit fours,pza,16.0
I-B15F3163BE,2026-09-11 18:34:44,Baguette tradicional,204,Norte,Panaderia,pza,9.0
I-0A819C9169,2026-09-11 18:34:45,Rol de canela,151,Norte,Viennoiserie,pza,15.0
I-2903C9255B,2026-09-11 18:34:46,Rol de canela,122,Centro,Viennoiserie,pza,15.0
I-CF0FFEF09B,2026-09-11 18:34:46,Galleta de mantequilla,144,Norte,Reposteria,pza,6.0
I-38414ACBB2,2026-09-11 18:34:47,Brownie nogada,237,Plaza Obelie,Reposteria,pza,20.0
I-E756B4056B,2026-09-11 18:34:47,Eclair de cafe,139,Norte,Petit fours,pza,16.0
I-2C1A859576,2026-09-11 18:34:48,Rol de canela,222,Sur,Viennoiserie,pza,15.0
I-2C59AAD33F,2026-09-11 18:34:49,Baguette tradicional,135,Sur,Panaderia,pza,9.0
I-9332820C63,2026-09-11 18:34:49,Eclair de cafe,194,Plaza Obelie,Petit fours,pza,16.0
I-808FD47375,2026-09-11 18:34:50,Tarta de frutas,203,Norte,Pasteles,pza,155.0
I-7047491C30,2026-09-11 18:34:51,Cheesecake de frutos rojos,183,Sur,Pasteles,pza,170.0
I-05DB6D014D,2026-09-11 18:34:51,Eclair de cafe,199,Plaza Obelie,Petit fours,pza,16.0
I-8FAD3E8EAB,2026-09-11 18:34:52,Croissant de almendra,214,Centro,Viennoiserie,pza,18.0
I-D8F0658854,2026-09-11 18:34:52,Eclair de cafe,196,Plaza Obelie,Petit fours,pza,16.0
I-2BB18C99A6,2026-09-11 18:34:53,Eclair de cafe,190,Centro,Petit fours,pza,16.0
I-3F311A8961,2026-09-11 18:34:53,Eclair de cafe,211,Sur,Petit fours,pza,16.0
I-D4F4584A83,2026-09-11 18:34:54,Rol de canela,143,Norte,Viennoiserie,pza,15.0
I-C68460B183,2026-09-11 18:34:55,Tarta de frutas,203,Norte,Pasteles,pza,155.0
I-474B94CF4C,2026-09-11 18:34:55,Croissant de almendra,208,Centro,Viennoiserie,pza,18.0
I-84C98C7FCB,2026-09-11 18:34:56,Macaron mixto,171,Plaza Obelie,Petit fours,pza,10.0
I-140A8AD98A,2026-09-11 18:34:56,Galleta de mantequilla,138,Norte,Reposteria,pza,6.0
I-CB709E7330,2026-09-11 18:34:57,Pastel de chocolate,128,Sur,Pasteles,pza,150.0
I-5D067AD4E6,2026-09-11 18:34:58,Brownie nogada,153,Centro,Reposteria,pza,20.0
I-3F89634732,2026-09-11 18:34:58,Eclair de cafe,209,Sur,Petit fours,pza,16.0
I-B193BEE4B1,2026-09-11 18:34:59,Pastel de chocolate,218,Plaza Obelie,Pasteles,pza,150.0
I-60D60B4E19,2026-09-11 18:35:00,Brownie nogada,243,Plaza Obelie,Reposteria,pza,20.0
I-EF725FAD2B,2026-09-11 18:35:00,Galleta de mantequilla,199,Centro,Reposteria,pza,6.0
I-F34CCF6B15,2026-09-11 18:35:01,Galleta de mantequilla,206,Sur,Reposteria,pza,6.0
I-69CA77DA88,2026-09-11 18:35:02,Rol de canela,143,Plaza Obelie,Viennoiserie,pza,15.0
I-510F4B9C4E,2026-09-11 18:35:02,Croissant de almendra,242,Plaza Obelie,Viennoiserie,pza,18.0
I-1AC040908B,2026-09-11 18:35:03,Pastel de chocolate,67,Norte,Pasteles,pza,150.0
I-D3971F2D66,2026-09-11 18:35:03,Galleta de mantequilla,206,Sur,Reposteria,pza,6.0
I-C2FEF20C1A,2026-09-11 18:35:04,Brownie nogada,147,Centro,Reposteria,pza,20.0
I-189AC7FD6D,2026-09-11 18:35:05,Brownie nogada,133,Norte,Reposteria,pza,20.0
I-BD7B36267D,2026-09-11 18:35:05,Pastel de chocolate,191,Centro,Pasteles,pza,150.0
I-D4205A316A,2026-09-11 18:35:06,Pastel de chocolate,73,Norte,Pasteles,pza,150.0
I-06FFBCA94A,2026-09-11 18:35:07,Galleta de mantequilla,212,Sur,Reposteria,pza,6.0
I-2307E05B31,2026-09-11 18:35:08,Galleta de mantequilla,132,Norte,Reposteria,pza,6.0
I-D0CF53BE4A,2026-09-11 18:35:08,Baguette tradicional,141,Sur,Panaderia,pza,9.0
I-EA65647218,2026-09-11 18:35:08,Macaron mixto,200,Sur,Petit fours,pza,10.0
I-861E43F917,2026-09-11 18:35:09,Eclair de cafe,196,Centro,Petit fours,pza,16.0
I-6A59A8EB92,2026-09-11 18:35:10,Pastel de chocolate,136,Sur,Pasteles,pza,150.0
I-61E7E083E1,2026-09-11 18:35:10,Macaron mixto,196,Sur,Petit fours,pza,10.0
I-A9A23D1984,2026-09-11 18:35:11,Brownie nogada,136,Sur,Reposteria,pza,20.0
I-128A414791,2026-09-11 18:35:11,Brownie nogada,131,Norte,Reposteria,pza,20.0
I-F1D1768069,2026-09-11 18:35:12,Cheesecake de frutos rojos,177,Sur,Pasteles,pza,170.0
I-54CACB9B9E,2026-09-11 18:35:13,Eclair de cafe,196,Plaza Obelie,Petit fours,pza,16.0
I-CA5125AC3B,2026-09-11 18:35:13,Tarta de frutas,211,Norte,Pasteles,pza,155.0
I-796C276A9F,2026-09-11 18:35:14,Cheesecake de frutos rojos,133,Plaza Obelie,Pasteles,pza,170.0
I-D8376E1824,2026-09-11 18:35:14,Eclair de cafe,217,Sur,Petit fours,pza,16.0
I-B5D29B3170,2026-09-11 18:35:15,Macaron mixto,214,Norte,Petit fours,pza,10.0
I-F7528DCC2C,2026-09-11 18:35:15,Galleta de mantequilla,118,Plaza Obelie,Reposteria,pza,6.0
I-4E14F99BF9,2026-09-11 18:35:16,Pastel de chocolate,223,Plaza Obelie,Pasteles,pza,150.0
I-D4D39522D9,2026-09-11 18:35:16,Rol de canela,219,Sur,Viennoiserie,pza,15.0
I-4964F87AED,2026-09-11 18:35:17,Brownie nogada,246,Plaza Obelie,Reposteria,pza,20.0
I-1813E161F8,2026-09-11 18:35:17,Eclair de cafe,188,Plaza Obelie,Petit fours,pza,16.0
I-17D17A4FA7,2026-09-11 18:35:18,Cheesecake de frutos rojos,130,Plaza Obelie,Pasteles,pza,170.0
I-BA944A1352,2026-09-11 18:35:18,Tarta de frutas,67,Centro,Pasteles,pza,155.0
I-DF15B84885,2026-09-11 18:35:19,Macaron mixto,213,Norte,Petit fours,pza,10.0
I-F4E13D5E15,2026-09-11 18:35:20,Macaron mixto,208,Sur,Petit fours,pza,10.0
I-1E7FBF2754,2026-09-11 18:35:20,Tarta de frutas,116,Sur,Pasteles,pza,155.0
I-EF10B53D15,2026-09-11 18:35:21,Pastel de chocolate,70,Norte,Pasteles,pza,150.0
I-989BE12C56,2026-09-11 18:35:21,Rol de canela,137,Plaza Obelie,Viennoiserie,pza,15.0
I-EB9EF688DA,2026-09-11 18:35:22,Croissant de almendra,235,Plaza Obelie,Viennoiserie,pza,18.0
I-202D3BC773,2026-09-11 18:35:22,Galleta de mantequilla,205,Centro,Reposteria,pza,6.0
I-EE8475BAF8,2026-09-11 18:35:23,Baguette tradicional,185,Plaza Obelie,Panaderia,pza,9.0
I-6238CE6642,2026-09-11 18:35:23,Eclair de cafe,150,Norte,Petit fours,pza,16.0
I-E0333CD43A,2026-09-11 18:35:24,Pastel de chocolate,199,Centro,Pasteles,pza,150.0
I-E0380FDB39,2026-09-11 18:35:25,Croissant de almendra,214,Centro,Viennoiserie,pza,18.0
I-F01F8546D2,2026-09-11 18:35:25,Brownie nogada,137,Sur,Reposteria,pza,20.0
I-AF4F9912A9,2026-09-11 18:35:26,Macaron mixto,212,Norte,Petit fours,pza,10.0
I-DACDF20F29,2026-09-11 18:35:26,Pastel de chocolate,208,Centro,Pasteles,pza,150.0
I-716595B94B,2026-09-11 18:35:27,Rol de canela,140,Plaza Obelie,Viennoiserie,pza,15.0
I-4F103A7662,2026-09-11 18:35:27,Brownie nogada,133,Norte,Reposteria,pza,20.0
I-0107B003E2,2026-09-11 18:35:28,Cheesecake de frutos rojos,134,Plaza Obelie,Pasteles,pza,170.0
I-D3CD5D4D7E,2026-09-11 18:35:29,Galleta de mantequilla,131,Norte,Reposteria,pza,6.0
I-BD11C9A0C3,2026-09-11 18:35:29,Pastel de chocolate,80,Norte,Pasteles,pza,150.0
I-DABF5AA370,2026-09-11 18:35:30,Croissant de almendra,226,Centro,Viennoiserie,pza,18.0
I-22EADDCC5D,2026-09-11 18:35:30,Tarta de frutas,204,Norte,Pasteles,pza,155.0
I-B19F04DDF3,2026-09-11 18:35:31,Pastel de chocolate,147,Sur,Pasteles,pza,150.0
I-0817EC47CB,2026-09-11 18:35:32,Tarta de frutas,209,Norte,Pasteles,pza,155.0
I-7830876A1A,2026-09-11 18:35:33,Baguette tradicional,146,Sur,Panaderia,pza,9.0
I-8155247A36,2026-09-11 18:35:33,Cheesecake de frutos rojos,186,Sur,Pasteles,pza,170.0
I-9ADC7FEEEE,2026-09-11 18:35:34,Macaron mixto,177,Plaza Obelie,Petit fours,pza,10.0
I-EB8A85F501,2026-09-11 18:35:34,Brownie nogada,147,Centro,Reposteria,pza,20.0
I-FB133FFDD4,2026-09-11 18:35:35,Croissant de almendra,234,Centro,Viennoiserie,pza,18.0
I-7678F68350,2026-09-11 18:35:36,Tarta de frutas,198,Plaza Obelie,Pasteles,pza,155.0
I-DEE79D8A85,2026-09-11 18:35:36,Macaron mixto,182,Plaza Obelie,Petit fours,pza,10.0
I-0941F4ACFC,2026-09-11 18:35:37,Galleta de mantequilla,203,Centro,Reposteria,pza,6.0
I-E971E941C8,2026-09-11 18:35:37,Pastel de chocolate,139,Sur,Pasteles,pza,150.0
I-B0C7B83159,2026-09-11 18:35:38,Tarta de frutas,200,Plaza Obelie,Pasteles,pza,155.0
I-95B3984240,2026-09-11 18:35:39,Pastel de chocolate,234,Plaza Obelie,Pasteles,pza,150.0
I-4DB2429543,2026-09-11 18:35:39,Macaron mixto,197,Centro,Petit fours,pza,10.0
I-3DA8F54B8A,2026-09-11 18:35:40,Croissant de almendra,233,Centro,Viennoiserie,pza,18.0
I-E7A491565F,2026-09-11 18:35:40,Brownie nogada,144,Sur,Reposteria,pza,20.0
I-DB5E8A6423,2026-09-11 18:35:41,Eclair de cafe,190,Plaza Obelie,Petit fours,pza,16.0
I-038A135CA3,2026-09-11 18:35:41,Croissant de almendra,97,Norte,Viennoiserie,pza,18.0
I-2A2F142EB0,2026-09-11 18:35:42,Galleta de mantequilla,129,Norte,Reposteria,pza,6.0
I-F5C3613E61,2026-09-11 18:35:43,Croissant de almendra,236,Centro,Viennoiserie,pza,18.0
I-3D8D8EBB73,2026-09-11 18:35:43,Pastel de chocolate,227,Plaza Obelie,Pasteles,pza,150.0
I-900452646D,2026-09-11 18:35:44,Macaron mixto,221,Norte,Petit fours,pza,10.0
I-31A8C488EB,2026-09-11 18:35:44,Rol de canela,115,Centro,Viennoiserie,pza,15.0
I-24924DE1EC,2026-09-11 18:35:45,Cheesecake de frutos rojos,154,Norte,Pasteles,pza,170.0
I-C4854320FD,2026-09-11 18:35:46,Croissant de almendra,108,Norte,Viennoiserie,pza,18.0
I-384D1DFC85,2026-09-11 18:35:46,Pastel de chocolate,141,Sur,Pasteles,pza,150.0
I-B519B5CE2A,2026-09-11 18:35:47,Pastel de chocolate,237,Plaza Obelie,Pasteles,pza,150.0
I-4B279657EB,2026-09-11 18:35:47,Baguette tradicional,156,Sur,Panaderia,pza,9.0
I-BA7B5D044E,2026-09-11 18:35:48,Macaron mixto,174,Plaza Obelie,Petit fours,pza,10.0
I-5D4032DE5D,2026-09-11 18:35:48,Macaron mixto,182,Plaza Obelie,Petit fours,pza,10.0
I-ECF4B55985,2026-09-11 18:35:49,Eclair de cafe,185,Plaza Obelie,Petit fours,pza,16.0
I-1B7AF6E224,2026-09-11 18:35:50,Pastel de chocolate,204,Centro,Pasteles,pza,150.0
I-B26A05864D,2026-09-11 18:35:51,Brownie nogada,256,Plaza Obelie,Reposteria,pza,20.0
I-117679950C,2026-09-11 18:35:51,Baguette tradicional,143,Centro,Panaderia,pza,9.0
I-0B74783698,2026-09-11 18:35:51,Cheesecake de frutos rojos,150,Norte,Pasteles,pza,170.0
I-35BBF31498,2026-09-11 18:35:52,Cheesecake de frutos rojos,127,Plaza Obelie,Pasteles,pza,170.0
I-8ACB01C018,2026-09-11 18:35:52,Pastel de chocolate,85,Norte,Pasteles,pza,150.0
I-B373509844,2026-09-11 18:35:53,Rol de canela,216,Sur,Viennoiserie,pza,15.0
I-08A08C3367,2026-09-11 18:35:54,Rol de canela,139,Plaza Obelie,Viennoiserie,pza,15.0
I-CE5D7B399B,2026-09-11 18:35:55,Croissant de almendra,118,Norte,Viennoiserie,pza,18.0
I-A5DBE7C3EF,2026-09-11 18:35:55,Galleta de mantequilla,123,Norte,Reposteria,pza,6.0
I-E75408A1C8,2026-09-11 18:35:56,Tarta de frutas,118,Sur,Pasteles,pza,155.0
I-E2D81E7EBE,2026-09-11 18:35:56,Cheesecake de frutos rojos,145,Norte,Pasteles,pza,170.0
I-28EB0E97A5,2026-09-11 18:35:57,Tarta de frutas,73,Centro,Pasteles,pza,155.0
I-D72CA7C19A,2026-09-11 18:35:57,Baguette tradicional,149,Sur,Panaderia,pza,9.0
I-30959E7220,2026-09-11 18:35:58,Galleta de mantequilla,134,Norte,Reposteria,pza,6.0
I-C3FFD18C51,2026-09-11 18:35:58,Baguette tradicional,185,Plaza Obelie,Panaderia,pza,9.0
I-BDCC0006DF,2026-09-11 18:35:59,Baguette tradicional,148,Sur,Panaderia,pza,9.0
I-BEDF5EE73B,2026-09-11 18:36:00,Pastel de chocolate,151,Sur,Pasteles,pza,150.0
I-4D08E9B386,2026-09-11 18:36:00,Macaron mixto,177,Plaza Obelie,Petit fours,pza,10.0
I-1BCB297D5D,2026-09-11 18:36:01,Cheesecake de frutos rojos,124,Plaza Obelie,Pasteles,pza,170.0
I-B671574FD3,2026-09-11 18:36:02,Eclair de cafe,191,Plaza Obelie,Petit fours,pza,16.0
I-1D4BE02643,2026-09-11 18:36:02,Tarta de frutas,201,Norte,Pasteles,pza,155.0
I-8CF9E86E46,2026-09-11 18:36:03,Rol de canela,135,Norte,Viennoiserie,pza,15.0
I-E987D9BB94,2026-09-11 18:36:03,Tarta de frutas,210,Norte,Pasteles,pza,155.0
I-507129670E,2026-09-11 18:36:04,Pastel de chocolate,158,Sur,Pasteles,pza,150.0
I-DB4A6CA1EA,2026-09-11 18:36:05,Baguette tradicional,143,Sur,Panaderia,pza,9.0
I-3986EED846,2026-09-11 18:36:05,Cheesecake de frutos rojos,182,Sur,Pasteles,pza,170.0
I-9ABA4A1D44,2026-09-11 18:36:06,Brownie nogada,146,Centro,Reposteria,pza,20.0
I-2B726C3427,2026-09-11 18:36:06,Brownie nogada,134,Norte,Reposteria,pza,20.0
I-ECF13B1508,2026-09-11 18:36:07,Pastel de chocolate,240,Plaza Obelie,Pasteles,pza,150.0
I-915649E0DE,2026-09-11 18:36:07,Tarta de frutas,202,Norte,Pasteles,pza,155.0
I-9015A953B5,2026-09-11 18:36:08,Rol de canela,139,Norte,Viennoiserie,pza,15.0
I-8A0B8725B2,2026-09-11 18:36:08,Cheesecake de frutos rojos,175,Centro,Pasteles,pza,170.0
I-96F9305FCA,2026-09-11 18:36:09,Eclair de cafe,155,Norte,Petit fours,pza,16.0
I-3BEDDAB4D5,2026-09-11 18:36:09,Pastel de chocolate,90,Norte,Pasteles,pza,150.0
I-D24449C043,2026-09-11 18:36:10,Macaron mixto,216,Sur,Petit fours,pza,10.0
I-6B5C28C74B,2026-09-11 18:36:10,Baguette tradicional,197,Plaza Obelie,Panaderia,pza,9.0
I-2B451D74D7,2026-09-11 18:36:11,Tarta de frutas,204,Plaza Obelie,Pasteles,pza,155.0
I-4D293E9DC8,2026-09-11 18:36:11,Cheesecake de frutos rojos,190,Sur,Pasteles,pza,170.0
I-49E1623648,2026-09-11 18:36:12,Tarta de frutas,77,Centro,Pasteles,pza,155.0
I-FC5C6BEEC8,2026-09-11 18:36:12,Eclair de cafe,154,Norte,Petit fours,pza,16.0
I-A7CA8D316B,2026-09-11 18:36:13,Croissant de almendra,238,Plaza Obelie,Viennoiserie,pza,18.0
I-4305216E92,2026-09-11 18:36:14,Macaron mixto,169,Plaza Obelie,Petit fours,pza,10.0
I-FC60A4B6FB,2026-09-11 18:36:14,Galleta de mantequilla,210,Centro,Reposteria,pza,6.0
I-8857E140D0,2026-09-11 18:36:15,Tarta de frutas,112,Sur,Pasteles,pza,155.0
I-651182BA66,2026-09-11 18:36:15,Pastel de chocolate,87,Norte,Pasteles,pza,150.0
I-F7EBAE43E5,2026-09-11 18:36:16,Pastel de chocolate,89,Norte,Pasteles,pza,150.0
I-8A1B2CEE53,2026-09-11 18:36:17,Brownie nogada,128,Norte,Reposteria,pza,20.0
I-F5708088F9,2026-09-11 18:36:17,Baguette tradicional,203,Norte,Panaderia,pza,9.0
I-2F8F7008F0,2026-09-11 18:36:18,Croissant de almendra,236,Centro,Viennoiserie,pza,18.0
I-8D117EF0A4,2026-09-11 18:36:18,Macaron mixto,218,Norte,Petit fours,pza,10.0
I-1BBA7F7A24,2026-09-11 18:36:19,Baguette tradicional,141,Centro,Panaderia,pza,9.0
I-D02C74843E,2026-09-11 18:36:19,Macaron mixto,215,Norte,Petit fours,pza,10.0
I-410851D032,2026-09-11 18:36:20,Tarta de frutas,78,Centro,Pasteles,pza,155.0
I-2B40773D79,2026-09-11 18:36:20,Rol de canela,131,Plaza Obelie,Viennoiserie,pza,15.0
I-A5FEDB6A42,2026-09-11 18:36:21,Baguette tradicional,197,Norte,Panaderia,pza,9.0
I-382B30551B,2026-09-11 18:36:21,Cheesecake de frutos rojos,119,Plaza Obelie,Pasteles,pza,170.0
I-E21CEFDBAE,2026-09-11 18:36:22,Galleta de mantequilla,211,Centro,Reposteria,pza,6.0
I-A826D5405A,2026-09-11 18:36:22,Baguette tradicional,141,Centro,Panaderia,pza,9.0
I-BDF7F6709C,2026-09-11 18:36:23,Brownie nogada,256,Plaza Obelie,Reposteria,pza,20.0
I-4018AE8480,2026-09-11 18:36:24,Pastel de chocolate,209,Centro,Pasteles,pza,150.0
I-E3D676807F,2026-09-11 18:36:25,Galleta de mantequilla,206,Sur,Reposteria,pza,6.0
I-96F5B2CCD6,2026-09-11 18:36:25,Brownie nogada,125,Norte,Reposteria,pza,20.0
I-3546E49A0D,2026-09-11 18:36:25,Croissant de almendra,69,Sur,Viennoiserie,pza,18.0
I-D15396DFEE,2026-09-11 18:36:26,Tarta de frutas,209,Norte,Pasteles,pza,155.0
I-22849BE964,2026-09-11 18:36:27,Rol de canela,132,Norte,Viennoiserie,pza,15.0
I-F76E1EE4C1,2026-09-11 18:36:27,Galleta de mantequilla,202,Sur,Reposteria,pza,6.0
I-7E2D78C7C0,2026-09-11 18:36:28,Cheesecake de frutos rojos,180,Centro,Pasteles,pza,170.0
I-999869D355,2026-09-11 18:36:28,Brownie nogada,268,Plaza Obelie,Reposteria,pza,20.0
I-5CA0C90765,2026-09-11 18:36:29,Macaron mixto,212,Sur,Petit fours,pza,10.0
I-DFF9F76F9C,2026-09-11 18:36:30,Eclair de cafe,217,Sur,Petit fours,pza,16.0
I-48F0F02FAE,2026-09-11 18:36:30,Macaron mixto,199,Centro,Petit fours,pza,10.0
I-269AB52E49,2026-09-11 18:36:31,Tarta de frutas,208,Norte,Pasteles,pza,155.0
I-AC8A117E54,2026-09-11 18:36:31,Brownie nogada,261,Plaza Obelie,Reposteria,pza,20.0
I-251DA48A7B,2026-09-11 18:36:32,Croissant de almendra,78,Sur,Viennoiserie,pza,18.0
I-3F35F70C1A,2026-09-11 18:36:32,Macaron mixto,206,Centro,Petit fours,pza,10.0
I-5B29D6DD2E,2026-09-11 18:36:33,Brownie nogada,137,Norte,Reposteria,pza,20.0
I-B76DCC70B1,2026-09-11 18:36:34,Macaron mixto,212,Centro,Petit fours,pza,10.0
I-576CF3BF47,2026-09-11 18:36:34,Rol de canela,127,Plaza Obelie,Viennoiserie,pza,15.0
I-E52933A197,2026-09-11 18:36:35,Baguette tradicional,144,Centro,Panaderia,pza,9.0
I-6B7D7C3B26,2026-09-11 18:36:35,Rol de canela,132,Norte,Viennoiserie,pza,15.0
I-F5ADDB4227,2026-09-11 18:36:36,Galleta de mantequilla,121,Plaza Obelie,Reposteria,pza,6.0
I-8AA929BC7F,2026-09-11 18:36:36,Pastel de chocolate,212,Centro,Pasteles,pza,150.0
I-0805FC5FF3,2026-09-11 18:36:37,Baguette tradicional,207,Norte,Panaderia,pza,9.0
I-5665965DE9,2026-09-11 18:36:38,Galleta de mantequilla,138,Norte,Reposteria,pza,6.0
I-026F1340F7,2026-09-11 18:36:39,Croissant de almendra,237,Centro,Viennoiserie,pza,18.0
I-FE6658AB42,2026-09-11 18:36:39,Baguette tradicional,193,Plaza Obelie,Panaderia,pza,9.0
I-9D7C9E44EC,2026-09-11 18:36:39,Eclair de cafe,193,Centro,Petit fours,pza,16.0
I-89218EF0EF,2026-09-11 18:36:40,Eclair de cafe,156,Norte,Petit fours,pza,16.0
I-0EBD46FA76,2026-09-11 18:36:41,Macaron mixto,210,Centro,Petit fours,pza,10.0
I-E34BC1890A,2026-09-11 18:36:42,Baguette tradicional,214,Norte,Panaderia,pza,9.0
I-F417679EE6,2026-09-11 18:36:42,Galleta de mantequilla,117,Plaza Obelie,Reposteria,pza,6.0
I-83242C9802,2026-09-11 18:36:43,Brownie nogada,143,Centro,Reposteria,pza,20.0
I-15CE4CCE4C,2026-09-11 18:36:43,Macaron mixto,218,Sur,Petit fours,pza,10.0
I-04C88DBC79,2026-09-11 18:36:44,Croissant de almendra,244,Plaza Obelie,Viennoiserie,pza,18.0
I-702BF171C6,2026-09-11 18:36:44,Brownie nogada,147,Sur,Reposteria,pza,20.0
I-6E5FEE4BAF,2026-09-11 18:36:45,Eclair de cafe,198,Centro,Petit fours,pza,16.0
I-FCCC5B7E5E,2026-09-11 18:36:46,Pastel de chocolate,217,Centro,Pasteles,pza,150.0
I-DD2877F415,2026-09-11 18:36:46,Tarta de frutas,202,Plaza Obelie,Pasteles,pza,155.0
I-CD409C5D5F,2026-09-11 18:36:46,Cheesecake de frutos rojos,174,Centro,Pasteles,pza,170.0
I-571E10B750,2026-09-11 18:36:47,Cheesecake de frutos rojos,169,Centro,Pasteles,pza,170.0
I-5D7AD8309B,2026-09-11 18:36:48,Brownie nogada,272,Plaza Obelie,Reposteria,pza,20.0
I-3720F16115,2026-09-11 18:36:48,Baguette tradicional,156,Centro,Panaderia,pza,9.0
I-1349180386,2026-09-11 18:36:49,Baguette tradicional,159,Centro,Panaderia,pza,9.0
I-03E0D45937,2026-09-11 18:36:50,Galleta de mantequilla,123,Plaza Obelie,Reposteria,pza,6.0
I-5B5C02686D,2026-09-11 18:36:50,Eclair de cafe,201,Plaza Obelie,Petit fours,pza,16.0
I-D39CDD824A,2026-09-11 18:36:51,Pastel de chocolate,88,Norte,Pasteles,pza,150.0
I-F01A023217,2026-09-11 18:36:51,Cheesecake de frutos rojos,189,Sur,Pasteles,pza,170.0
I-037BE82F2D,2026-09-11 18:36:52,Rol de canela,126,Norte,Viennoiserie,pza,15.0
I-7F978C48EB,2026-09-11 18:36:52,Cheesecake de frutos rojos,171,Centro,Pasteles,pza,170.0
I-F4DE2C6449,2026-09-11 18:36:53,Cheesecake de frutos rojos,125,Plaza Obelie,Pasteles,pza,170.0
I-CEA748EF71,2026-09-11 18:36:53,Macaron mixto,225,Sur,Petit fours,pza,10.0
I-6AE9068BDC,2026-09-11 18:36:54,Brownie nogada,159,Sur,Reposteria,pza,20.0
I-676529E8E9,2026-09-11 18:36:55,Galleta de mantequilla,207,Sur,Reposteria,pza,6.0
I-BFEB452DF0,2026-09-11 18:36:55,Brownie nogada,135,Centro,Reposteria,pza,20.0
I-AC84182B82,2026-09-11 18:36:56,Galleta de mantequilla,221,Centro,Reposteria,pza,6.0
I-749EEFB174,2026-09-11 18:36:56,Croissant de almendra,239,Plaza Obelie,Viennoiserie,pza,18.0
I-F437B9ECCE,2026-09-11 18:36:57,Cheesecake de frutos rojos,195,Sur,Pasteles,pza,170.0
I-D09549EAFE,2026-09-11 18:36:57,Brownie nogada,130,Norte,Reposteria,pza,20.0
I-89B07AB3BA,2026-09-11 18:36:58,Pastel de chocolate,227,Centro,Pasteles,pza,150.0
I-8002464DB8,2026-09-11 18:36:58,Eclair de cafe,196,Centro,Petit fours,pza,16.0
I-F6DAD508D9,2026-09-11 18:36:59,Baguette tradicional,186,Plaza Obelie,Panaderia,pza,9.0
I-40B7FCD3D4,2026-09-11 18:37:00,Baguette tradicional,194,Plaza Obelie,Panaderia,pza,9.0
I-2D5938F218,2026-09-11 18:37:00,Cheesecake de frutos rojos,177,Centro,Pasteles,pza,170.0
I-ABFA594D19,2026-09-11 18:37:01,Pastel de chocolate,170,Sur,Pasteles,pza,150.0
I-8087BCF836,2026-09-11 18:37:01,Brownie nogada,155,Sur,Reposteria,pza,20.0
I-1719CF884F,2026-09-11 18:37:02,Tarta de frutas,78,Centro,Pasteles,pza,155.0
I-7453B3C4AD,2026-09-11 18:37:03,Cheesecake de frutos rojos,201,Sur,Pasteles,pza,170.0
I-0E04BB7E45,2026-09-11 18:37:03,Galleta de mantequilla,217,Centro,Reposteria,pza,6.0
I-6EAF7E1A01,2026-09-11 18:37:04,Rol de canela,120,Plaza Obelie,Viennoiserie,pza,15.0
I-4C136C5D5E,2026-09-11 18:37:04,Brownie nogada,132,Centro,Reposteria,pza,20.0
I-2DF3E34A84,2026-09-11 18:37:05,Croissant de almendra,248,Plaza Obelie,Viennoiserie,pza,18.0
I-D859F2DDE6,2026-09-11 18:37:05,Tarta de frutas,211,Norte,Pasteles,pza,155.0
I-3DDB010EBD,2026-09-11 18:37:06,Pastel de chocolate,85,Norte,Pasteles,pza,150.0
I-C94D71E32A,2026-09-11 18:37:06,Galleta de mantequilla,221,Centro,Reposteria,pza,6.0
I-E25665ADD1,2026-09-11 18:37:07,Macaron mixto,218,Norte,Petit fours,pza,10.0
I-33DE25D8FA,2026-09-11 18:37:08,Galleta de mantequilla,212,Sur,Reposteria,pza,6.0
I-A47487D1E1,2026-09-11 18:37:08,Pastel de chocolate,224,Centro,Pasteles,pza,150.0
I-4BFB7F67D9,2026-09-11 18:37:09,Tarta de frutas,112,Sur,Pasteles,pza,155.0
I-17166AA381,2026-09-11 18:37:09,Eclair de cafe,208,Centro,Petit fours,pza,16.0
I-C5E76B90EB,2026-09-11 18:37:10,Baguette tradicional,170,Centro,Panaderia,pza,9.0
I-BC329F7F05,2026-09-11 18:37:10,Croissant de almendra,75,Sur,Viennoiserie,pza,18.0
I-5A08112DE7,2026-09-11 18:37:11,Brownie nogada,125,Centro,Reposteria,pza,20.0
I-7AB22665A3,2026-09-11 18:37:11,Tarta de frutas,210,Plaza Obelie,Pasteles,pza,155.0
I-5D2022B085,2026-09-11 18:37:12,Macaron mixto,217,Centro,Petit fours,pza,10.0
I-57B23F7ACE,2026-09-11 18:37:13,Croissant de almendra,77,Sur,Viennoiserie,pza,18.0
I-C0498122B1,2026-09-11 18:37:13,Macaron mixto,228,Centro,Petit fours,pza,10.0
I-11D1D5A771,2026-09-11 18:37:14,Cheesecake de frutos rojos,118,Plaza Obelie,Pasteles,pza,170.0
I-FB5A5B5F10,2026-09-11 18:37:14,Eclair de cafe,152,Norte,Petit fours,pza,16.0
I-39104ACDF6,2026-09-11 18:37:15,Cheesecake de frutos rojos,111,Plaza Obelie,Pasteles,pza,170.0
I-05F30D6038,2026-09-11 18:37:15,Croissant de almendra,73,Sur,Viennoiserie,pza,18.0
I-F06FFA6537,2026-09-11 18:37:16,Galleta de mantequilla,123,Plaza Obelie,Reposteria,pza,6.0
I-37E23E61D6,2026-09-11 18:37:17,Rol de canela,133,Norte,Viennoiserie,pza,15.0
I-175E055015,2026-09-11 18:37:17,Baguette tradicional,207,Norte,Panaderia,pza,9.0
I-4D889DB5E3,2026-09-11 18:37:18,Tarta de frutas,203,Plaza Obelie,Pasteles,pza,155.0
I-B5D8FFE53A,2026-09-11 18:37:18,Baguette tradicional,189,Plaza Obelie,Panaderia,pza,9.0
I-E10B9E364F,2026-09-11 18:37:19,Eclair de cafe,221,Sur,Petit fours,pza,16.0
I-B093A091B0,2026-09-11 18:37:20,Baguette tradicional,181,Centro,Panaderia,pza,9.0
I-B20B1CD475,2026-09-11 18:37:20,Rol de canela,118,Centro,Viennoiserie,pza,15.0
I-4E9AACABC1,2026-09-11 18:37:21,Pastel de chocolate,77,Norte,Pasteles,pza,150.0
I-034E400A51,2026-09-11 18:37:22,Pastel de chocolate,247,Plaza Obelie,Pasteles,pza,150.0
I-FB5DA9FEE3,2026-09-11 18:37:22,Cheesecake de frutos rojos,146,Norte,Pasteles,pza,170.0
I-E25B5B0564,2026-09-11 18:37:22,Baguette tradicional,210,Norte,Panaderia,pza,9.0
I-51CCC85099,2026-09-11 18:37:23,Galleta de mantequilla,120,Plaza Obelie,Reposteria,pza,6.0
I-2D21B637F4,2026-09-11 18:37:23,Rol de canela,128,Norte,Viennoiserie,pza,15.0
I-FF05CF0873,2026-09-11 18:37:24,Galleta de mantequilla,214,Sur,Reposteria,pza,6.0
I-522186899D,2026-09-11 18:37:24,Pastel de chocolate,72,Norte,Pasteles,pza,150.0
I-34299D1A5F,2026-09-11 18:37:25,Galleta de mantequilla,228,Centro,Reposteria,pza,6.0
I-E72A513C4E,2026-09-11 18:37:25,Macaron mixto,221,Norte,Petit fours,pza,10.0
I-709601A5AE,2026-09-11 18:37:26,Rol de canela,115,Centro,Viennoiserie,pza,15.0
I-7041F4CF4A,2026-09-11 18:37:26,Pastel de chocolate,179,Sur,Pasteles,pza,150.0
I-DE16817250,2026-09-11 18:37:27,Eclair de cafe,226,Sur,Petit fours,pza,16.0
I-ED3D93F3EE,2026-09-11 18:37:28,Eclair de cafe,150,Norte,Petit fours,pza,16.0
I-A135FD0774,2026-09-11 18:37:28,Cheesecake de frutos rojos,122,Plaza Obelie,Pasteles,pza,170.0
I-605BEC34FC,2026-09-11 18:37:28,Cheesecake de frutos rojos,197,Sur,Pasteles,pza,170.0
I-CCE4DC391F,2026-09-11 18:37:29,Galleta de mantequilla,123,Plaza Obelie,Reposteria,pza,6.0
I-75FACB6184,2026-09-11 18:37:30,Eclair de cafe,238,Sur,Petit fours,pza,16.0
I-2ACBC68878,2026-09-11 18:37:30,Galleta de mantequilla,222,Centro,Reposteria,pza,6.0
I-23B0A91842,2026-09-11 18:37:30,Tarta de frutas,110,Sur,Pasteles,pza,155.0
I-B8D3B4FB81,2026-09-11 18:37:31,Cheesecake de frutos rojos,179,Centro,Pasteles,pza,170.0
I-4F7044CC58,2026-09-11 18:37:32,Galleta de mantequilla,135,Plaza Obelie,Reposteria,pza,6.0
I-42F0EEADDC,2026-09-11 18:37:32,Tarta de frutas,198,Plaza Obelie,Pasteles,pza,155.0
I-C2294F5A76,2026-09-11 18:37:33,Tarta de frutas,113,Sur,Pasteles,pza,155.0
I-0998A5AE87,2026-09-11 18:37:34,Brownie nogada,131,Norte,Reposteria,pza,20.0
I-F11167DDE6,2026-09-11 18:37:34,Rol de canela,110,Centro,Viennoiserie,pza,15.0
I-4321C2BC7D,2026-09-11 18:37:35,Galleta de mantequilla,140,Plaza Obelie,Reposteria,pza,6.0
I-C52DD379A7,2026-09-11 18:37:35,Rol de canela,208,Sur,Viennoiserie,pza,15.0
I-B51465FAA9,2026-09-11 18:37:36,Baguette tradicional,138,Sur,Panaderia,pza,9.0
I-AE4F688361,2026-09-11 18:37:37,Brownie nogada,148,Sur,Reposteria,pza,20.0
I-0BEB5B8498,2026-09-11 18:37:37,Rol de canela,204,Sur,Viennoiserie,pza,15.0
I-0478BBC0ED,2026-09-11 18:37:38,Brownie nogada,129,Centro,Reposteria,pza,20.0
I-DAAEAEC7C5,2026-09-11 18:37:39,Pastel de chocolate,79,Norte,Pasteles,pza,150.0
I-47E0516501,2026-09-11 18:37:39,Tarta de frutas,210,Plaza Obelie,Pasteles,pza,155.0
I-FC4678A463,2026-09-11 18:37:40,Croissant de almendra,127,Norte,Viennoiserie,pza,18.0
I-A2EF2FE944,2026-09-11 18:37:40,Rol de canela,134,Norte,Viennoiserie,pza,15.0
I-72BA77638B,2026-09-11 18:37:41,Cheesecake de frutos rojos,128,Plaza Obelie,Pasteles,pza,170.0
I-381F138739,2026-09-11 18:37:41,Croissant de almendra,245,Centro,Viennoiserie,pza,18.0
I-17326D12AA,2026-09-11 18:37:42,Baguette tradicional,182,Plaza Obelie,Panaderia,pza,9.0
I-B0768AF947,2026-09-11 18:37:43,Tarta de frutas,205,Plaza Obelie,Pasteles,pza,155.0
I-EC08219811,2026-09-11 18:37:43,Galleta de mantequilla,219,Sur,Reposteria,pza,6.0
I-8A66B31E65,2026-09-11 18:37:44,Cheesecake de frutos rojos,128,Plaza Obelie,Pasteles,pza,170.0
I-9AC04A8FC0,2026-09-11 18:37:44,Tarta de frutas,223,Norte,Pasteles,pza,155.0
I-C56BEC1063,2026-09-11 18:37:45,Eclair de cafe,250,Sur,Petit fours,pza,16.0
I-93651EA01B,2026-09-11 18:37:45,Brownie nogada,277,Plaza Obelie,Reposteria,pza,20.0
I-54DAD4B5E9,2026-09-11 18:37:46,Brownie nogada,140,Norte,Reposteria,pza,20.0
I-88BFEA8C5A,2026-09-11 18:37:46,Eclair de cafe,197,Plaza Obelie,Petit fours,pza,16.0
I-9DCD0CAE4A,2026-09-11 18:37:47,Galleta de mantequilla,220,Sur,Reposteria,pza,6.0
I-DD0F71E1A8,2026-09-11 18:37:48,Rol de canela,121,Centro,Viennoiserie,pza,15.0
I-F445EDB75C,2026-09-11 18:37:48,Eclair de cafe,259,Sur,Petit fours,pza,16.0
I-B57FB07E32,2026-09-11 18:37:49,Croissant de almendra,128,Norte,Viennoiserie,pza,18.0
I-7A8082464A,2026-09-11 18:37:49,Brownie nogada,129,Centro,Reposteria,pza,20.0
I-A415E5364B,2026-09-11 18:37:50,Baguette tradicional,142,Sur,Panaderia,pza,9.0
I-DEE62BABD6,2026-09-11 18:37:51,Macaron mixto,225,Norte,Petit fours,pza,10.0
I-3A62CEB3AB,2026-09-11 18:37:51,Galleta de mantequilla,217,Centro,Reposteria,pza,6.0
I-420D4763F0,2026-09-11 18:37:51,Brownie nogada,148,Norte,Reposteria,pza,20.0
I-B63C7D7DF0,2026-09-11 18:37:52,Galleta de mantequilla,135,Norte,Reposteria,pza,6.0
I-F18AA1D23B,2026-09-11 18:37:53,Brownie nogada,141,Sur,Reposteria,pza,20.0
I-B3D4B2E1B9,2026-09-11 18:37:53,Tarta de frutas,72,Centro,Pasteles,pza,155.0
I-D251526D6C,2026-09-11 18:37:54,Rol de canela,126,Plaza Obelie,Viennoiserie,pza,15.0
I-D633500D41,2026-09-11 18:37:54,Galleta de mantequilla,152,Plaza Obelie,Reposteria,pza,6.0
I-89E6D368DE,2026-09-11 18:37:55,Galleta de mantequilla,146,Norte,Reposteria,pza,6.0
I-467BC2622F,2026-09-11 18:37:55,Eclair de cafe,199,Plaza Obelie,Petit fours,pza,16.0
I-DABE4B31BC,2026-09-11 18:37:56,Cheesecake de frutos rojos,134,Plaza Obelie,Pasteles,pza,170.0
I-3EDCAD465E,2026-09-11 18:37:57,Croissant de almendra,245,Centro,Viennoiserie,pza,18.0
I-29D8AEEC51,2026-09-11 18:37:57,Macaron mixto,225,Sur,Petit fours,pza,10.0
I-ADF0F2BBDE,2026-09-11 18:37:57,Pastel de chocolate,179,Sur,Pasteles,pza,150.0
I-CB9D446E14,2026-09-11 18:37:58,Cheesecake de frutos rojos,201,Sur,Pasteles,pza,170.0
I-F0471A6C63,2026-09-11 18:37:59,Rol de canela,203,Sur,Viennoiserie,pza,15.0
I-11A3BCE223,2026-09-11 18:37:59,Macaron mixto,233,Sur,Petit fours,pza,10.0
I-9F81C79215,2026-09-11 18:38:00,Brownie nogada,147,Sur,Reposteria,pza,20.0
I-6430393686,2026-09-11 18:38:01,Galleta de mantequilla,212,Sur,Reposteria,pza,6.0
I-227E2E1337,2026-09-11 18:38:01,Macaron mixto,172,Plaza Obelie,Petit fours,pza,10.0
I-413AA9FBD0,2026-09-11 18:38:02,Macaron mixto,234,Centro,Petit fours,pza,10.0
I-777FF875EA,2026-09-11 18:38:02,Macaron mixto,239,Centro,Petit fours,pza,10.0
I-66C90334AD,2026-09-11 18:38:03,Rol de canela,129,Plaza Obelie,Viennoiserie,pza,15.0
I-E82EA2FFB2,2026-09-11 18:38:03,Cheesecake de frutos rojos,202,Sur,Pasteles,pza,170.0
I-DD107D2251,2026-09-11 18:38:04,Croissant de almendra,247,Plaza Obelie,Viennoiserie,pza,18.0
I-0A3F08F948,2026-09-11 18:38:04,Croissant de almendra,135,Norte,Viennoiserie,pza,18.0
I-9FD3EBCC32,2026-09-11 18:38:05,Rol de canela,135,Plaza Obelie,Viennoiserie,pza,15.0
I-D867923439,2026-09-11 18:38:05,Eclair de cafe,254,Sur,Petit fours,pza,16.0
I-167D8AE38D,2026-09-11 18:38:06,Brownie nogada,144,Norte,Reposteria,pza,20.0
I-0987FD9814,2026-09-11 18:38:06,Croissant de almendra,127,Norte,Viennoiserie,pza,18.0
I-81AF512845,2026-09-11 18:38:07,Tarta de frutas,121,Sur,Pasteles,pza,155.0
I-0CBEF51A72,2026-09-11 18:38:08,Rol de canela,147,Plaza Obelie,Viennoiserie,pza,15.0
I-825A2F2B0D,2026-09-11 18:38:08,Brownie nogada,142,Norte,Reposteria,pza,20.0
I-E66E518989,2026-09-11 18:38:09,Macaron mixto,233,Centro,Petit fours,pza,10.0
I-69B446DE8E,2026-09-11 18:38:10,Cheesecake de frutos rojos,203,Sur,Pasteles,pza,170.0
I-58E6566CA5,2026-09-11 18:38:10,Rol de canela,129,Norte,Viennoiserie,pza,15.0
I-6D59CD2C1A,2026-09-11 18:38:10,Pastel de chocolate,256,Plaza Obelie,Pasteles,pza,150.0
I-5AA92708B7,2026-09-11 18:38:11,Baguette tradicional,173,Centro,Panaderia,pza,9.0
I-433DD8FBB6,2026-09-11 18:38:12,Rol de canela,212,Sur,Viennoiserie,pza,15.0
I-6EFD1ABF8B,2026-09-11 18:38:12,Macaron mixto,184,Plaza Obelie,Petit fours,pza,10.0
I-B429AADBF9,2026-09-11 18:38:13,Cheesecake de frutos rojos,199,Sur,Pasteles,pza,170.0
I-24B415D7FC,2026-09-11 18:38:14,Pastel de chocolate,179,Sur,Pasteles,pza,150.0
I-35D2BC834A,2026-09-11 18:38:15,Tarta de frutas,219,Norte,Pasteles,pza,155.0
I-F2F255ACEA,2026-09-11 18:38:15,Baguette tradicional,216,Norte,Panaderia,pza,9.0
I-D9AF9240E2,2026-09-11 18:38:16,Brownie nogada,144,Norte,Reposteria,pza,20.0
I-1329DB54BB,2026-09-11 18:38:16,Tarta de frutas,227,Norte,Pasteles,pza,155.0
I-07B349CB63,2026-09-11 18:38:17,Macaron mixto,222,Norte,Petit fours,pza,10.0
I-EA066E27D7,2026-09-11 18:38:17,Brownie nogada,157,Sur,Reposteria,pza,20.0
I-E97F84130D,2026-09-11 18:38:18,Baguette tradicional,147,Sur,Panaderia,pza,9.0
I-674EDB725E,2026-09-11 18:38:19,Galleta de mantequilla,213,Sur,Reposteria,pza,6.0
I-1C6B8AD9E8,2026-09-11 18:38:19,Pastel de chocolate,257,Plaza Obelie,Pasteles,pza,150.0
I-C33645C2B2,2026-09-11 18:38:20,Rol de canela,123,Centro,Viennoiserie,pza,15.0
I-203914CB83,2026-09-11 18:38:20,Eclair de cafe,205,Plaza Obelie,Petit fours,pza,16.0
I-AE5189B855,2026-09-11 18:38:21,Tarta de frutas,123,Sur,Pasteles,pza,155.0
I-F1EDA1C903,2026-09-11 18:38:21,Croissant de almendra,127,Norte,Viennoiserie,pza,18.0
I-3382067059,2026-09-11 18:38:22,Tarta de frutas,212,Plaza Obelie,Pasteles,pza,155.0
I-05EBB85846,2026-09-11 18:38:22,Eclair de cafe,159,Norte,Petit fours,pza,16.0
I-D09FAA598E,2026-09-11 18:38:23,Eclair de cafe,255,Sur,Petit fours,pza,16.0
I-28E4076701,2026-09-11 18:38:24,Eclair de cafe,261,Sur,Petit fours,pza,16.0
I-0D7A7A5F23,2026-09-11 18:38:24,Brownie nogada,148,Norte,Reposteria,pza,20.0
I-7A2A89825A,2026-09-11 18:38:25,Rol de canela,131,Centro,Viennoiserie,pza,15.0
I-01AE9B593A,2026-09-11 18:38:25,Macaron mixto,219,Norte,Petit fours,pza,10.0
I-96671058B5,2026-09-11 18:38:26,Croissant de almendra,139,Norte,Viennoiserie,pza,18.0
I-95D58F99CD,2026-09-11 18:38:27,Galleta de mantequilla,140,Norte,Reposteria,pza,6.0
I-988E1B3971,2026-09-11 18:38:27,Rol de canela,141,Centro,Viennoiserie,pza,15.0
I-32F2FB741A,2026-09-11 18:38:28,Cheesecake de frutos rojos,190,Centro,Pasteles,pza,170.0
I-F506907304,2026-09-11 18:38:28,Brownie nogada,273,Plaza Obelie,Reposteria,pza,20.0
I-DE47E852AB,2026-09-11 18:38:29,Baguette tradicional,176,Plaza Obelie,Panaderia,pza,9.0
I-3882F9FE87,2026-09-11 18:38:30,Eclair de cafe,156,Norte,Petit fours,pza,16.0
I-62F874AB26,2026-09-11 18:38:30,Rol de canela,155,Plaza Obelie,Viennoiserie,pza,15.0
I-C2097B9DEF,2026-09-11 18:38:31,Cheesecake de frutos rojos,143,Norte,Pasteles,pza,170.0
I-F213C9B78A,2026-09-11 18:38:31,Rol de canela,157,Plaza Obelie,Viennoiserie,pza,15.0
I-9749421638,2026-09-11 18:38:32,Galleta de mantequilla,217,Centro,Reposteria,pza,6.0
I-113A433DD1,2026-09-11 18:38:32,Eclair de cafe,265,Sur,Petit fours,pza,16.0
I-C84C708B50,2026-09-11 18:38:33,Cheesecake de frutos rojos,200,Sur,Pasteles,pza,170.0
I-AED4099862,2026-09-11 18:38:33,Macaron mixto,238,Centro,Petit fours,pza,10.0
I-61A2A28D55,2026-09-11 18:38:34,Macaron mixto,178,Plaza Obelie,Petit fours,pza,10.0
I-2912CCE1F1,2026-09-11 18:38:35,Tarta de frutas,232,Norte,Pasteles,pza,155.0
I-A099E69FE1,2026-09-11 18:38:35,Tarta de frutas,220,Plaza Obelie,Pasteles,pza,155.0
I-9AD6701EE3,2026-09-11 18:38:36,Macaron mixto,238,Sur,Petit fours,pza,10.0
I-E725D249B8,2026-09-11 18:38:36,Rol de canela,125,Norte,Viennoiserie,pza,15.0
I-F6FE214CB6,2026-09-11 18:38:37,Baguette tradicional,182,Centro,Panaderia,pza,9.0
I-4E558AA290,2026-09-11 18:38:37,Tarta de frutas,126,Sur,Pasteles,pza,155.0
I-9157E68BB2,2026-09-11 18:38:38,Pastel de chocolate,235,Centro,Pasteles,pza,150.0
I-CCBC1777FA,2026-09-11 18:38:38,Croissant de almendra,248,Plaza Obelie,Viennoiserie,pza,18.0
I-1D017DB63E,2026-09-11 18:38:39,Eclair de cafe,263,Sur,Petit fours,pza,16.0
I-E641ED4D8E,2026-09-11 18:38:40,Tarta de frutas,231,Plaza Obelie,Pasteles,pza,155.0
I-7692294122,2026-09-11 18:38:40,Macaron mixto,238,Centro,Petit fours,pza,10.0
I-DBFD610253,2026-09-11 18:38:41,Pastel de chocolate,246,Centro,Pasteles,pza,150.0
I-FEFDCCA1BE,2026-09-11 18:38:41,Croissant de almendra,68,Sur,Viennoiserie,pza,18.0
I-9294BFB720,2026-09-11 18:38:42,Galleta de mantequilla,158,Plaza Obelie,Reposteria,pza,6.0
I-4FFC349494,2026-09-11 18:38:43,Eclair de cafe,213,Plaza Obelie,Petit fours,pza,16.0
I-46E060BB6B,2026-09-11 18:38:43,Tarta de frutas,242,Plaza Obelie,Pasteles,pza,155.0
I-C1D956B831,2026-09-11 18:38:44,Brownie nogada,269,Plaza Obelie,Reposteria,pza,20.0
I-996C3D2045,2026-09-11 18:38:44,Eclair de cafe,149,Norte,Petit fours,pza,16.0
I-5DA7BD213C,2026-09-11 18:38:45,Rol de canela,223,Sur,Viennoiserie,pza,15.0
I-7F95253620,2026-09-11 18:38:46,Croissant de almendra,242,Centro,Viennoiserie,pza,18.0
I-CCB9128949,2026-09-11 18:38:46,Macaron mixto,244,Centro,Petit fours,pza,10.0
I-88DF774E33,2026-09-11 18:38:47,Cheesecake de frutos rojos,200,Sur,Pasteles,pza,170.0
I-C26F92FACF,2026-09-11 18:38:48,Rol de canela,216,Sur,Viennoiserie,pza,15.0
I-7D713BF56F,2026-09-11 18:38:48,Rol de canela,146,Centro,Viennoiserie,pza,15.0
I-185329B89B,2026-09-11 18:38:49,Cheesecake de frutos rojos,199,Centro,Pasteles,pza,170.0
I-5A840526F5,2026-09-11 18:38:49,Eclair de cafe,260,Sur,Petit fours,pza,16.0
I-FB206AC1B9,2026-09-11 18:38:50,Macaron mixto,221,Norte,Petit fours,pza,10.0
I-D21F7E1C60,2026-09-11 18:38:51,Brownie nogada,141,Centro,Reposteria,pza,20.0
I-630FF23846,2026-09-11 18:38:51,Eclair de cafe,160,Norte,Petit fours,pza,16.0
I-AF7E44B554,2026-09-11 18:38:52,Rol de canela,137,Norte,Viennoiserie,pza,15.0
I-027873584A,2026-09-11 18:38:52,Pastel de chocolate,256,Plaza Obelie,Pasteles,pza,150.0
I-062D2E614D,2026-09-11 18:38:53,Cheesecake de frutos rojos,146,Norte,Pasteles,pza,170.0
I-F157168302,2026-09-11 18:38:53,Galleta de mantequilla,155,Plaza Obelie,Reposteria,pza,6.0
I-E239BE9C84,2026-09-11 18:38:54,Macaron mixto,240,Centro,Petit fours,pza,10.0
I-1D5B842D3A,2026-09-11 18:38:54,Macaron mixto,239,Sur,Petit fours,pza,10.0
I-AA9365F1E0,2026-09-11 18:38:55,Tarta de frutas,235,Plaza Obelie,Pasteles,pza,155.0
I-78565C95C5,2026-09-11 18:38:56,Macaron mixto,245,Sur,Petit fours,pza,10.0
I-6D52505E76,2026-09-11 18:38:56,Brownie nogada,165,Sur,Reposteria,pza,20.0
I-56A52DB526,2026-09-11 18:38:57,Macaron mixto,181,Plaza Obelie,Petit fours,pza,10.0
I-238F989261,2026-09-11 18:38:57,Cheesecake de frutos rojos,204,Sur,Pasteles,pza,170.0
I-2BE7907E7D,2026-09-11 18:38:58,Cheesecake de frutos rojos,214,Sur,Pasteles,pza,170.0
I-5C7C5A1523,2026-09-11 18:38:59,Rol de canela,159,Plaza Obelie,Viennoiserie,pza,15.0
I-19FC2005A9,2026-09-11 18:38:59,Tarta de frutas,243,Plaza Obelie,Pasteles,pza,155.0
I-8D2F398D84,2026-09-11 18:39:00,Croissant de almendra,244,Plaza Obelie,Viennoiserie,pza,18.0
I-B7F630ADFD,2026-09-11 18:39:00,Croissant de almendra,79,Sur,Viennoiserie,pza,18.0
I-1323D4F433,2026-09-11 18:39:01,Pastel de chocolate,239,Centro,Pasteles,pza,150.0
I-7BF57AAFE7,2026-09-11 18:39:01,Pastel de chocolate,73,Norte,Pasteles,pza,150.0
I-40EE980D2E,2026-09-11 18:39:02,Cheesecake de frutos rojos,210,Sur,Pasteles,pza,170.0
I-A7FE7C47BD,2026-09-11 18:39:02,Rol de canela,167,Plaza Obelie,Viennoiserie,pza,15.0
I-CF3700A719,2026-09-11 18:39:03,Pastel de chocolate,256,Plaza Obelie,Pasteles,pza,150.0
I-25D3C9A4CB,2026-09-11 18:39:03,Galleta de mantequilla,222,Sur,Reposteria,pza,6.0
I-A5C29797FE,2026-09-11 18:39:04,Brownie nogada,177,Sur,Reposteria,pza,20.0
I-7C155EE6A8,2026-09-11 18:39:04,Baguette tradicional,213,Norte,Panaderia,pza,9.0
I-68F9F32DDF,2026-09-11 18:39:05,Pastel de chocolate,68,Norte,Pasteles,pza,150.0
I-88821C82FB,2026-09-11 18:39:05,Pastel de chocolate,184,Sur,Pasteles,pza,150.0
I-EA5AB78526,2026-09-11 18:39:06,Tarta de frutas,244,Norte,Pasteles,pza,155.0
I-36AB18C358,2026-09-11 18:39:07,Brownie nogada,277,Plaza Obelie,Reposteria,pza,20.0
I-D969C3A150,2026-09-11 18:39:07,Galleta de mantequilla,151,Plaza Obelie,Reposteria,pza,6.0
I-7D0BC06955,2026-09-11 18:39:08,Croissant de almendra,148,Norte,Viennoiserie,pza,18.0
I-6C5FA2ED08,2026-09-11 18:39:08,Macaron mixto,231,Norte,Petit fours,pza,10.0
I-447281A0C4,2026-09-11 18:39:09,Rol de canela,209,Sur,Viennoiserie,pza,15.0
I-0F37D1CCF8,2026-09-11 18:39:09,Cheesecake de frutos rojos,193,Centro,Pasteles,pza,170.0
I-FD53C1EEC6,2026-09-11 18:39:10,Rol de canela,168,Plaza Obelie,Viennoiserie,pza,15.0
I-F1B6B93156,2026-09-11 18:39:11,Croissant de almendra,84,Sur,Viennoiserie,pza,18.0
I-98983B5CA3,2026-09-11 18:39:11,Macaron mixto,249,Sur,Petit fours,pza,10.0
I-1450B05C26,2026-09-11 18:39:12,Tarta de frutas,72,Centro,Pasteles,pza,155.0
I-E51AB1D593,2026-09-11 18:39:12,Macaron mixto,226,Norte,Petit fours,pza,10.0
I-71FF399210,2026-09-11 18:39:13,Brownie nogada,276,Plaza Obelie,Reposteria,pza,20.0
I-A07BE12465,2026-09-11 18:39:14,Eclair de cafe,262,Sur,Petit fours,pza,16.0
I-6158BC0B3F,2026-09-11 18:39:14,Rol de canela,139,Norte,Viennoiserie,pza,15.0
I-439F3C7C97,2026-09-11 18:39:15,Galleta de mantequilla,209,Centro,Reposteria,pza,6.0
I-5765A18F79,2026-09-11 18:39:15,Croissant de almendra,245,Plaza Obelie,Viennoiserie,pza,18.0
I-FE0992F9D5,2026-09-11 18:39:16,Macaron mixto,176,Plaza Obelie,Petit fours,pza,10.0
I-CA890A1062,2026-09-11 18:39:16,Eclair de cafe,264,Sur,Petit fours,pza,16.0
I-3759254227,2026-09-11 18:39:17,Pastel de chocolate,239,Centro,Pasteles,pza,150.0
I-E3E0B4FB9A,2026-09-11 18:39:18,Tarta de frutas,74,Centro,Pasteles,pza,155.0
I-1BBE28FE1D,2026-09-11 18:39:18,Tarta de frutas,138,Sur,Pasteles,pza,155.0
I-5810B90EC8,2026-09-11 18:39:19,Croissant de almendra,254,Plaza Obelie,Viennoiserie,pza,18.0
I-677A4C0140,2026-09-11 18:39:19,Macaron mixto,234,Centro,Petit fours,pza,10.0
I-61CCD4552B,2026-09-11 18:39:20,Galleta de mantequilla,163,Plaza Obelie,Reposteria,pza,6.0
I-7B3C4494F4,2026-09-11 18:39:20,Eclair de cafe,212,Plaza Obelie,Petit fours,pza,16.0
I-442223C460,2026-09-11 18:39:21,Tarta de frutas,254,Plaza Obelie,Pasteles,pza,155.0
I-B82A63CB64,2026-09-11 18:39:21,Tarta de frutas,69,Centro,Pasteles,pza,155.0
I-481E442E58,2026-09-11 18:39:22,Pastel de chocolate,249,Plaza Obelie,Pasteles,pza,150.0
I-463B83E514,2026-09-11 18:39:23,Galleta de mantequilla,205,Centro,Reposteria,pza,6.0
I-6A56AAE167,2026-09-11 18:39:23,Croissant de almendra,242,Centro,Viennoiserie,pza,18.0
I-5F4EC7CF7D,2026-09-11 18:39:24,Cheesecake de frutos rojos,201,Centro,Pasteles,pza,170.0
I-DC81F9C1E4,2026-09-11 18:39:24,Eclair de cafe,204,Plaza Obelie,Petit fours,pza,16.0
I-49AED05102,2026-09-11 18:39:25,Pastel de chocolate,249,Plaza Obelie,Pasteles,pza,150.0
I-AF3751F489,2026-09-11 18:39:25,Baguette tradicional,178,Centro,Panaderia,pza,9.0
I-252177C9D1,2026-09-11 18:39:26,Brownie nogada,282,Plaza Obelie,Reposteria,pza,20.0
I-269905BCCF,2026-09-11 18:39:27,Brownie nogada,142,Norte,Reposteria,pza,20.0
I-876FB983C4,2026-09-11 18:39:27,Brownie nogada,294,Plaza Obelie,Reposteria,pza,20.0
I-7396DC1B34,2026-09-11 18:39:28,Baguette tradicional,217,Norte,Panaderia,pza,9.0
I-6CAD6E7D66,2026-09-11 18:39:28,Rol de canela,140,Norte,Viennoiserie,pza,15.0
I-5A654BCA4B,2026-09-11 18:39:29,Eclair de cafe,256,Sur,Petit fours,pza,16.0
I-FD182D0ACB,2026-09-11 18:39:30,Croissant de almendra,78,Sur,Viennoiserie,pza,18.0
I-391E37AF33,2026-09-11 18:39:30,Macaron mixto,182,Plaza Obelie,Petit fours,pza,10.0
I-5532CA6A2D,2026-09-11 18:39:30,Macaron mixto,222,Norte,Petit fours,pza,10.0
I-5001E44D59,2026-09-11 18:39:31,Brownie nogada,306,Plaza Obelie,Reposteria,pza,20.0
I-B028CF904F,2026-09-11 18:39:32,Pastel de chocolate,185,Sur,Pasteles,pza,150.0
I-B774B1DE84,2026-09-11 18:39:32,Baguette tradicional,185,Plaza Obelie,Panaderia,pza,9.0
I-E0BE31F532,2026-09-11 18:39:33,Galleta de mantequilla,211,Centro,Reposteria,pza,6.0
I-8F8384906E,2026-09-11 18:39:33,Eclair de cafe,262,Sur,Petit fours,pza,16.0
I-5026039F99,2026-09-11 18:39:34,Baguette tradicional,170,Centro,Panaderia,pza,9.0
I-312F99F15E,2026-09-11 18:39:35,Cheesecake de frutos rojos,198,Centro,Pasteles,pza,170.0
I-619E3687F1,2026-09-11 18:39:35,Galleta de mantequilla,148,Norte,Reposteria,pza,6.0
I-364160E21B,2026-09-11 18:39:36,Cheesecake de frutos rojos,212,Sur,Pasteles,pza,170.0
I-E320EF7402,2026-09-11 18:39:36,Galleta de mantequilla,217,Sur,Reposteria,pza,6.0
I-0F881E376B,2026-09-11 18:39:36,Eclair de cafe,254,Sur,Petit fours,pza,16.0
I-FE3D021D9A,2026-09-11 18:39:37,Croissant de almendra,155,Norte,Viennoiserie,pza,18.0
I-2BCCE94F3A,2026-09-11 18:39:38,Pastel de chocolate,247,Plaza Obelie,Pasteles,pza,150.0
I-04634C9736,2026-09-11 18:39:39,Croissant de almendra,249,Plaza Obelie,Viennoiserie,pza,18.0
I-A1DA2CB851,2026-09-11 18:39:39,Pastel de chocolate,61,Norte,Pasteles,pza,150.0
I-FC634B871C,2026-09-11 18:39:39,Cheesecake de frutos rojos,151,Norte,Pasteles,pza,170.0
I-9A11BB1F06,2026-09-11 18:39:40,Cheesecake de frutos rojos,131,Plaza Obelie,Pasteles,pza,170.0
I-F953DFB405,2026-09-11 18:39:41,Cheesecake de frutos rojos,219,Sur,Pasteles,pza,170.0
I-D4C663E5D5,2026-09-11 18:39:41,Croissant de almendra,83,Sur,Viennoiserie,pza,18.0
I-9ECC5E77BE,2026-09-11 18:39:42,Pastel de chocolate,247,Centro,Pasteles,pza,150.0
I-C935110B0F,2026-09-11 18:39:42,Croissant de almendra,247,Centro,Viennoiserie,pza,18.0
I-C2CB0D549C,2026-09-11 18:39:43,Galleta de mantequilla,158,Norte,Reposteria,pza,6.0
I-A86C6D78A1,2026-09-11 18:39:43,Galleta de mantequilla,212,Sur,Reposteria,pza,6.0
I-2F8C3ACDF1,2026-09-11 18:39:44,Galleta de mantequilla,166,Plaza Obelie,Reposteria,pza,6.0
I-90FCB26EAF,2026-09-11 18:39:45,Eclair de cafe,250,Sur,Petit fours,pza,16.0
I-3F5AD81F91,2026-09-11 18:39:45,Macaron mixto,232,Centro,Petit fours,pza,10.0
I-6C9503AEA1,2026-09-11 18:39:46,Rol de canela,160,Plaza Obelie,Viennoiserie,pza,15.0
I-352640B78B,2026-09-11 18:39:47,Rol de canela,146,Norte,Viennoiserie,pza,15.0
I-8BD3DAB377,2026-09-11 18:39:47,Eclair de cafe,250,Sur,Petit fours,pza,16.0
I-A8A5472635,2026-09-11 18:39:48,Tarta de frutas,252,Plaza Obelie,Pasteles,pza,155.0
I-F045F64D00,2026-09-11 18:39:48,Pastel de chocolate,195,Sur,Pasteles,pza,150.0
I-2A32DC0613,2026-09-11 18:39:49,Croissant de almendra,147,Norte,Viennoiserie,pza,18.0
I-E42C5A4E98,2026-09-11 18:39:50,Pastel de chocolate,199,Sur,Pasteles,pza,150.0
I-E612DEEDDE,2026-09-11 18:39:50,Baguette tradicional,226,Norte,Panaderia,pza,9.0
I-00B12329D2,2026-09-11 18:39:51,Galleta de mantequilla,157,Norte,Reposteria,pza,6.0
I-FA3A36A722,2026-09-11 18:39:51,Tarta de frutas,65,Centro,Pasteles,pza,155.0
I-01D35BDC7D,2026-09-11 18:39:52,Brownie nogada,182,Sur,Reposteria,pza,20.0
I-B255FEED76,2026-09-11 18:39:53,Galleta de mantequilla,217,Sur,Reposteria,pza,6.0
I-2256ECF036,2026-09-11 18:39:53,Baguette tradicional,147,Sur,Panaderia,pza,9.0
I-289C016446,2026-09-11 18:39:54,Baguette tradicional,153,Sur,Panaderia,pza,9.0
I-B58B3835F3,2026-09-11 18:39:54,Brownie nogada,306,Plaza Obelie,Reposteria,pza,20.0
I-267A4860D3,2026-09-11 18:39:55,Cheesecake de frutos rojos,158,Norte,Pasteles,pza,170.0
I-CC19C7D1FE,2026-09-11 18:39:55,Pastel de chocolate,256,Plaza Obelie,Pasteles,pza,150.0
I-F4274771BA,2026-09-11 18:39:56,Brownie nogada,144,Norte,Reposteria,pza,20.0
I-49AEF7C99F,2026-09-11 18:39:56,Pastel de chocolate,250,Plaza Obelie,Pasteles,pza,150.0
I-15E422FA03,2026-09-11 18:39:57,Croissant de almendra,253,Plaza Obelie,Viennoiserie,pza,18.0
I-C5A339A914,2026-09-11 18:39:57,Brownie nogada,153,Norte,Reposteria,pza,20.0
I-BB6D6A5F5C,2026-09-11 18:39:58,Macaron mixto,260,Sur,Petit fours,pza,10.0
I-6275B5E989,2026-09-11 18:39:59,Eclair de cafe,204,Plaza Obelie,Petit fours,pza,16.0
I-0CB9D66980,2026-09-11 18:39:59,Cheesecake de frutos rojos,202,Centro,Pasteles,pza,170.0
I-9891EF2E33,2026-09-11 18:40:00,Rol de canela,149,Centro,Viennoiserie,pza,15.0
I-3DF196C870,2026-09-11 18:40:00,Brownie nogada,177,Sur,Reposteria,pza,20.0
I-60A13BCA38,2026-09-11 18:40:01,Cheesecake de frutos rojos,137,Plaza Obelie,Pasteles,pza,170.0
I-611C4FD533,2026-09-11 18:40:01,Brownie nogada,298,Plaza Obelie,Reposteria,pza,20.0
I-97823F652D,2026-09-11 18:40:02,Cheesecake de frutos rojos,146,Plaza Obelie,Pasteles,pza,170.0
I-9412290456,2026-09-11 18:40:02,Macaron mixto,224,Centro,Petit fours,pza,10.0
I-7AD33552EE,2026-09-11 18:40:03,Eclair de cafe,165,Norte,Petit fours,pza,16.0
I-8BA2E5E498,2026-09-11 18:40:04,Tarta de frutas,259,Plaza Obelie,Pasteles,pza,155.0
I-514CEB97A2,2026-09-11 18:40:04,Croissant de almendra,261,Plaza Obelie,Viennoiserie,pza,18.0
I-C3AFDFE4A7,2026-09-11 18:40:05,Rol de canela,147,Centro,Viennoiserie,pza,15.0
I-50C5112C46,2026-09-11 18:40:06,Tarta de frutas,268,Plaza Obelie,Pasteles,pza,155.0
I-A1F3D68ACA,2026-09-11 18:40:06,Pastel de chocolate,68,Norte,Pasteles,pza,150.0
I-07AAE3CA0F,2026-09-11 18:40:07,Galleta de mantequilla,161,Norte,Reposteria,pza,6.0
I-3C1EFA4996,2026-09-11 18:40:07,Croissant de almendra,266,Plaza Obelie,Viennoiserie,pza,18.0
I-890D7CC6D8,2026-09-11 18:40:08,Tarta de frutas,77,Centro,Pasteles,pza,155.0
I-B93A77DD17,2026-09-11 18:40:09,Brownie nogada,303,Plaza Obelie,Reposteria,pza,20.0
I-096892CEC2,2026-09-11 18:40:09,Pastel de chocolate,251,Plaza Obelie,Pasteles,pza,150.0
I-105C749E6D,2026-09-11 18:40:10,Macaron mixto,260,Sur,Petit fours,pza,10.0
I-F401BB3E24,2026-09-11 18:40:10,Tarta de frutas,143,Sur,Pasteles,pza,155.0
I-33B2BC74F0,2026-09-11 18:40:11,Pastel de chocolate,251,Plaza Obelie,Pasteles,pza,150.0
I-1D9472FB67,2026-09-11 18:40:11,Rol de canela,201,Sur,Viennoiserie,pza,15.0
I-B663D7485A,2026-09-11 18:40:12,Pastel de chocolate,243,Centro,Pasteles,pza,150.0
I-2614829C70,2026-09-11 18:40:13,Rol de canela,138,Norte,Viennoiserie,pza,15.0
I-0CD3978001,2026-09-11 18:40:13,Eclair de cafe,246,Sur,Petit fours,pza,16.0
I-285E659392,2026-09-11 18:40:14,Croissant de almendra,251,Centro,Viennoiserie,pza,18.0
I-C5A300595C,2026-09-11 18:40:14,Baguette tradicional,170,Centro,Panaderia,pza,9.0
I-27C2AEE662,2026-09-11 18:40:15,Rol de canela,141,Norte,Viennoiserie,pza,15.0
I-F3D8BEF8D3,2026-09-11 18:40:16,Baguette tradicional,179,Plaza Obelie,Panaderia,pza,9.0
I-122EFDBA3B,2026-09-11 18:40:16,Brownie nogada,182,Sur,Reposteria,pza,20.0
I-976EC5B577,2026-09-11 18:40:17,Cheesecake de frutos rojos,208,Centro,Pasteles,pza,170.0
I-67652F7D8E,2026-09-11 18:40:17,Eclair de cafe,205,Plaza Obelie,Petit fours,pza,16.0
I-DB39AAA802,2026-09-11 18:40:18,Eclair de cafe,256,Sur,Petit fours,pza,16.0
I-603986CD1C,2026-09-11 18:40:18,Macaron mixto,190,Plaza Obelie,Petit fours,pza,10.0
I-9CA8044F7E,2026-09-11 18:40:19,Croissant de almendra,141,Norte,Viennoiserie,pza,18.0
I-26B15F70EF,2026-09-11 18:40:20,Tarta de frutas,280,Plaza Obelie,Pasteles,pza,155.0
I-C2016B41DD,2026-09-11 18:40:20,Cheesecake de frutos rojos,154,Plaza Obelie,Pasteles,pza,170.0
I-6382A9E51B,2026-09-11 18:40:21,Rol de canela,164,Plaza Obelie,Viennoiserie,pza,15.0
I-F4060B9803,2026-09-11 18:40:21,Rol de canela,212,Sur,Viennoiserie,pza,15.0
I-CB69EE1B60,2026-09-11 18:40:22,Pastel de chocolate,252,Centro,Pasteles,pza,150.0
I-3356F06AD4,2026-09-11 18:40:22,Galleta de mantequilla,175,Plaza Obelie,Reposteria,pza,6.0
I-018776D80B,2026-09-11 18:40:23,Pastel de chocolate,258,Centro,Pasteles,pza,150.0
I-7E0619050B,2026-09-11 18:40:24,Tarta de frutas,78,Centro,Pasteles,pza,155.0
I-D0A531D9C1,2026-09-11 18:40:24,Rol de canela,144,Norte,Viennoiserie,pza,15.0
I-6DBF695F5C,2026-09-11 18:40:25,Cheesecake de frutos rojos,166,Plaza Obelie,Pasteles,pza,170.0
I-23C969BC20,2026-09-11 18:40:25,Macaron mixto,259,Sur,Petit fours,pza,10.0
I-08E37FB313,2026-09-11 18:40:26,Macaron mixto,224,Centro,Petit fours,pza,10.0
I-14B773D76F,2026-09-11 18:40:26,Brownie nogada,147,Norte,Reposteria,pza,20.0
I-B45DE6EEC9,2026-09-11 18:40:27,Brownie nogada,192,Sur,Reposteria,pza,20.0
I-37601990DA,2026-09-11 18:40:28,Galleta de mantequilla,208,Centro,Reposteria,pza,6.0
I-BDAA6DBE31,2026-09-11 18:40:29,Rol de canela,204,Sur,Viennoiserie,pza,15.0
I-FC9303B11C,2026-09-11 18:40:29,Galleta de mantequilla,223,Sur,Reposteria,pza,6.0
I-98417E32A3,2026-09-11 18:40:30,Galleta de mantequilla,169,Plaza Obelie,Reposteria,pza,6.0
I-7EA1C4FE3C,2026-09-11 18:40:30,Galleta de mantequilla,216,Centro,Reposteria,pza,6.0
I-A9C4ABAFD8,2026-09-11 18:40:31,Galleta de mantequilla,175,Plaza Obelie,Reposteria,pza,6.0
I-DDEEB79587,2026-09-11 18:40:32,Macaron mixto,257,Sur,Petit fours,pza,10.0
I-2DFCC5C4ED,2026-09-11 18:40:32,Rol de canela,196,Sur,Viennoiserie,pza,15.0
I-A7EECD2C63,2026-09-11 18:40:33,Pastel de chocolate,198,Sur,Pasteles,pza,150.0
I-227FAD5A1B,2026-09-11 18:40:34,Croissant de almendra,259,Plaza Obelie,Viennoiserie,pza,18.0
I-07957E24FA,2026-09-11 18:40:34,Pastel de chocolate,246,Plaza Obelie,Pasteles,pza,150.0
I-88D9ED7FBA,2026-09-11 18:40:35,Brownie nogada,306,Plaza Obelie,Reposteria,pza,20.0
I-37EDE47061,2026-09-11 18:40:36,Macaron mixto,196,Plaza Obelie,Petit fours,pza,10.0
I-E794307ACB,2026-09-11 18:40:36,Baguette tradicional,163,Sur,Panaderia,pza,9.0
I-7801CE203C,2026-09-11 18:40:37,Galleta de mantequilla,159,Norte,Reposteria,pza,6.0
I-9FD564882D,2026-09-11 18:40:37,Macaron mixto,200,Plaza Obelie,Petit fours,pza,10.0
I-925D4934C3,2026-09-11 18:40:38,Tarta de frutas,285,Plaza Obelie,Pasteles,pza,155.0
I-5AC327E099,2026-09-11 18:40:38,Pastel de chocolate,259,Centro,Pasteles,pza,150.0
I-E5ED6FD7B2,2026-09-11 18:40:39,Eclair de cafe,202,Plaza Obelie,Petit fours,pza,16.0
I-47B5238FF9,2026-09-11 18:40:39,Macaron mixto,220,Centro,Petit fours,pza,10.0
I-AFFA01F769,2026-09-11 18:40:40,Eclair de cafe,253,Sur,Petit fours,pza,16.0
I-91B0446836,2026-09-11 18:40:41,Galleta de mantequilla,217,Sur,Reposteria,pza,6.0
I-1EE98942FB,2026-09-11 18:40:41,Brownie nogada,196,Sur,Reposteria,pza,20.0
I-31899E4B62,2026-09-11 18:40:42,Rol de canela,138,Norte,Viennoiserie,pza,15.0
I-0E7A7527F6,2026-09-11 18:40:43,Baguette tradicional,167,Centro,Panaderia,pza,9.0
I-4F869C1FFE,2026-09-11 18:40:43,Rol de canela,205,Sur,Viennoiserie,pza,15.0
I-76186F1896,2026-09-11 18:40:44,Brownie nogada,199,Sur,Reposteria,pza,20.0
I-88B0270FAE,2026-09-11 18:40:44,Cheesecake de frutos rojos,206,Centro,Pasteles,pza,170.0
I-165B9A1C42,2026-09-11 18:40:45,Brownie nogada,201,Sur,Reposteria,pza,20.0
I-1CA40EFE3A,2026-09-11 18:40:45,Baguette tradicional,162,Sur,Panaderia,pza,9.0
I-7A613B3E84,2026-09-11 18:40:46,Pastel de chocolate,191,Sur,Pasteles,pza,150.0
I-2693137466,2026-09-11 18:40:46,Tarta de frutas,77,Centro,Pasteles,pza,155.0
I-AE0B95F54E,2026-09-11 18:40:47,Tarta de frutas,86,Centro,Pasteles,pza,155.0
I-FF0A85B362,2026-09-11 18:40:48,Eclair de cafe,195,Plaza Obelie,Petit fours,pza,16.0
I-7B9087BE0F,2026-09-11 18:40:48,Croissant de almendra,84,Sur,Viennoiserie,pza,18.0
I-BF555B2FBA,2026-09-11 18:40:48,Pastel de chocolate,268,Centro,Pasteles,pza,150.0
I-735503468E,2026-09-11 18:40:49,Pastel de chocolate,183,Sur,Pasteles,pza,150.0
I-C93C46E072,2026-09-11 18:40:50,Rol de canela,148,Centro,Viennoiserie,pza,15.0
I-6BCADF7A90,2026-09-11 18:40:50,Baguette tradicional,186,Plaza Obelie,Panaderia,pza,9.0
I-C14C815146,2026-09-11 18:40:51,Galleta de mantequilla,167,Plaza Obelie,Reposteria,pza,6.0
I-5ABD1AC62F,2026-09-11 18:40:51,Galleta de mantequilla,209,Centro,Reposteria,pza,6.0
I-4E7F8FF157,2026-09-11 18:40:52,Croissant de almendra,95,Sur,Viennoiserie,pza,18.0
I-0428B2EF7D,2026-09-11 18:40:52,Rol de canela,136,Norte,Viennoiserie,pza,15.0
I-B2A4A487EF,2026-09-11 18:40:53,Galleta de mantequilla,204,Centro,Reposteria,pza,6.0
I-BFC4A7EAE3,2026-09-11 18:40:53,Galleta de mantequilla,166,Norte,Reposteria,pza,6.0
I-1F026E7207,2026-09-11 18:40:54,Croissant de almendra,96,Sur,Viennoiserie,pza,18.0
I-B234F1DAC5,2026-09-11 18:40:54,Tarta de frutas,240,Norte,Pasteles,pza,155.0
I-73D0415E5B,2026-09-11 18:40:55,Pastel de chocolate,265,Centro,Pasteles,pza,150.0
I-1B72634FC6,2026-09-11 18:40:56,Pastel de chocolate,175,Sur,Pasteles,pza,150.0
I-252A17B2FA,2026-09-11 18:40:56,Eclair de cafe,170,Norte,Petit fours,pza,16.0
I-BAC5A615B1,2026-09-11 18:40:57,Eclair de cafe,191,Plaza Obelie,Petit fours,pza,16.0
I-B2D0BCFC90,2026-09-11 18:40:57,Croissant de almendra,143,Norte,Viennoiserie,pza,18.0
I-89E7D96815,2026-09-11 18:40:58,Rol de canela,150,Centro,Viennoiserie,pza,15.0
I-A90949877B,2026-09-11 18:40:59,Brownie nogada,195,Sur,Reposteria,pza,20.0
I-080455196C,2026-09-11 18:40:59,Baguette tradicional,235,Norte,Panaderia,pza,9.0
I-68249813C9,2026-09-11 18:41:00,Cheesecake de frutos rojos,156,Norte,Pasteles,pza,170.0
I-125BC58DE9,2026-09-11 18:41:00,Galleta de mantequilla,212,Centro,Reposteria,pza,6.0
I-C256CC4C0C,2026-09-11 18:41:01,Tarta de frutas,80,Centro,Pasteles,pza,155.0
I-86C6EB70D4,2026-09-11 18:41:01,Baguette tradicional,166,Centro,Panaderia,pza,9.0
I-40E2FACC55,2026-09-11 18:41:02,Galleta de mantequilla,160,Plaza Obelie,Reposteria,pza,6.0
I-70E9445D59,2026-09-11 18:41:03,Galleta de mantequilla,211,Centro,Reposteria,pza,6.0
I-04B52C4D17,2026-09-11 18:41:03,Baguette tradicional,234,Norte,Panaderia,pza,9.0
I-619630AF27,2026-09-11 18:41:04,Pastel de chocolate,73,Norte,Pasteles,pza,150.0
I-2E3C5CA529,2026-09-11 18:41:05,Croissant de almendra,144,Norte,Viennoiserie,pza,18.0
I-6CD508BB4D,2026-09-11 18:41:05,Eclair de cafe,245,Sur,Petit fours,pza,16.0
I-D127634B95,2026-09-11 18:41:06,Rol de canela,214,Sur,Viennoiserie,pza,15.0
I-0A231A13E6,2026-09-11 18:41:07,Baguette tradicional,164,Centro,Panaderia,pza,9.0
I-CAFF0A44FF,2026-09-11 18:41:08,Pastel de chocolate,79,Norte,Pasteles,pza,150.0
I-2F5C316314,2026-09-11 18:41:08,Baguette tradicional,184,Plaza Obelie,Panaderia,pza,9.0
I-5B17A3235E,2026-09-11 18:41:09,Rol de canela,138,Norte,Viennoiserie,pza,15.0
I-F0CDA4DC7A,2026-09-11 18:41:10,Eclair de cafe,255,Sur,Petit fours,pza,16.0
I-575EC890FC,2026-09-11 18:41:10,Brownie nogada,134,Centro,Reposteria,pza,20.0
I-7A31C7D2F0,2026-09-11 18:41:11,Pastel de chocolate,250,Plaza Obelie,Pasteles,pza,150.0
I-762E39056A,2026-09-11 18:41:11,Baguette tradicional,193,Plaza Obelie,Panaderia,pza,9.0
I-4FFB8AE2AF,2026-09-11 18:41:12,Rol de canela,176,Plaza Obelie,Viennoiserie,pza,15.0
I-DB979A4BC3,2026-09-11 18:41:12,Macaron mixto,207,Plaza Obelie,Petit fours,pza,10.0
I-4001A5BDA4,2026-09-11 18:41:13,Galleta de mantequilla,226,Sur,Reposteria,pza,6.0
I-ACEE706887,2026-09-11 18:41:14,Macaron mixto,266,Sur,Petit fours,pza,10.0
I-04E6BC3F5F,2026-09-11 18:41:14,Brownie nogada,156,Norte,Reposteria,pza,20.0
I-F8E27391D8,2026-09-11 18:41:14,Eclair de cafe,197,Plaza Obelie,Petit fours,pza,16.0
I-D82D639374,2026-09-11 18:41:15,Cheesecake de frutos rojos,166,Norte,Pasteles,pza,170.0
I-CA2E34ABCB,2026-09-11 18:41:16,Baguette tradicional,188,Plaza Obelie,Panaderia,pza,9.0
I-8137A6FF66,2026-09-11 18:41:17,Baguette tradicional,192,Plaza Obelie,Panaderia,pza,9.0
I-04F278FD40,2026-09-11 18:41:17,Pastel de chocolate,85,Norte,Pasteles,pza,150.0
I-4BE4387465,2026-09-11 18:41:18,Macaron mixto,232,Norte,Petit fours,pza,10.0
I-EE35D57C4A,2026-09-11 18:41:19,Galleta de mantequilla,159,Norte,Reposteria,pza,6.0
I-C0CE55DA8D,2026-09-11 18:41:19,Macaron mixto,244,Norte,Petit fours,pza,10.0
I-8910F9A727,2026-09-11 18:41:20,Pastel de chocolate,258,Centro,Pasteles,pza,150.0
I-5FC507D1E4,2026-09-11 18:41:20,Brownie nogada,191,Sur,Reposteria,pza,20.0
I-40C8787306,2026-09-11 18:41:21,Tarta de frutas,78,Centro,Pasteles,pza,155.0
I-1B0077E621,2026-09-11 18:41:21,Eclair de cafe,195,Plaza Obelie,Petit fours,pza,16.0
I-6884806CC0,2026-09-11 18:41:22,Brownie nogada,166,Norte,Reposteria,pza,20.0
I-BB8A604F8B,2026-09-11 18:41:23,Macaron mixto,239,Norte,Petit fours,pza,10.0
I-A12C89353D,2026-09-11 18:41:23,Baguette tradicional,198,Plaza Obelie,Panaderia,pza,9.0
I-1E0252C3A2,2026-09-11 18:41:24,Cheesecake de frutos rojos,215,Sur,Pasteles,pza,170.0
I-78E995BC31,2026-09-11 18:41:25,Eclair de cafe,251,Sur,Petit fours,pza,16.0
I-E158064ABD,2026-09-11 18:41:26,Baguette tradicional,233,Norte,Panaderia,pza,9.0
I-52DF725879,2026-09-11 18:41:26,Macaron mixto,265,Sur,Petit fours,pza,10.0
I-B13709E2C6,2026-09-11 18:41:27,Galleta de mantequilla,168,Plaza Obelie,Reposteria,pza,6.0
I-BB46A8CC64,2026-09-11 18:41:27,Croissant de almendra,137,Norte,Viennoiserie,pza,18.0
I-1F4173E856,2026-09-11 18:41:28,Rol de canela,182,Plaza Obelie,Viennoiserie,pza,15.0
I-B66FD9CFCB,2026-09-11 18:41:29,Eclair de cafe,220,Centro,Petit fours,pza,16.0
I-B10095D038,2026-09-11 18:41:29,Brownie nogada,188,Sur,Reposteria,pza,20.0
I-2B5A11E9FE,2026-09-11 18:41:30,Macaron mixto,232,Norte,Petit fours,pza,10.0
I-6FAA6B58B6,2026-09-11 18:41:30,Croissant de almendra,253,Plaza Obelie,Viennoiserie,pza,18.0
I-0B50ECFF0E,2026-09-11 18:41:31,Pastel de chocolate,257,Plaza Obelie,Pasteles,pza,150.0
I-B9756EC700,2026-09-11 18:41:32,Cheesecake de frutos rojos,210,Centro,Pasteles,pza,170.0
I-D1521AA819,2026-09-11 18:41:32,Galleta de mantequilla,154,Norte,Reposteria,pza,6.0
I-67F017910F,2026-09-11 18:41:33,Brownie nogada,312,Plaza Obelie,Reposteria,pza,20.0
I-600D1B014A,2026-09-11 18:41:33,Rol de canela,225,Sur,Viennoiserie,pza,15.0
I-B60615BFFE,2026-09-11 18:41:34,Cheesecake de frutos rojos,227,Sur,Pasteles,pza,170.0
I-6F517E3C77,2026-09-11 18:41:34,Eclair de cafe,188,Plaza Obelie,Petit fours,pza,16.0
I-F1C467445F,2026-09-11 18:41:35,Baguette tradicional,159,Sur,Panaderia,pza,9.0
I-0551B710A9,2026-09-11 18:41:35,Eclair de cafe,165,Norte,Petit fours,pza,16.0
I-DBA225DDA1,2026-09-11 18:41:36,Pastel de chocolate,261,Centro,Pasteles,pza,150.0
I-E399C314A9,2026-09-11 18:41:37,Tarta de frutas,240,Norte,Pasteles,pza,155.0
I-DBD74F7E87,2026-09-11 18:41:37,Eclair de cafe,172,Norte,Petit fours,pza,16.0
I-F350C793DD,2026-09-11 18:41:37,Brownie nogada,188,Sur,Reposteria,pza,20.0
I-71225790CF,2026-09-11 18:41:38,Cheesecake de frutos rojos,169,Plaza Obelie,Pasteles,pza,170.0
I-B7201A3100,2026-09-11 18:41:39,Pastel de chocolate,80,Norte,Pasteles,pza,150.0
I-81F471284A,2026-09-11 18:41:39,Croissant de almendra,88,Sur,Viennoiserie,pza,18.0
I-78015B31F0,2026-09-11 18:41:40,Pastel de chocolate,264,Centro,Pasteles,pza,150.0
I-7DD763E065,2026-09-11 18:41:40,Tarta de frutas,295,Plaza Obelie,Pasteles,pza,155.0
I-383D90D601,2026-09-11 18:41:41,Cheesecake de frutos rojos,203,Centro,Pasteles,pza,170.0
I-6857A0E2A7,2026-09-11 18:41:42,Galleta de mantequilla,161,Plaza Obelie,Reposteria,pza,6.0
I-32D6305958,2026-09-11 18:41:42,Galleta de mantequilla,238,Sur,Reposteria,pza,6.0
I-D0936495DB,2026-09-11 18:41:43,Tarta de frutas,77,Centro,Pasteles,pza,155.0
I-FAEA1BBD59,2026-09-11 18:41:43,Macaron mixto,210,Plaza Obelie,Petit fours,pza,10.0
I-597F48059D,2026-09-11 18:41:44,Pastel de chocolate,265,Centro,Pasteles,pza,150.0
I-8BE0B1AA21,2026-09-11 18:41:45,Rol de canela,182,Plaza Obelie,Viennoiserie,pza,15.0
I-A11AD722C6,2026-09-11 18:41:45,Rol de canela,130,Norte,Viennoiserie,pza,15.0
I-7E1304FAFA,2026-09-11 18:41:46,Baguette tradicional,227,Norte,Panaderia,pza,9.0
I-3EA55149B0,2026-09-11 18:41:46,Baguette tradicional,236,Norte,Panaderia,pza,9.0
I-913EEBF00F,2026-09-11 18:41:47,Macaron mixto,273,Sur,Petit fours,pza,10.0
I-730C166699,2026-09-11 18:41:47,Cheesecake de frutos rojos,177,Plaza Obelie,Pasteles,pza,170.0
I-E688EABA6A,2026-09-11 18:41:48,Brownie nogada,129,Centro,Reposteria,pza,20.0
I-9675F72647,2026-09-11 18:41:49,Croissant de almendra,94,Sur,Viennoiserie,pza,18.0
I-35B903FABD,2026-09-11 18:41:50,Tarta de frutas,141,Sur,Pasteles,pza,155.0
I-ED121A46D0,2026-09-11 18:41:50,Macaron mixto,205,Plaza Obelie,Petit fours,pza,10.0
I-8586347D69,2026-09-11 18:41:51,Galleta de mantequilla,167,Plaza Obelie,Reposteria,pza,6.0
I-28098DDF11,2026-09-11 18:41:51,Rol de canela,219,Sur,Viennoiserie,pza,15.0
I-19FD68B228,2026-09-11 18:41:52,Baguette tradicional,245,Norte,Panaderia,pza,9.0
I-FD6F314B9A,2026-09-11 18:41:53,Pastel de chocolate,180,Sur,Pasteles,pza,150.0
I-CA9C85F86B,2026-09-11 18:41:53,Croissant de almendra,97,Sur,Viennoiserie,pza,18.0
I-75D3E2FE74,2026-09-11 18:41:54,Macaron mixto,265,Sur,Petit fours,pza,10.0
I-56622B6CC4,2026-09-11 18:41:54,Tarta de frutas,87,Centro,Pasteles,pza,155.0
I-A4A5D039F7,2026-09-11 18:41:55,Eclair de cafe,172,Norte,Petit fours,pza,16.0
I-C1C905533C,2026-09-11 18:41:55,Tarta de frutas,306,Plaza Obelie,Pasteles,pza,155.0
I-2B8A64B5FE,2026-09-11 18:41:56,Galleta de mantequilla,177,Plaza Obelie,Reposteria,pza,6.0
I-237C4A27AC,2026-09-11 18:41:56,Eclair de cafe,183,Norte,Petit fours,pza,16.0
I-640D5E1669,2026-09-11 18:41:57,Brownie nogada,178,Norte,Reposteria,pza,20.0
I-1765752E65,2026-09-11 18:41:58,Eclair de cafe,193,Norte,Petit fours,pza,16.0
I-F7FC4D6113,2026-09-11 18:41:58,Baguette tradicional,243,Norte,Panaderia,pza,9.0
I-EE08A9C8ED,2026-09-11 18:41:58,Eclair de cafe,197,Plaza Obelie,Petit fours,pza,16.0
I-E3E011F317,2026-09-11 18:41:59,Pastel de chocolate,257,Centro,Pasteles,pza,150.0
I-5372908C04,2026-09-11 18:42:00,Rol de canela,158,Centro,Viennoiserie,pza,15.0
I-5BEE17BF0E,2026-09-11 18:42:00,Tarta de frutas,96,Centro,Pasteles,pza,155.0
I-C8867DF640,2026-09-11 18:42:00,Eclair de cafe,197,Plaza Obelie,Petit fours,pza,16.0
I-03B52269BD,2026-09-11 18:42:01,Eclair de cafe,219,Centro,Petit fours,pza,16.0
I-379DC4053D,2026-09-11 18:42:02,Croissant de almendra,134,Norte,Viennoiserie,pza,18.0
I-B516487296,2026-09-11 18:42:02,Baguette tradicional,194,Plaza Obelie,Panaderia,pza,9.0
I-3D70CFB3FC,2026-09-11 18:42:03,Cheesecake de frutos rojos,171,Norte,Pasteles,pza,170.0
I-1F25252FE0,2026-09-11 18:42:03,Tarta de frutas,301,Plaza Obelie,Pasteles,pza,155.0
I-DEB6A29D9A,2026-09-11 18:42:04,Macaron mixto,271,Sur,Petit fours,pza,10.0
I-CCB1889B3E,2026-09-11 18:42:04,Rol de canela,180,Plaza Obelie,Viennoiserie,pza,15.0
I-C5A515511D,2026-09-11 18:42:05,Eclair de cafe,211,Centro,Petit fours,pza,16.0
I-4A0DE93651,2026-09-11 18:42:05,Tarta de frutas,299,Plaza Obelie,Pasteles,pza,155.0
I-A1895B49DE,2026-09-11 18:42:06,Pastel de chocolate,175,Sur,Pasteles,pza,150.0
I-3F511D7AD5,2026-09-11 18:42:07,Cheesecake de frutos rojos,201,Centro,Pasteles,pza,170.0
I-3B8812FA72,2026-09-11 18:42:07,Cheesecake de frutos rojos,167,Norte,Pasteles,pza,170.0
I-EE33625979,2026-09-11 18:42:08,Croissant de almendra,260,Plaza Obelie,Viennoiserie,pza,18.0
I-0A0F33BB50,2026-09-11 18:42:08,Eclair de cafe,209,Centro,Petit fours,pza,16.0
I-820AF30635,2026-09-11 18:42:09,Pastel de chocolate,171,Sur,Pasteles,pza,150.0
I-67D1B59CE0,2026-09-11 18:42:09,Galleta de mantequilla,163,Norte,Reposteria,pza,6.0
I-2C96E32805,2026-09-11 18:42:10,Brownie nogada,182,Sur,Reposteria,pza,20.0
I-4DF9C56726,2026-09-11 18:42:11,Tarta de frutas,137,Sur,Pasteles,pza,155.0
I-772C77BACC,2026-09-11 18:42:11,Pastel de chocolate,260,Plaza Obelie,Pasteles,pza,150.0
I-6499FCE1CA,2026-09-11 18:42:12,Tarta de frutas,303,Plaza Obelie,Pasteles,pza,155.0
I-0C613EE099,2026-09-11 18:42:12,Pastel de chocolate,261,Plaza Obelie,Pasteles,pza,150.0
I-004EB4E306,2026-09-11 18:42:13,Pastel de chocolate,179,Sur,Pasteles,pza,150.0
I-6D7B2179C1,2026-09-11 18:42:13,Pastel de chocolate,262,Plaza Obelie,Pasteles,pza,150.0
I-45C579B85F,2026-09-11 18:42:14,Pastel de chocolate,190,Sur,Pasteles,pza,150.0
I-8E80296DDD,2026-09-11 18:42:14,Rol de canela,183,Plaza Obelie,Viennoiserie,pza,15.0
I-19C00CEF1D,2026-09-11 18:42:15,Eclair de cafe,251,Sur,Petit fours,pza,16.0
I-1E49972D38,2026-09-11 18:42:16,Baguette tradicional,160,Sur,Panaderia,pza,9.0
I-CF2FEBD8EB,2026-09-11 18:42:16,Croissant de almendra,253,Plaza Obelie,Viennoiserie,pza,18.0
I-7F83CB9133,2026-09-11 18:42:16,Croissant de almendra,261,Centro,Viennoiserie,pza,18.0
I-2C94258C5A,2026-09-11 18:42:17,Galleta de mantequilla,167,Norte,Reposteria,pza,6.0
I-FA959F5730,2026-09-11 18:42:17,Rol de canela,188,Plaza Obelie,Viennoiserie,pza,15.0
I-A5BF90D2C9,2026-09-11 18:42:18,Pastel de chocolate,183,Sur,Pasteles,pza,150.0
I-03FFF9E45B,2026-09-11 18:42:19,Macaron mixto,216,Plaza Obelie,Petit fours,pza,10.0
I-323B0C9953,2026-09-11 18:42:19,Tarta de frutas,143,Sur,Pasteles,pza,155.0
I-A605F3F24E,2026-09-11 18:42:20,Croissant de almendra,261,Centro,Viennoiserie,pza,18.0
I-81D9DB4C5A,2026-09-11 18:42:20,Tarta de frutas,150,Sur,Pasteles,pza,155.0
I-0E80681F04,2026-09-11 18:42:21,Croissant de almendra,126,Norte,Viennoiserie,pza,18.0
I-1CDE4B4703,2026-09-11 18:42:21,Eclair de cafe,255,Sur,Petit fours,pza,16.0
I-E6A898C1FB,2026-09-11 18:42:22,Croissant de almendra,122,Norte,Viennoiserie,pza,18.0
I-24CA26592D,2026-09-11 18:42:22,Galleta de mantequilla,237,Sur,Reposteria,pza,6.0
I-44E2709F89,2026-09-11 18:42:23,Tarta de frutas,243,Norte,Pasteles,pza,155.0
I-26D5126A09,2026-09-11 18:42:24,Macaron mixto,267,Sur,Petit fours,pza,10.0
I-BE52DDAD3C,2026-09-11 18:42:24,Brownie nogada,182,Norte,Reposteria,pza,20.0
I-6A74BA8D58,2026-09-11 18:42:25,Brownie nogada,192,Sur,Reposteria,pza,20.0
I-6714CCA49A,2026-09-11 18:42:25,Macaron mixto,213,Plaza Obelie,Petit fours,pza,10.0
I-93C8DBDE26,2026-09-11 18:42:26,Galleta de mantequilla,172,Plaza Obelie,Reposteria,pza,6.0
I-B212A20A3B,2026-09-11 18:42:26,Eclair de cafe,220,Centro,Petit fours,pza,16.0
I-2C9CDC64BE,2026-09-11 18:42:27,Macaron mixto,241,Norte,Petit fours,pza,10.0
I-551FA92B41,2026-09-11 18:42:28,Tarta de frutas,298,Plaza Obelie,Pasteles,pza,155.0
I-0D01F17DBE,2026-09-11 18:42:28,Baguette tradicional,204,Plaza Obelie,Panaderia,pza,9.0
I-9B01029290,2026-09-11 18:42:28,Tarta de frutas,245,Norte,Pasteles,pza,155.0
I-7527DB4804,2026-09-11 18:42:29,Galleta de mantequilla,218,Centro,Reposteria,pza,6.0
I-3C56E0174B,2026-09-11 18:42:29,Tarta de frutas,256,Norte,Pasteles,pza,155.0
I-876BA6EB89,2026-09-11 18:42:30,Macaron mixto,274,Sur,Petit fours,pza,10.0
I-ACB6EAF8C5,2026-09-11 18:42:31,Cheesecake de frutos rojos,210,Centro,Pasteles,pza,170.0
I-C8260F57EA,2026-09-11 18:42:31,Brownie nogada,179,Norte,Reposteria,pza,20.0
I-6C5A202C8E,2026-09-11 18:42:32,Tarta de frutas,151,Sur,Pasteles,pza,155.0
I-C045251BA6,2026-09-11 18:42:33,Galleta de mantequilla,171,Norte,Reposteria,pza,6.0
I-C5EDA12038,2026-09-11 18:42:33,Baguette tradicional,175,Centro,Panaderia,pza,9.0
I-F7DB33D80B,2026-09-11 18:42:34,Croissant de almendra,272,Centro,Viennoiserie,pza,18.0
I-0AF986E997,2026-09-11 18:42:35,Baguette tradicional,242,Norte,Panaderia,pza,9.0
I-3F9E62FEDC,2026-09-11 18:42:36,Galleta de mantequilla,182,Norte,Reposteria,pza,6.0
I-3DA4DD8F5F,2026-09-11 18:42:36,Baguette tradicional,209,Plaza Obelie,Panaderia,pza,9.0
I-ED756714B0,2026-09-11 18:42:37,Cheesecake de frutos rojos,234,Sur,Pasteles,pza,170.0
I-FB02A8BAB8,2026-09-11 18:42:37,Baguette tradicional,251,Norte,Panaderia,pza,9.0
I-89298DCA1B,2026-09-11 18:42:38,Galleta de mantequilla,192,Norte,Reposteria,pza,6.0
I-75CF152484,2026-09-11 18:42:38,Eclair de cafe,206,Plaza Obelie,Petit fours,pza,16.0
I-566545262E,2026-09-11 18:42:39,Tarta de frutas,89,Centro,Pasteles,pza,155.0
I-C321748698,2026-09-11 18:42:39,Baguette tradicional,155,Sur,Panaderia,pza,9.0
I-9D21A226C8,2026-09-11 18:42:40,Cheesecake de frutos rojos,186,Plaza Obelie,Pasteles,pza,170.0
I-303E27777F,2026-09-11 18:42:40,Cheesecake de frutos rojos,197,Plaza Obelie,Pasteles,pza,170.0
I-5DD9EA8CB0,2026-09-11 18:42:41,Croissant de almendra,277,Centro,Viennoiserie,pza,18.0
I-49284217A0,2026-09-11 18:42:42,Croissant de almendra,254,Plaza Obelie,Viennoiserie,pza,18.0
I-5E76ADE19C,2026-09-11 18:42:42,Galleta de mantequilla,240,Sur,Reposteria,pza,6.0
I-3A40ECF8CA,2026-09-11 18:42:43,Eclair de cafe,198,Norte,Petit fours,pza,16.0
I-BB91E307E1,2026-09-11 18:42:44,Croissant de almendra,100,Sur,Viennoiserie,pza,18.0
I-F1028DDDC3,2026-09-11 18:42:44,Eclair de cafe,205,Norte,Petit fours,pza,16.0
I-011CD66C4E,2026-09-11 18:42:45,Baguette tradicional,261,Norte,Panaderia,pza,9.0
I-FD0A6C5E4C,2026-09-11 18:42:45,Tarta de frutas,163,Sur,Pasteles,pza,155.0
I-5440272B8D,2026-09-11 18:42:46,Galleta de mantequilla,245,Sur,Reposteria,pza,6.0
I-437BC99C82,2026-09-11 18:42:47,Galleta de mantequilla,210,Centro,Reposteria,pza,6.0
I-D1D40EC52F,2026-09-11 18:42:47,Baguette tradicional,209,Plaza Obelie,Panaderia,pza,9.0
I-D53AE05C7B,2026-09-11 18:42:48,Brownie nogada,135,Centro,Reposteria,pza,20.0
I-7F0A042712,2026-09-11 18:42:48,Rol de canela,183,Plaza Obelie,Viennoiserie,pza,15.0
I-A901C0CA26,2026-09-11 18:42:49,Tarta de frutas,259,Norte,Pasteles,pza,155.0
I-A4F498E75C,2026-09-11 18:42:49,Brownie nogada,318,Plaza Obelie,Reposteria,pza,20.0
I-F9A0F572C8,2026-09-11 18:42:50,Brownie nogada,145,Centro,Reposteria,pza,20.0
I-4551E7B969,2026-09-11 18:42:50,Cheesecake de frutos rojos,201,Plaza Obelie,Pasteles,pza,170.0
I-CFAC31AD27,2026-09-11 18:42:51,Eclair de cafe,247,Sur,Petit fours,pza,16.0
I-61A3D2EB1C,2026-09-11 18:42:51,Croissant de almendra,111,Sur,Viennoiserie,pza,18.0
I-7355DA124B,2026-09-11 18:42:52,Rol de canela,184,Plaza Obelie,Viennoiserie,pza,15.0
I-CE5A3A8A45,2026-09-11 18:42:53,Pastel de chocolate,179,Sur,Pasteles,pza,150.0
I-5BE0E03D96,2026-09-11 18:42:53,Pastel de chocolate,264,Plaza Obelie,Pasteles,pza,150.0
I-B3330A476B,2026-09-11 18:42:54,Galleta de mantequilla,216,Centro,Reposteria,pza,6.0
I-6BAF6A5CAC,2026-09-11 18:42:55,Macaron mixto,268,Sur,Petit fours,pza,10.0
I-1ACED4B43D,2026-09-11 18:42:55,Croissant de almendra,103,Sur,Viennoiserie,pza,18.0
I-0F4E78805E,2026-09-11 18:42:56,Baguette tradicional,162,Sur,Panaderia,pza,9.0
I-C219C20ABF,2026-09-11 18:42:57,Galleta de mantequilla,192,Norte,Reposteria,pza,6.0
I-47835A9577,2026-09-11 18:42:57,Eclair de cafe,216,Norte,Petit fours,pza,16.0
I-DB62A19433,2026-09-11 18:42:58,Macaron mixto,210,Plaza Obelie,Petit fours,pza,10.0
I-7DC6C62212,2026-09-11 18:42:58,Galleta de mantequilla,253,Sur,Reposteria,pza,6.0
I-65C32F353D,2026-09-11 18:42:59,Rol de canela,160,Centro,Viennoiserie,pza,15.0
I-04E3D7AD8A,2026-09-11 18:43:00,Croissant de almendra,105,Sur,Viennoiserie,pza,18.0
I-58000F5B43,2026-09-11 18:43:00,Rol de canela,165,Centro,Viennoiserie,pza,15.0
I-7977902919,2026-09-11 18:43:01,Baguette tradicional,265,Norte,Panaderia,pza,9.0
I-CCE98923C8,2026-09-11 18:43:02,Eclair de cafe,214,Plaza Obelie,Petit fours,pza,16.0
I-F9810D3D5C,2026-09-11 18:43:02,Brownie nogada,196,Sur,Reposteria,pza,20.0
I-CFF1692BAE,2026-09-11 18:43:03,Rol de canela,134,Norte,Viennoiserie,pza,15.0
I-4B31F4055C,2026-09-11 18:43:04,Rol de canela,126,Norte,Viennoiserie,pza,15.0
I-CC6022AE63,2026-09-11 18:43:04,Baguette tradicional,268,Norte,Panaderia,pza,9.0
I-34DB8BF4A4,2026-09-11 18:43:05,Pastel de chocolate,182,Sur,Pasteles,pza,150.0
I-24CB49BD17,2026-09-11 18:43:06,Tarta de frutas,295,Plaza Obelie,Pasteles,pza,155.0
I-DC9248C493,2026-09-11 18:43:06,Rol de canela,221,Sur,Viennoiserie,pza,15.0
I-DB18263EA4,2026-09-11 18:43:07,Pastel de chocolate,180,Sur,Pasteles,pza,150.0
I-A10D328764,2026-09-11 18:43:08,Macaron mixto,240,Norte,Petit fours,pza,10.0
I-6D7AC662D3,2026-09-11 18:43:08,Rol de canela,233,Sur,Viennoiserie,pza,15.0
I-A2F8FD4A9B,2026-09-11 18:43:09,Baguette tradicional,160,Sur,Panaderia,pza,9.0
I-686926AD71,2026-09-11 18:43:09,Brownie nogada,323,Plaza Obelie,Reposteria,pza,20.0
I-EC70D38F4B,2026-09-11 18:43:10,Macaron mixto,264,Sur,Petit fours,pza,10.0
I-7437E67E4E,2026-09-11 18:43:10,Cheesecake de frutos rojos,205,Plaza Obelie,Pasteles,pza,170.0
I-34766697AA,2026-09-11 18:43:11,Croissant de almendra,133,Norte,Viennoiserie,pza,18.0
I-3D77EA3AF2,2026-09-11 18:43:12,Cheesecake de frutos rojos,215,Plaza Obelie,Pasteles,pza,170.0
I-FCEDC100F2,2026-09-11 18:43:12,Galleta de mantequilla,211,Centro,Reposteria,pza,6.0
I-D50A11521B,2026-09-11 18:43:13,Brownie nogada,189,Sur,Reposteria,pza,20.0
I-AA16758276,2026-09-11 18:43:13,Eclair de cafe,229,Centro,Petit fours,pza,16.0
I-9C0B571598,2026-09-11 18:43:14,Baguette tradicional,280,Norte,Panaderia,pza,9.0
I-D31F8EB275,2026-09-11 18:43:14,Croissant de almendra,266,Plaza Obelie,Viennoiserie,pza,18.0
I-03D5AF9E45,2026-09-11 18:43:15,Pastel de chocolate,269,Centro,Pasteles,pza,150.0
I-3FEA0AD96A,2026-09-11 18:43:16,Brownie nogada,178,Norte,Reposteria,pza,20.0
I-B63C71A56D,2026-09-11 18:43:16,Tarta de frutas,162,Sur,Pasteles,pza,155.0
I-63C1832D9E,2026-09-11 18:43:17,Rol de canela,177,Centro,Viennoiserie,pza,15.0
I-38B31FE82F,2026-09-11 18:43:17,Tarta de frutas,295,Plaza Obelie,Pasteles,pza,155.0
I-058CDF8B43,2026-09-11 18:43:18,Cheesecake de frutos rojos,242,Sur,Pasteles,pza,170.0
I-E6AD9BEA01,2026-09-11 18:43:18,Cheesecake de frutos rojos,202,Centro,Pasteles,pza,170.0
I-F466A55EC5,2026-09-11 18:43:19,Pastel de chocolate,262,Centro,Pasteles,pza,150.0
I-61B227D3F7,2026-09-11 18:43:19,Tarta de frutas,298,Plaza Obelie,Pasteles,pza,155.0
I-E0C8D5807D,2026-09-11 18:43:20,Rol de canela,184,Centro,Viennoiserie,pza,15.0
I-52FFECC708,2026-09-11 18:43:21,Tarta de frutas,166,Sur,Pasteles,pza,155.0
I-0B3B1334D1,2026-09-11 18:43:21,Cheesecake de frutos rojos,219,Plaza Obelie,Pasteles,pza,170.0
I-2C4EEFDCD6,2026-09-11 18:43:22,Eclair de cafe,213,Norte,Petit fours,pza,16.0
I-47DE83FB1E,2026-09-11 18:43:23,Cheesecake de frutos rojos,221,Plaza Obelie,Pasteles,pza,170.0
I-3C60BF2DF8,2026-09-11 18:43:23,Rol de canela,242,Sur,Viennoiserie,pza,15.0
I-CDEA96D2B7,2026-09-11 18:43:24,Macaron mixto,251,Norte,Petit fours,pza,10.0
I-A8E7D45A35,2026-09-11 18:43:25,Galleta de mantequilla,181,Plaza Obelie,Reposteria,pza,6.0
I-BE274B3E2F,2026-09-11 18:43:25,Brownie nogada,322,Plaza Obelie,Reposteria,pza,20.0
I-7023E611C7,2026-09-11 18:43:26,Eclair de cafe,235,Centro,Petit fours,pza,16.0
I-2FF32C7817,2026-09-11 18:43:27,Cheesecake de frutos rojos,243,Sur,Pasteles,pza,170.0
I-02E2BC9694,2026-09-11 18:43:27,Galleta de mantequilla,190,Norte,Reposteria,pza,6.0
I-C44749F05C,2026-09-11 18:43:28,Eclair de cafe,216,Plaza Obelie,Petit fours,pza,16.0
I-FA6DEC403B,2026-09-11 18:43:28,Baguette tradicional,180,Centro,Panaderia,pza,9.0
I-8F78A366D4,2026-09-11 18:43:29,Baguette tradicional,172,Centro,Panaderia,pza,9.0
I-ECAA5AC2E4,2026-09-11 18:43:30,Pastel de chocolate,262,Plaza Obelie,Pasteles,pza,150.0
I-6037B74291,2026-09-11 18:43:30,Rol de canela,243,Sur,Viennoiserie,pza,15.0
I-8893EA0240,2026-09-11 18:43:31,Macaron mixto,217,Centro,Petit fours,pza,10.0
I-85E8DA4FE1,2026-09-11 18:43:32,Cheesecake de frutos rojos,213,Plaza Obelie,Pasteles,pza,170.0
I-F76DF806DD,2026-09-11 18:43:32,Macaron mixto,260,Norte,Petit fours,pza,10.0
I-83EB21B8C8,2026-09-11 18:43:33,Pastel de chocolate,77,Norte,Pasteles,pza,150.0
I-7E438C7F60,2026-09-11 18:43:34,Cheesecake de frutos rojos,205,Centro,Pasteles,pza,170.0
I-125172C898,2026-09-11 18:43:34,Brownie nogada,146,Centro,Reposteria,pza,20.0
I-1C18895F24,2026-09-11 18:43:35,Brownie nogada,332,Plaza Obelie,Reposteria,pza,20.0
I-BF5ACA89E7,2026-09-11 18:43:36,Croissant de almendra,106,Sur,Viennoiserie,pza,18.0
I-289DFDBFF1,2026-09-11 18:43:36,Croissant de almendra,103,Sur,Viennoiserie,pza,18.0
I-F96831222C,2026-09-11 18:43:37,Eclair de cafe,246,Sur,Petit fours,pza,16.0
I-4FD824D7A6,2026-09-11 18:43:38,Galleta de mantequilla,196,Norte,Reposteria,pza,6.0
I-FB60B85114,2026-09-11 18:43:38,Eclair de cafe,221,Norte,Petit fours,pza,16.0
I-2939E92605,2026-09-11 18:43:39,Tarta de frutas,270,Norte,Pasteles,pza,155.0
I-B8698DD597,2026-09-11 18:43:40,Baguette tradicional,274,Norte,Panaderia,pza,9.0
I-C862833362,2026-09-11 18:43:40,Tarta de frutas,278,Norte,Pasteles,pza,155.0
I-2716CB31DA,2026-09-11 18:43:41,Eclair de cafe,247,Sur,Petit fours,pza,16.0
I-A04D279BDB,2026-09-11 18:43:42,Macaron mixto,216,Centro,Petit fours,pza,10.0
I-7BDBAE13C5,2026-09-11 18:43:42,Tarta de frutas,272,Norte,Pasteles,pza,155.0
I-0BA33485C1,2026-09-11 18:43:43,Cheesecake de frutos rojos,244,Sur,Pasteles,pza,170.0
I-2C463E8659,2026-09-11 18:43:43,Baguette tradicional,155,Sur,Panaderia,pza,9.0
I-03D773C338,2026-09-11 18:43:44,Macaron mixto,256,Sur,Petit fours,pza,10.0
I-FEAB934B60,2026-09-11 18:43:45,Rol de canela,179,Plaza Obelie,Viennoiserie,pza,15.0
I-012F8968CF,2026-09-11 18:43:45,Eclair de cafe,241,Centro,Petit fours,pza,16.0
I-EB1EA50189,2026-09-11 18:43:46,Baguette tradicional,286,Norte,Panaderia,pza,9.0
I-5A3265B740,2026-09-11 18:43:46,Cheesecake de frutos rojos,178,Norte,Pasteles,pza,170.0
I-5D72FD3591,2026-09-11 18:43:47,Macaron mixto,222,Plaza Obelie,Petit fours,pza,10.0
I-32390978C5,2026-09-11 18:43:47,Galleta de mantequilla,187,Plaza Obelie,Reposteria,pza,6.0
I-39B7E979F0,2026-09-11 18:43:48,Tarta de frutas,310,Plaza Obelie,Pasteles,pza,155.0
I-57ACE7CB9D,2026-09-11 18:43:49,Cheesecake de frutos rojos,213,Centro,Pasteles,pza,170.0
I-77D769D0E4,2026-09-11 18:43:50,Rol de canela,239,Sur,Viennoiserie,pza,15.0
I-69CA915A89,2026-09-11 18:43:50,Galleta de mantequilla,209,Centro,Reposteria,pza,6.0
I-4883B0DAE2,2026-09-11 18:43:50,Eclair de cafe,215,Plaza Obelie,Petit fours,pza,16.0
I-4611C762DA,2026-09-11 18:43:51,Tarta de frutas,165,Sur,Pasteles,pza,155.0
I-97AB3AA231,2026-09-11 18:43:51,Baguette tradicional,208,Plaza Obelie,Panaderia,pza,9.0
I-34E4AE95AB,2026-09-11 18:43:52,Tarta de frutas,160,Sur,Pasteles,pza,155.0
I-E6B66BEBA9,2026-09-11 18:43:53,Macaron mixto,264,Sur,Petit fours,pza,10.0
I-43E6588EBA,2026-09-11 18:43:53,Eclair de cafe,219,Norte,Petit fours,pza,16.0
I-AB8AC1FF29,2026-09-11 18:43:53,Croissant de almendra,110,Sur,Viennoiserie,pza,18.0
I-4EEFAEB654,2026-09-11 18:43:54,Cheesecake de frutos rojos,211,Plaza Obelie,Pasteles,pza,170.0
I-5779CEBEB7,2026-09-11 18:43:54,Tarta de frutas,100,Centro,Pasteles,pza,155.0
I-78C053D112,2026-09-11 18:43:55,Macaron mixto,234,Plaza Obelie,Petit fours,pza,10.0
I-45966473C8,2026-09-11 18:43:55,Rol de canela,248,Sur,Viennoiserie,pza,15.0
I-8356F80E44,2026-09-11 18:43:56,Brownie nogada,342,Plaza Obelie,Reposteria,pza,20.0
I-1F82584344,2026-09-11 18:43:56,Pastel de chocolate,178,Sur,Pasteles,pza,150.0
I-A033E4DEAD,2026-09-11 18:43:57,Cheesecake de frutos rojos,252,Sur,Pasteles,pza,170.0
I-AC82DDBE12,2026-09-11 18:43:57,Rol de canela,181,Plaza Obelie,Viennoiserie,pza,15.0
I-C2087DA487,2026-09-11 18:43:58,Baguette tradicional,158,Sur,Panaderia,pza,9.0
I-883D9B2FA7,2026-09-11 18:43:59,Macaron mixto,223,Centro,Petit fours,pza,10.0
I-5217EA59BF,2026-09-11 18:43:59,Brownie nogada,183,Sur,Reposteria,pza,20.0
I-054E3C1410,2026-09-11 18:44:00,Eclair de cafe,231,Norte,Petit fours,pza,16.0
I-A0B5E6B6BD,2026-09-11 18:44:00,Macaron mixto,259,Sur,Petit fours,pza,10.0
I-9C3059364E,2026-09-11 18:44:00,Pastel de chocolate,177,Sur,Pasteles,pza,150.0
I-3678CA8DA7,2026-09-11 18:44:01,Baguette tradicional,206,Plaza Obelie,Panaderia,pza,9.0
I-A1E42DD679,2026-09-11 18:44:02,Cheesecake de frutos rojos,213,Centro,Pasteles,pza,170.0
I-831392D719,2026-09-11 18:44:02,Croissant de almendra,143,Norte,Viennoiserie,pza,18.0
I-D2B76BFBF7,2026-09-11 18:44:03,Pastel de chocolate,69,Norte,Pasteles,pza,150.0
I-1F794D7C18,2026-09-11 18:44:03,Croissant de almendra,155,Norte,Viennoiserie,pza,18.0
I-321B56F266,2026-09-11 18:44:04,Tarta de frutas,164,Sur,Pasteles,pza,155.0
I-D90B8A1F27,2026-09-11 18:44:05,Baguette tradicional,295,Norte,Panaderia,pza,9.0
I-C1FE4F38BA,2026-09-11 18:44:05,Macaron mixto,231,Plaza Obelie,Petit fours,pza,10.0
I-300EA88FFE,2026-09-11 18:44:06,Croissant de almendra,105,Sur,Viennoiserie,pza,18.0
I-D11507C6B4,2026-09-11 18:44:06,Eclair de cafe,251,Centro,Petit fours,pza,16.0
I-5F5F0A5B6E,2026-09-11 18:44:07,Eclair de cafe,234,Norte,Petit fours,pza,16.0
I-B2A2CEA5C6,2026-09-11 18:44:08,Eclair de cafe,262,Centro,Petit fours,pza,16.0
I-DD47DE1A4A,2026-09-11 18:44:08,Tarta de frutas,272,Norte,Pasteles,pza,155.0
I-0B8B61FA26,2026-09-11 18:44:09,Macaron mixto,256,Norte,Petit fours,pza,10.0
I-CA4E830D13,2026-09-11 18:44:10,Eclair de cafe,219,Plaza Obelie,Petit fours,pza,16.0
I-080F6FD088,2026-09-11 18:44:10,Rol de canela,179,Plaza Obelie,Viennoiserie,pza,15.0
I-13714B72AA,2026-09-11 18:44:11,Eclair de cafe,258,Sur,Petit fours,pza,16.0
I-DEC5AE9B6B,2026-09-11 18:44:12,Baguette tradicional,288,Norte,Panaderia,pza,9.0
I-98A4C63117,2026-09-11 18:44:12,Galleta de mantequilla,205,Norte,Reposteria,pza,6.0
I-1D9CE6F1F2,2026-09-11 18:44:13,Pastel de chocolate,254,Centro,Pasteles,pza,150.0
I-6026DB723A,2026-09-11 18:44:14,Rol de canela,177,Plaza Obelie,Viennoiserie,pza,15.0
I-962A6BFED3,2026-09-11 18:44:14,Croissant de almendra,167,Norte,Viennoiserie,pza,18.0
I-1DB4C386A5,2026-09-11 18:44:15,Baguette tradicional,184,Centro,Panaderia,pza,9.0
I-4BB283D0B8,2026-09-11 18:44:16,Eclair de cafe,272,Centro,Petit fours,pza,16.0
I-C834FA6428,2026-09-11 18:44:16,Galleta de mantequilla,187,Plaza Obelie,Reposteria,pza,6.0
I-875EB43730,2026-09-11 18:44:17,Croissant de almendra,274,Centro,Viennoiserie,pza,18.0
I-7FA0B75871,2026-09-11 18:44:17,Galleta de mantequilla,209,Centro,Reposteria,pza,6.0
I-DC48B78746,2026-09-11 18:44:18,Baguette tradicional,299,Norte,Panaderia,pza,9.0
I-9145F0E51D,2026-09-11 18:44:18,Baguette tradicional,205,Plaza Obelie,Panaderia,pza,9.0
I-6BC8FA814B,2026-09-11 18:44:19,Eclair de cafe,278,Centro,Petit fours,pza,16.0
I-96733426BF,2026-09-11 18:44:20,Baguette tradicional,295,Norte,Panaderia,pza,9.0
I-49FD67A342,2026-09-11 18:44:20,Tarta de frutas,310,Plaza Obelie,Pasteles,pza,155.0
I-232BE8D886,2026-09-11 18:44:21,Galleta de mantequilla,218,Centro,Reposteria,pza,6.0
I-9993EB79BD,2026-09-11 18:44:22,Cheesecake de frutos rojos,207,Centro,Pasteles,pza,170.0
I-23E20678CE,2026-09-11 18:44:22,Rol de canela,182,Plaza Obelie,Viennoiserie,pza,15.0
I-47596F5E52,2026-09-11 18:44:23,Rol de canela,242,Sur,Viennoiserie,pza,15.0
I-A6B1D36B33,2026-09-11 18:44:23,Galleta de mantequilla,250,Sur,Reposteria,pza,6.0
I-3C03B7D1DE,2026-09-11 18:44:24,Eclair de cafe,221,Plaza Obelie,Petit fours,pza,16.0
I-825A0C2235,2026-09-11 18:44:24,Rol de canela,194,Centro,Viennoiserie,pza,15.0
I-8F68515454,2026-09-11 18:44:25,Croissant de almendra,280,Centro,Viennoiserie,pza,18.0
I-31885AB014,2026-09-11 18:44:26,Macaron mixto,248,Norte,Petit fours,pza,10.0
I-4614CA1600,2026-09-11 18:44:26,Eclair de cafe,227,Norte,Petit fours,pza,16.0
I-EEE19656B6,2026-09-11 18:44:27,Eclair de cafe,268,Sur,Petit fours,pza,16.0
I-D0897532AC,2026-09-11 18:44:28,Eclair de cafe,274,Centro,Petit fours,pza,16.0
I-CAD4763F33,2026-09-11 18:44:28,Rol de canela,135,Norte,Viennoiserie,pza,15.0
I-384C40C8BE,2026-09-11 18:44:29,Macaron mixto,263,Sur,Petit fours,pza,10.0
I-373E4168CC,2026-09-11 18:44:30,Macaron mixto,217,Centro,Petit fours,pza,10.0
I-06D8C0B117,2026-09-11 18:44:30,Brownie nogada,188,Sur,Reposteria,pza,20.0
I-B4F200D8C5,2026-09-11 18:44:31,Rol de canela,245,Sur,Viennoiserie,pza,15.0
I-F0519F0E0C,2026-09-11 18:44:31,Cheesecake de frutos rojos,204,Centro,Pasteles,pza,170.0
I-CBD5029082,2026-09-11 18:44:32,Croissant de almendra,271,Plaza Obelie,Viennoiserie,pza,18.0
I-8B63BDFA44,2026-09-11 18:44:32,Macaron mixto,269,Sur,Petit fours,pza,10.0
I-2C4064DBAE,2026-09-11 18:44:33,Eclair de cafe,234,Norte,Petit fours,pza,16.0
I-FAD1E1D63C,2026-09-11 18:44:33,Galleta de mantequilla,227,Centro,Reposteria,pza,6.0
I-8D3648F933,2026-09-11 18:44:34,Rol de canela,193,Plaza Obelie,Viennoiserie,pza,15.0
I-C7AA380EAA,2026-09-11 18:44:35,Pastel de chocolate,186,Sur,Pasteles,pza,150.0
I-5BF1A9523D,2026-09-11 18:44:35,Galleta de mantequilla,201,Norte,Reposteria,pza,6.0
I-0CD71D1E3E,2026-09-11 18:44:36,Baguette tradicional,177,Centro,Panaderia,pza,9.0
I-180DD812CC,2026-09-11 18:44:37,Macaron mixto,216,Centro,Petit fours,pza,10.0
I-4D1FACB3EE,2026-09-11 18:44:37,Croissant de almendra,287,Centro,Viennoiserie,pza,18.0
I-90E99CDC60,2026-09-11 18:44:38,Galleta de mantequilla,231,Centro,Reposteria,pza,6.0
I-EF43B40341,2026-09-11 18:44:38,Eclair de cafe,234,Norte,Petit fours,pza,16.0
I-21DDEC6130,2026-09-11 18:44:39,Croissant de almendra,165,Norte,Viennoiserie,pza,18.0
I-E4F57F9ED0,2026-09-11 18:44:40,Brownie nogada,340,Plaza Obelie,Reposteria,pza,20.0
I-980816A0DE,2026-09-11 18:44:40,Cheesecake de frutos rojos,200,Centro,Pasteles,pza,170.0
I-4990280C2F,2026-09-11 18:44:41,Galleta de mantequilla,229,Centro,Reposteria,pza,6.0
I-8D85CD3EF9,2026-09-11 18:44:41,Galleta de mantequilla,262,Sur,Reposteria,pza,6.0
I-9F8305958B,2026-09-11 18:44:42,Rol de canela,205,Centro,Viennoiserie,pza,15.0
I-3627F8895B,2026-09-11 18:44:42,Pastel de chocolate,261,Plaza Obelie,Pasteles,pza,150.0
I-0DAEB0A182,2026-09-11 18:44:42,Pastel de chocolate,253,Centro,Pasteles,pza,150.0
I-AD21873127,2026-09-11 18:44:43,Pastel de chocolate,265,Centro,Pasteles,pza,150.0
I-14ABF384E9,2026-09-11 18:44:43,Macaron mixto,246,Norte,Petit fours,pza,10.0
I-74A4FC4769,2026-09-11 18:44:44,Pastel de chocolate,258,Centro,Pasteles,pza,150.0
I-7E079785F7,2026-09-11 18:44:44,Brownie nogada,344,Plaza Obelie,Reposteria,pza,20.0
I-DEC5694C15,2026-09-11 18:44:45,Macaron mixto,208,Centro,Petit fours,pza,10.0
I-6EE0034E3E,2026-09-11 18:44:45,Cheesecake de frutos rojos,260,Sur,Pasteles,pza,170.0
I-363A47987F,2026-09-11 18:44:46,Croissant de almendra,285,Centro,Viennoiserie,pza,18.0
I-CBDF4A1113,2026-09-11 18:44:47,Brownie nogada,192,Sur,Reposteria,pza,20.0
I-74E682D386,2026-09-11 18:44:47,Brownie nogada,190,Sur,Reposteria,pza,20.0
I-A63A9A1F58,2026-09-11 18:44:48,Eclair de cafe,236,Norte,Petit fours,pza,16.0
I-63C172B741,2026-09-11 18:44:48,Cheesecake de frutos rojos,201,Centro,Pasteles,pza,170.0
I-53914476FF,2026-09-11 18:44:49,Pastel de chocolate,251,Centro,Pasteles,pza,150.0
I-35994CE3D4,2026-09-11 18:44:50,Pastel de chocolate,196,Sur,Pasteles,pza,150.0
I-5036569561,2026-09-11 18:44:50,Cheesecake de frutos rojos,211,Plaza Obelie,Pasteles,pza,170.0
I-87A51C136F,2026-09-11 18:44:51,Rol de canela,186,Plaza Obelie,Viennoiserie,pza,15.0
I-3C72E7070B,2026-09-11 18:44:51,Pastel de chocolate,194,Sur,Pasteles,pza,150.0
I-E64B0CE784,2026-09-11 18:44:52,Croissant de almendra,274,Plaza Obelie,Viennoiserie,pza,18.0
I-53468EC30F,2026-09-11 18:44:52,Tarta de frutas,302,Plaza Obelie,Pasteles,pza,155.0
I-BC62627B78,2026-09-11 18:44:53,Croissant de almendra,292,Centro,Viennoiserie,pza,18.0
I-75D164A00C,2026-09-11 18:44:54,Cheesecake de frutos rojos,267,Sur,Pasteles,pza,170.0
I-F1F31FE620,2026-09-11 18:44:54,Cheesecake de frutos rojos,211,Centro,Pasteles,pza,170.0
I-3D354159AE,2026-09-11 18:44:55,Eclair de cafe,218,Plaza Obelie,Petit fours,pza,16.0
I-E2447835CC,2026-09-11 18:44:55,Galleta de mantequilla,185,Plaza Obelie,Reposteria,pza,6.0
I-E50C87770F,2026-09-11 18:44:56,Macaron mixto,264,Sur,Petit fours,pza,10.0
I-E1B891B583,2026-09-11 18:44:57,Eclair de cafe,210,Plaza Obelie,Petit fours,pza,16.0
I-7118646451,2026-09-11 18:44:57,Rol de canela,208,Centro,Viennoiserie,pza,15.0
I-89FDE355DE,2026-09-11 18:44:58,Eclair de cafe,270,Sur,Petit fours,pza,16.0
I-2441F3B718,2026-09-11 18:44:59,Galleta de mantequilla,238,Centro,Reposteria,pza,6.0
I-507AFEF26D,2026-09-11 18:45:00,Croissant de almendra,271,Plaza Obelie,Viennoiserie,pza,18.0
I-6AC6C15E5B,2026-09-11 18:45:00,Rol de canela,192,Plaza Obelie,Viennoiserie,pza,15.0
I-5F90985574,2026-09-11 18:45:01,Eclair de cafe,278,Sur,Petit fours,pza,16.0
I-E82BB04CCF,2026-09-11 18:45:01,Cheesecake de frutos rojos,203,Plaza Obelie,Pasteles,pza,170.0
I-EB2AC1B53B,2026-09-11 18:45:02,Cheesecake de frutos rojos,200,Plaza Obelie,Pasteles,pza,170.0
I-CEF7C07BAE,2026-09-11 18:45:03,Tarta de frutas,102,Centro,Pasteles,pza,155.0
I-0B06401C29,2026-09-11 18:45:03,Rol de canela,256,Sur,Viennoiserie,pza,15.0
I-9F292260C9,2026-09-11 18:45:04,Eclair de cafe,248,Norte,Petit fours,pza,16.0
I-868B2D4332,2026-09-11 18:45:04,Brownie nogada,178,Norte,Reposteria,pza,20.0
I-5A6046546B,2026-09-11 18:45:05,Rol de canela,217,Centro,Viennoiserie,pza,15.0
I-4D3F7A8F61,2026-09-11 18:45:05,Galleta de mantequilla,246,Centro,Reposteria,pza,6.0
I-AA1D4C143C,2026-09-11 18:45:06,Tarta de frutas,172,Sur,Pasteles,pza,155.0
I-B814363A36,2026-09-11 18:45:06,Brownie nogada,355,Plaza Obelie,Reposteria,pza,20.0
I-CFA3EA7A3F,2026-09-11 18:45:07,Galleta de mantequilla,264,Sur,Reposteria,pza,6.0
I-DCF2CA917A,2026-09-11 18:45:08,Pastel de chocolate,75,Norte,Pasteles,pza,150.0
I-2496AB4165,2026-09-11 18:45:08,Brownie nogada,147,Centro,Reposteria,pza,20.0
I-C148B07D2C,2026-09-11 18:45:09,Galleta de mantequilla,199,Norte,Reposteria,pza,6.0
I-F5B3614F59,2026-09-11 18:45:09,Brownie nogada,201,Sur,Reposteria,pza,20.0
I-9271AE55BF,2026-09-11 18:45:10,Galleta de mantequilla,210,Norte,Reposteria,pza,6.0
I-8DFC287183,2026-09-11 18:45:11,Eclair de cafe,215,Plaza Obelie,Petit fours,pza,16.0
I-B7293AF3E0,2026-09-11 18:45:11,Tarta de frutas,274,Norte,Pasteles,pza,155.0
I-1F7BDB0263,2026-09-11 18:45:12,Galleta de mantequilla,268,Sur,Reposteria,pza,6.0
I-FB6B8BBB2D,2026-09-11 18:45:13,Croissant de almendra,303,Centro,Viennoiserie,pza,18.0
I-0160298F38,2026-09-11 18:45:13,Brownie nogada,176,Norte,Reposteria,pza,20.0
I-770495EF2E,2026-09-11 18:45:14,Rol de canela,137,Norte,Viennoiserie,pza,15.0
I-04A190E4CA,2026-09-11 18:45:14,Macaron mixto,258,Sur,Petit fours,pza,10.0
I-615261EA04,2026-09-11 18:45:15,Baguette tradicional,198,Plaza Obelie,Panaderia,pza,9.0
I-7D91C8ABCA,2026-09-11 18:45:16,Eclair de cafe,210,Plaza Obelie,Petit fours,pza,16.0
I-D2E0947B23,2026-09-11 18:45:16,Cheesecake de frutos rojos,177,Norte,Pasteles,pza,170.0
I-6DC3D9365F,2026-09-11 18:45:17,Eclair de cafe,277,Sur,Petit fours,pza,16.0
I-A03BDD5B39,2026-09-11 18:45:17,Croissant de almendra,113,Sur,Viennoiserie,pza,18.0
I-156B12C63C,2026-09-11 18:45:18,Galleta de mantequilla,215,Norte,Reposteria,pza,6.0
I-556746579C,2026-09-11 18:45:18,Brownie nogada,141,Centro,Reposteria,pza,20.0
I-E85F5459B7,2026-09-11 18:45:19,Galleta de mantequilla,187,Plaza Obelie,Reposteria,pza,6.0
I-D8D7A22FAF,2026-09-11 18:45:20,Tarta de frutas,166,Sur,Pasteles,pza,155.0
I-7BC99D17D7,2026-09-11 18:45:20,Galleta de mantequilla,210,Norte,Reposteria,pza,6.0
I-CDA19310B0,2026-09-11 18:45:21,Tarta de frutas,273,Norte,Pasteles,pza,155.0
I-4DDB3850BA,2026-09-11 18:45:21,Tarta de frutas,307,Plaza Obelie,Pasteles,pza,155.0
I-F3A1CD6F76,2026-09-11 18:45:22,Cheesecake de frutos rojos,195,Plaza Obelie,Pasteles,pza,170.0
I-AB4CC47214,2026-09-11 18:45:22,Rol de canela,222,Centro,Viennoiserie,pza,15.0
I-254817CF21,2026-09-11 18:45:23,Baguette tradicional,288,Norte,Panaderia,pza,9.0
I-82A31BDA64,2026-09-11 18:45:24,Tarta de frutas,162,Sur,Pasteles,pza,155.0
I-D0DAD32AC0,2026-09-11 18:45:24,Brownie nogada,173,Norte,Reposteria,pza,20.0
I-598E2F13E6,2026-09-11 18:45:25,Eclair de cafe,281,Centro,Petit fours,pza,16.0
I-D09B4A8730,2026-09-11 18:45:26,Croissant de almendra,300,Centro,Viennoiserie,pza,18.0
I-0274BE01ED,2026-09-11 18:45:26,Baguette tradicional,285,Norte,Panaderia,pza,9.0
I-4BB4B7466D,2026-09-11 18:45:27,Croissant de almendra,157,Norte,Viennoiserie,pza,18.0
I-1ACEB33F4E,2026-09-11 18:45:27,Baguette tradicional,188,Centro,Panaderia,pza,9.0
I-D23F3E0A17,2026-09-11 18:45:28,Pastel de chocolate,249,Centro,Pasteles,pza,150.0
I-FD831E4913,2026-09-11 18:45:28,Cheesecake de frutos rojos,178,Norte,Pasteles,pza,170.0
I-F97C79C042,2026-09-11 18:45:29,Pastel de chocolate,256,Plaza Obelie,Pasteles,pza,150.0
I-7DED6FD4AD,2026-09-11 18:45:30,Tarta de frutas,280,Norte,Pasteles,pza,155.0
I-D791EC07CF,2026-09-11 18:45:30,Pastel de chocolate,72,Norte,Pasteles,pza,150.0
I-1BC7796D86,2026-09-11 18:45:31,Tarta de frutas,318,Plaza Obelie,Pasteles,pza,155.0
I-B040AE6D34,2026-09-11 18:45:31,Tarta de frutas,103,Centro,Pasteles,pza,155.0
I-2C47177836,2026-09-11 18:45:32,Baguette tradicional,192,Plaza Obelie,Panaderia,pza,9.0
I-ADF8EA22D8,2026-09-11 18:45:32,Galleta de mantequilla,202,Norte,Reposteria,pza,6.0
I-1C5498275B,2026-09-11 18:45:33,Baguette tradicional,203,Plaza Obelie,Panaderia,pza,9.0
I-FE179AED9D,2026-09-11 18:45:33,Eclair de cafe,250,Norte,Petit fours,pza,16.0
I-BE75387718,2026-09-11 18:45:34,Eclair de cafe,279,Centro,Petit fours,pza,16.0
I-A65AFE7A2B,2026-09-11 18:45:34,Galleta de mantequilla,244,Centro,Reposteria,pza,6.0
I-C679BEABD9,2026-09-11 18:45:35,Brownie nogada,205,Sur,Reposteria,pza,20.0
I-45DFB449B3,2026-09-11 18:45:35,Macaron mixto,267,Sur,Petit fours,pza,10.0
I-433E1AB2C9,2026-09-11 18:45:36,Tarta de frutas,313,Plaza Obelie,Pasteles,pza,155.0
I-FE34FD79C5,2026-09-11 18:45:36,Brownie nogada,174,Norte,Reposteria,pza,20.0
I-F891A8D156,2026-09-11 18:45:37,Baguette tradicional,181,Centro,Panaderia,pza,9.0
I-A696AFF7AB,2026-09-11 18:45:38,Cheesecake de frutos rojos,198,Plaza Obelie,Pasteles,pza,170.0
I-1FCB5D23D5,2026-09-11 18:45:38,Baguette tradicional,214,Plaza Obelie,Panaderia,pza,9.0
I-7B2CB73AF9,2026-09-11 18:45:39,Eclair de cafe,280,Sur,Petit fours,pza,16.0
I-A92DAA0317,2026-09-11 18:45:39,Tarta de frutas,113,Centro,Pasteles,pza,155.0
I-33BA50AEFD,2026-09-11 18:45:40,Eclair de cafe,285,Centro,Petit fours,pza,16.0
I-B008E64A8E,2026-09-11 18:45:41,Macaron mixto,227,Plaza Obelie,Petit fours,pza,10.0
I-AA973E2461,2026-09-11 18:45:41,Baguette tradicional,218,Plaza Obelie,Panaderia,pza,9.0
I-69C06111D5,2026-09-11 18:45:42,Baguette tradicional,163,Sur,Panaderia,pza,9.0
I-2E56D28E26,2026-09-11 18:45:42,Tarta de frutas,309,Plaza Obelie,Pasteles,pza,155.0
I-E8322A1CB1,2026-09-11 18:45:43,Eclair de cafe,258,Norte,Petit fours,pza,16.0
I-A1C3FEDFFE,2026-09-11 18:45:44,Brownie nogada,169,Norte,Reposteria,pza,20.0
I-37869B520C,2026-09-11 18:45:44,Pastel de chocolate,75,Norte,Pasteles,pza,150.0
I-ADEDFFCAA0,2026-09-11 18:45:45,Brownie nogada,137,Centro,Reposteria,pza,20.0
I-3F5AA0DCFB,2026-09-11 18:45:46,Pastel de chocolate,205,Sur,Pasteles,pza,150.0
I-B89785C931,2026-09-11 18:45:46,Baguette tradicional,218,Plaza Obelie,Panaderia,pza,9.0
I-850B7298E3,2026-09-11 18:45:47,Galleta de mantequilla,202,Norte,Reposteria,pza,6.0
I-48A89048FC,2026-09-11 18:45:48,Eclair de cafe,258,Norte,Petit fours,pza,16.0
I-D326D9E43F,2026-09-11 18:45:48,Brownie nogada,166,Norte,Reposteria,pza,20.0
I-8F6FF42EC3,2026-09-11 18:45:49,Baguette tradicional,225,Plaza Obelie,Panaderia,pza,9.0
I-4E6B566995,2026-09-11 18:45:50,Galleta de mantequilla,249,Centro,Reposteria,pza,6.0
I-31087345D4,2026-09-11 18:45:50,Rol de canela,255,Sur,Viennoiserie,pza,15.0
I-A0B1CBCF79,2026-09-11 18:45:51,Rol de canela,260,Sur,Viennoiserie,pza,15.0
I-69A9EB026C,2026-09-11 18:45:52,Cheesecake de frutos rojos,198,Plaza Obelie,Pasteles,pza,170.0
I-D7F5E4743E,2026-09-11 18:45:53,Tarta de frutas,170,Sur,Pasteles,pza,155.0
I-F45406502C,2026-09-11 18:45:53,Macaron mixto,203,Centro,Petit fours,pza,10.0
I-80013C0304,2026-09-11 18:45:54,Baguette tradicional,284,Norte,Panaderia,pza,9.0
I-0020E77E53,2026-09-11 18:45:54,Galleta de mantequilla,208,Norte,Reposteria,pza,6.0
I-0B3DA44986,2026-09-11 18:45:55,Brownie nogada,215,Sur,Reposteria,pza,20.0
I-95146AEF82,2026-09-11 18:45:55,Croissant de almendra,155,Norte,Viennoiserie,pza,18.0
I-401F7BC060,2026-09-11 18:45:56,Eclair de cafe,290,Centro,Petit fours,pza,16.0
I-87A3D9D1F0,2026-09-11 18:45:56,Macaron mixto,263,Sur,Petit fours,pza,10.0
I-D79EF72321,2026-09-11 18:45:57,Brownie nogada,176,Norte,Reposteria,pza,20.0
I-4463CF3A70,2026-09-11 18:45:57,Croissant de almendra,109,Sur,Viennoiserie,pza,18.0
I-984E69E46F,2026-09-11 18:45:58,Pastel de chocolate,68,Norte,Pasteles,pza,150.0
I-266B56BD5F,2026-09-11 18:45:58,Tarta de frutas,320,Plaza Obelie,Pasteles,pza,155.0
I-A700534B08,2026-09-11 18:45:59,Macaron mixto,247,Norte,Petit fours,pza,10.0
I-3FA43C13B7,2026-09-11 18:45:59,Baguette tradicional,170,Sur,Panaderia,pza,9.0
I-50EC63D2B7,2026-09-11 18:46:00,Croissant de almendra,155,Norte,Viennoiserie,pza,18.0
I-6433159CDD,2026-09-11 18:46:01,Croissant de almendra,266,Plaza Obelie,Viennoiserie,pza,18.0
I-73CAA7AEA1,2026-09-11 18:46:01,Cheesecake de frutos rojos,271,Sur,Pasteles,pza,170.0
I-C97C5A6C84,2026-09-11 18:46:02,Croissant de almendra,160,Norte,Viennoiserie,pza,18.0
I-497F2142F6,2026-09-11 18:46:02,Cheesecake de frutos rojos,195,Plaza Obelie,Pasteles,pza,170.0
I-CE882D0A4B,2026-09-11 18:46:03,Rol de canela,148,Norte,Viennoiserie,pza,15.0
I-90E8E9B81C,2026-09-11 18:46:03,Brownie nogada,185,Norte,Reposteria,pza,20.0
I-2FE55F53D9,2026-09-11 18:46:04,Galleta de mantequilla,246,Centro,Reposteria,pza,6.0
I-BD4A9D3FEF,2026-09-11 18:46:05,Rol de canela,234,Centro,Viennoiserie,pza,15.0
I-547CEDE68D,2026-09-11 18:46:05,Cheesecake de frutos rojos,267,Sur,Pasteles,pza,170.0
I-1130FD7C9D,2026-09-11 18:46:06,Rol de canela,233,Centro,Viennoiserie,pza,15.0
I-D06A0E629A,2026-09-11 18:46:06,Rol de canela,159,Norte,Viennoiserie,pza,15.0
I-8640AF3049,2026-09-11 18:46:07,Baguette tradicional,182,Centro,Panaderia,pza,9.0
I-E0939FBD7C,2026-09-11 18:46:07,Rol de canela,163,Norte,Viennoiserie,pza,15.0
I-6ACA10EBD9,2026-09-11 18:46:08,Croissant de almendra,311,Centro,Viennoiserie,pza,18.0
I-1107A8FE21,2026-09-11 18:46:09,Tarta de frutas,173,Sur,Pasteles,pza,155.0
I-4F9E244CB5,2026-09-11 18:46:09,Rol de canela,227,Centro,Viennoiserie,pza,15.0
I-AEB74684F9,2026-09-11 18:46:10,Pastel de chocolate,202,Sur,Pasteles,pza,150.0
I-A639B68166,2026-09-11 18:46:10,Tarta de frutas,329,Plaza Obelie,Pasteles,pza,155.0
I-AE9E514E04,2026-09-11 18:46:11,Brownie nogada,187,Norte,Reposteria,pza,20.0
I-65793B5EBB,2026-09-11 18:46:11,Cheesecake de frutos rojos,215,Centro,Pasteles,pza,170.0
I-D5BDF6B733,2026-09-11 18:46:12,Eclair de cafe,208,Plaza Obelie,Petit fours,pza,16.0
I-ADF6706845,2026-09-11 18:46:13,Pastel de chocolate,259,Centro,Pasteles,pza,150.0
I-A08952EA9B,2026-09-11 18:46:13,Eclair de cafe,204,Plaza Obelie,Petit fours,pza,16.0
I-BA29BE455C,2026-09-11 18:46:14,Pastel de chocolate,72,Norte,Pasteles,pza,150.0
I-54C5C00AFF,2026-09-11 18:46:14,Pastel de chocolate,200,Sur,Pasteles,pza,150.0
I-B45D9C56BF,2026-09-11 18:46:15,Pastel de chocolate,79,Norte,Pasteles,pza,150.0
I-B217272742,2026-09-11 18:46:15,Croissant de almendra,155,Norte,Viennoiserie,pza,18.0
I-E6D5008EA1,2026-09-11 18:46:16,Tarta de frutas,326,Plaza Obelie,Pasteles,pza,155.0
I-675D37FF3D,2026-09-11 18:46:16,Brownie nogada,222,Sur,Reposteria,pza,20.0
I-59CC12910E,2026-09-11 18:46:17,Eclair de cafe,269,Norte,Petit fours,pza,16.0
I-A7EA456592,2026-09-11 18:46:17,Brownie nogada,130,Centro,Reposteria,pza,20.0
I-42F8478200,2026-09-11 18:46:18,Brownie nogada,357,Plaza Obelie,Reposteria,pza,20.0
I-1F7DC8BEF0,2026-09-11 18:46:19,Tarta de frutas,179,Sur,Pasteles,pza,155.0
I-FF1873DEAD,2026-09-11 18:46:19,Tarta de frutas,189,Sur,Pasteles,pza,155.0
I-435B2AE591,2026-09-11 18:46:20,Cheesecake de frutos rojos,183,Norte,Pasteles,pza,170.0
I-A91A06C86C,2026-09-11 18:46:20,Cheesecake de frutos rojos,269,Sur,Pasteles,pza,170.0
I-D7E672A58B,2026-09-11 18:46:21,Pastel de chocolate,265,Plaza Obelie,Pasteles,pza,150.0
I-90E2D9E8CE,2026-09-11 18:46:21,Eclair de cafe,285,Centro,Petit fours,pza,16.0
I-D1FA04E391,2026-09-11 18:46:22,Croissant de almendra,303,Centro,Viennoiserie,pza,18.0
I-E793E4EFE1,2026-09-11 18:46:22,Croissant de almendra,310,Centro,Viennoiserie,pza,18.0
I-F32CA3DBDB,2026-09-11 18:46:23,Eclair de cafe,274,Sur,Petit fours,pza,16.0
I-0794F9C702,2026-09-11 18:46:24,Croissant de almendra,158,Norte,Viennoiserie,pza,18.0
I-0F5EDFBAEF,2026-09-11 18:46:24,Pastel de chocolate,206,Sur,Pasteles,pza,150.0
I-EB836DD5EF,2026-09-11 18:46:25,Baguette tradicional,230,Plaza Obelie,Panaderia,pza,9.0
I-7559D0FFC2,2026-09-11 18:46:25,Pastel de chocolate,270,Plaza Obelie,Pasteles,pza,150.0
I-6B11EDE18B,2026-09-11 18:46:26,Tarta de frutas,187,Sur,Pasteles,pza,155.0
I-AEC6CE23CF,2026-09-11 18:46:27,Galleta de mantequilla,211,Norte,Reposteria,pza,6.0
I-4323794570,2026-09-11 18:46:27,Tarta de frutas,290,Norte,Pasteles,pza,155.0
I-59428CA849,2026-09-11 18:46:28,Macaron mixto,214,Centro,Petit fours,pza,10.0
I-F573A66218,2026-09-11 18:46:29,Baguette tradicional,281,Norte,Panaderia,pza,9.0
I-133C2F1310,2026-09-11 18:46:29,Brownie nogada,227,Sur,Reposteria,pza,20.0
I-8D286E0C92,2026-09-11 18:46:30,Tarta de frutas,190,Sur,Pasteles,pza,155.0
I-F9A63D8526,2026-09-11 18:46:30,Eclair de cafe,293,Centro,Petit fours,pza,16.0
I-081F9548C8,2026-09-11 18:46:31,Rol de canela,184,Plaza Obelie,Viennoiserie,pza,15.0
I-7DEC1366A2,2026-09-11 18:46:31,Croissant de almendra,321,Centro,Viennoiserie,pza,18.0
I-E34513AFBE,2026-09-11 18:46:32,Rol de canela,187,Plaza Obelie,Viennoiserie,pza,15.0
I-793346D7EF,2026-09-11 18:46:32,Croissant de almendra,121,Sur,Viennoiserie,pza,18.0
I-FF69FCB360,2026-09-11 18:46:33,Baguette tradicional,276,Norte,Panaderia,pza,9.0
I-95F0C7017B,2026-09-11 18:46:34,Rol de canela,261,Sur,Viennoiserie,pza,15.0
I-2804E6D8F4,2026-09-11 18:46:34,Pastel de chocolate,266,Centro,Pasteles,pza,150.0
I-BE1D23A78F,2026-09-11 18:46:35,Baguette tradicional,194,Centro,Panaderia,pza,9.0
I-658C1B5125,2026-09-11 18:46:35,Croissant de almendra,125,Sur,Viennoiserie,pza,18.0
I-BECD4F5B5B,2026-09-11 18:46:36,Cheesecake de frutos rojos,267,Sur,Pasteles,pza,170.0
I-C8118C8FCE,2026-09-11 18:46:37,Galleta de mantequilla,186,Plaza Obelie,Reposteria,pza,6.0
I-14EE96118A,2026-09-11 18:46:37,Brownie nogada,359,Plaza Obelie,Reposteria,pza,20.0
I-3C4FF6628D,2026-09-11 18:46:38,Eclair de cafe,272,Norte,Petit fours,pza,16.0
I-86624DF3D2,2026-09-11 18:46:39,Brownie nogada,198,Norte,Reposteria,pza,20.0
I-7DD9EB29F1,2026-09-11 18:46:39,Tarta de frutas,335,Plaza Obelie,Pasteles,pza,155.0
I-B09DFF7AF1,2026-09-11 18:46:40,Pastel de chocolate,76,Norte,Pasteles,pza,150.0
I-0AD2F72732,2026-09-11 18:46:41,Cheesecake de frutos rojos,207,Plaza Obelie,Pasteles,pza,170.0
I-AB03E3BFB2,2026-09-11 18:46:41,Eclair de cafe,283,Sur,Petit fours,pza,16.0
I-13B697137B,2026-09-11 18:46:42,Brownie nogada,193,Norte,Reposteria,pza,20.0
I-5DBDF48DF7,2026-09-11 18:46:42,Tarta de frutas,188,Sur,Pasteles,pza,155.0
I-707C3E0287,2026-09-11 18:46:43,Tarta de frutas,109,Centro,Pasteles,pza,155.0
I-A89EE3E853,2026-09-11 18:46:44,Baguette tradicional,179,Sur,Panaderia,pza,9.0
I-CEF8091A3B,2026-09-11 18:46:44,Galleta de mantequilla,196,Plaza Obelie,Reposteria,pza,6.0
I-6031099B05,2026-09-11 18:46:45,Croissant de almendra,127,Sur,Viennoiserie,pza,18.0
I-CF41203106,2026-09-11 18:46:45,Cheesecake de frutos rojos,221,Centro,Pasteles,pza,170.0
I-3199C922A9,2026-09-11 18:46:46,Macaron mixto,239,Norte,Petit fours,pza,10.0
I-60014ED931,2026-09-11 18:46:47,Macaron mixto,231,Norte,Petit fours,pza,10.0
I-FDE1A60418,2026-09-11 18:46:47,Croissant de almendra,164,Norte,Viennoiserie,pza,18.0
I-26274B400B,2026-09-11 18:46:48,Galleta de mantequilla,271,Sur,Reposteria,pza,6.0
I-C01C754C30,2026-09-11 18:46:48,Galleta de mantequilla,192,Plaza Obelie,Reposteria,pza,6.0
I-0CD2FB17AB,2026-09-11 18:46:49,Croissant de almendra,316,Centro,Viennoiserie,pza,18.0
I-0E00335F79,2026-09-11 18:46:49,Pastel de chocolate,278,Plaza Obelie,Pasteles,pza,150.0
I-5C9323CB59,2026-09-11 18:46:50,Baguette tradicional,232,Plaza Obelie,Panaderia,pza,9.0
I-76F2CD7C31,2026-09-11 18:46:50,Galleta de mantequilla,189,Plaza Obelie,Reposteria,pza,6.0
I-DDA1CBF5C7,2026-09-11 18:46:51,Tarta de frutas,192,Sur,Pasteles,pza,155.0
I-76A726B6CE,2026-09-11 18:46:52,Croissant de almendra,277,Plaza Obelie,Viennoiserie,pza,18.0
I-4C0C97C0B3,2026-09-11 18:46:52,Rol de canela,194,Plaza Obelie,Viennoiserie,pza,15.0
I-F90CDB8B24,2026-09-11 18:46:53,Rol de canela,202,Plaza Obelie,Viennoiserie,pza,15.0
I-1639258C74,2026-09-11 18:46:53,Pastel de chocolate,201,Sur,Pasteles,pza,150.0
I-8B00441C81,2026-09-11 18:46:54,Galleta de mantequilla,206,Norte,Reposteria,pza,6.0
I-B80A833AED,2026-09-11 18:46:55,Brownie nogada,192,Norte,Reposteria,pza,20.0
I-E54DD89E00,2026-09-11 18:46:55,Pastel de chocolate,68,Norte,Pasteles,pza,150.0
I-D6956A2FA5,2026-09-11 18:46:55,Rol de canela,261,Sur,Viennoiserie,pza,15.0
I-CD3F5EE7E3,2026-09-11 18:46:56,Brownie nogada,364,Plaza Obelie,Reposteria,pza,20.0
I-37DE03E4B1,2026-09-11 18:46:57,Tarta de frutas,291,Norte,Pasteles,pza,155.0
I-473F79EA60,2026-09-11 18:46:57,Eclair de cafe,275,Sur,Petit fours,pza,16.0
I-4A2BBFE09D,2026-09-11 18:46:58,Tarta de frutas,295,Norte,Pasteles,pza,155.0
I-D6FAF86F70,2026-09-11 18:46:58,Pastel de chocolate,273,Centro,Pasteles,pza,150.0
I-E6C78558F6,2026-09-11 18:46:59,Eclair de cafe,273,Sur,Petit fours,pza,16.0
I-739B8046FE,2026-09-11 18:47:00,Brownie nogada,134,Centro,Reposteria,pza,20.0
I-F43EEBC1BB,2026-09-11 18:47:00,Rol de canela,169,Norte,Viennoiserie,pza,15.0
I-7921162638,2026-09-11 18:47:01,Tarta de frutas,202,Sur,Pasteles,pza,155.0
I-09489FD606,2026-09-11 18:47:01,Cheesecake de frutos rojos,192,Norte,Pasteles,pza,170.0
I-E3C1CD18AA,2026-09-11 18:47:01,Tarta de frutas,208,Sur,Pasteles,pza,155.0
I-A952A27E97,2026-09-11 18:47:02,Croissant de almendra,281,Plaza Obelie,Viennoiserie,pza,18.0
I-AF51A43280,2026-09-11 18:47:02,Croissant de almendra,327,Centro,Viennoiserie,pza,18.0
I-B3314DAC4D,2026-09-11 18:47:03,Galleta de mantequilla,186,Plaza Obelie,Reposteria,pza,6.0
I-3751060F1E,2026-09-11 18:47:04,Croissant de almendra,286,Plaza Obelie,Viennoiserie,pza,18.0
I-FF07F93425,2026-09-11 18:47:04,Galleta de mantequilla,258,Centro,Reposteria,pza,6.0
I-119D5F6D70,2026-09-11 18:47:05,Baguette tradicional,190,Sur,Panaderia,pza,9.0
I-C9A043B4F5,2026-09-11 18:47:05,Tarta de frutas,204,Sur,Pasteles,pza,155.0
I-9D1674F03D,2026-09-11 18:47:06,Pastel de chocolate,61,Norte,Pasteles,pza,150.0
I-29882EFE78,2026-09-11 18:47:06,Tarta de frutas,207,Sur,Pasteles,pza,155.0
I-58CF2368B7,2026-09-11 18:47:07,Croissant de almendra,283,Plaza Obelie,Viennoiserie,pza,18.0
I-596E062D6A,2026-09-11 18:47:08,Tarta de frutas,203,Sur,Pasteles,pza,155.0
I-D9264D80B9,2026-09-11 18:47:08,Macaron mixto,230,Plaza Obelie,Petit fours,pza,10.0
I-B9153D3C43,2026-09-11 18:47:09,Croissant de almendra,137,Sur,Viennoiserie,pza,18.0
I-52CC6A9F37,2026-09-11 18:47:09,Tarta de frutas,327,Plaza Obelie,Pasteles,pza,155.0
I-928DCB8B71,2026-09-11 18:47:09,Croissant de almendra,288,Plaza Obelie,Viennoiserie,pza,18.0
I-1418E85BA2,2026-09-11 18:47:10,Brownie nogada,185,Norte,Reposteria,pza,20.0
I-22CCAC7DF1,2026-09-11 18:47:10,Pastel de chocolate,71,Norte,Pasteles,pza,150.0
I-542CC81AC9,2026-09-11 18:47:11,Brownie nogada,185,Norte,Reposteria,pza,20.0
I-132F8FEF50,2026-09-11 18:47:12,Rol de canela,201,Plaza Obelie,Viennoiserie,pza,15.0
I-911F974A2C,2026-09-11 18:47:12,Croissant de almendra,157,Norte,Viennoiserie,pza,18.0
I-29AC69C133,2026-09-11 18:47:13,Pastel de chocolate,273,Centro,Pasteles,pza,150.0
I-D21AB5557A,2026-09-11 18:47:14,Macaron mixto,242,Plaza Obelie,Petit fours,pza,10.0
I-50B7A85E33,2026-09-11 18:47:14,Baguette tradicional,194,Centro,Panaderia,pza,9.0
I-EF63F4E03F,2026-09-11 18:47:15,Baguette tradicional,186,Centro,Panaderia,pza,9.0
I-D24ACE3B82,2026-09-11 18:47:15,Croissant de almendra,333,Centro,Viennoiserie,pza,18.0
I-9F69BE581F,2026-09-11 18:47:16,Croissant de almendra,169,Norte,Viennoiserie,pza,18.0
I-709CC20CA1,2026-09-11 18:47:17,Brownie nogada,197,Norte,Reposteria,pza,20.0
I-CBFE239FF2,2026-09-11 18:47:17,Croissant de almendra,296,Plaza Obelie,Viennoiserie,pza,18.0
I-E27D49252D,2026-09-11 18:47:18,Cheesecake de frutos rojos,203,Plaza Obelie,Pasteles,pza,170.0
I-3530A67C72,2026-09-11 18:47:19,Tarta de frutas,306,Norte,Pasteles,pza,155.0
I-E9AC904E53,2026-09-11 18:47:19,Rol de canela,208,Plaza Obelie,Viennoiserie,pza,15.0
I-1B17526C69,2026-09-11 18:47:20,Croissant de almendra,325,Centro,Viennoiserie,pza,18.0
I-A36F9147A4,2026-09-11 18:47:20,Pastel de chocolate,201,Sur,Pasteles,pza,150.0
I-1FDC207F18,2026-09-11 18:47:21,Rol de canela,232,Centro,Viennoiserie,pza,15.0
I-26990BF413,2026-09-11 18:47:21,Pastel de chocolate,283,Centro,Pasteles,pza,150.0
I-AE7B55639C,2026-09-11 18:47:22,Croissant de almendra,328,Centro,Viennoiserie,pza,18.0
I-8D79A26B80,2026-09-11 18:47:23,Galleta de mantequilla,266,Sur,Reposteria,pza,6.0
I-81F089325B,2026-09-11 18:47:23,Rol de canela,177,Norte,Viennoiserie,pza,15.0
I-9B479B5B51,2026-09-11 18:47:24,Rol de canela,272,Sur,Viennoiserie,pza,15.0
I-F2AF0D20B8,2026-09-11 18:47:24,Galleta de mantequilla,212,Norte,Reposteria,pza,6.0
I-E9DF4C7A2B,2026-09-11 18:47:25,Brownie nogada,191,Norte,Reposteria,pza,20.0
I-261207528C,2026-09-11 18:47:25,Brownie nogada,134,Centro,Reposteria,pza,20.0
I-87C25D54CA,2026-09-11 18:47:26,Croissant de almendra,166,Norte,Viennoiserie,pza,18.0
I-A1F9E8E117,2026-09-11 18:47:26,Brownie nogada,360,Plaza Obelie,Reposteria,pza,20.0
I-69B5A1DC1A,2026-09-11 18:47:27,Pastel de chocolate,194,Sur,Pasteles,pza,150.0
I-BF0BF5D303,2026-09-11 18:47:27,Rol de canela,216,Plaza Obelie,Viennoiserie,pza,15.0
I-5CAEC23325,2026-09-11 18:47:28,Cheesecake de frutos rojos,264,Sur,Pasteles,pza,170.0
I-E1AEF56DC5,2026-09-11 18:47:29,Galleta de mantequilla,222,Norte,Reposteria,pza,6.0
I-8C1C0A886F,2026-09-11 18:47:29,Brownie nogada,238,Sur,Reposteria,pza,20.0
I-7866A295D4,2026-09-11 18:47:30,Macaron mixto,231,Norte,Petit fours,pza,10.0
I-CBAF69DC0D,2026-09-11 18:47:30,Cheesecake de frutos rojos,228,Centro,Pasteles,pza,170.0
I-4C5DD33CA1,2026-09-11 18:47:31,Galleta de mantequilla,180,Plaza Obelie,Reposteria,pza,6.0
I-2678961B3B,2026-09-11 18:47:32,Galleta de mantequilla,267,Centro,Reposteria,pza,6.0
I-020CDF9B93,2026-09-11 18:47:32,Baguette tradicional,198,Sur,Panaderia,pza,9.0
I-08E7EED4E3,2026-09-11 18:47:33,Galleta de mantequilla,214,Norte,Reposteria,pza,6.0
I-DC59AE5A20,2026-09-11 18:47:34,Eclair de cafe,273,Norte,Petit fours,pza,16.0
I-B6F8B72547,2026-09-11 18:47:34,Brownie nogada,184,Norte,Reposteria,pza,20.0
I-3A5BFFC938,2026-09-11 18:47:35,Pastel de chocolate,275,Plaza Obelie,Pasteles,pza,150.0
I-D4C4B6B6DA,2026-09-11 18:47:35,Cheesecake de frutos rojos,199,Plaza Obelie,Pasteles,pza,170.0
I-35D54FB84C,2026-09-11 18:47:36,Brownie nogada,356,Plaza Obelie,Reposteria,pza,20.0
I-AAC0E87FEA,2026-09-11 18:47:37,Galleta de mantequilla,275,Centro,Reposteria,pza,6.0
I-184D032B06,2026-09-11 18:47:37,Galleta de mantequilla,173,Plaza Obelie,Reposteria,pza,6.0
I-D6DCF0F575,2026-09-11 18:47:38,Baguette tradicional,191,Sur,Panaderia,pza,9.0
I-C0BE6E108E,2026-09-11 18:47:38,Brownie nogada,133,Centro,Reposteria,pza,20.0
I-F194F0AAAB,2026-09-11 18:47:39,Tarta de frutas,208,Sur,Pasteles,pza,155.0
I-CB9CB10B99,2026-09-11 18:47:39,Rol de canela,244,Centro,Viennoiserie,pza,15.0
I-CAE43339D8,2026-09-11 18:47:40,Macaron mixto,212,Centro,Petit fours,pza,10.0
I-A807B43245,2026-09-11 18:47:40,Macaron mixto,240,Norte,Petit fours,pza,10.0
I-3699099538,2026-09-11 18:47:41,Galleta de mantequilla,266,Sur,Reposteria,pza,6.0
I-A35D6353FC,2026-09-11 18:47:41,Pastel de chocolate,188,Sur,Pasteles,pza,150.0
I-EBA72FF48F,2026-09-11 18:47:42,Macaron mixto,216,Centro,Petit fours,pza,10.0
I-B29E355C35,2026-09-11 18:47:43,Cheesecake de frutos rojos,238,Centro,Pasteles,pza,170.0
I-79C0C060AE,2026-09-11 18:47:43,Brownie nogada,187,Norte,Reposteria,pza,20.0
I-9BF5C5E076,2026-09-11 18:47:44,Rol de canela,189,Norte,Viennoiserie,pza,15.0
I-2234649FF4,2026-09-11 18:47:44,Tarta de frutas,214,Sur,Pasteles,pza,155.0
I-84A95A9C89,2026-09-11 18:47:45,Baguette tradicional,240,Plaza Obelie,Panaderia,pza,9.0
I-F3C731A357,2026-09-11 18:47:45,Brownie nogada,237,Sur,Reposteria,pza,20.0
I-3D530FEBEC,2026-09-11 18:47:46,Pastel de chocolate,269,Plaza Obelie,Pasteles,pza,150.0
I-76B24E668F,2026-09-11 18:47:46,Macaron mixto,248,Norte,Petit fours,pza,10.0
I-F1EF19C913,2026-09-11 18:47:47,Tarta de frutas,326,Plaza Obelie,Pasteles,pza,155.0
I-8943E43022,2026-09-11 18:47:47,Croissant de almendra,173,Norte,Viennoiserie,pza,18.0
I-894F951CB7,2026-09-11 18:47:48,Macaron mixto,214,Centro,Petit fours,pza,10.0
I-92BAEFCEEA,2026-09-11 18:47:49,Baguette tradicional,182,Centro,Panaderia,pza,9.0
I-75AF51DE02,2026-09-11 18:47:49,Rol de canela,182,Norte,Viennoiserie,pza,15.0
I-7372DEF181,2026-09-11 18:47:50,Tarta de frutas,220,Sur,Pasteles,pza,155.0
I-CE2969499B,2026-09-11 18:47:50,Tarta de frutas,224,Sur,Pasteles,pza,155.0
I-A79E7E24CD,2026-09-11 18:47:51,Brownie nogada,366,Plaza Obelie,Reposteria,pza,20.0
I-C952E340AB,2026-09-11 18:47:52,Macaron mixto,246,Norte,Petit fours,pza,10.0
I-1BF6729D16,2026-09-11 18:47:52,Rol de canela,222,Plaza Obelie,Viennoiserie,pza,15.0
I-C73239952F,2026-09-11 18:47:53,Cheesecake de frutos rojos,194,Norte,Pasteles,pza,170.0
I-93E1BD1F89,2026-09-11 18:47:53,Pastel de chocolate,291,Centro,Pasteles,pza,150.0
I-F6C9A5059F,2026-09-11 18:47:54,Cheesecake de frutos rojos,210,Plaza Obelie,Pasteles,pza,170.0
I-B856367A6C,2026-09-11 18:47:54,Tarta de frutas,324,Plaza Obelie,Pasteles,pza,155.0
I-B103DE0EED,2026-09-11 18:47:55,Brownie nogada,125,Centro,Reposteria,pza,20.0
I-1A322C89DC,2026-09-11 18:47:55,Tarta de frutas,335,Plaza Obelie,Pasteles,pza,155.0
I-E6CCC8E78F,2026-09-11 18:47:56,Tarta de frutas,121,Centro,Pasteles,pza,155.0
I-232C744B0C,2026-09-11 18:47:57,Brownie nogada,249,Sur,Reposteria,pza,20.0
I-E0F0FF8C39,2026-09-11 18:47:57,Macaron mixto,266,Sur,Petit fours,pza,10.0
I-BB3C71FDF3,2026-09-11 18:47:58,Brownie nogada,196,Norte,Reposteria,pza,20.0
I-4ACF17C58A,2026-09-11 18:47:58,Rol de canela,190,Norte,Viennoiserie,pza,15.0
I-B226ACEAD9,2026-09-11 18:47:59,Brownie nogada,373,Plaza Obelie,Reposteria,pza,20.0
I-197E3AE000,2026-09-11 18:47:59,Brownie nogada,200,Norte,Reposteria,pza,20.0
I-3D32F8D612,2026-09-11 18:48:00,Rol de canela,192,Norte,Viennoiserie,pza,15.0
I-D1175CC08B,2026-09-11 18:48:00,Eclair de cafe,274,Norte,Petit fours,pza,16.0
I-F65881D9B4,2026-09-11 18:48:01,Brownie nogada,243,Sur,Reposteria,pza,20.0
I-BB2B84BE74,2026-09-11 18:48:01,Croissant de almendra,308,Plaza Obelie,Viennoiserie,pza,18.0
I-11DAC9DA4F,2026-09-11 18:48:02,Macaron mixto,250,Norte,Petit fours,pza,10.0
I-3F0FA3BB60,2026-09-11 18:48:02,Cheesecake de frutos rojos,203,Norte,Pasteles,pza,170.0
I-0FECCBE76E,2026-09-11 18:48:03,Cheesecake de frutos rojos,195,Norte,Pasteles,pza,170.0
I-D733834B21,2026-09-11 18:48:03,Pastel de chocolate,69,Norte,Pasteles,pza,150.0
I-CCB3AF07CD,2026-09-11 18:48:04,Pastel de chocolate,294,Centro,Pasteles,pza,150.0
I-2B57AE3258,2026-09-11 18:48:05,Baguette tradicional,183,Centro,Panaderia,pza,9.0
I-E7AD4FBBCB,2026-09-11 18:48:06,Pastel de chocolate,305,Centro,Pasteles,pza,150.0
I-0DCFDBD852,2026-09-11 18:48:06,Galleta de mantequilla,213,Norte,Reposteria,pza,6.0
I-713F841500,2026-09-11 18:48:07,Macaron mixto,270,Sur,Petit fours,pza,10.0
I-57CE74A02C,2026-09-11 18:48:08,Cheesecake de frutos rojos,248,Centro,Pasteles,pza,170.0
I-1555A24071,2026-09-11 18:48:08,Pastel de chocolate,68,Norte,Pasteles,pza,150.0
I-7433FB0ACE,2026-09-11 18:48:09,Croissant de almendra,305,Plaza Obelie,Viennoiserie,pza,18.0
I-5AF1D9D733,2026-09-11 18:48:10,Baguette tradicional,282,Norte,Panaderia,pza,9.0
I-039E0652AF,2026-09-11 18:48:10,Croissant de almendra,140,Sur,Viennoiserie,pza,18.0
I-9EB7DDECF5,2026-09-11 18:48:11,Rol de canela,220,Plaza Obelie,Viennoiserie,pza,15.0
I-DA9893B246,2026-09-11 18:48:12,Tarta de frutas,219,Sur,Pasteles,pza,155.0
I-C360DFC135,2026-09-11 18:48:12,Tarta de frutas,334,Plaza Obelie,Pasteles,pza,155.0
I-72D139BD93,2026-09-11 18:48:12,Eclair de cafe,280,Sur,Petit fours,pza,16.0
I-DF31640CDD,2026-09-11 18:48:13,Croissant de almendra,298,Plaza Obelie,Viennoiserie,pza,18.0
I-7C82F72E65,2026-09-11 18:48:14,Galleta de mantequilla,262,Sur,Reposteria,pza,6.0
I-4E2E91BE0E,2026-09-11 18:48:14,Tarta de frutas,308,Norte,Pasteles,pza,155.0
I-D2FFAB03C4,2026-09-11 18:48:15,Baguette tradicional,189,Sur,Panaderia,pza,9.0
I-AC49AB6809,2026-09-11 18:48:15,Tarta de frutas,213,Sur,Pasteles,pza,155.0
I-70A82B1FC5,2026-09-11 18:48:16,Galleta de mantequilla,266,Sur,Reposteria,pza,6.0
I-9A55FFB373,2026-09-11 18:48:16,Brownie nogada,135,Centro,Reposteria,pza,20.0
I-D676F29202,2026-09-11 18:48:17,Cheesecake de frutos rojos,259,Centro,Pasteles,pza,170.0
I-E52EF551EF,2026-09-11 18:48:18,Macaron mixto,212,Centro,Petit fours,pza,10.0
I-9FC320D0A1,2026-09-11 18:48:18,Rol de canela,256,Centro,Viennoiserie,pza,15.0
I-EF555CF476,2026-09-11 18:48:19,Rol de canela,270,Sur,Viennoiserie,pza,15.0
I-E6530A0F33,2026-09-11 18:48:19,Tarta de frutas,129,Centro,Pasteles,pza,155.0
I-ACE0623306,2026-09-11 18:48:20,Rol de canela,248,Centro,Viennoiserie,pza,15.0
I-F15F6DD5CC,2026-09-11 18:48:20,Tarta de frutas,312,Norte,Pasteles,pza,155.0
I-AE6ED6D81E,2026-09-11 18:48:21,Eclair de cafe,275,Sur,Petit fours,pza,16.0
I-194C635802,2026-09-11 18:48:21,Croissant de almendra,299,Plaza Obelie,Viennoiserie,pza,18.0
I-60AEAFC814,2026-09-11 18:48:22,Macaron mixto,209,Centro,Petit fours,pza,10.0
I-3D6C8EB4E3,2026-09-11 18:48:22,Pastel de chocolate,199,Sur,Pasteles,pza,150.0
I-65C5289D93,2026-09-11 18:48:23,Cheesecake de frutos rojos,268,Centro,Pasteles,pza,170.0
I-1BCCFD1092,2026-09-11 18:48:24,Croissant de almendra,149,Sur,Viennoiserie,pza,18.0
I-51FF754AB2,2026-09-11 18:48:24,Pastel de chocolate,61,Norte,Pasteles,pza,150.0
I-4C2E3CCA01,2026-09-11 18:48:25,Eclair de cafe,291,Centro,Petit fours,pza,16.0
I-0A300E0901,2026-09-11 18:48:25,Baguette tradicional,181,Sur,Panaderia,pza,9.0
I-12CF3CEBD6,2026-09-11 18:48:26,Tarta de frutas,211,Sur,Pasteles,pza,155.0
I-1A998BD198,2026-09-11 18:48:27,Rol de canela,256,Centro,Viennoiserie,pza,15.0
I-D472654AD6,2026-09-11 18:48:28,Pastel de chocolate,191,Sur,Pasteles,pza,150.0
I-62297705BE,2026-09-11 18:48:28,Croissant de almendra,158,Sur,Viennoiserie,pza,18.0
I-3870167438,2026-09-11 18:48:29,Pastel de chocolate,276,Plaza Obelie,Pasteles,pza,150.0
I-B2D40F555A,2026-09-11 18:48:29,Baguette tradicional,186,Centro,Panaderia,pza,9.0
I-14908FADA6,2026-09-11 18:48:30,Galleta de mantequilla,182,Plaza Obelie,Reposteria,pza,6.0
I-1E011ABA01,2026-09-11 18:48:30,Baguette tradicional,191,Sur,Panaderia,pza,9.0
I-FA538C2023,2026-09-11 18:48:31,Cheesecake de frutos rojos,209,Plaza Obelie,Pasteles,pza,170.0
I-256085DC84,2026-09-11 18:48:32,Galleta de mantequilla,189,Plaza Obelie,Reposteria,pza,6.0
I-6883DDA7DF,2026-09-11 18:48:32,Eclair de cafe,210,Plaza Obelie,Petit fours,pza,16.0
I-CB6444F134,2026-09-11 18:48:33,Cheesecake de frutos rojos,216,Plaza Obelie,Pasteles,pza,170.0
I-AFF48892C2,2026-09-11 18:48:33,Macaron mixto,254,Norte,Petit fours,pza,10.0
I-392387A30E,2026-09-11 18:48:34,Macaron mixto,276,Sur,Petit fours,pza,10.0
I-E1BAA6F7FD,2026-09-11 18:48:35,Eclair de cafe,267,Norte,Petit fours,pza,16.0
I-84F44BBEF0,2026-09-11 18:48:35,Tarta de frutas,310,Norte,Pasteles,pza,155.0
I-82A393D638,2026-09-11 18:48:36,Rol de canela,198,Norte,Viennoiserie,pza,15.0
I-595718AD9F,2026-09-11 18:48:36,Galleta de mantequilla,270,Centro,Reposteria,pza,6.0
I-B7E792FB2D,2026-09-11 18:48:36,Baguette tradicional,192,Sur,Panaderia,pza,9.0
I-8CF27CD569,2026-09-11 18:48:37,Croissant de almendra,170,Sur,Viennoiserie,pza,18.0
I-16C7CBF3B6,2026-09-11 18:48:38,Pastel de chocolate,297,Centro,Pasteles,pza,150.0
I-0300143E40,2026-09-11 18:48:38,Pastel de chocolate,278,Plaza Obelie,Pasteles,pza,150.0
I-08AD17BC29,2026-09-11 18:48:39,Macaron mixto,236,Plaza Obelie,Petit fours,pza,10.0
I-6093D6608C,2026-09-11 18:48:39,Cheesecake de frutos rojos,276,Sur,Pasteles,pza,170.0
I-9C314945C9,2026-09-11 18:48:40,Pastel de chocolate,191,Sur,Pasteles,pza,150.0
I-AE1ED04DD5,2026-09-11 18:48:40,Cheesecake de frutos rojos,268,Centro,Pasteles,pza,170.0
I-8B1BA1518C,2026-09-11 18:48:41,Baguette tradicional,234,Plaza Obelie,Panaderia,pza,9.0
I-D7B898DECC,2026-09-11 18:48:41,Eclair de cafe,287,Sur,Petit fours,pza,16.0
I-AD33171DA2,2026-09-11 18:48:42,Croissant de almendra,165,Sur,Viennoiserie,pza,18.0
I-1588F6641E,2026-09-11 18:48:43,Cheesecake de frutos rojos,273,Centro,Pasteles,pza,170.0
I-A006968A99,2026-09-11 18:48:43,Brownie nogada,245,Sur,Reposteria,pza,20.0
I-7ADD8C345C,2026-09-11 18:48:44,Macaron mixto,210,Centro,Petit fours,pza,10.0
I-3292961976,2026-09-11 18:48:44,Macaron mixto,246,Norte,Petit fours,pza,10.0
I-9A4AA340CF,2026-09-11 18:48:45,Tarta de frutas,308,Norte,Pasteles,pza,155.0
I-77E6EC635B,2026-09-11 18:48:45,Rol de canela,251,Centro,Viennoiserie,pza,15.0
I-BADDADEA5B,2026-09-11 18:48:46,Eclair de cafe,294,Centro,Petit fours,pza,16.0
I-17C7452B09,2026-09-11 18:48:47,Baguette tradicional,184,Centro,Panaderia,pza,9.0
I-1C5BEA2C54,2026-09-11 18:48:47,Brownie nogada,384,Plaza Obelie,Reposteria,pza,20.0
I-EDAEEDA4E5,2026-09-11 18:48:48,Pastel de chocolate,305,Centro,Pasteles,pza,150.0
I-C02B57F5FB,2026-09-11 18:48:48,Tarta de frutas,312,Norte,Pasteles,pza,155.0
I-A97601BE03,2026-09-11 18:48:49,Eclair de cafe,297,Sur,Petit fours,pza,16.0
I-5057698CDA,2026-09-11 18:48:49,Macaron mixto,241,Norte,Petit fours,pza,10.0
I-3F41B6C04B,2026-09-11 18:48:50,Baguette tradicional,198,Sur,Panaderia,pza,9.0
I-7424869D52,2026-09-11 18:48:51,Baguette tradicional,290,Norte,Panaderia,pza,9.0
I-6FC0810F38,2026-09-11 18:48:51,Pastel de chocolate,60,Norte,Pasteles,pza,150.0
I-08D3A272CA,2026-09-11 18:48:52,Croissant de almendra,176,Sur,Viennoiserie,pza,18.0
I-374F39F330,2026-09-11 18:48:52,Croissant de almendra,323,Centro,Viennoiserie,pza,18.0
I-3858574D15,2026-09-11 18:48:53,Croissant de almendra,176,Norte,Viennoiserie,pza,18.0
I-B7A0BDBB88,2026-09-11 18:48:53,Brownie nogada,141,Centro,Reposteria,pza,20.0
I-D3C0A9AAF8,2026-09-11 18:48:54,Eclair de cafe,301,Sur,Petit fours,pza,16.0
I-B2E56B3B2B,2026-09-11 18:48:55,Galleta de mantequilla,263,Sur,Reposteria,pza,6.0
I-4D1F069942,2026-09-11 18:48:55,Rol de canela,209,Norte,Viennoiserie,pza,15.0
I-A38F8EB938,2026-09-11 18:48:56,Pastel de chocolate,185,Sur,Pasteles,pza,150.0
I-09A25C8C1A,2026-09-11 18:48:56,Croissant de almendra,318,Centro,Viennoiserie,pza,18.0
I-CF8E3D88F2,2026-09-11 18:48:57,Rol de canela,210,Norte,Viennoiserie,pza,15.0
I-5E32C357CD,2026-09-11 18:48:58,Galleta de mantequilla,275,Centro,Reposteria,pza,6.0
I-EBB2D92A93,2026-09-11 18:48:58,Brownie nogada,145,Centro,Reposteria,pza,20.0
I-257896ACCE,2026-09-11 18:48:59,Tarta de frutas,327,Plaza Obelie,Pasteles,pza,155.0
I-5134146DF4,2026-09-11 18:48:59,Cheesecake de frutos rojos,269,Centro,Pasteles,pza,170.0
I-C2C004E882,2026-09-11 18:49:00,Cheesecake de frutos rojos,270,Centro,Pasteles,pza,170.0
I-F0ADA1E79C,2026-09-11 18:49:01,Pastel de chocolate,317,Centro,Pasteles,pza,150.0
I-F68525EF2F,2026-09-11 18:49:01,Eclair de cafe,286,Centro,Petit fours,pza,16.0
I-706E67F37C,2026-09-11 18:49:02,Pastel de chocolate,53,Norte,Pasteles,pza,150.0
I-48B0264E2D,2026-09-11 18:49:03,Croissant de almendra,325,Centro,Viennoiserie,pza,18.0
I-575B3234C0,2026-09-11 18:49:03,Eclair de cafe,208,Plaza Obelie,Petit fours,pza,16.0
I-550B61EDE6,2026-09-11 18:49:04,Baguette tradicional,290,Norte,Panaderia,pza,9.0
I-C94FCABA76,2026-09-11 18:49:05,Eclair de cafe,297,Centro,Petit fours,pza,16.0
I-DB8C89ED6C,2026-09-11 18:49:05,Macaron mixto,277,Sur,Petit fours,pza,10.0
I-D0512DDA27,2026-09-11 18:49:06,Croissant de almendra,311,Plaza Obelie,Viennoiserie,pza,18.0
I-04372145A6,2026-09-11 18:49:07,Eclair de cafe,261,Norte,Petit fours,pza,16.0
I-42E04A5377,2026-09-11 18:49:07,Eclair de cafe,202,Plaza Obelie,Petit fours,pza,16.0
I-F378C6E455,2026-09-11 18:49:08,Tarta de frutas,140,Centro,Pasteles,pza,155.0
I-846E5E09B4,2026-09-11 18:49:09,Tarta de frutas,222,Sur,Pasteles,pza,155.0
I-AC48330098,2026-09-11 18:49:09,Cheesecake de frutos rojos,195,Norte,Pasteles,pza,170.0
I-8C199B46B5,2026-09-11 18:49:10,Cheesecake de frutos rojos,272,Sur,Pasteles,pza,170.0
I-51E79A8731,2026-09-11 18:49:10,Croissant de almendra,180,Sur,Viennoiserie,pza,18.0
I-B6AA83CB2C,2026-09-11 18:49:11,Macaron mixto,239,Norte,Petit fours,pza,10.0
I-92E7EE5B78,2026-09-11 18:49:11,Galleta de mantequilla,261,Sur,Reposteria,pza,6.0
I-4C8BEB3823,2026-09-11 18:49:12,Galleta de mantequilla,282,Centro,Reposteria,pza,6.0
I-B7F7D89CEA,2026-09-11 18:49:13,Brownie nogada,252,Sur,Reposteria,pza,20.0
I-4D67B53179,2026-09-11 18:49:13,Macaron mixto,210,Centro,Petit fours,pza,10.0
I-8BC43095BA,2026-09-11 18:49:14,Galleta de mantequilla,267,Sur,Reposteria,pza,6.0
I-D3E46B9321,2026-09-11 18:49:15,Macaron mixto,245,Plaza Obelie,Petit fours,pza,10.0
I-150BBF6CCD,2026-09-11 18:49:15,Galleta de mantequilla,274,Centro,Reposteria,pza,6.0
I-BAF7F095FE,2026-09-11 18:49:16,Eclair de cafe,299,Sur,Petit fours,pza,16.0
I-79284B8610,2026-09-11 18:49:16,Pastel de chocolate,57,Norte,Pasteles,pza,150.0
I-5F806337B4,2026-09-11 18:49:17,Cheesecake de frutos rojos,194,Norte,Pasteles,pza,170.0
I-BC6CF7071E,2026-09-11 18:49:18,Eclair de cafe,296,Centro,Petit fours,pza,16.0
I-9BD07C64D7,2026-09-11 18:49:18,Galleta de mantequilla,269,Sur,Reposteria,pza,6.0
I-2B705E3DCA,2026-09-11 18:49:19,Pastel de chocolate,53,Norte,Pasteles,pza,150.0
I-46B51CABC7,2026-09-11 18:49:19,Macaron mixto,272,Sur,Petit fours,pza,10.0
I-3158435F0C,2026-09-11 18:49:20,Rol de canela,252,Centro,Viennoiserie,pza,15.0
I-34D0E2B1CD,2026-09-11 18:49:20,Rol de canela,229,Plaza Obelie,Viennoiserie,pza,15.0
I-2AC294D373,2026-09-11 18:49:21,Pastel de chocolate,313,Centro,Pasteles,pza,150.0
I-BA0F08701A,2026-09-11 18:49:21,Tarta de frutas,222,Sur,Pasteles,pza,155.0
I-81044F366A,2026-09-11 18:49:22,Pastel de chocolate,46,Norte,Pasteles,pza,150.0
I-A3711BF3C0,2026-09-11 18:49:22,Croissant de almendra,327,Centro,Viennoiserie,pza,18.0
I-63F3857587,2026-09-11 18:49:23,Cheesecake de frutos rojos,191,Norte,Pasteles,pza,170.0
I-B0A84CD458,2026-09-11 18:49:24,Tarta de frutas,230,Sur,Pasteles,pza,155.0
I-5153EBDDE7,2026-09-11 18:49:24,Croissant de almendra,185,Norte,Viennoiserie,pza,18.0
I-56C6D6E071,2026-09-11 18:49:25,Rol de canela,263,Sur,Viennoiserie,pza,15.0
I-FD7DFBF752,2026-09-11 18:49:25,Eclair de cafe,273,Norte,Petit fours,pza,16.0
I-C1E218F291,2026-09-11 18:49:26,Baguette tradicional,226,Plaza Obelie,Panaderia,pza,9.0
I-8F90C8CC8A,2026-09-11 18:49:27,Baguette tradicional,207,Sur,Panaderia,pza,9.0
I-8268F648EA,2026-09-11 18:49:27,Brownie nogada,379,Plaza Obelie,Reposteria,pza,20.0
I-5FDBF3511A,2026-09-11 18:49:28,Rol de canela,251,Centro,Viennoiserie,pza,15.0
I-DBCF95F7F3,2026-09-11 18:49:29,Eclair de cafe,291,Sur,Petit fours,pza,16.0
I-3E6FE70C0C,2026-09-11 18:49:29,Tarta de frutas,134,Centro,Pasteles,pza,155.0
I-555FC8822F,2026-09-11 18:49:30,Eclair de cafe,201,Plaza Obelie,Petit fours,pza,16.0
I-6F1EB54B4E,2026-09-11 18:49:30,Baguette tradicional,218,Plaza Obelie,Panaderia,pza,9.0
I-D7CFF02550,2026-09-11 18:49:31,Rol de canela,222,Norte,Viennoiserie,pza,15.0
I-2A7F8D9AE7,2026-09-11 18:49:31,Pastel de chocolate,51,Norte,Pasteles,pza,150.0
I-7348534A5C,2026-09-11 18:49:32,Pastel de chocolate,272,Plaza Obelie,Pasteles,pza,150.0
I-619074F957,2026-09-11 18:49:32,Tarta de frutas,324,Plaza Obelie,Pasteles,pza,155.0
I-3E03F644F0,2026-09-11 18:49:33,Tarta de frutas,222,Sur,Pasteles,pza,155.0
I-EE578CF0F5,2026-09-11 18:49:33,Eclair de cafe,206,Plaza Obelie,Petit fours,pza,16.0
I-568AAA67FA,2026-09-11 18:49:34,Rol de canela,244,Centro,Viennoiserie,pza,15.0
I-46D53E8386,2026-09-11 18:49:35,Pastel de chocolate,181,Sur,Pasteles,pza,150.0
I-7A42889453,2026-09-11 18:49:35,Macaron mixto,274,Sur,Petit fours,pza,10.0
I-2BB6792918,2026-09-11 18:49:36,Macaron mixto,204,Centro,Petit fours,pza,10.0
I-84F3EA488F,2026-09-11 18:49:36,Cheesecake de frutos rojos,213,Plaza Obelie,Pasteles,pza,170.0
I-EE24072838,2026-09-11 18:49:37,Eclair de cafe,307,Centro,Petit fours,pza,16.0
I-A049C3AA99,2026-09-11 18:49:37,Cheesecake de frutos rojos,219,Plaza Obelie,Pasteles,pza,170.0
I-DC0F84DBB5,2026-09-11 18:49:38,Tarta de frutas,227,Sur,Pasteles,pza,155.0
I-5221BA4D9C,2026-09-11 18:49:38,Pastel de chocolate,54,Norte,Pasteles,pza,150.0
I-C6EBA37DF2,2026-09-11 18:49:39,Tarta de frutas,144,Centro,Pasteles,pza,155.0
I-321A71B191,2026-09-11 18:49:40,Brownie nogada,196,Norte,Reposteria,pza,20.0
I-0167C15B10,2026-09-11 18:49:41,Rol de canela,226,Plaza Obelie,Viennoiserie,pza,15.0
I-0FF1BFBBF4,2026-09-11 18:49:41,Eclair de cafe,283,Sur,Petit fours,pza,16.0
I-84E57F4DF7,2026-09-11 18:49:42,Baguette tradicional,291,Norte,Panaderia,pza,9.0
I-72E09079C6,2026-09-11 18:49:42,Cheesecake de frutos rojos,275,Centro,Pasteles,pza,170.0
I-6D675E35A1,2026-09-11 18:49:43,Croissant de almendra,177,Norte,Viennoiserie,pza,18.0
I-CE9D952D8E,2026-09-11 18:49:43,Pastel de chocolate,266,Plaza Obelie,Pasteles,pza,150.0
I-1634F18CBE,2026-09-11 18:49:44,Macaron mixto,254,Plaza Obelie,Petit fours,pza,10.0
I-B44A7AC074,2026-09-11 18:49:45,Brownie nogada,258,Sur,Reposteria,pza,20.0
I-EDE7F9CD82,2026-09-11 18:49:45,Tarta de frutas,221,Sur,Pasteles,pza,155.0
I-1ED74F7DFF,2026-09-11 18:49:45,Macaron mixto,249,Norte,Petit fours,pza,10.0
I-7EBDE60D53,2026-09-11 18:49:46,Baguette tradicional,201,Sur,Panaderia,pza,9.0
I-0F3E602623,2026-09-11 18:49:47,Rol de canela,234,Plaza Obelie,Viennoiserie,pza,15.0
I-E0F0B15137,2026-09-11 18:49:47,Pastel de chocolate,278,Plaza Obelie,Pasteles,pza,150.0
I-EA56CDA3FA,2026-09-11 18:49:48,Brownie nogada,250,Sur,Reposteria,pza,20.0
I-74333C1AB3,2026-09-11 18:49:49,Baguette tradicional,194,Centro,Panaderia,pza,9.0
I-526631D953,2026-09-11 18:49:49,Macaron mixto,212,Centro,Petit fours,pza,10.0
I-6A9619E201,2026-09-11 18:49:50,Brownie nogada,198,Norte,Reposteria,pza,20.0
I-1A609FBB6E,2026-09-11 18:49:51,Rol de canela,268,Sur,Viennoiserie,pza,15.0
I-350D19203D,2026-09-11 18:49:51,Rol de canela,277,Sur,Viennoiserie,pza,15.0
I-8B3E78695F,2026-09-11 18:49:52,Baguette tradicional,195,Sur,Panaderia,pza,9.0
I-DB5A435985,2026-09-11 18:49:53,Cheesecake de frutos rojos,282,Sur,Pasteles,pza,170.0
I-8A05CE6048,2026-09-11 18:49:53,Galleta de mantequilla,221,Norte,Reposteria,pza,6.0
I-09A98B06A8,2026-09-11 18:49:54,Galleta de mantequilla,232,Norte,Reposteria,pza,6.0
I-B7C4363958,2026-09-11 18:49:54,Rol de canela,286,Sur,Viennoiserie,pza,15.0
I-1DED14390C,2026-09-11 18:49:55,Baguette tradicional,196,Sur,Panaderia,pza,9.0
I-CB07D1CF42,2026-09-11 18:49:55,Eclair de cafe,313,Centro,Petit fours,pza,16.0
I-C5240D1A72,2026-09-11 18:49:56,Brownie nogada,244,Sur,Reposteria,pza,20.0
I-2E92D939FB,2026-09-11 18:49:57,Galleta de mantequilla,236,Norte,Reposteria,pza,6.0
I-289021EDB5,2026-09-11 18:49:57,Croissant de almendra,180,Norte,Viennoiserie,pza,18.0
I-9B90484CE6,2026-09-11 18:49:58,Macaron mixto,286,Sur,Petit fours,pza,10.0
I-4886A87B9D,2026-09-11 18:49:58,Brownie nogada,204,Norte,Reposteria,pza,20.0
I-DD48182C7A,2026-09-11 18:49:59,Galleta de mantequilla,279,Sur,Reposteria,pza,6.0
I-E2F3A601F6,2026-09-11 18:49:59,Pastel de chocolate,325,Centro,Pasteles,pza,150.0
I-58518E22D7,2026-09-11 18:50:00,Baguette tradicional,208,Sur,Panaderia,pza,9.0
I-E3D365CF83,2026-09-11 18:50:01,Cheesecake de frutos rojos,284,Sur,Pasteles,pza,170.0
I-BF7A007211,2026-09-11 18:50:01,Brownie nogada,374,Plaza Obelie,Reposteria,pza,20.0
I-B260FF0AAF,2026-09-11 18:50:02,Eclair de cafe,309,Centro,Petit fours,pza,16.0
I-AEDA76EE70,2026-09-11 18:50:02,Croissant de almendra,174,Sur,Viennoiserie,pza,18.0
I-CEB47A82E8,2026-09-11 18:50:03,Rol de canela,235,Plaza Obelie,Viennoiserie,pza,15.0
I-713E78DA96,2026-09-11 18:50:04,Cheesecake de frutos rojos,225,Plaza Obelie,Pasteles,pza,170.0
I-FBEFB5817F,2026-09-11 18:50:04,Macaron mixto,248,Plaza Obelie,Petit fours,pza,10.0
I-B49BE6AE9B,2026-09-11 18:50:05,Cheesecake de frutos rojos,183,Norte,Pasteles,pza,170.0
I-40CA848045,2026-09-11 18:50:05,Cheesecake de frutos rojos,270,Centro,Pasteles,pza,170.0
I-7260D45AA8,2026-09-11 18:50:06,Rol de canela,229,Plaza Obelie,Viennoiserie,pza,15.0
I-3A9DC8168E,2026-09-11 18:50:06,Eclair de cafe,268,Norte,Petit fours,pza,16.0
I-E6E8894C06,2026-09-11 18:50:07,Macaron mixto,240,Plaza Obelie,Petit fours,pza,10.0
I-B3C320134B,2026-09-11 18:50:07,Rol de canela,230,Plaza Obelie,Viennoiserie,pza,15.0
I-1565EDC7B4,2026-09-11 18:50:08,Rol de canela,234,Plaza Obelie,Viennoiserie,pza,15.0
I-6E9BBD3DBF,2026-09-11 18:50:08,Croissant de almendra,189,Norte,Viennoiserie,pza,18.0
I-60EEE11D58,2026-09-11 18:50:09,Cheesecake de frutos rojos,268,Centro,Pasteles,pza,170.0
I-B37386412F,2026-09-11 18:50:09,Macaron mixto,293,Sur,Petit fours,pza,10.0
I-B6834425A3,2026-09-11 18:50:10,Pastel de chocolate,333,Centro,Pasteles,pza,150.0
I-7780F6337E,2026-09-11 18:50:11,Croissant de almendra,331,Centro,Viennoiserie,pza,18.0
I-3D40F6FE79,2026-09-11 18:50:11,Brownie nogada,142,Centro,Reposteria,pza,20.0
I-573B0EF703,2026-09-11 18:50:12,Baguette tradicional,298,Norte,Panaderia,pza,9.0
I-9DF8F46DF9,2026-09-11 18:50:12,Brownie nogada,204,Norte,Reposteria,pza,20.0
I-EE77C24C4E,2026-09-11 18:50:13,Tarta de frutas,216,Sur,Pasteles,pza,155.0
I-CC12BFEB49,2026-09-11 18:50:13,Macaron mixto,304,Sur,Petit fours,pza,10.0
I-BEACA4A9AE,2026-09-11 18:50:14,Tarta de frutas,142,Centro,Pasteles,pza,155.0
I-FA05A59509,2026-09-11 18:50:14,Brownie nogada,152,Centro,Reposteria,pza,20.0
I-02A2D13619,2026-09-11 18:50:15,Cheesecake de frutos rojos,292,Sur,Pasteles,pza,170.0
I-D65A9B32A7,2026-09-11 18:50:15,Macaron mixto,296,Sur,Petit fours,pza,10.0
I-D475E23061,2026-09-11 18:50:16,Galleta de mantequilla,283,Centro,Reposteria,pza,6.0
I-9439614A36,2026-09-11 18:50:16,Brownie nogada,379,Plaza Obelie,Reposteria,pza,20.0
I-CC174B1D0F,2026-09-11 18:50:17,Galleta de mantequilla,285,Sur,Reposteria,pza,6.0
I-11CC555F64,2026-09-11 18:50:17,Macaron mixto,249,Plaza Obelie,Petit fours,pza,10.0
I-3A74E4C161,2026-09-11 18:50:18,Brownie nogada,153,Centro,Reposteria,pza,20.0
I-C8D77CBC29,2026-09-11 18:50:19,Tarta de frutas,318,Norte,Pasteles,pza,155.0
I-CF9035E186,2026-09-11 18:50:19,Baguette tradicional,192,Centro,Panaderia,pza,9.0
I-4711EBCF2E,2026-09-11 18:50:20,Tarta de frutas,148,Centro,Pasteles,pza,155.0
I-1C0E933A03,2026-09-11 18:50:21,Baguette tradicional,296,Norte,Panaderia,pza,9.0
I-F41D605B78,2026-09-11 18:50:21,Macaron mixto,299,Sur,Petit fours,pza,10.0
I-44FB1F7E18,2026-09-11 18:50:22,Rol de canela,230,Plaza Obelie,Viennoiserie,pza,15.0
I-C902C48556,2026-09-11 18:50:22,Rol de canela,227,Plaza Obelie,Viennoiserie,pza,15.0
I-39187EA442,2026-09-11 18:50:22,Baguette tradicional,208,Sur,Panaderia,pza,9.0
I-7F45E772E4,2026-09-11 18:50:23,Brownie nogada,246,Sur,Reposteria,pza,20.0
I-8E6355BD57,2026-09-11 18:50:24,Rol de canela,250,Centro,Viennoiserie,pza,15.0
I-66EBD7285A,2026-09-11 18:50:24,Cheesecake de frutos rojos,291,Sur,Pasteles,pza,170.0
I-BCCC8E3DA3,2026-09-11 18:50:25,Macaron mixto,307,Sur,Petit fours,pza,10.0
I-C0C69F4883,2026-09-11 18:50:26,Macaron mixto,244,Plaza Obelie,Petit fours,pza,10.0
I-023D9BE4B6,2026-09-11 18:50:27,Rol de canela,254,Centro,Viennoiserie,pza,15.0
I-8083828BED,2026-09-11 18:50:27,Croissant de almendra,339,Centro,Viennoiserie,pza,18.0
I-5CB77543D7,2026-09-11 18:50:28,Galleta de mantequilla,231,Norte,Reposteria,pza,6.0
I-D5EA7C743F,2026-09-11 18:50:28,Macaron mixto,249,Norte,Petit fours,pza,10.0
I-CFEE4AAC3D,2026-09-11 18:50:29,Croissant de almendra,184,Norte,Viennoiserie,pza,18.0
I-0386826600,2026-09-11 18:50:29,Tarta de frutas,209,Sur,Pasteles,pza,155.0
I-14F8B460F3,2026-09-11 18:50:30,Rol de canela,260,Centro,Viennoiserie,pza,15.0
I-40EF115FFF,2026-09-11 18:50:31,Galleta de mantequilla,276,Centro,Reposteria,pza,6.0
I-6FEF3A94DB,2026-09-11 18:50:31,Rol de canela,220,Norte,Viennoiserie,pza,15.0
I-6C64EE202B,2026-09-11 18:50:32,Pastel de chocolate,178,Sur,Pasteles,pza,150.0
I-690B2E177C,2026-09-11 18:50:33,Cheesecake de frutos rojos,300,Sur,Pasteles,pza,170.0
I-467BBACFEE,2026-09-11 18:50:33,Rol de canela,219,Plaza Obelie,Viennoiserie,pza,15.0
I-3C027EB20B,2026-09-11 18:50:34,Brownie nogada,249,Sur,Reposteria,pza,20.0
I-B39486DE64,2026-09-11 18:50:35,Brownie nogada,253,Sur,Reposteria,pza,20.0
I-5FD91D68AD,2026-09-11 18:50:35,Eclair de cafe,260,Norte,Petit fours,pza,16.0
I-BD1454DA87,2026-09-11 18:50:36,Cheesecake de frutos rojos,270,Centro,Pasteles,pza,170.0
I-BE0C45E97F,2026-09-11 18:50:36,Rol de canela,263,Centro,Viennoiserie,pza,15.0
I-F353B5EB5F,2026-09-11 18:50:37,Eclair de cafe,267,Norte,Petit fours,pza,16.0
I-AE427EB54D,2026-09-11 18:50:38,Cheesecake de frutos rojos,294,Sur,Pasteles,pza,170.0
I-FD9F038082,2026-09-11 18:50:38,Rol de canela,275,Centro,Viennoiserie,pza,15.0
I-BA536F4677,2026-09-11 18:50:39,Croissant de almendra,183,Sur,Viennoiserie,pza,18.0
I-31FFB6F7BA,2026-09-11 18:50:40,Eclair de cafe,282,Sur,Petit fours,pza,16.0
I-F088B1F607,2026-09-11 18:50:40,Rol de canela,285,Sur,Viennoiserie,pza,15.0
I-F577064116,2026-09-11 18:50:41,Brownie nogada,201,Norte,Reposteria,pza,20.0
I-4C48FDABB7,2026-09-11 18:50:42,Croissant de almendra,191,Sur,Viennoiserie,pza,18.0
I-5A456BD1FF,2026-09-11 18:50:42,Rol de canela,213,Norte,Viennoiserie,pza,15.0
I-4ECBE639BC,2026-09-11 18:50:43,Tarta de frutas,322,Norte,Pasteles,pza,155.0
I-F8F401E3F3,2026-09-11 18:50:43,Tarta de frutas,335,Plaza Obelie,Pasteles,pza,155.0
I-40B498F9E7,2026-09-11 18:50:44,Cheesecake de frutos rojos,236,Plaza Obelie,Pasteles,pza,170.0
I-3272F6EDE9,2026-09-11 18:50:45,Galleta de mantequilla,280,Sur,Reposteria,pza,6.0
I-8806BBF08E,2026-09-11 18:50:45,Pastel de chocolate,280,Plaza Obelie,Pasteles,pza,150.0
I-6F6957C1EC,2026-09-11 18:50:45,Rol de canela,218,Plaza Obelie,Viennoiserie,pza,15.0
I-96D5FE0D10,2026-09-11 18:50:46,Croissant de almendra,312,Plaza Obelie,Viennoiserie,pza,18.0
I-CE09947559,2026-09-11 18:50:47,Rol de canela,207,Norte,Viennoiserie,pza,15.0
I-0D2F9E7D3A,2026-09-11 18:50:47,Macaron mixto,254,Plaza Obelie,Petit fours,pza,10.0
I-6D7A6E3F0A,2026-09-11 18:50:48,Eclair de cafe,302,Centro,Petit fours,pza,16.0
I-C1FFF44111,2026-09-11 18:50:48,Rol de canela,210,Norte,Viennoiserie,pza,15.0
I-31AFBB4A36,2026-09-11 18:50:49,Pastel de chocolate,56,Norte,Pasteles,pza,150.0
I-390979F934,2026-09-11 18:50:50,Pastel de chocolate,339,Centro,Pasteles,pza,150.0
I-AADF283E37,2026-09-11 18:50:50,Pastel de chocolate,276,Plaza Obelie,Pasteles,pza,150.0
I-B8CC0A5E22,2026-09-11 18:50:51,Cheesecake de frutos rojos,289,Sur,Pasteles,pza,170.0
I-BCF803D7FE,2026-09-11 18:50:52,Brownie nogada,384,Plaza Obelie,Reposteria,pza,20.0
I-8461AFB421,2026-09-11 18:50:52,Galleta de mantequilla,184,Plaza Obelie,Reposteria,pza,6.0
I-43FAB36F97,2026-09-11 18:50:53,Galleta de mantequilla,284,Sur,Reposteria,pza,6.0
I-938FDA63E1,2026-09-11 18:50:53,Baguette tradicional,223,Plaza Obelie,Panaderia,pza,9.0
I-D9C4D9CFCC,2026-09-11 18:50:54,Brownie nogada,260,Sur,Reposteria,pza,20.0
I-ED6E297414,2026-09-11 18:50:54,Macaron mixto,206,Centro,Petit fours,pza,10.0
I-2F8F42CD85,2026-09-11 18:50:55,Tarta de frutas,327,Norte,Pasteles,pza,155.0
I-A5CC06C6EA,2026-09-11 18:50:56,Croissant de almendra,305,Plaza Obelie,Viennoiserie,pza,18.0
I-85451E4443,2026-09-11 18:50:56,Croissant de almendra,305,Plaza Obelie,Viennoiserie,pza,18.0
I-056D9F7FA5,2026-09-11 18:50:57,Galleta de mantequilla,290,Sur,Reposteria,pza,6.0
I-116B1BCB7E,2026-09-11 18:50:57,Eclair de cafe,275,Norte,Petit fours,pza,16.0
I-2999172269,2026-09-11 18:50:58,Pastel de chocolate,68,Norte,Pasteles,pza,150.0
I-3E3423920D,2026-09-11 18:50:58,Galleta de mantequilla,273,Centro,Reposteria,pza,6.0
I-01A4372A3A,2026-09-11 18:50:59,Macaron mixto,218,Centro,Petit fours,pza,10.0
I-57DF4545B2,2026-09-11 18:51:00,Baguette tradicional,295,Norte,Panaderia,pza,9.0
I-535BBDF0AA,2026-09-11 18:51:00,Macaron mixto,215,Centro,Petit fours,pza,10.0
I-E5C4EF4639,2026-09-11 18:51:01,Rol de canela,292,Sur,Viennoiserie,pza,15.0
I-3C4E41902D,2026-09-11 18:51:01,Brownie nogada,146,Centro,Reposteria,pza,20.0
I-25FEF5C7D5,2026-09-11 18:51:02,Rol de canela,277,Centro,Viennoiserie,pza,15.0
I-DD4CC3C62E,2026-09-11 18:51:02,Pastel de chocolate,70,Norte,Pasteles,pza,150.0
I-D5FE608FF7,2026-09-11 18:51:03,Eclair de cafe,208,Plaza Obelie,Petit fours,pza,16.0
I-108FF0A580,2026-09-11 18:51:04,Brownie nogada,263,Sur,Reposteria,pza,20.0
I-56D72125A0,2026-09-11 18:51:04,Tarta de frutas,334,Plaza Obelie,Pasteles,pza,155.0
I-C19959339F,2026-09-11 18:51:05,Pastel de chocolate,341,Centro,Pasteles,pza,150.0
I-25245224AF,2026-09-11 18:51:06,Rol de canela,212,Norte,Viennoiserie,pza,15.0
I-B2FF9D67A9,2026-09-11 18:51:06,Baguette tradicional,215,Plaza Obelie,Panaderia,pza,9.0
I-4752460B21,2026-09-11 18:51:07,Baguette tradicional,219,Plaza Obelie,Panaderia,pza,9.0
I-B0F3A8B548,2026-09-11 18:51:07,Macaron mixto,212,Centro,Petit fours,pza,10.0
I-B832A59491,2026-09-11 18:51:08,Eclair de cafe,273,Norte,Petit fours,pza,16.0
I-5C6552A95E,2026-09-11 18:51:08,Cheesecake de frutos rojos,243,Plaza Obelie,Pasteles,pza,170.0
I-880D845C20,2026-09-11 18:51:09,Rol de canela,225,Plaza Obelie,Viennoiserie,pza,15.0
I-C891CDC5BE,2026-09-11 18:51:10,Cheesecake de frutos rojos,187,Norte,Pasteles,pza,170.0
I-B37F40F840,2026-09-11 18:51:11,Macaron mixto,257,Plaza Obelie,Petit fours,pza,10.0
I-6AE98A53A9,2026-09-11 18:51:11,Croissant de almendra,305,Plaza Obelie,Viennoiserie,pza,18.0
I-8CB00E123B,2026-09-11 18:51:12,Croissant de almendra,202,Sur,Viennoiserie,pza,18.0
I-C5A45522FB,2026-09-11 18:51:12,Rol de canela,210,Norte,Viennoiserie,pza,15.0
I-AFB0313538,2026-09-11 18:51:13,Baguette tradicional,187,Centro,Panaderia,pza,9.0
I-CEF9989D24,2026-09-11 18:51:13,Baguette tradicional,305,Norte,Panaderia,pza,9.0
I-A832B87781,2026-09-11 18:51:14,Galleta de mantequilla,177,Plaza Obelie,Reposteria,pza,6.0
I-7BA116145F,2026-09-11 18:51:15,Macaron mixto,243,Norte,Petit fours,pza,10.0
I-4395C681D1,2026-09-11 18:51:15,Brownie nogada,275,Sur,Reposteria,pza,20.0
I-ED16A214F8,2026-09-11 18:51:16,Rol de canela,289,Centro,Viennoiserie,pza,15.0
I-E78FF74AC7,2026-09-11 18:51:17,Macaron mixto,268,Plaza Obelie,Petit fours,pza,10.0
I-5B258C2A76,2026-09-11 18:51:17,Baguette tradicional,215,Plaza Obelie,Panaderia,pza,9.0
I-1A03FA9D7E,2026-09-11 18:51:18,Macaron mixto,317,Sur,Petit fours,pza,10.0
I-6F683D995B,2026-09-11 18:51:19,Rol de canela,293,Sur,Viennoiserie,pza,15.0
I-8B3A8A175E,2026-09-11 18:51:20,Galleta de mantequilla,301,Sur,Reposteria,pza,6.0
I-D80FC95D45,2026-09-11 18:51:20,Eclair de cafe,285,Sur,Petit fours,pza,16.0
I-3202B00BB4,2026-09-11 18:51:21,Baguette tradicional,208,Plaza Obelie,Panaderia,pza,9.0
I-E6AA69B422,2026-09-11 18:51:21,Macaron mixto,260,Plaza Obelie,Petit fours,pza,10.0
I-4AC0F56643,2026-09-11 18:51:22,Macaron mixto,324,Sur,Petit fours,pza,10.0
I-86E9784341,2026-09-11 18:51:23,Galleta de mantequilla,232,Norte,Reposteria,pza,6.0
I-6F8C514942,2026-09-11 18:51:23,Eclair de cafe,220,Plaza Obelie,Petit fours,pza,16.0
I-B2DFD53EA7,2026-09-11 18:51:24,Tarta de frutas,208,Sur,Pasteles,pza,155.0
I-CB23DC85C3,2026-09-11 18:51:24,Croissant de almendra,339,Centro,Viennoiserie,pza,18.0
I-9075DB0969,2026-09-11 18:51:25,Eclair de cafe,283,Sur,Petit fours,pza,16.0
I-B426D3F251,2026-09-11 18:51:26,Eclair de cafe,309,Centro,Petit fours,pza,16.0
I-05EAB46B40,2026-09-11 18:51:26,Pastel de chocolate,81,Norte,Pasteles,pza,150.0
I-41128207A0,2026-09-11 18:51:27,Baguette tradicional,311,Norte,Panaderia,pza,9.0
I-87D8E23843,2026-09-11 18:51:27,Galleta de mantequilla,302,Sur,Reposteria,pza,6.0
I-F8C1DC942E,2026-09-11 18:51:28,Brownie nogada,199,Norte,Reposteria,pza,20.0
I-8C3685A9E5,2026-09-11 18:51:28,Brownie nogada,145,Centro,Reposteria,pza,20.0
I-8F28D78DFF,2026-09-11 18:51:29,Rol de canela,301,Sur,Viennoiserie,pza,15.0
I-30F69CA7BF,2026-09-11 18:51:30,Brownie nogada,149,Centro,Reposteria,pza,20.0
I-DF07700A33,2026-09-11 18:51:30,Pastel de chocolate,171,Sur,Pasteles,pza,150.0
I-517C11F629,2026-09-11 18:51:31,Eclair de cafe,214,Plaza Obelie,Petit fours,pza,16.0
I-F7139045D9,2026-09-11 18:51:32,Galleta de mantequilla,170,Plaza Obelie,Reposteria,pza,6.0
I-67BE067CF6,2026-09-11 18:51:32,Macaron mixto,319,Sur,Petit fours,pza,10.0
I-7FF34B51D2,2026-09-11 18:51:33,Croissant de almendra,300,Plaza Obelie,Viennoiserie,pza,18.0
I-82ADA801AD,2026-09-11 18:51:33,Rol de canela,298,Sur,Viennoiserie,pza,15.0
I-5E5F528E2F,2026-09-11 18:51:34,Pastel de chocolate,174,Sur,Pasteles,pza,150.0
I-89206DA7A8,2026-09-11 18:51:35,Pastel de chocolate,84,Norte,Pasteles,pza,150.0
I-E48B52ED56,2026-09-11 18:51:35,Croissant de almendra,180,Norte,Viennoiserie,pza,18.0
I-D80F6FCD07,2026-09-11 18:51:36,Pastel de chocolate,273,Plaza Obelie,Pasteles,pza,150.0
I-24622F5477,2026-09-11 18:51:36,Brownie nogada,267,Sur,Reposteria,pza,20.0
I-18AB569F50,2026-09-11 18:51:37,Cheesecake de frutos rojos,276,Centro,Pasteles,pza,170.0
