id_pago,id_venta,fecha_hora,metodo_pago,monto,estado,referencia
P-A5A57D18BB,V-7322F7CE2C,2026-09-11 17:51:11,efectivo,275.0,aprobado,REF-5CB1119D
P-BDDAEBD4CD,V-434389601E,2026-09-11 17:51:13,transferencia,1560.0,aprobado,REF-6C81AC70
P-46DDFD687F,V-9E3D69BC69,2026-09-11 17:51:14,tarjeta,192.0,aprobado,REF-314EDBF2
P-0F2BD296DE,V-3776B74A27,2026-09-11 17:51:12,vale,168.0,aprobado,REF-E4BDDE01
P-7D36FB0370,V-DDBF1FAA90,2026-09-11 17:51:12,efectivo,64.0,aprobado,REF-4B9E04D4
P-77A2C55183,V-855F82F98D,2026-09-11 17:51:14,vale,180.0,aprobado,REF-D862324A
P-7189FD5B29,V-A5B10CA616,2026-09-11 17:51:11,transferencia,84.0,aprobado,REF-1E16B2A6
P-579C9DBE10,V-D3320B79AC,2026-09-11 17:51:15,vale,110.0,aprobado,REF-A2AB46AC
P-319F7F9D8C,V-BEB504E836,2026-09-11 17:51:15,vale,1950.0,aprobado,REF-63CAA265
P-6EF33044B3,V-29806FFF84,2026-09-11 17:51:16,transferencia,54.0,aprobado,REF-B65D99E5
P-56D93C7B11,V-A44B31908E,2026-09-11 17:51:16,transferencia,1260.0,aprobado,REF-E4C9F26E
P-001BE2A711,V-EA11F2DFC7,2026-09-11 17:51:17,vale,210.0,aprobado,REF-3C0A798E
P-7F9DA9B5FE,V-24B005A1BE,2026-09-11 17:51:17,tarjeta,192.0,aprobado,REF-373109F1
P-89135293FB,V-239BC3CED3,2026-09-11 17:51:18,efectivo,64.0,pendiente,REF-DBF52273
P-5678B32355,V-76BEFA02C6,2026-09-11 17:51:19,tarjeta,780.0,pendiente,REF-B2DBDA78
P-722E4664EF,V-4184622BB4,2026-09-11 17:51:19,vale,288.0,pendiente,REF-E178E6AD
P-890C88C088,V-4C1A1CEA5C,2026-09-11 17:51:20,efectivo,180.0,aprobado,REF-1FFD38DB
P-7C2FC133A6,V-E09A760863,2026-09-11 17:51:20,vale,144.0,aprobado,REF-241128A5
P-4E7814170E,V-026C2C8A05,2026-09-11 17:51:21,efectivo,18.0,aprobado,REF-C984E1DE
P-F830D34BA7,V-4B5B40940D,2026-09-11 17:51:21,efectivo,240.0,pendiente,REF-0FB7DBD6
P-2DAA305879,V-FF552BD128,2026-09-11 17:51:22,tarjeta,126.0,pendiente,REF-38E4231C
P-7B82A2D9AB,V-A4DA196BB1,2026-09-11 17:51:22,transferencia,1680.0,pendiente,REF-0FD4AE78
P-2D1F7BA9C9,V-26F8117136,2026-09-11 17:51:23,tarjeta,32.0,aprobado,REF-7DF7CE40
P-BF6C71840E,V-B3E61293F6,2026-09-11 17:51:23,transferencia,108.0,aprobado,REF-636B2608
P-C764BB6DB3,V-9E0792DAF7,2026-09-11 17:51:24,tarjeta,220.0,pendiente,REF-CA377AC2
P-804299EE01,V-6BC5D83F9C,2026-09-11 17:51:25,vale,112.0,aprobado,REF-EDB759D0
P-1374F6D041,V-B67227294E,2026-09-11 17:51:25,efectivo,140.0,aprobado,REF-717D9476
P-98115310B3,V-5E0C55F739,2026-09-11 17:51:25,tarjeta,1680.0,aprobado,REF-40441B4E
P-F01A23C3DC,V-49176C0F6F,2026-09-11 17:51:26,efectivo,1170.0,aprobado,REF-4E4CE093
P-0730A2C93C,V-DB5BE628DF,2026-09-11 17:51:26,vale,135.0,aprobado,REF-DC3311DA
P-5E1C9A9F73,V-381C02D08B,2026-09-11 17:51:27,efectivo,165.0,aprobado,REF-1B6F081E
P-6E0073DD36,V-7FEC2A7A6E,2026-09-11 17:51:27,tarjeta,45.0,pendiente,REF-3CDCC4DB
P-E5437870E8,V-8A11734A31,2026-09-11 17:51:28,efectivo,168.0,pendiente,REF-8669CECA
P-915143CD6C,V-80BEFC741C,2026-09-11 17:51:28,tarjeta,18.0,aprobado,REF-64E247AD
P-640B746B0C,V-780F5F39E3,2026-09-11 17:51:29,vale,380.0,pendiente,REF-844B63CC
P-050839905E,V-5BFC381338,2026-09-11 17:51:30,tarjeta,18.0,pendiente,REF-A17A0411
P-679BAD021F,V-5E1BB6FAA1,2026-09-11 17:51:30,vale,760.0,aprobado,REF-C6001C0D
P-66D4C48DF2,V-C5A485A3DF,2026-09-11 17:51:31,transferencia,18.0,aprobado,REF-CC8E4F53
P-60A4386663,V-C2CD7A314D,2026-09-11 17:51:31,transferencia,84.0,pendiente,REF-0D2A7CBE
P-6213F387CD,V-ABBC19DF64,2026-09-11 17:51:32,tarjeta,96.0,pendiente,REF-5386D9E3
P-3179D42D5B,V-89C36534E0,2026-09-11 17:51:32,transferencia,192.0,aprobado,REF-66F767D5
P-AAEF5CC729,V-98C1BC30D3,2026-09-11 17:51:33,transferencia,192.0,aprobado,REF-AAB7D1C8
P-1CCB2D7E96,V-0FCDD0FCFD,2026-09-11 17:51:34,tarjeta,48.0,aprobado,REF-8E01F4DE
P-27C163CA28,V-37A00BB56A,2026-09-11 17:51:34,transferencia,270.0,aprobado,REF-0ECA34DB
P-1ECE8E9753,V-6C6F794F01,2026-09-11 17:51:35,transferencia,32.0,aprobado,REF-1F25E389
P-6899E15F3A,V-DE503C8958,2026-09-11 17:51:36,vale,168.0,aprobado,REF-8B92ED3F
P-5A4CB7EF85,V-77CD68F1AB,2026-09-11 17:51:37,vale,420.0,aprobado,REF-89545B2B
P-F8D04BB358,V-10D01F4749,2026-09-11 17:51:37,tarjeta,192.0,aprobado,REF-0243F1F8
P-FB24EA7FBC,V-425A67003B,2026-09-11 17:51:38,vale,288.0,aprobado,REF-3C230425
P-233E07FA9F,V-EEF9A0E879,2026-09-11 17:51:38,tarjeta,2520.0,pendiente,REF-25498C23
P-183D48FA28,V-EC0368E034,2026-09-11 17:51:39,efectivo,96.0,aprobado,REF-9F55B9FC
P-F9C05D069C,V-7DE884B586,2026-09-11 17:51:40,tarjeta,90.0,aprobado,REF-AA1E9324
P-4D986C1FD3,V-3E0A608DD9,2026-09-11 17:51:40,vale,2340.0,aprobado,REF-6AE03A58
P-6CC861B043,V-8ECDBC9763,2026-09-11 17:51:41,efectivo,210.0,aprobado,REF-C97DA410
P-C00042EE79,V-1E4EC59A59,2026-09-11 17:51:42,transferencia,28.0,aprobado,REF-97EB33C9
P-43D99D7C86,V-F7BD5461A4,2026-09-11 17:51:43,efectivo,2280.0,aprobado,REF-7914F412
P-03DF2D77B7,V-A59E8B7C40,2026-09-11 17:51:43,efectivo,1260.0,aprobado,REF-6F78D565
P-F9A989E769,V-13FB3BB48A,2026-09-11 17:51:43,vale,96.0,aprobado,REF-9B07B69F
P-0F7CBDC2E3,V-368AF6BC1D,2026-09-11 17:51:44,transferencia,84.0,aprobado,REF-AF18A90B
P-F46E53E7DC,V-D0246A16BF,2026-09-11 17:51:44,transferencia,48.0,aprobado,REF-0077F1BD
P-881AB31F5A,V-F0E0B2CF75,2026-09-11 17:51:45,vale,32.0,aprobado,REF-EE0D746C
P-4747AF1CB4,V-B35158A895,2026-09-11 17:51:46,vale,1260.0,pendiente,REF-6D2F84F6
P-260906289B,V-AFD13402F0,2026-09-11 17:51:46,vale,780.0,aprobado,REF-AC124F24
P-D183993150,V-50B53205E2,2026-09-11 17:51:47,tarjeta,225.0,aprobado,REF-ADD4D8AD
P-8674140734,V-D8964913FA,2026-09-11 17:51:48,vale,252.0,pendiente,REF-4D7568E5
P-F779F6B958,V-36E911BB2E,2026-09-11 17:51:48,efectivo,1170.0,pendiente,REF-E82895ED
P-AEBDDC75C7,V-6DAABF2000,2026-09-11 17:51:49,tarjeta,28.0,pendiente,REF-850116D5
P-A217538F36,V-E5A0EF5014,2026-09-11 17:51:49,tarjeta,420.0,aprobado,REF-1BAF37D8
P-C94B69720E,V-512125E96C,2026-09-11 17:51:50,efectivo,275.0,aprobado,REF-3027FE0C
P-33F6EEAAB2,V-E35688D263,2026-09-11 17:51:50,tarjeta,2280.0,pendiente,REF-157A723A
P-0FBA2EB4E8,V-CD6E1BD65C,2026-09-11 17:51:51,efectivo,330.0,aprobado,REF-F5466E66
P-1FBD2345C1,V-4E111FDA21,2026-09-11 17:51:51,transferencia,48.0,aprobado,REF-14021834
P-62806366DB,V-6DD2ECED2D,2026-09-11 17:51:52,vale,225.0,aprobado,REF-99D5FA79
P-2B33FBCA7B,V-94CA3467B1,2026-09-11 17:51:53,tarjeta,90.0,aprobado,REF-1ABAAE03
P-7E6268E59F,V-7458F571C4,2026-09-11 17:51:53,tarjeta,1560.0,aprobado,REF-25777419
P-86CF86A8E7,V-1BD366DFE6,2026-09-11 17:51:54,tarjeta,84.0,aprobado,REF-4F48F941
P-214349CA6B,V-C8566534B9,2026-09-11 17:51:54,transferencia,144.0,aprobado,REF-6727EF8D
P-A568292715,V-654E55E986,2026-09-11 17:51:55,transferencia,72.0,pendiente,REF-BA130DF0
P-865CF9AD28,V-8809EE64A0,2026-09-11 17:51:56,vale,192.0,pendiente,REF-9D8F8692
P-D79EEF26AF,V-EF675F694D,2026-09-11 17:51:57,vale,780.0,aprobado,REF-40B63B9D
P-33425FA6C9,V-B6B75E3A55,2026-09-11 17:51:57,transferencia,390.0,aprobado,REF-1BAFBF7F
P-9268985168,V-FB5156CEFB,2026-09-11 17:51:58,efectivo,128.0,aprobado,REF-74564633
P-4414E6A220,V-3BCE811676,2026-09-11 17:51:58,efectivo,760.0,pendiente,REF-7AC5ABB7
P-EE62F9DC88,V-6E88F9EFF4,2026-09-11 17:51:59,efectivo,2100.0,aprobado,REF-878BADF5
P-0AB4663F08,V-3938047F2C,2026-09-11 17:52:00,tarjeta,192.0,pendiente,REF-384DDFA2
P-7487E4442E,V-29BDA2D911,2026-09-11 17:52:00,efectivo,42.0,aprobado,REF-7E0722FB
P-C976D9007D,V-544ECF793D,2026-09-11 17:52:01,efectivo,1560.0,aprobado,REF-BCB72A38
P-68CB5357DD,V-95A58A93A4,2026-09-11 17:52:02,vale,96.0,aprobado,REF-A0592AD6
P-9BC1B3D3D9,V-5B29F0187C,2026-09-11 17:52:02,transferencia,90.0,aprobado,REF-7F8DFBF4
P-82297DCE3A,V-A276190A6A,2026-09-11 17:52:03,vale,45.0,aprobado,REF-B84FF418
P-C26D7C4EBA,V-7D802370C2,2026-09-11 17:52:03,tarjeta,760.0,aprobado,REF-73FAC0F6
P-1E49128787,V-FC451B69E3,2026-09-11 17:52:04,tarjeta,18.0,aprobado,REF-153D188B
P-7F971E469F,V-BB0486ACC4,2026-09-11 17:52:05,transferencia,240.0,aprobado,REF-75A1E5DA
P-0630D69DBB,V-188A646632,2026-09-11 17:52:05,transferencia,2280.0,aprobado,REF-794385CB
P-567BEFBAB6,V-F0E97183A5,2026-09-11 17:52:06,efectivo,42.0,aprobado,REF-63F9B212
P-C5C0809C67,V-15862CAA4D,2026-09-11 17:52:07,vale,144.0,aprobado,REF-68B923B3
P-A4BC2724D3,V-B51C33DDBE,2026-09-11 17:52:07,efectivo,270.0,aprobado,REF-2697E194
P-CD4A3D8FAC,V-467BE1F9CA,2026-09-11 17:52:08,efectivo,192.0,pendiente,REF-8F154E35
P-5C64E959BE,V-2EA449A45F,2026-09-11 17:52:09,tarjeta,225.0,aprobado,REF-FC8C13F4
P-399D71BB15,V-3243EA9290,2026-09-11 17:52:09,transferencia,135.0,aprobado,REF-F1998A58
P-DF5A5BDC7B,V-0A0F977056,2026-09-11 17:52:10,transferencia,168.0,pendiente,REF-2685C183
P-267440483E,V-1E3C33D446,2026-09-11 17:52:10,efectivo,275.0,aprobado,REF-7F6AC438
P-7C02A53F4A,V-71E0C8AC88,2026-09-11 17:52:11,vale,96.0,pendiente,REF-BCE6DD11
P-C31EE8A7CC,V-0583864424,2026-09-11 17:52:11,efectivo,2520.0,aprobado,REF-B2FBBEBA
P-EBBB3766AB,V-8F9143FD97,2026-09-11 17:52:12,efectivo,1170.0,pendiente,REF-A98C17BC
P-02126B5660,V-D2D6AFF07C,2026-09-11 17:52:12,efectivo,240.0,pendiente,REF-E52F234A
P-5FC1C7AAD8,V-5D1151E478,2026-09-11 17:52:13,efectivo,168.0,aprobado,REF-6036744B
P-429715BF96,V-0A3DD87F16,2026-09-11 17:52:14,vale,144.0,aprobado,REF-3A43680D
P-34F6AB6D03,V-C7A24DF840,2026-09-11 17:52:14,efectivo,1950.0,aprobado,REF-80A9F248
P-C7CAF4CF62,V-AB907EF7A5,2026-09-11 17:52:15,efectivo,1260.0,aprobado,REF-3E43DBB3
P-E84F020AF8,V-2E1D5AF542,2026-09-11 17:52:15,transferencia,36.0,pendiente,REF-981AA1F7
P-CC88A452C5,V-698BD272E7,2026-09-11 17:52:16,vale,18.0,pendiente,REF-6C29FBAA
P-CBFA68925E,V-67B266B9C1,2026-09-11 17:52:16,vale,45.0,aprobado,REF-FFEE5A29
P-29A356BEE7,V-008EE05EC8,2026-09-11 17:52:17,transferencia,330.0,aprobado,REF-4584E8B6
P-464396CE3D,V-BDABA72423,2026-09-11 17:52:17,efectivo,64.0,aprobado,REF-63E2D6C0
P-E3E6E46789,V-A3589020D2,2026-09-11 17:52:18,tarjeta,1950.0,aprobado,REF-5D799E32
P-FDC1C3C14C,V-EBF24A47CB,2026-09-11 17:52:18,vale,168.0,aprobado,REF-9AE82D4B
P-67CA2EB514,V-8222B2AA5E,2026-09-11 17:52:19,tarjeta,32.0,aprobado,REF-24A8944F
P-952437B931,V-8A7C2D672A,2026-09-11 17:52:20,vale,140.0,aprobado,REF-84827CF6
P-8304774013,V-C1105959FD,2026-09-11 17:52:20,efectivo,275.0,aprobado,REF-163961FE
P-B2160B17C1,V-F1DB1D1DD8,2026-09-11 17:52:21,vale,1560.0,aprobado,REF-E27D29BB
P-4999730E8E,V-32A960037E,2026-09-11 17:52:21,vale,160.0,aprobado,REF-27EBEC25
P-E8BE4EF2C3,V-67B6592D1E,2026-09-11 17:52:21,tarjeta,240.0,aprobado,REF-EE65A003
P-64757497A7,V-476B0430F5,2026-09-11 17:52:22,transferencia,760.0,aprobado,REF-E36E183A
P-5A068F8AD9,V-F68408DC8A,2026-09-11 17:52:23,transferencia,110.0,aprobado,REF-8885E648
P-B4804CC704,V-DB4327668A,2026-09-11 17:52:23,vale,42.0,aprobado,REF-3CEC98CC
P-DFE93AE93D,V-F1C496E010,2026-09-11 17:52:24,efectivo,72.0,aprobado,REF-01115F36
P-C046DE1D4E,V-D5308E7A34,2026-09-11 17:52:24,transferencia,2520.0,pendiente,REF-F3522EDA
P-B397B2C1D8,V-ED35DDFF7D,2026-09-11 17:52:25,transferencia,1140.0,aprobado,REF-BA9C166D
P-F30EC0E269,V-15DB3939B8,2026-09-11 17:52:25,transferencia,2100.0,pendiente,REF-A2173D77
P-8602C6BD4D,V-DDCA471A4B,2026-09-11 17:52:26,tarjeta,2280.0,aprobado,REF-3E07365C
P-985C5F6041,V-1ECC415F71,2026-09-11 17:52:27,transferencia,840.0,aprobado,REF-73E60432
P-B128E7E688,V-2E30CAEB86,2026-09-11 17:52:27,vale,192.0,aprobado,REF-0B4231FF
P-2CA2C01291,V-42CB2B31D7,2026-09-11 17:52:28,vale,90.0,aprobado,REF-FD3997C1
P-58A11869AB,V-687D48A126,2026-09-11 17:52:29,tarjeta,36.0,aprobado,REF-CB863E51
P-1D673FF51D,V-15C242331A,2026-09-11 17:52:29,tarjeta,126.0,aprobado,REF-00E27A2F
P-1B3CA377AA,V-5545E5E69F,2026-09-11 17:52:30,transferencia,28.0,pendiente,REF-4A018CE9
P-A348023D31,V-1CE9AA8A22,2026-09-11 17:52:30,efectivo,54.0,pendiente,REF-77F14E75
P-0B986E4AF6,V-A48A718A24,2026-09-11 17:52:31,vale,192.0,aprobado,REF-B1F4F37A
P-192B5964D5,V-63C638C997,2026-09-11 17:52:31,efectivo,84.0,aprobado,REF-1B56ADDD
P-CBE1B6B6CE,V-C96815E83A,2026-09-11 17:52:32,tarjeta,390.0,aprobado,REF-B30943D0
P-485C230DBE,V-D440A09D77,2026-09-11 17:52:32,efectivo,112.0,aprobado,REF-93A7A6EF
P-C3FF261F0A,V-EFC6B26EF2,2026-09-11 17:52:33,tarjeta,45.0,aprobado,REF-6BF8AD28
P-7E583883D0,V-AB055000EB,2026-09-11 17:52:34,tarjeta,760.0,aprobado,REF-A58C432D
P-5135D03BA5,V-E52E469243,2026-09-11 17:52:34,transferencia,28.0,aprobado,REF-666D3410
P-BB0921A39B,V-686B034D25,2026-09-11 17:52:35,tarjeta,225.0,aprobado,REF-F69782B9
P-5D724FFF58,V-29050FE94D,2026-09-11 17:52:36,transferencia,390.0,aprobado,REF-F46D9E02
P-7D80329FFD,V-7951E41334,2026-09-11 17:52:36,transferencia,1140.0,aprobado,REF-77AB50EC
P-04AB165868,V-9E8460A3E6,2026-09-11 17:52:37,vale,90.0,aprobado,REF-F71BEF3B
P-DBC577F1AF,V-1B076F5E40,2026-09-11 17:52:37,vale,270.0,aprobado,REF-8B03070C
P-2D9FCE7EDD,V-6649BA864F,2026-09-11 17:52:38,transferencia,32.0,pendiente,REF-B703ACED
P-CB0FBDFDDA,V-AD9D66E0A7,2026-09-11 17:52:39,tarjeta,110.0,aprobado,REF-BC6C54CF
P-61867E25E7,V-616CCD9B4E,2026-09-11 17:52:39,efectivo,1680.0,aprobado,REF-2F37F553
P-B75CA95362,V-9173E4B7DB,2026-09-11 17:52:40,transferencia,275.0,aprobado,REF-C1C17AD3
P-85072BBC25,V-3B58FEC38B,2026-09-11 17:52:40,efectivo,288.0,aprobado,REF-B7F8F0F7
P-D025CC907A,V-689ABECCBE,2026-09-11 17:52:41,efectivo,275.0,aprobado,REF-32FA217B
P-6253C62F35,V-250BC48F86,2026-09-11 17:52:41,tarjeta,330.0,pendiente,REF-662280C1
P-F0EA36C028,V-EE9F32BA5B,2026-09-11 17:52:42,transferencia,270.0,pendiente,REF-7F09CF7A
P-9663E874A7,V-5F2E023EE6,2026-09-11 17:52:43,tarjeta,90.0,pendiente,REF-01F67836
P-66B70431F4,V-57821E23BD,2026-09-11 17:52:43,tarjeta,84.0,pendiente,REF-B57BE2B3
P-1D58A28866,V-B83A5D5368,2026-09-11 17:52:44,transferencia,112.0,pendiente,REF-53671B99
P-FD18133857,V-B09698802B,2026-09-11 17:52:45,tarjeta,1950.0,pendiente,REF-D04DF7F5
P-DD872A52AA,V-0E6E2BDA8B,2026-09-11 17:52:46,tarjeta,1170.0,aprobado,REF-E6C4F2F4
P-81A3C6B5B3,V-D46E5B0B96,2026-09-11 17:52:46,vale,1900.0,aprobado,REF-ACAEB274
P-11C0232647,V-555C8C61C0,2026-09-11 17:52:47,vale,168.0,pendiente,REF-8C9785FD
P-FEADA040DD,V-3112AE9D9F,2026-09-11 17:52:47,vale,84.0,aprobado,REF-B5C3985C
P-E0976A7E92,V-0D84E78EE8,2026-09-11 17:52:48,vale,90.0,aprobado,REF-543AB5AA
P-3F3B6C04F5,V-81FAD90DCC,2026-09-11 17:52:49,vale,2100.0,aprobado,REF-D66F3920
P-10C3EAFC96,V-64E59F5AEF,2026-09-11 17:52:49,efectivo,2520.0,aprobado,REF-F8B9B1A1
P-551122C5E0,V-A57A831A6B,2026-09-11 17:52:50,transferencia,112.0,aprobado,REF-FC5AF072
P-A65F226C04,V-1938554E1A,2026-09-11 17:52:50,tarjeta,42.0,aprobado,REF-9CF87860
P-F4A5BD6346,V-ED123BB2FA,2026-09-11 17:52:51,tarjeta,54.0,aprobado,REF-418AF4B5
P-46D1295408,V-008365526B,2026-09-11 17:52:51,efectivo,108.0,pendiente,REF-5B6F6E18
P-6FD96AADE8,V-1A144D9C7E,2026-09-11 17:52:52,tarjeta,330.0,aprobado,REF-79D4325B
P-0FEED61333,V-7CA7496985,2026-09-11 17:52:53,transferencia,140.0,pendiente,REF-D144C3D4
P-6608AFD62B,V-066F32C163,2026-09-11 17:52:53,vale,18.0,aprobado,REF-7119BD9B
P-EA6915546A,V-CDC1EDCB73,2026-09-11 17:52:54,transferencia,168.0,aprobado,REF-1ED5050E
P-F34111F5D6,V-3252AA08BA,2026-09-11 17:52:55,transferencia,90.0,pendiente,REF-F9B682FC
P-1096E93443,V-540288DF20,2026-09-11 17:52:55,vale,220.0,aprobado,REF-E770DC94
P-8C7F150E7A,V-FF8488AF84,2026-09-11 17:52:56,tarjeta,225.0,aprobado,REF-9E1F63F7
P-5697A07ED6,V-10995CF9F8,2026-09-11 17:52:56,efectivo,45.0,aprobado,REF-FBE8E254
P-661DC9C935,V-1417AA7534,2026-09-11 17:52:57,efectivo,144.0,aprobado,REF-1931FEC5
P-186D90C9AD,V-2884492EC8,2026-09-11 17:52:57,efectivo,84.0,aprobado,REF-54D9631B
P-CF4854E93B,V-D8F31A4C52,2026-09-11 17:52:58,tarjeta,1680.0,aprobado,REF-18B0FD03
P-6F995AA60E,V-8920295755,2026-09-11 17:52:59,vale,144.0,pendiente,REF-775AC204
P-E3EEBC9F19,V-F2B6F8ADB5,2026-09-11 17:52:59,transferencia,380.0,pendiente,REF-2FC9792B
P-3225E64345,V-B8CC1D829D,2026-09-11 17:53:00,efectivo,165.0,pendiente,REF-38C212A1
P-42084CE866,V-8B720EA078,2026-09-11 17:53:00,transferencia,1560.0,pendiente,REF-BC48E79F
P-FC7E7B2993,V-AD5D44B69C,2026-09-11 17:53:01,vale,330.0,aprobado,REF-94E5A388
P-B5C537EC01,V-A53A6900A4,2026-09-11 17:53:01,tarjeta,2280.0,aprobado,REF-9AAD0B16
P-C0BBCE8417,V-E09B7CE339,2026-09-11 17:53:02,vale,160.0,pendiente,REF-F0D4CC8B
P-32471C00F2,V-906249D661,2026-09-11 17:53:03,vale,380.0,aprobado,REF-68509DF5
P-A5C6E3E463,V-FCE08F1B91,2026-09-11 17:53:03,transferencia,1260.0,aprobado,REF-DECEAA8F
P-826EA3C32A,V-8FAD34C1AA,2026-09-11 17:53:04,efectivo,160.0,pendiente,REF-E3C7BCD3
P-46ABFAD1DD,V-C581F83E2C,2026-09-11 17:53:05,transferencia,1170.0,aprobado,REF-5EDBC142
P-61CD7D4474,V-98D30364CF,2026-09-11 17:53:05,efectivo,1520.0,aprobado,REF-A299CE31
P-2E40C86AAC,V-33CBA6FAED,2026-09-11 17:53:06,tarjeta,90.0,aprobado,REF-A40B9AC5
P-CAB892585C,V-3E741F0F80,2026-09-11 17:53:06,tarjeta,90.0,aprobado,REF-5BFFFB29
P-9E76BB6AE6,V-BD0D3F215C,2026-09-11 17:53:07,vale,220.0,pendiente,REF-2ADD0247
P-8B863ECFCB,V-1EB05797EB,2026-09-11 17:53:07,efectivo,165.0,aprobado,REF-972AD846
P-0271EC0798,V-1751D7813A,2026-09-11 17:53:07,tarjeta,54.0,aprobado,REF-D8B16BC3
P-EAD6BD4A72,V-170C4FD94A,2026-09-11 17:53:07,tarjeta,64.0,aprobado,REF-0A428036
P-BED8C9F2F2,V-622C7DA449,2026-09-11 17:53:08,tarjeta,1900.0,aprobado,REF-FE296B80
P-1258C2595E,V-E191951137,2026-09-11 17:53:08,vale,1900.0,aprobado,REF-BB757CFB
P-1989C145FA,V-26F29FDB4C,2026-09-11 17:53:09,efectivo,108.0,aprobado,REF-4BE41632
P-1AB3C6BE27,V-98FE35ED65,2026-09-11 17:53:09,vale,252.0,pendiente,REF-8D897C63
P-B14444C33F,V-84FF4FE69C,2026-09-11 17:53:09,transferencia,240.0,pendiente,REF-5526A2CC
P-40B6F74AF7,V-C94C471E41,2026-09-11 17:53:09,tarjeta,18.0,aprobado,REF-506B1732
P-C4A11A39EB,V-EF93988ED0,2026-09-11 17:53:10,tarjeta,760.0,aprobado,REF-83521530
P-30413207D0,V-DE8FFAAFDE,2026-09-11 17:53:10,tarjeta,55.0,aprobado,REF-BF931093
P-C85198E3BE,V-9ED7671ACB,2026-09-11 17:53:10,transferencia,1900.0,aprobado,REF-A03FC258
P-C98EB5878D,V-A84B419AB5,2026-09-11 17:53:10,transferencia,90.0,aprobado,REF-EE906DEA
P-78F24B994C,V-61490BA7A4,2026-09-11 17:53:11,vale,135.0,aprobado,REF-B46C07EE
P-CD0A52B299,V-1FDC0F7434,2026-09-11 17:53:11,vale,42.0,aprobado,REF-73BECB2E
P-5182F1CF3B,V-74FC438C78,2026-09-11 17:53:11,vale,1900.0,aprobado,REF-1FD609DB
P-1D39D64F4D,V-A56F8041BE,2026-09-11 17:53:11,efectivo,2520.0,pendiente,REF-D0B2EB5D
P-EFE3D5924C,V-43502C5196,2026-09-11 17:53:12,vale,90.0,pendiente,REF-97CE4CF5
P-24AFB11592,V-2E4EE3E6C0,2026-09-11 17:53:12,transferencia,54.0,aprobado,REF-EFA02AB3
P-07E952B21A,V-6CA4A72F5D,2026-09-11 17:53:12,vale,32.0,aprobado,REF-137A33CE
P-63336A1913,V-E8C05F7C1C,2026-09-11 17:53:12,vale,2100.0,aprobado,REF-7916AE13
P-39D59CCB52,V-6BF8ACB4F3,2026-09-11 17:53:13,tarjeta,210.0,aprobado,REF-2A0E7A55
P-FD9BEA145F,V-A92937ADCE,2026-09-11 17:53:13,vale,420.0,pendiente,REF-ED359680
P-79C2F1030B,V-349A8DABF6,2026-09-11 17:53:13,vale,110.0,aprobado,REF-4797990D
P-B19C27F0E5,V-D186B8C713,2026-09-11 17:53:14,efectivo,110.0,aprobado,REF-F746AB01
P-C848928856,V-E6A07189AF,2026-09-11 17:53:14,tarjeta,36.0,aprobado,REF-D25C8CDF
P-DADA4DC134,V-967DA65AA6,2026-09-11 17:53:14,vale,168.0,aprobado,REF-0BCBD067
P-6BF39DF992,V-55697E26C2,2026-09-11 17:53:14,transferencia,2520.0,aprobado,REF-71CEBCBD
P-866B8FB059,V-B0EEC30E7D,2026-09-11 17:53:15,efectivo,140.0,aprobado,REF-31EEF314
P-6FFCAB04F3,V-E92C5CE520,2026-09-11 17:53:15,vale,56.0,aprobado,REF-3326ECDC
P-198CB533D5,V-88E7841A1D,2026-09-11 17:53:15,transferencia,32.0,pendiente,REF-9A8C511B
P-A50EA7A0C2,V-466A7EE9F2,2026-09-11 17:53:16,efectivo,168.0,aprobado,REF-ACE4FBEF
P-55C24C1A7D,V-BD67B1D400,2026-09-11 17:53:16,tarjeta,160.0,aprobado,REF-A6E31BC4
P-64F16F25D0,V-04F1E882DB,2026-09-11 17:53:16,tarjeta,390.0,pendiente,REF-0F20A2CF
P-700B849ABB,V-64E2B6D1FE,2026-09-11 17:53:16,tarjeta,165.0,aprobado,REF-0B087D5F
P-36E219C2CA,V-C1965668A2,2026-09-11 17:53:17,transferencia,2520.0,aprobado,REF-C6CAC507
P-32CF516522,V-C43B075373,2026-09-11 17:53:17,tarjeta,55.0,aprobado,REF-9BAD4BA9
P-0CCC1756E1,V-21778261FD,2026-09-11 17:53:17,tarjeta,168.0,aprobado,REF-8150B0EF
P-3423A58B4B,V-9036F3B45A,2026-09-11 17:53:18,tarjeta,780.0,aprobado,REF-D0B0205F
P-9F5380ACB2,V-3276C14F3B,2026-09-11 17:53:18,efectivo,45.0,aprobado,REF-DEECA807
P-D543A61FEB,V-1DD9C37DAA,2026-09-11 17:53:18,tarjeta,380.0,pendiente,REF-F328B01F
P-900BC30FF8,V-D58354335E,2026-09-11 17:53:18,tarjeta,18.0,aprobado,REF-59F772AE
P-890EFDE646,V-0A5E31B5E4,2026-09-11 17:53:19,transferencia,165.0,aprobado,REF-8B0BDE74
P-66EC5F8735,V-4EA7508523,2026-09-11 17:53:19,tarjeta,2340.0,aprobado,REF-A2626363
P-70FD6ADF60,V-8AE20C5D55,2026-09-11 17:53:19,transferencia,380.0,pendiente,REF-FF6D93AB
P-919807A57D,V-C5E8E4FBFF,2026-09-11 17:53:20,vale,84.0,aprobado,REF-A854709B
P-C24C1ACC88,V-6607141A3C,2026-09-11 17:53:20,tarjeta,1680.0,pendiente,REF-901D46F9
P-AD57E8396B,V-71C1A9A8E7,2026-09-11 17:53:20,tarjeta,108.0,aprobado,REF-819F0F43
P-03DC373A1A,V-E08A24EE67,2026-09-11 17:53:21,efectivo,168.0,aprobado,REF-7855DF1E
P-324E8CC9A2,V-B0D4A04A1D,2026-09-11 17:53:21,efectivo,55.0,aprobado,REF-8E6CEF02
P-256497C295,V-6A28A5F799,2026-09-11 17:53:21,efectivo,84.0,aprobado,REF-9FF045F1
P-7EF896FD02,V-62E7EFB44C,2026-09-11 17:53:21,transferencia,84.0,aprobado,REF-A54C2D67
P-61ABB13E54,V-704138FC0C,2026-09-11 17:53:22,vale,1260.0,aprobado,REF-52487B27
P-E2AB8C12B7,V-BEAF9DE050,2026-09-11 17:53:22,tarjeta,84.0,aprobado,REF-AC65955B
P-BCE96AEEC8,V-AD9C045874,2026-09-11 17:53:22,efectivo,840.0,aprobado,REF-FA99E560
P-92AAF2047C,V-C293D6BD4C,2026-09-11 17:53:22,vale,1170.0,pendiente,REF-20CC3FED
P-275E352299,V-97E24D0285,2026-09-11 17:53:23,tarjeta,108.0,pendiente,REF-46DFD623
P-C2E82C82F3,V-4FB19F6579,2026-09-11 17:53:23,transferencia,112.0,aprobado,REF-D93FB954
P-670F42CC53,V-76FF2C9E3E,2026-09-11 17:53:24,vale,90.0,aprobado,REF-8F159E4E
P-ED5C82A3B2,V-FB9044D53F,2026-09-11 17:53:24,tarjeta,1680.0,pendiente,REF-5F9A8D2A
P-C3A768C2E5,V-A28052E42D,2026-09-11 17:53:24,vale,252.0,pendiente,REF-EDFA7D22
P-E73B952536,V-1537DC1DF9,2026-09-11 17:53:24,vale,84.0,aprobado,REF-68F04A52
P-9AFBFC2555,V-E1A88907CE,2026-09-11 17:53:24,transferencia,760.0,aprobado,REF-7582CD35
P-39F7646ED3,V-844BAADB20,2026-09-11 17:53:25,tarjeta,288.0,aprobado,REF-655F1AEC
P-F66898FFB4,V-62251FDA6D,2026-09-11 17:53:25,tarjeta,110.0,aprobado,REF-63FF2A1E
P-98DD7C309C,V-8B79D86FC4,2026-09-11 17:53:25,transferencia,18.0,aprobado,REF-16978D42
P-AFA5A46ADF,V-04091AD9A8,2026-09-11 17:53:26,efectivo,112.0,aprobado,REF-E1B42575
P-BFFC25F712,V-DD50573BA5,2026-09-11 17:53:26,efectivo,45.0,pendiente,REF-1487A8AF
P-CFEEBD1F1E,V-8ED6AC8A43,2026-09-11 17:53:26,transferencia,126.0,pendiente,REF-5052ED7A
P-56F58FDE98,V-1DFC7832AB,2026-09-11 17:53:27,transferencia,420.0,aprobado,REF-48C4A700
P-AC5D2CD8B5,V-F3DB2CAFD3,2026-09-11 17:53:27,tarjeta,168.0,pendiente,REF-D2D235F0
P-6246292635,V-752762B882,2026-09-11 17:53:27,efectivo,840.0,aprobado,REF-EDE3652E
P-E6D39A1D6A,V-734EEBC3EE,2026-09-11 17:53:28,transferencia,56.0,aprobado,REF-74C74612
P-EA562D7A14,V-0F95C7F994,2026-09-11 17:53:28,vale,64.0,aprobado,REF-BAA567D8
P-45A6615910,V-43F31C93E4,2026-09-11 17:53:28,vale,390.0,aprobado,REF-6B5D2AA3
P-BA81F7E24F,V-DC78E5E1C6,2026-09-11 17:53:29,efectivo,90.0,pendiente,REF-348703C3
P-8AA61388DB,V-3375D34692,2026-09-11 17:53:29,tarjeta,270.0,aprobado,REF-5D842081
P-FD2C0F17D5,V-E0AF1AE9BE,2026-09-11 17:53:29,transferencia,1260.0,aprobado,REF-044B97B5
P-84243A5A3A,V-FCD7BD2B43,2026-09-11 17:53:29,vale,1140.0,aprobado,REF-D65DB87D
P-AE6B98500A,V-B93DF9342F,2026-09-11 17:53:30,vale,42.0,aprobado,REF-DE917E95
P-8E307F4467,V-B19857316D,2026-09-11 17:53:30,tarjeta,1950.0,aprobado,REF-2800B10C
P-1E420B34B6,V-0AC102759B,2026-09-11 17:53:30,transferencia,168.0,aprobado,REF-F092DC90
P-E2ED69A067,V-ABB49485AD,2026-09-11 17:53:31,tarjeta,128.0,aprobado,REF-DFAA75D2
P-A1296A0419,V-0143466FCA,2026-09-11 17:53:31,transferencia,32.0,aprobado,REF-4B4EB707
P-0B6185BCF2,V-A9D2AF51A7,2026-09-11 17:53:31,vale,1520.0,pendiente,REF-E07998B1
P-85249C1D4C,V-CBF3F5B44F,2026-09-11 17:53:31,efectivo,56.0,pendiente,REF-70B30DA9
P-CDF4260D04,V-553106D2DA,2026-09-11 17:53:32,efectivo,72.0,aprobado,REF-0C83E86A
P-D41887791C,V-A8C7013D1F,2026-09-11 17:53:32,transferencia,2340.0,aprobado,REF-4FECD0EB
P-950D282F62,V-1CDD43D718,2026-09-11 17:53:32,vale,32.0,aprobado,REF-4D1D4466
P-CEFDCF4765,V-71129D8D15,2026-09-11 17:53:33,tarjeta,270.0,aprobado,REF-C27202E7
P-E57B83B15E,V-279BE8DAA5,2026-09-11 17:53:33,transferencia,1950.0,aprobado,REF-DC9EB460
P-3F9D2F7C80,V-A53A52A403,2026-09-11 17:53:33,efectivo,760.0,aprobado,REF-DE836420
P-E1EB2BDAC3,V-E0D1F57B82,2026-09-11 17:53:34,efectivo,140.0,pendiente,REF-D8EBFC42
P-270969FB14,V-A52A8D82A8,2026-09-11 17:53:34,efectivo,330.0,aprobado,REF-A595EE0D
P-DF506EA584,V-4A0645ABCE,2026-09-11 17:53:34,transferencia,96.0,aprobado,REF-A727D90F
P-9FE479BF76,V-35955FDD4B,2026-09-11 17:53:35,tarjeta,160.0,aprobado,REF-3B45947F
P-0386CFDAAD,V-2B2BA70880,2026-09-11 17:53:35,vale,390.0,pendiente,REF-C0F030DF
P-690DF72E9E,V-45956D4F67,2026-09-11 17:53:35,efectivo,96.0,aprobado,REF-DED75156
P-DEC055472A,V-87B6640023,2026-09-11 17:53:35,tarjeta,420.0,aprobado,REF-2D7E608D
P-0E89E7541E,V-7F367A10A0,2026-09-11 17:53:36,efectivo,2100.0,aprobado,REF-1C533D17
P-77A1B92856,V-8C59A5F947,2026-09-11 17:53:36,tarjeta,252.0,aprobado,REF-3EA08CE6
P-C720C0703F,V-85A59B962D,2026-09-11 17:53:36,tarjeta,390.0,aprobado,REF-9E8B572F
P-89A531E799,V-76766859E3,2026-09-11 17:53:36,vale,96.0,pendiente,REF-7973C759
P-42520E86BC,V-64BD413428,2026-09-11 17:53:37,vale,192.0,aprobado,REF-EB7FBF83
P-B106748B66,V-147A57979B,2026-09-11 17:53:37,vale,168.0,aprobado,REF-584D299F
P-344482232E,V-CCA14E37F1,2026-09-11 17:53:37,efectivo,112.0,pendiente,REF-E35275EB
P-504EB648C2,V-1401D35AAD,2026-09-11 17:53:38,transferencia,144.0,aprobado,REF-9BBC6EEB
P-ACE78F4036,V-BC1EFF1F06,2026-09-11 17:53:38,vale,1260.0,aprobado,REF-694ABE19
P-AAD856EFB3,V-8DBE5FE677,2026-09-11 17:53:38,vale,420.0,aprobado,REF-00788820
P-61D1CFCDF8,V-AFB2A5E92E,2026-09-11 17:53:39,efectivo,55.0,aprobado,REF-47936965
P-39045CA861,V-8B7FEA6918,2026-09-11 17:53:39,vale,288.0,aprobado,REF-F5268F39
P-068F476E9C,V-9408B526E2,2026-09-11 17:53:39,tarjeta,240.0,aprobado,REF-2D8048FA
P-039F461609,V-EDD9C77A8D,2026-09-11 17:53:39,vale,2520.0,aprobado,REF-80E97175
P-AF8FAAC08F,V-53B68B26C0,2026-09-11 17:53:40,transferencia,390.0,pendiente,REF-532503D7
P-A7E2D6EFFC,V-BCBCA6E9BA,2026-09-11 17:53:40,efectivo,1560.0,pendiente,REF-5A59F777
P-712F342A11,V-977FB45674,2026-09-11 17:53:40,transferencia,225.0,aprobado,REF-10CFE1BA
P-A724B16E89,V-21179180B7,2026-09-11 17:53:40,transferencia,126.0,aprobado,REF-4399A7F0
P-6666B1AA04,V-7768B64F10,2026-09-11 17:53:41,tarjeta,288.0,aprobado,REF-FEFB6F6D
P-F15C419D77,V-D726654D5A,2026-09-11 17:53:41,efectivo,84.0,aprobado,REF-63C94FC7
P-EAFBD745AF,V-90C634CE85,2026-09-11 17:53:41,vale,72.0,aprobado,REF-12E1FAAC
P-E3440D77B5,V-14639692CE,2026-09-11 17:53:42,tarjeta,36.0,aprobado,REF-A39F9C42
P-DA3864177F,V-D9C21F5E62,2026-09-11 17:53:42,vale,225.0,aprobado,REF-9B4E5E6A
P-8706EEF58F,V-4E0F1A1A0D,2026-09-11 17:53:42,efectivo,90.0,aprobado,REF-3399334E
P-889534732A,V-2F59B94411,2026-09-11 17:53:43,tarjeta,1560.0,aprobado,REF-67102C93
P-2B918307D4,V-E546B6CC95,2026-09-11 17:53:43,vale,135.0,aprobado,REF-8E060ACE
P-CFC920A034,V-0B209CEDBC,2026-09-11 17:53:43,transferencia,42.0,pendiente,REF-E42B77FA
P-27C0B67526,V-CEA6704721,2026-09-11 17:53:43,vale,1520.0,pendiente,REF-6892D628
P-970D59EF92,V-8D21571AC1,2026-09-11 17:53:44,efectivo,112.0,pendiente,REF-5E568786
P-1DB8539EF1,V-ED3CAA95F0,2026-09-11 17:53:44,efectivo,420.0,aprobado,REF-55EEFC1C
P-B09718A0DC,V-55047FDAA0,2026-09-11 17:53:44,efectivo,64.0,aprobado,REF-B33150B0
P-1ED05816FE,V-C0B668C7C4,2026-09-11 17:53:44,efectivo,110.0,aprobado,REF-47271013
P-E6BA110D5A,V-0D7EB0A8D4,2026-09-11 17:53:45,transferencia,240.0,aprobado,REF-35AE60D8
P-4D7741E2BB,V-9F98748BFA,2026-09-11 17:53:45,tarjeta,160.0,pendiente,REF-34FFE676
P-D4B0B73808,V-46B179DC8F,2026-09-11 17:53:46,efectivo,96.0,aprobado,REF-FDC9F5CF
P-C3295F0CD0,V-7F2CF85486,2026-09-11 17:53:46,vale,84.0,aprobado,REF-D0F254ED
P-93BE727499,V-48A274E787,2026-09-11 17:53:46,vale,1950.0,aprobado,REF-C6D12FEB
P-E808307E52,V-E20DBBCF2C,2026-09-11 17:53:46,transferencia,192.0,aprobado,REF-D50E4DBB
P-0EEDDDB6F3,V-260CCD3BC8,2026-09-11 17:53:46,transferencia,840.0,aprobado,REF-3CEDF1A1
P-3D0857F4A3,V-03266364DC,2026-09-11 17:53:47,tarjeta,1170.0,aprobado,REF-341264B3
P-479B3F2A97,V-DEE31C7028,2026-09-11 17:53:47,transferencia,90.0,pendiente,REF-CBF34862
P-1D3DF402BF,V-7940EBCE6A,2026-09-11 17:53:47,tarjeta,760.0,pendiente,REF-84ABAA85
P-E8B7476F69,V-4F73E395B9,2026-09-11 17:53:48,efectivo,168.0,aprobado,REF-BDBCBC4E
P-DDB8ED1B0D,V-54FC7F28AB,2026-09-11 17:53:48,tarjeta,90.0,pendiente,REF-13832712
P-600B680BEF,V-86AB7A5584,2026-09-11 17:53:48,efectivo,84.0,aprobado,REF-823C9FAE
P-93844603ED,V-D8D4B657DC,2026-09-11 17:53:49,efectivo,48.0,aprobado,REF-D0F524AD
P-C45D090105,V-40E0269559,2026-09-11 17:53:49,efectivo,380.0,pendiente,REF-EA4CD49A
P-40BC3A11FA,V-4AE1FC0B78,2026-09-11 17:53:49,tarjeta,168.0,aprobado,REF-AE268614
P-8CFD792F9D,V-61433DAFA3,2026-09-11 17:53:49,vale,55.0,pendiente,REF-517DE2C6
P-D2C429E1EA,V-87C15D4479,2026-09-11 17:53:50,vale,2100.0,aprobado,REF-43FB687B
P-25784E9E0C,V-A24540D2FC,2026-09-11 17:53:50,tarjeta,2340.0,aprobado,REF-3090F518
P-A88833F698,V-0ADD0D667E,2026-09-11 17:53:50,vale,42.0,aprobado,REF-9E602F78
P-9ED84E5410,V-119B9939DA,2026-09-11 17:53:50,vale,42.0,aprobado,REF-78F8A045
P-DC785E2BA0,V-01569B5CA1,2026-09-11 17:53:51,vale,240.0,aprobado,REF-E456B76C
P-AAE2F13FC1,V-AFB5242AD5,2026-09-11 17:53:51,efectivo,42.0,aprobado,REF-264A1DBC
P-D014BC9822,V-25DC1AF046,2026-09-11 17:53:51,vale,126.0,aprobado,REF-A69B3454
P-BE57F66B5C,V-3E10766A20,2026-09-11 17:53:51,transferencia,56.0,aprobado,REF-915AA429
P-B96A1755B2,V-A41F4DEB6B,2026-09-11 17:53:52,transferencia,1260.0,pendiente,REF-81F98770
P-FB6AAE6EA3,V-E81683527F,2026-09-11 17:53:52,tarjeta,270.0,aprobado,REF-DA5525EA
P-506A041C39,V-1D5FB76353,2026-09-11 17:53:52,transferencia,56.0,aprobado,REF-75F4EE5F
P-0C87142EC7,V-32E470F6A7,2026-09-11 17:53:52,tarjeta,1560.0,pendiente,REF-C7ABEF97
P-491E125813,V-3D2C652432,2026-09-11 17:53:53,efectivo,84.0,aprobado,REF-8220E093
P-B21BFAA6EA,V-0DCEFABE99,2026-09-11 17:53:53,tarjeta,48.0,aprobado,REF-1EA61E9B
P-8BEA208C0C,V-70D2D0AA77,2026-09-11 17:53:53,efectivo,240.0,aprobado,REF-DF992CBD
P-274B37774C,V-720B4F0BDA,2026-09-11 17:53:53,transferencia,128.0,pendiente,REF-99DE64FE
P-CB3590171C,V-DF19BF7758,2026-09-11 17:53:54,vale,144.0,aprobado,REF-37E5344B
P-D1CAEC91D2,V-B8C03E54FE,2026-09-11 17:53:54,efectivo,90.0,pendiente,REF-B30CE87B
P-82445FE4E7,V-26DAF0BD4C,2026-09-11 17:53:54,transferencia,160.0,pendiente,REF-24B722E4
P-81F1D41C86,V-A260C1327D,2026-09-11 17:53:55,vale,126.0,aprobado,REF-ECF73CD1
P-598480BC39,V-9054834EAB,2026-09-11 17:53:55,transferencia,1560.0,aprobado,REF-D44F5DA1
P-1472E43D8C,V-BAE03090AC,2026-09-11 17:53:55,vale,128.0,aprobado,REF-1CD7025E
P-4273E2B528,V-5D61B468A8,2026-09-11 17:53:55,tarjeta,28.0,aprobado,REF-72B5B063
P-D4A905DF13,V-2F3E1D814A,2026-09-11 17:53:56,transferencia,48.0,aprobado,REF-3BA0CFFC
P-C4828DE6B9,V-92E72F835C,2026-09-11 17:53:56,vale,140.0,pendiente,REF-EC158F88
P-601582FD8A,V-062885B340,2026-09-11 17:53:57,efectivo,180.0,pendiente,REF-879EF33B
P-411486B80A,V-63F76FC48A,2026-09-11 17:53:57,efectivo,168.0,pendiente,REF-C28C6508
P-B21F11D6CB,V-32AFDF84B1,2026-09-11 17:53:57,tarjeta,56.0,aprobado,REF-A2DF4BA7
P-3BF719C3C4,V-EF96C41026,2026-09-11 17:53:57,tarjeta,2100.0,aprobado,REF-7A8353EE
P-33EA27CECC,V-FD85EDD45D,2026-09-11 17:53:58,vale,270.0,aprobado,REF-83A23D8E
P-F9F25386D6,V-47E242B4E3,2026-09-11 17:53:58,efectivo,220.0,aprobado,REF-DD600F03
P-1662AF56FD,V-1BA4C209B2,2026-09-11 17:53:58,tarjeta,45.0,pendiente,REF-7FFB7318
P-1362C5C668,V-ACC3FDFC0C,2026-09-11 17:53:58,tarjeta,2520.0,aprobado,REF-1274DC72
P-0E70E6B29A,V-B5CAD989DB,2026-09-11 17:53:59,vale,2340.0,aprobado,REF-153F910A
P-B94B4538B4,V-8127548D85,2026-09-11 17:53:59,vale,90.0,aprobado,REF-3D60143F
P-026164C302,V-4729E22758,2026-09-11 17:54:00,transferencia,225.0,aprobado,REF-D79357C9
P-ACF7E41B13,V-499259DD90,2026-09-11 17:54:00,tarjeta,1560.0,aprobado,REF-DEB5F9A8
P-10E9917EA4,V-1CBA0E0CE3,2026-09-11 17:54:00,efectivo,160.0,aprobado,REF-A22F1206
P-5655123AAF,V-8EF7F0C3DA,2026-09-11 17:54:00,tarjeta,48.0,pendiente,REF-3B86261F
P-06A4007ACB,V-D2A0AF3134,2026-09-11 17:54:00,transferencia,165.0,aprobado,REF-62A3EBE7
P-536E57BFAD,V-F1CAA192F1,2026-09-11 17:54:01,tarjeta,1950.0,aprobado,REF-5E28742D
P-02B462FF34,V-BF1D667DE7,2026-09-11 17:54:01,tarjeta,240.0,aprobado,REF-743B253D
P-45BE068272,V-0BF5E21EDB,2026-09-11 17:54:02,transferencia,96.0,aprobado,REF-101ED49C
P-CE2136EB1B,V-81C931A87D,2026-09-11 17:54:02,vale,2520.0,aprobado,REF-568E2981
P-725A24FA2E,V-93584C3853,2026-09-11 17:54:02,transferencia,1560.0,aprobado,REF-8980E003
P-4837C7973C,V-3C5E9C6B8D,2026-09-11 17:54:02,tarjeta,840.0,aprobado,REF-C6DF8A56
P-76A730B86C,V-800B4C72F5,2026-09-11 17:54:03,vale,144.0,aprobado,REF-7900D4AC
P-681D68ABF0,V-1910585FFE,2026-09-11 17:54:03,efectivo,760.0,aprobado,REF-E5DA8E30
P-DFF22AA300,V-3006A458E9,2026-09-11 17:54:03,tarjeta,108.0,aprobado,REF-B6F680A7
P-E9D40D1FE7,V-9782895D44,2026-09-11 17:54:03,efectivo,2100.0,aprobado,REF-DF90124D
P-C4C6C02CAA,V-C4F4115A17,2026-09-11 17:54:04,tarjeta,380.0,aprobado,REF-3D8A76B2
P-54A7F0A58E,V-33A734B1F1,2026-09-11 17:54:04,efectivo,144.0,aprobado,REF-801C95F9
P-033DE14D8F,V-7D68A83FAC,2026-09-11 17:54:04,tarjeta,192.0,aprobado,REF-8170C380
P-3241076841,V-A1E60CBD2D,2026-09-11 17:54:05,efectivo,1680.0,aprobado,REF-B7FC771F
P-965B9631AC,V-D0BA4232CF,2026-09-11 17:54:05,transferencia,110.0,pendiente,REF-B1FE59FE
P-93953656C9,V-986DE07AEE,2026-09-11 17:54:05,efectivo,32.0,aprobado,REF-EC38C7C0
P-41981D2B09,V-EDD30A6B71,2026-09-11 17:54:05,vale,760.0,aprobado,REF-46308702
P-2A79EB41C6,V-CAF6B8E1A3,2026-09-11 17:54:06,efectivo,288.0,aprobado,REF-A2AE736C
P-1BD0D50299,V-49B516C8EB,2026-09-11 17:54:06,vale,420.0,aprobado,REF-C3DE5802
P-22D609BEDD,V-A54E9DBE9A,2026-09-11 17:54:06,transferencia,390.0,pendiente,REF-8ED951EC
P-D71BA3484A,V-D698EC6EB3,2026-09-11 17:54:06,vale,64.0,aprobado,REF-E123CA31
P-AB26474F12,V-744858C3EA,2026-09-11 17:54:07,vale,1260.0,pendiente,REF-F2C96132
P-C1CA089637,V-0DBD16B234,2026-09-11 17:54:07,transferencia,168.0,aprobado,REF-F603B98F
P-88BF7DF243,V-C7C055D5A6,2026-09-11 17:54:07,vale,240.0,aprobado,REF-0F540731
P-BE940D8BB3,V-8840F77E08,2026-09-11 17:54:07,transferencia,1900.0,aprobado,REF-C7932054
P-4D74948C4A,V-E0AE52D953,2026-09-11 17:54:08,tarjeta,760.0,aprobado,REF-973E7EA9
P-EBA4F9B77D,V-DDF4BF02FC,2026-09-11 17:54:08,transferencia,112.0,pendiente,REF-7B96F436
P-A1AC1CBDF7,V-40E5F55B2E,2026-09-11 17:54:08,transferencia,1140.0,aprobado,REF-7006F1CD
P-3AF2B3B87C,V-E30A633FF1,2026-09-11 17:54:08,vale,128.0,aprobado,REF-5EDCA168
P-D269DEF5C1,V-42312988F8,2026-09-11 17:54:09,efectivo,96.0,aprobado,REF-DFFD177F
P-538E90C868,V-5C161710D1,2026-09-11 17:54:09,efectivo,126.0,pendiente,REF-81E44740
P-64B6538871,V-0A2AB7A0A6,2026-09-11 17:54:09,efectivo,72.0,aprobado,REF-7CB3EDC7
P-53654E6C45,V-055B3978CC,2026-09-11 17:54:10,tarjeta,64.0,aprobado,REF-08461EF5
P-007C7ED4AA,V-89588742B7,2026-09-11 17:54:10,transferencia,390.0,aprobado,REF-81FFAB01
P-45B6106320,V-D619FC8C9A,2026-09-11 17:54:10,efectivo,112.0,aprobado,REF-4103A879
P-41129CCF73,V-C7E16A53EF,2026-09-11 17:54:10,tarjeta,180.0,pendiente,REF-5F282871
P-F550DDFBCB,V-DCBE7D22F5,2026-09-11 17:54:11,efectivo,420.0,aprobado,REF-3E66F15B
P-CF1D555004,V-0EBC656160,2026-09-11 17:54:11,vale,90.0,aprobado,REF-71C6485A
P-AA871852E9,V-4DABEE9F80,2026-09-11 17:54:11,vale,1560.0,pendiente,REF-023C01C5
P-462D2F11E0,V-82D1E58C11,2026-09-11 17:54:12,tarjeta,252.0,aprobado,REF-5699B08B
P-C6B78A5DB1,V-4D5DCDAB39,2026-09-11 17:54:12,transferencia,760.0,aprobado,REF-4202C2EA
P-6884662298,V-C8DFBCACBC,2026-09-11 17:54:12,efectivo,760.0,aprobado,REF-068B5F78
P-79A9D881A5,V-82C15DE466,2026-09-11 17:54:12,tarjeta,110.0,pendiente,REF-3DD22300
P-BD1F909186,V-2ED8A0DBF1,2026-09-11 17:54:13,tarjeta,1520.0,pendiente,REF-EC0FFC64
P-A0DA3C0522,V-05EA702F39,2026-09-11 17:54:13,efectivo,28.0,pendiente,REF-C721E617
P-34EF98FB56,V-BEF36FAD43,2026-09-11 17:54:13,transferencia,2100.0,aprobado,REF-84CE08B7
P-2E9A40939B,V-2E7982FC68,2026-09-11 17:54:14,tarjeta,112.0,aprobado,REF-EEECFFA9
P-6B17871926,V-436BB6F474,2026-09-11 17:54:14,transferencia,288.0,aprobado,REF-182ADF4E
P-E66E306B8B,V-62A0D3EAA6,2026-09-11 17:54:14,transferencia,780.0,pendiente,REF-6305F045
P-3A1C03D79D,V-A753439958,2026-09-11 17:54:14,vale,1170.0,aprobado,REF-0DEEC8FA
P-80E7C2BCD6,V-CF3BA9B6EE,2026-09-11 17:54:15,tarjeta,1900.0,pendiente,REF-713DC654
P-581550B963,V-0730C2C1AB,2026-09-11 17:54:15,vale,28.0,aprobado,REF-F3753929
P-D02908BE52,V-5823FEE9FA,2026-09-11 17:54:15,tarjeta,64.0,aprobado,REF-710BBDBB
P-9E1A83694C,V-C2D395013B,2026-09-11 17:54:16,tarjeta,90.0,pendiente,REF-A1763234
P-84AE32DC33,V-E8CB211632,2026-09-11 17:54:16,transferencia,90.0,aprobado,REF-CAEFBFF5
P-58063D3858,V-1F4705696B,2026-09-11 17:54:16,vale,225.0,aprobado,REF-9EA44EE3
P-F19C4C500A,V-434F65103C,2026-09-11 17:54:17,tarjeta,90.0,aprobado,REF-72817886
P-E039C9083D,V-FAF3135135,2026-09-11 17:54:17,efectivo,330.0,aprobado,REF-D67EDF1E
P-41565F30A5,V-0E354B9EE6,2026-09-11 17:54:17,transferencia,210.0,pendiente,REF-9F0F49CD
P-4C13ED8338,V-7F9FC081E2,2026-09-11 17:54:18,vale,192.0,aprobado,REF-D2DD90B7
P-F19C257D0B,V-0598EE1BF4,2026-09-11 17:54:18,efectivo,780.0,aprobado,REF-517150F6
P-10C6B531BA,V-9236134ABD,2026-09-11 17:54:18,tarjeta,42.0,pendiente,REF-8334C7DE
P-794BE0F93A,V-674983EBDD,2026-09-11 17:54:19,tarjeta,54.0,aprobado,REF-2E108DD5
P-5B1F713CC9,V-63F088E380,2026-09-11 17:54:19,vale,192.0,aprobado,REF-39E484C5
P-2D6C44C67C,V-437ED4D694,2026-09-11 17:54:19,efectivo,780.0,aprobado,REF-B0D870F1
P-99AE92FC2E,V-95780E9A0F,2026-09-11 17:54:19,transferencia,192.0,pendiente,REF-C4DC901E
P-96831916DE,V-533C8B5236,2026-09-11 17:54:20,tarjeta,2100.0,pendiente,REF-8B078F2C
P-0C05E85312,V-6FC5859BD6,2026-09-11 17:54:20,tarjeta,72.0,aprobado,REF-BB3BF59B
P-775526C0F2,V-1C551277E7,2026-09-11 17:54:21,tarjeta,32.0,aprobado,REF-4DA5AA77
P-B4E9191EF0,V-190BD481D5,2026-09-11 17:54:21,tarjeta,18.0,aprobado,REF-25A35F9E
P-42AB8F128F,V-EE7F003DF2,2026-09-11 17:54:21,efectivo,225.0,aprobado,REF-2E3AE8B5
P-B0851E2839,V-FA46F14133,2026-09-11 17:54:21,efectivo,1950.0,pendiente,REF-1C3917D2
P-FE2DA69CD1,V-028915144B,2026-09-11 17:54:22,vale,1950.0,aprobado,REF-881432D1
P-09FAB238F7,V-8E68EED1BC,2026-09-11 17:54:22,transferencia,330.0,pendiente,REF-07B03E12
P-F1E98B10A5,V-0C0418463D,2026-09-11 17:54:22,efectivo,84.0,aprobado,REF-733B3A84
P-364F21F0D3,V-E5F69BE1F1,2026-09-11 17:54:22,efectivo,220.0,aprobado,REF-4F44DFE2
P-D480A57BA0,V-AD0FF00682,2026-09-11 17:54:23,efectivo,42.0,aprobado,REF-D933F950
P-97816C2FB1,V-34FF8BA3FC,2026-09-11 17:54:23,efectivo,90.0,aprobado,REF-4FCB7AC3
P-DAFD38ABF7,V-212C01466B,2026-09-11 17:54:24,vale,128.0,aprobado,REF-FC2C348F
P-EEB073DF61,V-B5EF7FEBFF,2026-09-11 17:54:24,tarjeta,780.0,pendiente,REF-7F5A3461
P-E647C382A1,V-FD8BE6EE7F,2026-09-11 17:54:24,efectivo,380.0,aprobado,REF-4257A288
P-AF48F5B269,V-C8474A3837,2026-09-11 17:54:24,tarjeta,380.0,aprobado,REF-B06B9D81
P-1D189610E7,V-6A91EC3AED,2026-09-11 17:54:25,efectivo,760.0,pendiente,REF-3D923DC4
P-420EB0071A,V-F5BDE2B52E,2026-09-11 17:54:25,transferencia,90.0,aprobado,REF-26B2E75A
P-E99ED40A0D,V-7D1008DD8C,2026-09-11 17:54:25,transferencia,56.0,pendiente,REF-04836C6E
P-8B1B7C68BA,V-8EEF57137C,2026-09-11 17:54:25,tarjeta,420.0,aprobado,REF-ADE0E8F5
P-DB836EF7E4,V-42B2D9B680,2026-09-11 17:54:26,efectivo,54.0,aprobado,REF-501E3C02
P-42C63423CF,V-A454A39C3E,2026-09-11 17:54:26,tarjeta,1140.0,pendiente,REF-2F50409B
P-FB20B70511,V-C123FC1236,2026-09-11 17:54:26,vale,2280.0,aprobado,REF-B1A6CB5E
P-FB1B3802AB,V-26E4665F55,2026-09-11 17:54:26,transferencia,270.0,aprobado,REF-67A29C12
P-88DCFFE2F6,V-68EEF43B3B,2026-09-11 17:54:27,efectivo,1900.0,aprobado,REF-4F4E89B3
P-FBEE0A78CE,V-56139669C0,2026-09-11 17:54:27,vale,48.0,pendiente,REF-446BA04A
P-BD4E07E2E5,V-0F918AF085,2026-09-11 17:54:27,tarjeta,54.0,aprobado,REF-30F16E41
P-7AB6F9E637,V-3B38C0CCC1,2026-09-11 17:54:27,transferencia,28.0,aprobado,REF-BC219709
P-1072B3412F,V-27CAE305F6,2026-09-11 17:54:28,efectivo,54.0,aprobado,REF-3E4196FC
P-EECFAD345F,V-50A522F96F,2026-09-11 17:54:28,efectivo,84.0,aprobado,REF-EF97678E
P-BCBF3DA1B9,V-E014BC79FD,2026-09-11 17:54:28,tarjeta,42.0,aprobado,REF-898DE632
P-D5EC758EA2,V-E480862FD6,2026-09-11 17:54:29,transferencia,210.0,aprobado,REF-3914DDFE
P-41E1E88D32,V-DB0206B981,2026-09-11 17:54:29,tarjeta,55.0,aprobado,REF-8A203866
P-909C71105E,V-B9865A6B94,2026-09-11 17:54:29,vale,84.0,aprobado,REF-2514BA93
P-370AE99F73,V-1756230B12,2026-09-11 17:54:30,efectivo,160.0,aprobado,REF-5D0ECA42
P-07B1A55584,V-9103F664F6,2026-09-11 17:54:30,tarjeta,780.0,aprobado,REF-F1780E16
P-EF385AAE3F,V-ECCCE21506,2026-09-11 17:54:30,vale,1260.0,pendiente,REF-12ACBD73
P-E3506A967E,V-E5756F5F99,2026-09-11 17:54:30,transferencia,84.0,aprobado,REF-7B046A4D
P-B00EA9CA21,V-EE411865EB,2026-09-11 17:54:31,tarjeta,1140.0,aprobado,REF-028FA33C
P-B4AC835B49,V-6D1E988AA9,2026-09-11 17:54:31,efectivo,45.0,aprobado,REF-2B6BED22
P-61430D2254,V-02A814CA18,2026-09-11 17:54:31,transferencia,110.0,aprobado,REF-5968C911
P-C48BEE1FEE,V-823BD673C2,2026-09-11 17:54:32,tarjeta,252.0,pendiente,REF-9C4F1D56
P-D352A0F12E,V-27B55B085C,2026-09-11 17:54:32,efectivo,90.0,aprobado,REF-620BB681
P-1D9D0806F6,V-1D423CD453,2026-09-11 17:54:32,vale,240.0,aprobado,REF-775C8D1F
P-4664BA8E15,V-F91BBD99CD,2026-09-11 17:54:32,tarjeta,252.0,aprobado,REF-9CA49F9D
P-63AF18ED1C,V-D09BDED6FC,2026-09-11 17:54:33,transferencia,1520.0,pendiente,REF-3875F254
P-BEE819E98E,V-38CD390A9E,2026-09-11 17:54:33,vale,18.0,pendiente,REF-3EF2BB70
P-B6E85A9F66,V-4493B313A1,2026-09-11 17:54:33,vale,2340.0,aprobado,REF-D7250693
P-E20BF9CEC0,V-85A796BFED,2026-09-11 17:54:34,transferencia,108.0,aprobado,REF-9B9147E2
P-656FB6CF17,V-24FFDC27A4,2026-09-11 17:54:34,transferencia,90.0,aprobado,REF-D6AFB3EF
P-C25BB9F024,V-49C5652210,2026-09-11 17:54:34,vale,45.0,aprobado,REF-CBA5858E
P-CB68587FBC,V-5E6DAD8D1F,2026-09-11 17:54:35,efectivo,45.0,pendiente,REF-4433FECC
P-3EC458F792,V-7746EBB3F4,2026-09-11 17:54:35,efectivo,192.0,aprobado,REF-DA459ADA
P-7D4071F6D2,V-A0137C15F9,2026-09-11 17:54:35,efectivo,1900.0,pendiente,REF-1BE4D39A
P-05393D6522,V-E04A058ACD,2026-09-11 17:54:36,transferencia,36.0,aprobado,REF-1F255EB5
P-CFB285CF06,V-B9F49C2BB8,2026-09-11 17:54:36,transferencia,54.0,aprobado,REF-52A10AF1
P-CED24CD9A5,V-CAC942AC14,2026-09-11 17:54:36,transferencia,112.0,aprobado,REF-BBBB6F57
P-0120135C2B,V-1EF5267EA1,2026-09-11 17:54:36,transferencia,96.0,aprobado,REF-30FD9E56
P-305E7181F3,V-24E31D2F1A,2026-09-11 17:54:37,transferencia,42.0,pendiente,REF-802390A2
P-5AF56A1FFA,V-EAF880D8F1,2026-09-11 17:54:37,efectivo,1560.0,aprobado,REF-E1A4BD8B
P-2244F5C229,V-FA409F9B03,2026-09-11 17:54:37,efectivo,84.0,aprobado,REF-F5AF0D85
P-787437DCA5,V-C341B75B63,2026-09-11 17:54:38,efectivo,275.0,aprobado,REF-95B0B04E
P-A3FDE81836,V-94063AC2EA,2026-09-11 17:54:38,tarjeta,56.0,aprobado,REF-82339572
P-C62D84563C,V-6104B5C516,2026-09-11 17:54:38,efectivo,54.0,pendiente,REF-D0B9423C
P-3B1D9E3A8E,V-BCB702881B,2026-09-11 17:54:38,efectivo,1260.0,pendiente,REF-FC6B510B
P-3DA36C1A09,V-88273E7A7C,2026-09-11 17:54:39,transferencia,140.0,aprobado,REF-8B4F2317
P-74402EC3AF,V-7DF9B427F6,2026-09-11 17:54:39,tarjeta,18.0,pendiente,REF-D9D82F6B
P-72DC961461,V-DDA8ADBCEA,2026-09-11 17:54:39,vale,252.0,pendiente,REF-2AA0331C
P-1F66354BF9,V-45FEBF681E,2026-09-11 17:54:39,efectivo,225.0,aprobado,REF-85EDF428
P-13D70BD4CC,V-1A7E6450F5,2026-09-11 17:54:40,vale,2520.0,aprobado,REF-3C104918
P-7123B2BC8E,V-326C297F90,2026-09-11 17:54:40,efectivo,2340.0,aprobado,REF-E51A9FDA
P-86DEF0BC3E,V-40EC91D3DF,2026-09-11 17:54:40,transferencia,96.0,aprobado,REF-6BC90FAE
P-CC91D914A5,V-F55E12215E,2026-09-11 17:54:41,vale,168.0,pendiente,REF-6BD445B2
P-85C427FD67,V-9785235ABE,2026-09-11 17:54:41,tarjeta,2280.0,aprobado,REF-7BCBA280
P-79667DED5E,V-59796EC8B0,2026-09-11 17:54:41,tarjeta,2100.0,aprobado,REF-9E3C39C0
P-B8557E4631,V-6B9FCB5BE7,2026-09-11 17:54:42,efectivo,240.0,aprobado,REF-A13CD1E5
P-03B40EFFB2,V-C10537366A,2026-09-11 17:54:42,vale,420.0,aprobado,REF-CDE310B6
P-927E1480EC,V-9F148C3533,2026-09-11 17:54:42,efectivo,210.0,aprobado,REF-927289BF
P-A334266EE9,V-97B4DD4F5C,2026-09-11 17:54:43,transferencia,840.0,aprobado,REF-241A3DA4
P-00C3AFF7F7,V-B9C1C8C975,2026-09-11 17:54:43,tarjeta,192.0,aprobado,REF-4852EE56
P-2AD7A60A3D,V-8907B2ABDF,2026-09-11 17:54:43,efectivo,1680.0,aprobado,REF-BC994014
P-DF871F5F86,V-F832C9B599,2026-09-11 17:54:44,vale,28.0,aprobado,REF-7BEB7E4B
P-108B227695,V-A632904FA7,2026-09-11 17:54:44,efectivo,84.0,pendiente,REF-A18160F1
P-C339708E03,V-B1BA37C0E2,2026-09-11 17:54:44,transferencia,1680.0,aprobado,REF-9792D156
P-42E76F2E48,V-86946D4909,2026-09-11 17:54:44,efectivo,210.0,pendiente,REF-29801F1D
P-80107B08D0,V-90F404D872,2026-09-11 17:54:45,tarjeta,840.0,aprobado,REF-1D9FDDF0
P-686FD2E7CA,V-5B13319C02,2026-09-11 17:54:45,tarjeta,1900.0,aprobado,REF-36974AC4
P-49DDAC7A95,V-F56B2580AF,2026-09-11 17:54:45,efectivo,126.0,aprobado,REF-CD971DED
P-50E59F44C4,V-B476E50735,2026-09-11 17:54:45,vale,380.0,pendiente,REF-171C64FC
P-D34F721113,V-E0C2FDEA23,2026-09-11 17:54:46,tarjeta,128.0,aprobado,REF-3D6D5A7E
P-CFBFD7E9BE,V-7B744DF785,2026-09-11 17:54:46,vale,192.0,aprobado,REF-6CE5022B
P-1B4B0CA139,V-8F2B1BF6C7,2026-09-11 17:54:47,transferencia,144.0,aprobado,REF-FCD4A7E7
P-CB843DE12C,V-DA15C5E2CF,2026-09-11 17:54:47,efectivo,128.0,aprobado,REF-9D60163D
P-280284B319,V-2863A807C1,2026-09-11 17:54:47,tarjeta,48.0,aprobado,REF-5AA697AC
P-CA3A3486F9,V-E6E5084FDA,2026-09-11 17:54:47,efectivo,288.0,aprobado,REF-92B5CB75
P-17B19D6295,V-EB4CCABB7B,2026-09-11 17:54:48,efectivo,270.0,aprobado,REF-D6B81B78
P-ED25BB712A,V-EAA43E27F4,2026-09-11 17:54:48,vale,390.0,aprobado,REF-27823348
P-7250E4102F,V-55D47C4F85,2026-09-11 17:54:48,efectivo,252.0,aprobado,REF-4AA08AEF
P-8ADB9A4E3B,V-F95A9029C2,2026-09-11 17:54:48,tarjeta,18.0,aprobado,REF-FEBA3D99
P-4DED74623F,V-F04AF62FEC,2026-09-11 17:54:48,tarjeta,18.0,aprobado,REF-47996E3F
P-45B3BF23DB,V-400971C817,2026-09-11 17:54:49,vale,84.0,pendiente,REF-A6BADE36
P-63AB5C7CBA,V-FCC1C88CA4,2026-09-11 17:54:49,tarjeta,220.0,aprobado,REF-F92EBA94
P-56D1706262,V-4D7F35BB22,2026-09-11 17:54:50,vale,1900.0,pendiente,REF-D713D227
P-DD86900644,V-77D97AD9E1,2026-09-11 17:54:50,transferencia,840.0,pendiente,REF-69B13DC2
P-825A723F12,V-93DF73E7C1,2026-09-11 17:54:50,transferencia,1140.0,aprobado,REF-1211744A
P-4297F7A121,V-1806117564,2026-09-11 17:54:51,vale,126.0,pendiente,REF-30CF0B10
P-5F0523DC56,V-908F95E8B9,2026-09-11 17:54:51,efectivo,840.0,aprobado,REF-7CB76E1E
P-216A58A61E,V-02F88A4824,2026-09-11 17:54:51,vale,108.0,aprobado,REF-0FFC9602
P-7E21FC6FB0,V-3DFE012AF9,2026-09-11 17:54:51,efectivo,252.0,aprobado,REF-A95D4D01
P-7DDDE34955,V-5B71F6B0C4,2026-09-11 17:54:52,vale,56.0,pendiente,REF-F0488729
P-25E60698E2,V-7396A914B6,2026-09-11 17:54:52,efectivo,240.0,aprobado,REF-1D94FC9F
P-6968E43C07,V-4BC2EB9566,2026-09-11 17:54:53,tarjeta,72.0,aprobado,REF-381F6F2D
P-EEB6EAEE49,V-4FEDA1177E,2026-09-11 17:54:53,efectivo,144.0,aprobado,REF-6646CA5E
P-15E415B8F8,V-C809533D8F,2026-09-11 17:54:53,transferencia,112.0,aprobado,REF-79453E20
P-24881AF03E,V-751DF4C0CA,2026-09-11 17:54:53,transferencia,1950.0,aprobado,REF-56105C70
P-50119A8D84,V-D9F35AB065,2026-09-11 17:54:54,efectivo,84.0,pendiente,REF-70E356FE
P-481B98DE55,V-CEAF3C3F7D,2026-09-11 17:54:54,tarjeta,36.0,aprobado,REF-E98C18C9
P-6142BEDD53,V-4E426EB362,2026-09-11 17:54:54,efectivo,32.0,aprobado,REF-FCD44131
P-DE274215B2,V-FFF2E9B2F0,2026-09-11 17:54:54,tarjeta,192.0,pendiente,REF-E133B38F
P-A65E51092C,V-F02A1EB150,2026-09-11 17:54:55,tarjeta,288.0,aprobado,REF-398862D1
P-014E4FA3FC,V-242588D8D0,2026-09-11 17:54:55,tarjeta,135.0,aprobado,REF-D4B55F4B
P-5209510F50,V-6171945F29,2026-09-11 17:54:55,transferencia,380.0,aprobado,REF-FF7CDDC8
P-DADFEBDEF7,V-F8AE8B3E91,2026-09-11 17:54:56,tarjeta,180.0,aprobado,REF-36CBADCC
P-C1D323A401,V-1FFCDF4923,2026-09-11 17:54:56,transferencia,110.0,aprobado,REF-6B34E35D
P-58AD0D1A4F,V-96D1087F65,2026-09-11 17:54:56,vale,275.0,aprobado,REF-59199766
P-2C03439D07,V-4BB9239B3F,2026-09-11 17:54:56,efectivo,1680.0,aprobado,REF-07DD2E5C
P-7F0709E3B4,V-520C90DA8F,2026-09-11 17:54:57,tarjeta,28.0,aprobado,REF-55508EFE
P-54B2A4E8B4,V-8AE67898F7,2026-09-11 17:54:57,transferencia,420.0,aprobado,REF-6849815F
P-ACE3D434D7,V-A14DA4D9F8,2026-09-11 17:54:57,efectivo,390.0,pendiente,REF-F046E69D
P-E6988F2F5B,V-E6BDFAFD76,2026-09-11 17:54:58,tarjeta,72.0,aprobado,REF-38FC8DF0
P-D140BC9A60,V-CBAA33A9C6,2026-09-11 17:54:58,vale,2520.0,aprobado,REF-2443C827
P-E4F065FCC8,V-F7E42ABADD,2026-09-11 17:54:58,tarjeta,1560.0,aprobado,REF-2E8FD90D
P-63DB5842A3,V-71950B2A3B,2026-09-11 17:54:58,tarjeta,380.0,aprobado,REF-67BB6C9D
P-8D753C76F8,V-97814E9A40,2026-09-11 17:54:59,transferencia,135.0,aprobado,REF-6EEC20B2
P-423E6C4075,V-6F9FDDBE21,2026-09-11 17:54:59,vale,84.0,aprobado,REF-AABD6785
P-86F50989F2,V-BE26E78937,2026-09-11 17:54:59,efectivo,1260.0,pendiente,REF-9A27D254
P-32C31E72AC,V-0785234FF5,2026-09-11 17:55:00,efectivo,168.0,aprobado,REF-555D7C72
P-6EB5A2DEA2,V-26C455A4F2,2026-09-11 17:55:00,transferencia,390.0,aprobado,REF-62D0A2C5
P-A09D82E52A,V-7D379CFDD7,2026-09-11 17:55:00,transferencia,64.0,pendiente,REF-B4967CC3
P-4C9B6A7B5D,V-E61DDEE03A,2026-09-11 17:55:01,efectivo,108.0,aprobado,REF-7411494F
P-A1E6D0DBB3,V-8B72941FF7,2026-09-11 17:55:01,tarjeta,56.0,aprobado,REF-AD02F5FA
P-0C996BEE21,V-43ED383C42,2026-09-11 17:55:01,transferencia,220.0,aprobado,REF-4BA43EB6
P-BCD5AC1639,V-1FB92D6EAA,2026-09-11 17:55:02,efectivo,225.0,aprobado,REF-E8CF46AA
P-0029BC15DC,V-242E6D5372,2026-09-11 17:55:02,vale,144.0,aprobado,REF-02D3D5DF
P-86C0A6A19D,V-06BBD7EE05,2026-09-11 17:55:02,efectivo,96.0,aprobado,REF-12EC0550
P-5D2875B654,V-0CB7E7711A,2026-09-11 17:55:02,vale,165.0,aprobado,REF-F4B0C92A
P-E433F426CF,V-AAD799F7E2,2026-09-11 17:55:03,transferencia,275.0,pendiente,REF-D3951476
P-3015C62EB7,V-E235D4131B,2026-09-11 17:55:03,transferencia,90.0,aprobado,REF-086EBD4C
P-3FC39A463A,V-73A4D672DC,2026-09-11 17:55:03,efectivo,165.0,pendiente,REF-C34422C0
P-2B711877D0,V-1D9F945BDC,2026-09-11 17:55:03,transferencia,840.0,aprobado,REF-0CC00280
P-BB71B9A87C,V-84809EEE7A,2026-09-11 17:55:04,vale,220.0,aprobado,REF-30152D91
P-EA26168739,V-943229D3B5,2026-09-11 17:55:04,transferencia,2280.0,pendiente,REF-14AC8A22
P-A2EDD6B2CF,V-EA28999FB3,2026-09-11 17:55:04,transferencia,1560.0,aprobado,REF-94AE6C12
P-092D0EB84E,V-465A4B13C1,2026-09-11 17:55:05,vale,2100.0,aprobado,REF-2B89AF37
P-49967D23B2,V-7F40C173C1,2026-09-11 17:55:05,transferencia,1520.0,aprobado,REF-CEE14AA1
P-81599BFA63,V-EA134955EC,2026-09-11 17:55:05,vale,168.0,pendiente,REF-375927BC
P-17709E9851,V-28D7815766,2026-09-11 17:55:06,transferencia,110.0,aprobado,REF-D9416D57
P-A7AA5C2968,V-573D7E93DE,2026-09-11 17:55:06,transferencia,126.0,pendiente,REF-00388F81
P-89E5619BC7,V-BD6E19756A,2026-09-11 17:55:07,efectivo,84.0,aprobado,REF-8A5A145F
P-62517F047B,V-F42FB3435B,2026-09-11 17:55:07,transferencia,96.0,pendiente,REF-3891CE55
P-48FFE7DE30,V-7B163FD6EB,2026-09-11 17:55:07,vale,28.0,pendiente,REF-352B924A
P-04ADE84A65,V-FB9982850A,2026-09-11 17:55:07,tarjeta,42.0,aprobado,REF-AFA10398
P-218C6167C2,V-310A31F876,2026-09-11 17:55:08,efectivo,420.0,aprobado,REF-32F1BE74
P-88AB0E4D99,V-F68215B7CC,2026-09-11 17:55:08,vale,128.0,aprobado,REF-71FAF4D0
P-500E9F2B6B,V-1BAE284915,2026-09-11 17:55:08,tarjeta,55.0,aprobado,REF-B81059BE
P-27EB016A25,V-8B91C600D7,2026-09-11 17:55:09,tarjeta,55.0,aprobado,REF-240EAC31
P-3C3CC351E0,V-DDD0C27D17,2026-09-11 17:55:09,efectivo,220.0,pendiente,REF-A12456E5
P-0EB4B1E52F,V-9CEEE54F38,2026-09-11 17:55:09,transferencia,192.0,aprobado,REF-4C910275
P-C1576DF2A5,V-5425BF9C56,2026-09-11 17:55:09,tarjeta,54.0,aprobado,REF-8FE8EDD2
P-A935C2FA53,V-C085C33043,2026-09-11 17:55:10,vale,128.0,aprobado,REF-22D43C7F
P-D094FD5E91,V-7D4DE02351,2026-09-11 17:55:10,efectivo,240.0,pendiente,REF-28F01972
P-930EE396E0,V-18B8404BA8,2026-09-11 17:55:10,efectivo,2520.0,pendiente,REF-93984924
P-C7B3AF85DF,V-2AFA0790ED,2026-09-11 17:55:11,vale,180.0,aprobado,REF-B57A4BA7
P-7CDBEE5FC8,V-E703C8F5CC,2026-09-11 17:55:11,tarjeta,380.0,aprobado,REF-0FA673B8
P-424BA9BD25,V-9A511DD071,2026-09-11 17:55:11,vale,168.0,aprobado,REF-FB6F7746
P-998057BC3E,V-80D26A3F5E,2026-09-11 17:55:11,vale,90.0,aprobado,REF-05F0440A
P-AAF655789D,V-FE3A037E8E,2026-09-11 17:55:12,vale,45.0,aprobado,REF-6EE329D4
P-DBA2AA31C1,V-035FD40BB6,2026-09-11 17:55:12,efectivo,36.0,pendiente,REF-80915E43
P-6773470338,V-8FE1C9B399,2026-09-11 17:55:12,efectivo,2340.0,aprobado,REF-8BA9E145
P-5DD0EB2208,V-37B6223FB9,2026-09-11 17:55:12,transferencia,288.0,aprobado,REF-40225E64
P-65A623D8E0,V-F11904D4A9,2026-09-11 17:55:13,efectivo,28.0,aprobado,REF-55CE4D8E
P-6FFA77F117,V-642A50BCFF,2026-09-11 17:55:13,tarjeta,1260.0,aprobado,REF-C257D0E9
P-5EBBECC86C,V-5946C28B1C,2026-09-11 17:55:13,efectivo,2280.0,aprobado,REF-157CBDAA
P-574B0A1F2B,V-22C5A9F936,2026-09-11 17:55:13,tarjeta,1680.0,aprobado,REF-1B6D936C
P-3EC2F90298,V-26893D730F,2026-09-11 17:55:14,vale,192.0,aprobado,REF-660739EE
P-8E1918EFD4,V-D4E85D4749,2026-09-11 17:55:14,tarjeta,165.0,aprobado,REF-FB5C53BA
P-E0F6013564,V-38BF38E47F,2026-09-11 17:55:14,vale,36.0,pendiente,REF-8B97F4D4
P-68D320BBC0,V-D375376FFC,2026-09-11 17:55:14,tarjeta,1900.0,aprobado,REF-893AE1EB
P-B60389629B,V-DB5A6888FC,2026-09-11 17:55:15,transferencia,135.0,aprobado,REF-DD577CDA
P-0867C15A17,V-33F08FE070,2026-09-11 17:55:15,tarjeta,330.0,pendiente,REF-5D338344
P-B9C06181FA,V-01735AF296,2026-09-11 17:55:15,efectivo,55.0,pendiente,REF-7DAC534E
P-BAA07BAA99,V-B9B873C172,2026-09-11 17:55:16,vale,270.0,aprobado,REF-134DB4AC
P-8FDD47135F,V-07629A12EA,2026-09-11 17:55:16,efectivo,210.0,aprobado,REF-FFCBE180
P-6FEFC549BF,V-2D2BC6BB80,2026-09-11 17:55:16,efectivo,42.0,pendiente,REF-AC67D4E3
P-E520B80CA9,V-22A0903166,2026-09-11 17:55:16,tarjeta,2520.0,aprobado,REF-E902DAFD
P-5F12D9462C,V-987CC72EF3,2026-09-11 17:55:16,transferencia,270.0,aprobado,REF-FABCAD03
P-C204105BCA,V-D7CC903315,2026-09-11 17:55:17,tarjeta,55.0,aprobado,REF-B472E37E
P-27318D629F,V-DFC51D7D75,2026-09-11 17:55:17,efectivo,168.0,aprobado,REF-79DEB917
P-4D8DBB6B49,V-16115F696E,2026-09-11 17:55:17,tarjeta,128.0,aprobado,REF-0022CA82
P-38128BD4DE,V-A3DDF85291,2026-09-11 17:55:18,transferencia,1170.0,aprobado,REF-D9333362
P-817FC0519F,V-06AD42FDA8,2026-09-11 17:55:18,transferencia,1900.0,pendiente,REF-9FBA8C9E
P-11EDFB4FF6,V-C94A7298CB,2026-09-11 17:55:18,efectivo,288.0,pendiente,REF-6A20D18B
P-445C16C92B,V-3615291A81,2026-09-11 17:55:19,transferencia,32.0,pendiente,REF-B92225BE
P-27EAB789CA,V-A0259AAD92,2026-09-11 17:55:19,efectivo,140.0,aprobado,REF-789E31BD
P-054BC6C6C4,V-CDFF8F40CD,2026-09-11 17:55:19,tarjeta,1520.0,aprobado,REF-D92E1A4B
P-5894ACF25A,V-D74CBDB82D,2026-09-11 17:55:20,efectivo,42.0,aprobado,REF-5EE8F60A
P-F7BA986B92,V-366ADBE5FD,2026-09-11 17:55:20,vale,1560.0,aprobado,REF-E6C56DE8
P-24B1C459DD,V-94FC5AFE7D,2026-09-11 17:55:20,efectivo,2520.0,aprobado,REF-301AE62E
P-E5C10504F2,V-F56B80F3D4,2026-09-11 17:55:21,vale,1260.0,aprobado,REF-99347D4C
P-79B7E330DE,V-2F991AF3B1,2026-09-11 17:55:21,transferencia,54.0,pendiente,REF-92012844
P-8F90C9A07A,V-4BF4700911,2026-09-11 17:55:21,vale,36.0,aprobado,REF-A0CA148E
P-013CC4915D,V-CA380EAFB7,2026-09-11 17:55:21,efectivo,90.0,aprobado,REF-B7302729
P-0A261918C9,V-3EA5C5652E,2026-09-11 17:55:22,transferencia,32.0,pendiente,REF-418B7EC7
P-6FCAFAFC9F,V-7E9D0BA38A,2026-09-11 17:55:22,transferencia,56.0,aprobado,REF-DEB136BA
P-F05F49CEA5,V-B2591FA3AF,2026-09-11 17:55:22,efectivo,32.0,aprobado,REF-071407B7
P-465BCE47BE,V-74E01B1B4B,2026-09-11 17:55:23,vale,48.0,aprobado,REF-0030661B
P-E074A70E0D,V-5492F51555,2026-09-11 17:55:23,tarjeta,2280.0,aprobado,REF-73696E97
P-EBFE91A003,V-0E0489EDEC,2026-09-11 17:55:23,efectivo,108.0,aprobado,REF-69D1590C
P-18D834EBAD,V-8E2A06AE88,2026-09-11 17:55:24,efectivo,54.0,aprobado,REF-A42B70BE
P-3BD9B38F54,V-11113A2ADD,2026-09-11 17:55:24,tarjeta,330.0,aprobado,REF-E3030C9A
P-68D55DD597,V-63BB7E608D,2026-09-11 17:55:24,tarjeta,420.0,aprobado,REF-6C454527
P-83B71A40F1,V-23ADAC4891,2026-09-11 17:55:24,transferencia,110.0,aprobado,REF-90B6030C
P-E8308532E6,V-B450F5C92C,2026-09-11 17:55:25,tarjeta,42.0,aprobado,REF-0EE4AB0D
P-BBA603F256,V-7C2AD466B8,2026-09-11 17:55:25,vale,96.0,aprobado,REF-D05BA8AE
P-AD68D05451,V-0CDF364BAD,2026-09-11 17:55:25,efectivo,192.0,pendiente,REF-2237F307
P-51D016C9AB,V-8CA76408E1,2026-09-11 17:55:25,vale,28.0,aprobado,REF-6148522A
P-05328258B7,V-79665C11FA,2026-09-11 17:55:26,tarjeta,56.0,pendiente,REF-70E42394
P-8202AB6539,V-757F3BDF62,2026-09-11 17:55:26,tarjeta,192.0,aprobado,REF-DF2500CA
P-184B7C50B9,V-23BF4B33F6,2026-09-11 17:55:26,tarjeta,96.0,aprobado,REF-559785AD
P-23983DA7AD,V-A795BAD759,2026-09-11 17:55:27,transferencia,56.0,aprobado,REF-7A828507
P-81BDBAD566,V-73CD312C29,2026-09-11 17:55:27,transferencia,420.0,aprobado,REF-A51617CA
P-773B65786B,V-1712D49ED0,2026-09-11 17:55:27,tarjeta,54.0,aprobado,REF-3FAB0428
P-664CD45CF6,V-1B25A00E0A,2026-09-11 17:55:28,tarjeta,54.0,pendiente,REF-C97098B1
P-03D09BE4AC,V-A16D0EE28C,2026-09-11 17:55:28,vale,240.0,pendiente,REF-EFE473F0
P-13231FAE49,V-46E287DA83,2026-09-11 17:55:28,transferencia,192.0,pendiente,REF-70C19F88
P-FCE0BDFB08,V-F6EB5B7911,2026-09-11 17:55:28,tarjeta,1520.0,aprobado,REF-1B93E169
P-B8F3CB1EDB,V-194DCC5DFB,2026-09-11 17:55:29,vale,390.0,pendiente,REF-8DB5DEC7
P-63CE312142,V-1FDED8F3A2,2026-09-11 17:55:29,tarjeta,1680.0,pendiente,REF-72F27758
P-81F30A6DDE,V-5BF9A1CF67,2026-09-11 17:55:29,tarjeta,1950.0,aprobado,REF-B550FEF6
P-345D46ACAB,V-F5A5A1A4B8,2026-09-11 17:55:29,tarjeta,110.0,aprobado,REF-CC6375EA
P-C7BAC86503,V-098E36B56C,2026-09-11 17:55:29,efectivo,1170.0,pendiente,REF-AD70DEB8
P-6C78B1E3AC,V-B1EE9ED1E9,2026-09-11 17:55:30,efectivo,2340.0,pendiente,REF-389D9CCB
P-8A39DA81C4,V-20056560D0,2026-09-11 17:55:31,vale,780.0,aprobado,REF-72B26BD6
P-B3BD2EA5FD,V-4A76DA508C,2026-09-11 17:55:31,efectivo,1950.0,aprobado,REF-AFBB499D
P-86A4AE3EE0,V-75E58E38FD,2026-09-11 17:55:32,vale,32.0,aprobado,REF-272AA1EA
P-37A0E1ECC7,V-14B445B5DE,2026-09-11 17:55:32,transferencia,42.0,aprobado,REF-AF770BFA
P-9468DDAE31,V-794C4535EE,2026-09-11 17:55:33,tarjeta,18.0,pendiente,REF-977D865D
P-9CA2B5AC4A,V-F6E06F088A,2026-09-11 17:55:33,efectivo,96.0,aprobado,REF-019C6FB8
P-91509F5CA9,V-3AC0AC8DC1,2026-09-11 17:55:34,vale,1560.0,aprobado,REF-9831D9D2
P-D0C3F40055,V-333B686E21,2026-09-11 17:55:34,transferencia,288.0,pendiente,REF-94C5B568
P-0C980CA863,V-D425944129,2026-09-11 17:55:35,vale,240.0,aprobado,REF-2B35AEDB
P-A5A0DE1E2B,V-F8C35AA2E4,2026-09-11 17:55:36,efectivo,1560.0,aprobado,REF-66B53DDD
P-FC5EBC5C97,V-FB31236A8B,2026-09-11 17:55:36,efectivo,108.0,aprobado,REF-96A80724
P-2B93D7DFCF,V-BDEDBE0C3C,2026-09-11 17:55:37,transferencia,18.0,aprobado,REF-77087202
P-636AA54BEC,V-09F2CED00F,2026-09-11 17:55:37,tarjeta,18.0,aprobado,REF-1BC5FFA3
P-42E79C4CC8,V-98DC908C35,2026-09-11 17:55:38,efectivo,1560.0,pendiente,REF-E2712585
P-5CA396D416,V-2DAC21B289,2026-09-11 17:55:38,efectivo,84.0,aprobado,REF-4DD0A4AF
P-5E8D553761,V-BD2198C1E7,2026-09-11 17:55:39,efectivo,126.0,aprobado,REF-785851A6
P-B877D264E2,V-A3961D9CA3,2026-09-11 17:55:39,vale,1900.0,aprobado,REF-C0DEA89C
P-C6641283EF,V-34C3BE7FC7,2026-09-11 17:55:40,tarjeta,84.0,aprobado,REF-2F7B1274
P-AA2CC3E8D7,V-68B692437A,2026-09-11 17:55:40,efectivo,2280.0,aprobado,REF-F15C9932
P-20D10B07CC,V-BDC20B7043,2026-09-11 17:55:41,vale,110.0,aprobado,REF-EC218386
P-9F70FC81C6,V-A157AF5535,2026-09-11 17:55:41,vale,64.0,aprobado,REF-0B191A0E
P-56FA8B2BDA,V-37792A3B05,2026-09-11 17:55:42,vale,760.0,aprobado,REF-7B3CC04A
P-27A6EC1F60,V-3A9ECBF99C,2026-09-11 17:55:43,tarjeta,112.0,pendiente,REF-B3F8D37B
P-FAED1E1532,V-D5FE07C887,2026-09-11 17:55:43,transferencia,18.0,aprobado,REF-09520F4F
P-42C2BC5509,V-6A7A14465B,2026-09-11 17:55:44,tarjeta,420.0,aprobado,REF-1249DC13
P-D0B8EEB30A,V-7BD1E1AC21,2026-09-11 17:55:44,efectivo,760.0,aprobado,REF-77652A4F
P-6A028A7C15,V-31E1F95E3F,2026-09-11 17:55:45,efectivo,96.0,aprobado,REF-3182BBCD
P-449C17ACAA,V-FFFEC57695,2026-09-11 17:55:45,transferencia,36.0,aprobado,REF-B3FAC283
P-8C2612C140,V-8262AB0AB4,2026-09-11 17:55:46,efectivo,48.0,pendiente,REF-25F14104
P-0BDB8EE1DA,V-AB27523A53,2026-09-11 17:55:46,tarjeta,42.0,aprobado,REF-E19E263E
P-449C17ACAA,V-FFFEC57695,2026-09-11 17:55:45,transferencia,36.0,aprobado,REF-B3FAC283
P-8C2612C140,V-8262AB0AB4,2026-09-11 17:55:46,efectivo,48.0,pendiente,REF-25F14104
P-0BDB8EE1DA,V-AB27523A53,2026-09-11 17:55:46,tarjeta,42.0,aprobado,REF-E19E263E
P-D35896DA50,V-D028A0825B,2026-09-11 17:55:59,transferencia,128.0,pendiente,REF-7E88B8E1
P-4D42317E09,V-CA27126E0A,2026-09-11 17:55:59,transferencia,168.0,pendiente,REF-7EEE4D1A
P-2AB3BD0D90,V-4E2F353CAE,2026-09-11 17:56:00,transferencia,32.0,aprobado,REF-3BBA32CE
P-65B17655B9,V-93D11CE9AA,2026-09-11 17:56:01,efectivo,108.0,pendiente,REF-6F731C23
P-366A7ACF9D,V-5D925D0F11,2026-09-11 17:56:01,transferencia,90.0,pendiente,REF-0BFD85E1
P-2C5461A840,V-0330D6A197,2026-09-11 17:56:02,transferencia,2100.0,pendiente,REF-72584DFE
P-04265D146E,V-5318B490E0,2026-09-11 17:56:02,vale,84.0,aprobado,REF-D5723408
P-FF0427FE4A,V-0A83E8DF82,2026-09-11 17:56:03,transferencia,140.0,aprobado,REF-565442F9
P-D52F67C39E,V-5C55975C56,2026-09-11 17:56:03,transferencia,1900.0,aprobado,REF-B5D3C077
P-7A853AF641,V-14256B7290,2026-09-11 17:56:04,tarjeta,144.0,pendiente,REF-54E35326
P-6E0A1C6999,V-4B2190D86F,2026-09-11 17:56:04,vale,2340.0,pendiente,REF-65110F48
P-9A89BE418F,V-AC9D572C6D,2026-09-11 17:56:05,efectivo,380.0,aprobado,REF-F64815C7
P-26DD5D6347,V-D4EB80E04A,2026-09-11 17:56:06,efectivo,144.0,aprobado,REF-333500C9
P-4262791435,V-06215B4D1C,2026-09-11 17:56:06,tarjeta,96.0,pendiente,REF-40467244
P-9C30BA09C3,V-4E15040E8E,2026-09-11 17:56:07,vale,1170.0,aprobado,REF-3D1A3E6D
P-97F6FC4939,V-E2D79C9F98,2026-09-11 17:56:08,transferencia,192.0,aprobado,REF-0590177F
P-B657F00B46,V-97A0F2C8AD,2026-09-11 17:56:08,tarjeta,160.0,aprobado,REF-A384F58E
P-9F2278D8DC,V-31183CDB7A,2026-09-11 17:56:09,vale,168.0,aprobado,REF-6FCCCF99
P-5A50120323,V-A697FBE2DC,2026-09-11 17:56:09,tarjeta,168.0,aprobado,REF-BCE9BEBB
P-AE31D1B8B8,V-D3B5C527B6,2026-09-11 17:56:10,tarjeta,330.0,aprobado,REF-89C0D81A
P-10B4DE03AD,V-5476668203,2026-09-11 17:56:10,tarjeta,1560.0,aprobado,REF-EFDB15E9
P-1728D30A56,V-05D2C89338,2026-09-11 17:56:11,tarjeta,18.0,aprobado,REF-BC2C53C8
P-ED9490BC79,V-AEBEEBBAEC,2026-09-11 17:56:11,tarjeta,390.0,aprobado,REF-8F152B48
P-A531A7C959,V-EB5BBB3276,2026-09-11 17:56:12,vale,90.0,pendiente,REF-0B889056
P-8B5B191593,V-7146FA532B,2026-09-11 17:56:13,vale,192.0,pendiente,REF-DAD26C94
P-10A4BFF929,V-C97552F765,2026-09-11 17:56:13,efectivo,84.0,aprobado,REF-D907D2C2
P-D872CCA8A1,V-156A7C14F5,2026-09-11 17:56:14,efectivo,90.0,aprobado,REF-F5A7F89C
P-AF44F4D0E6,V-14075A08B3,2026-09-11 17:56:14,tarjeta,2520.0,aprobado,REF-3F446987
P-9E4DD8B19B,V-AEAA2ECF3E,2026-09-11 17:56:15,vale,380.0,aprobado,REF-22F6E647
P-B35218B367,V-694A910DCA,2026-09-11 17:56:16,efectivo,1170.0,aprobado,REF-91543184
P-83E4D3E212,V-E6EE6A5CA6,2026-09-11 17:56:17,tarjeta,28.0,aprobado,REF-5133505D
P-BA28F6D4BD,V-2FEF2E1A35,2026-09-11 17:56:17,transferencia,1950.0,pendiente,REF-706E3B68
P-58577227A0,V-62701E57EA,2026-09-11 17:56:18,vale,220.0,pendiente,REF-F86462B0
P-00E1A5A337,V-FDC06708ED,2026-09-11 17:56:18,vale,330.0,aprobado,REF-A96224E5
P-A4E22627C3,V-C27DFB36BC,2026-09-11 17:56:19,transferencia,1260.0,aprobado,REF-55D27B24
P-FBBAEFE0AB,V-E0A254DF9B,2026-09-11 17:56:19,vale,18.0,aprobado,REF-6AE1AE61
P-134599D9C9,V-4D70AAF66F,2026-09-11 17:56:20,vale,128.0,aprobado,REF-4C30E334
P-0951BC4C82,V-50844C25C9,2026-09-11 17:56:20,tarjeta,220.0,aprobado,REF-F2D7510A
P-F6C65587BA,V-12250E72D2,2026-09-11 17:56:21,vale,1900.0,aprobado,REF-2279A661
P-B529CECF34,V-9F845EBE5D,2026-09-11 17:56:22,efectivo,64.0,aprobado,REF-A6625FCF
P-C7515839E2,V-CE7D3560EE,2026-09-11 17:56:22,transferencia,240.0,aprobado,REF-EF880137
P-4FDBF58018,V-ED0DDB9180,2026-09-11 17:56:23,transferencia,330.0,aprobado,REF-FC9CE852
P-4E3D670603,V-A6B1995BB1,2026-09-11 17:56:23,efectivo,192.0,aprobado,REF-E0366533
P-8525F3BF22,V-797C3DA4FA,2026-09-11 17:56:24,transferencia,780.0,aprobado,REF-6C7CB9B7
P-DDC2FB8C51,V-F1D3010AC2,2026-09-11 17:56:24,tarjeta,2340.0,aprobado,REF-8A9CD229
P-F57E249B2D,V-093695B7BC,2026-09-11 17:56:25,tarjeta,1140.0,pendiente,REF-D8E1DD8C
P-9992613866,V-7A8DFD0E65,2026-09-11 17:56:26,vale,36.0,aprobado,REF-E0766AC8
P-A879179435,V-20558FDFB9,2026-09-11 17:56:26,efectivo,270.0,aprobado,REF-F7DC6FA8
P-61FC83E569,V-A761874C88,2026-09-11 17:56:27,efectivo,128.0,aprobado,REF-E47D3736
P-6B51EB1623,V-616C56933D,2026-09-11 17:56:27,tarjeta,36.0,pendiente,REF-11B216E8
P-AFD058FA1C,V-1C3FE8C965,2026-09-11 17:56:28,transferencia,192.0,aprobado,REF-D76F9876
P-8BD7949810,V-9D0F930AEA,2026-09-11 17:56:28,transferencia,112.0,aprobado,REF-0877ED53
P-8A4BADE7CB,V-6022F55202,2026-09-11 17:56:29,tarjeta,64.0,pendiente,REF-73303802
P-FB74FBAAAB,V-B65B422FCF,2026-09-11 17:56:29,vale,1520.0,aprobado,REF-DE7E5D86
P-AED2D1B2FD,V-AE92DE35BB,2026-09-11 17:56:30,tarjeta,160.0,pendiente,REF-8CFA9597
P-D741481D4B,V-B060F59FF6,2026-09-11 17:56:31,efectivo,380.0,aprobado,REF-79A75E23
P-B7F29D07DA,V-A7BE215BA3,2026-09-11 17:56:31,transferencia,108.0,aprobado,REF-6AA6AAF4
P-DC337A5324,V-29A13AB2DA,2026-09-11 17:56:32,efectivo,18.0,pendiente,REF-64565E04
P-907B7EA4A3,V-B8E382C1BD,2026-09-11 17:56:32,tarjeta,780.0,pendiente,REF-036CB4CA
P-9B946E367A,V-CFE7A6AE75,2026-09-11 17:56:33,efectivo,110.0,aprobado,REF-47184E76
P-5E3AD1D4D3,V-739D81D876,2026-09-11 17:56:33,efectivo,48.0,aprobado,REF-1239972A
P-D51D7941EF,V-DB4B9BAE9F,2026-09-11 17:56:34,tarjeta,54.0,pendiente,REF-6D97C08E
P-9DB858826D,V-E7870DBD70,2026-09-11 17:56:35,efectivo,275.0,aprobado,REF-D0FFACA8
P-A1175C25FD,V-AD92BD745C,2026-09-11 17:56:35,vale,1900.0,aprobado,REF-9CDDEDD7
P-AB819578CA,V-6FB9F73B0D,2026-09-11 17:56:36,transferencia,220.0,aprobado,REF-368D17C8
P-2B127516CA,V-E78B2287F5,2026-09-11 17:56:36,vale,42.0,aprobado,REF-FCEB578E
P-0C36B1C125,V-43CF5993C8,2026-09-11 17:56:36,efectivo,96.0,aprobado,REF-D1FB9FF0
P-A6DCD12CA2,V-3B2F9E53D5,2026-09-11 17:56:37,transferencia,1560.0,aprobado,REF-CC33E7C3
P-92E5B104D7,V-8CE485CBC0,2026-09-11 17:56:37,vale,252.0,pendiente,REF-941AFAE5
P-B8EDE27BFE,V-481E12909E,2026-09-11 17:56:38,transferencia,56.0,aprobado,REF-C4B70D20
P-7FBA1A6A74,V-D7C1E9E27E,2026-09-11 17:56:38,efectivo,270.0,aprobado,REF-87C03663
P-336FD3BFD3,V-8540B11A52,2026-09-11 17:56:39,vale,760.0,aprobado,REF-E8174530
P-0C87A946DD,V-9004D81E67,2026-09-11 17:56:39,transferencia,275.0,pendiente,REF-B1B7E57E
P-12CF59D60A,V-30045ED02A,2026-09-11 17:56:40,vale,2100.0,pendiente,REF-8B749641
P-5CDF59820E,V-734BAD593F,2026-09-11 17:56:40,transferencia,2340.0,aprobado,REF-4FAC5339
P-92C345DD05,V-6EA60D687E,2026-09-11 17:56:41,transferencia,380.0,aprobado,REF-5D53FA49
P-42ABD747EB,V-DC388B0734,2026-09-11 17:56:42,tarjeta,180.0,aprobado,REF-2D625795
P-D965B38661,V-7D860277E1,2026-09-11 17:56:42,transferencia,84.0,aprobado,REF-DB14218F
P-7533017550,V-5F75B67429,2026-09-11 17:56:43,transferencia,32.0,aprobado,REF-20BF8E5A
P-65D26FE9A4,V-14F9D1F4C6,2026-09-11 17:56:43,vale,32.0,aprobado,REF-7D985F7D
P-1EBB12FA32,V-BC323D2512,2026-09-11 17:56:44,vale,18.0,aprobado,REF-BF8235CD
P-BE5B1DF74E,V-8F356A04CB,2026-09-11 17:56:44,tarjeta,220.0,aprobado,REF-41697F72
P-89428505FB,V-ED9F108F66,2026-09-11 17:56:45,tarjeta,780.0,pendiente,REF-6270D121
P-3216116CA3,V-F89CD95ECC,2026-09-11 17:56:45,transferencia,225.0,aprobado,REF-CD236356
P-797175FBC8,V-88BD08B47C,2026-09-11 17:56:46,vale,1950.0,aprobado,REF-F63EB4D2
P-38F52A25BD,V-ED8659CCFD,2026-09-11 17:56:47,efectivo,128.0,aprobado,REF-97B44240
P-E7106DFB0B,V-4C641261AD,2026-09-11 17:56:47,efectivo,390.0,aprobado,REF-5F6FE2A5
P-F1286594B8,V-F0C0B513F4,2026-09-11 17:56:48,transferencia,32.0,aprobado,REF-92D5E5CA
P-78B661197E,V-896EE7191F,2026-09-11 17:56:48,transferencia,1170.0,aprobado,REF-D27CF080
P-E0400AB315,V-FC15FFDE2B,2026-09-11 17:56:49,tarjeta,840.0,aprobado,REF-57AEABD1
P-25867616D4,V-A0675894D6,2026-09-11 17:56:50,transferencia,28.0,pendiente,REF-05FC9A43
P-C43937EE67,V-D777A7371D,2026-09-11 17:56:50,tarjeta,18.0,aprobado,REF-E8B17CAC
P-15A7BF976D,V-43735E731E,2026-09-11 17:56:51,efectivo,110.0,aprobado,REF-9F8681DA
P-8A20C3E611,V-FAE1A065DE,2026-09-11 17:56:52,efectivo,54.0,pendiente,REF-5658E4D5
P-2CE808857B,V-2C92916F65,2026-09-11 17:56:52,tarjeta,2340.0,aprobado,REF-8F628499
P-0B1D796D87,V-4764D2C2E9,2026-09-11 17:56:53,transferencia,36.0,aprobado,REF-6C134700
P-4A34493372,V-0347E3E075,2026-09-11 17:56:54,vale,220.0,pendiente,REF-05F6A9FF
P-CD771772C3,V-C666CF1DD0,2026-09-11 17:56:54,efectivo,55.0,aprobado,REF-0A6D32AD
P-CEBCDCAA67,V-53EBEB66C2,2026-09-11 17:56:55,vale,90.0,aprobado,REF-F287FFE3
P-B6032E475A,V-49C446A4D9,2026-09-11 17:56:55,efectivo,36.0,aprobado,REF-F73AA8FB
P-FACBF0544F,V-D929CD56A4,2026-09-11 17:56:56,vale,780.0,pendiente,REF-6F050FFB
P-B49C639CFE,V-7828E71217,2026-09-11 17:56:56,transferencia,252.0,pendiente,REF-08E2D3B7
P-0B45F6327D,V-69EF08C797,2026-09-11 17:56:57,efectivo,225.0,aprobado,REF-D861DA05
P-F7DF8E4CA8,V-8FB7BE7FCB,2026-09-11 17:56:58,vale,760.0,aprobado,REF-7876B012
P-1FAD264C49,V-61F45DAD13,2026-09-11 17:56:58,tarjeta,1170.0,aprobado,REF-D713617C
P-62E35A946C,V-6CD37B5C21,2026-09-11 17:56:59,vale,45.0,aprobado,REF-1F4A8FB3
P-5C98C606F5,V-BF9B8903F2,2026-09-11 17:56:59,vale,1520.0,aprobado,REF-1540726B
P-4CE6F31D5B,V-3424AE5CA3,2026-09-11 17:57:00,tarjeta,1900.0,aprobado,REF-F4571207
P-9DE67FE7B4,V-D008144FE1,2026-09-11 17:57:01,efectivo,1950.0,pendiente,REF-5458551D
P-9E289B54EE,V-23CB2577DF,2026-09-11 17:57:02,transferencia,288.0,aprobado,REF-8B837646
P-193947B95D,V-CD27AA1958,2026-09-11 17:57:02,transferencia,330.0,aprobado,REF-A79F709C
P-CA7D535E31,V-B3F44A4F7F,2026-09-11 17:57:03,tarjeta,48.0,pendiente,REF-2D791F47
P-A98B41FA44,V-9E5FE41353,2026-09-11 17:57:03,efectivo,390.0,pendiente,REF-86E0AD09
P-805A79658E,V-3066D2D622,2026-09-11 17:57:04,efectivo,1900.0,pendiente,REF-AF0CC303
P-22655D271B,V-1C1BD16629,2026-09-11 17:57:04,vale,275.0,aprobado,REF-8BDFF590
P-668B9FED41,V-820E494A73,2026-09-11 17:57:05,vale,110.0,aprobado,REF-34A45E62
P-CF8C0152A8,V-42F1813E77,2026-09-11 17:57:06,transferencia,96.0,aprobado,REF-4F51B2C5
P-0604918FDA,V-64A54C03E7,2026-09-11 17:57:06,efectivo,165.0,pendiente,REF-03F2C5EC
P-A8BDE46EDF,V-EDA7CDE509,2026-09-11 17:57:06,vale,110.0,aprobado,REF-ABC78662
P-358F75C7DB,V-389E69C9DA,2026-09-11 17:57:07,efectivo,330.0,aprobado,REF-2A6F953E
P-F71C26A166,V-34BBC5996E,2026-09-11 17:57:08,efectivo,760.0,aprobado,REF-9F5CC6FA
P-74785B4705,V-D492B40F98,2026-09-11 17:57:08,tarjeta,45.0,aprobado,REF-D9D8D600
P-61F12775E7,V-AFEDC42905,2026-09-11 17:57:08,efectivo,1680.0,aprobado,REF-343D8937
P-6FF90AF29C,V-F06F695548,2026-09-11 17:57:09,transferencia,45.0,aprobado,REF-94D8F15A
P-70B739680C,V-B2DAD5A6D2,2026-09-11 17:57:10,transferencia,140.0,pendiente,REF-38717BD5
P-D3BCFBE4C0,V-131426F7C3,2026-09-11 17:57:10,tarjeta,2340.0,aprobado,REF-0C037335
P-42B6A6C2B6,V-FACD84B401,2026-09-11 17:57:11,vale,96.0,aprobado,REF-60C26244
P-74E260B1ED,V-917FFF1DC8,2026-09-11 17:57:12,tarjeta,55.0,aprobado,REF-F4956F3E
P-94D319C714,V-D613E65D9B,2026-09-11 17:57:12,vale,42.0,aprobado,REF-D965AB03
P-B14BCFDE52,V-9766B758DC,2026-09-11 17:57:13,efectivo,64.0,aprobado,REF-3D5417F8
P-BE7A710D32,V-83E0B34966,2026-09-11 17:57:13,vale,1680.0,aprobado,REF-BEE5CDB8
P-99B126CCD4,V-7125D95064,2026-09-11 17:57:14,tarjeta,1140.0,aprobado,REF-E9F89A7A
P-FCA5DCC475,V-C286320845,2026-09-11 17:57:14,tarjeta,96.0,aprobado,REF-514038BC
P-CDF19E4AB0,V-F4A782440B,2026-09-11 17:57:15,tarjeta,240.0,pendiente,REF-F54FFD59
P-C48E396C73,V-DD143C681D,2026-09-11 17:57:15,transferencia,288.0,pendiente,REF-609B1D95
P-0F1A6DC5A3,V-5F094ECBA8,2026-09-11 17:57:16,tarjeta,56.0,pendiente,REF-F023DB85
P-35B90C19D6,V-D2E751903E,2026-09-11 17:57:16,transferencia,1260.0,aprobado,REF-7B8EAF4D
P-A19CB7F9ED,V-BC6756244C,2026-09-11 17:57:17,vale,2280.0,aprobado,REF-C3375742
P-7054EA7135,V-7543840D50,2026-09-11 17:57:17,efectivo,168.0,pendiente,REF-4DAEE099
P-50CC9A76E1,V-79F15641F9,2026-09-11 17:57:18,transferencia,28.0,aprobado,REF-EED54949
P-EDEE36F2C5,V-BB1ADCAC90,2026-09-11 17:57:19,vale,780.0,aprobado,REF-C1EAFEA6
P-4668CC31CE,V-69685606D3,2026-09-11 17:57:19,tarjeta,225.0,aprobado,REF-52E3D4C3
P-8926039E15,V-464515DBB8,2026-09-11 17:57:20,tarjeta,760.0,aprobado,REF-5CDAB007
P-7277F86C4D,V-ABDF486473,2026-09-11 17:57:20,transferencia,240.0,pendiente,REF-00FEECF9
P-56E8E91502,V-EE0E836549,2026-09-11 17:57:21,efectivo,1680.0,aprobado,REF-62A89693
P-DD5BE29368,V-FCD1D0FC3E,2026-09-11 17:57:21,efectivo,168.0,aprobado,REF-82E253F3
P-C17D98A7AA,V-3B6443EB8D,2026-09-11 17:57:22,vale,56.0,pendiente,REF-09E809A3
P-BB344F6CEF,V-A94A4D49F3,2026-09-11 17:57:23,vale,380.0,aprobado,REF-8D1F3865
P-F1E7F066E7,V-788A436B7F,2026-09-11 17:57:23,transferencia,32.0,aprobado,REF-D660CEE8
P-8A508F865D,V-B8AA7B6CB0,2026-09-11 17:57:24,tarjeta,165.0,aprobado,REF-732FA919
P-7F5D9A380B,V-8337425484,2026-09-11 17:57:24,tarjeta,1170.0,aprobado,REF-02825F56
P-DE276F32F6,V-E7180BA918,2026-09-11 17:57:25,efectivo,110.0,aprobado,REF-0D5A9529
P-C66DC75C9C,V-3306630A19,2026-09-11 17:57:26,vale,144.0,aprobado,REF-AB3D634D
P-49300DFEE0,V-2021E9B32F,2026-09-11 17:57:26,efectivo,28.0,aprobado,REF-77D9CF86
P-9735C547CE,V-2AA55DC690,2026-09-11 17:57:27,tarjeta,110.0,aprobado,REF-CA7DC925
P-99F31A4946,V-97D307C148,2026-09-11 17:57:27,efectivo,42.0,aprobado,REF-BED072BC
P-05DF19E478,V-9F6C8B18E5,2026-09-11 17:57:28,efectivo,126.0,aprobado,REF-1B3A5106
P-3720EA9B66,V-10D6E290DE,2026-09-11 17:57:29,vale,36.0,aprobado,REF-4375D57D
P-24B8AC1C3E,V-7D61A92317,2026-09-11 17:57:29,transferencia,165.0,aprobado,REF-16D9BD32
P-5B6AB83088,V-FACCCA86F6,2026-09-11 17:57:30,tarjeta,72.0,aprobado,REF-0FCC5885
P-BA31EDAAD5,V-7FC4710F9C,2026-09-11 17:57:30,transferencia,56.0,pendiente,REF-804BBEA6
P-2F046D1318,V-CB479B7B47,2026-09-11 17:57:31,transferencia,1680.0,pendiente,REF-2583383B
P-9440729417,V-93C7BC246F,2026-09-11 17:57:31,vale,96.0,pendiente,REF-4A4D1AA8
P-5C3A241E45,V-4426C3F4D8,2026-09-11 18:02:59,transferencia,135.0,aprobado,REF-489D902B
P-4335BB3857,V-87557C5DBF,2026-09-11 18:03:00,vale,42.0,aprobado,REF-374B1C75
P-403A6FB7E5,V-6384649EE6,2026-09-11 18:03:00,vale,84.0,aprobado,REF-E3FB68D4
P-3561D09418,V-7A426A5ECF,2026-09-11 18:03:01,efectivo,126.0,aprobado,REF-8A0B9C15
P-38A75021B6,V-7F23E62E54,2026-09-11 18:03:02,tarjeta,135.0,pendiente,REF-D71B67D3
P-F440A84BFC,V-98F6426DA8,2026-09-11 18:03:02,tarjeta,55.0,pendiente,REF-BE742C59
P-CA9D66F6D6,V-31205FFE42,2026-09-11 18:03:03,vale,42.0,aprobado,REF-1D8439D6
P-968155FA86,V-443BF6FC33,2026-09-11 18:03:03,tarjeta,108.0,aprobado,REF-EBD3ADBF
P-BC5CAF276A,V-17E08FC8AF,2026-09-11 18:03:04,efectivo,54.0,aprobado,REF-69B3A446
P-6ED3B3741E,V-85D063A537,2026-09-11 18:03:05,vale,54.0,aprobado,REF-A7744EFE
P-8DC621F6C8,V-4080562191,2026-09-11 18:03:05,tarjeta,1260.0,aprobado,REF-149B1C12
P-683A0C33A2,V-37230F9B75,2026-09-11 18:03:05,vale,165.0,aprobado,REF-7B36FFEB
P-1584E0DCEC,V-F28B96A10C,2026-09-11 18:03:06,transferencia,32.0,pendiente,REF-98EBAFAA
P-63151C28E1,V-7B0BBFAEF1,2026-09-11 18:03:06,efectivo,210.0,aprobado,REF-D35A7899
P-5862661969,V-DB46E2EDC4,2026-09-11 18:03:07,vale,1260.0,pendiente,REF-7F245FC1
P-577BA351F8,V-1DD697D778,2026-09-11 18:03:07,tarjeta,140.0,aprobado,REF-BF6678C6
P-1DA4AAF42A,V-1CA398B3E1,2026-09-11 18:03:08,vale,110.0,aprobado,REF-0C784C09
P-23C152184B,V-22204E18B9,2026-09-11 18:03:08,transferencia,48.0,aprobado,REF-D613C6EF
P-2CABB9A0EB,V-3A926343E7,2026-09-11 18:03:09,vale,210.0,aprobado,REF-AB9E77B3
P-07AD406A96,V-B90CF39987,2026-09-11 18:03:10,transferencia,192.0,aprobado,REF-BCF8CE44
P-3FCA4F6D4C,V-9C959D5B4C,2026-09-11 18:03:10,transferencia,126.0,aprobado,REF-D68AE15A
P-0AE0F49DE2,V-A79984070C,2026-09-11 18:03:11,transferencia,45.0,pendiente,REF-DC4398C4
P-83F31F2CF3,V-9543EB99E5,2026-09-11 18:03:11,efectivo,760.0,pendiente,REF-D3021A0C
P-C93A06C090,V-E7683DE652,2026-09-11 18:03:12,tarjeta,108.0,pendiente,REF-98506592
P-4225D7B7A3,V-88C95AFB3F,2026-09-11 18:03:13,efectivo,2280.0,aprobado,REF-2D7C72E7
P-86307048EF,V-D1DDDA8CB4,2026-09-11 18:03:13,tarjeta,168.0,pendiente,REF-024A8AFC
P-C1E5FC5D73,V-44D6D7760B,2026-09-11 18:03:14,tarjeta,168.0,aprobado,REF-52634DF1
P-328307E498,V-59A99FA457,2026-09-11 18:03:14,transferencia,110.0,aprobado,REF-9A27572D
P-E422492383,V-1B09C08174,2026-09-11 18:03:15,tarjeta,42.0,pendiente,REF-3C57E404
P-B4D840F262,V-F453865A28,2026-09-11 18:03:15,vale,2280.0,aprobado,REF-E3F189AD
P-FD9625D2C4,V-890C4D859E,2026-09-11 18:03:16,efectivo,135.0,aprobado,REF-2D558722
P-E11EB28304,V-54428FF298,2026-09-11 18:03:16,tarjeta,225.0,pendiente,REF-F44113F9
P-951C6893A2,V-433630C5F9,2026-09-11 18:03:17,tarjeta,108.0,aprobado,REF-5390A41B
P-79CA8EE705,V-261D59AF83,2026-09-11 18:03:18,vale,220.0,aprobado,REF-15CE6D9C
P-21ED3EF3CA,V-2F1F68F0DE,2026-09-11 18:03:18,tarjeta,390.0,aprobado,REF-77168B5A
P-C26C2FD325,V-8F0AFFB3EB,2026-09-11 18:03:19,efectivo,840.0,pendiente,REF-4901DCF5
P-AF6C06E6CB,V-4B40E8D45E,2026-09-11 18:03:19,tarjeta,1520.0,aprobado,REF-5913DD1A
P-EC91AAD61C,V-E9BA9FA712,2026-09-11 18:03:20,transferencia,36.0,aprobado,REF-38D4308C
P-50BE538267,V-40FEA5F739,2026-09-11 18:03:21,efectivo,165.0,aprobado,REF-D747E0E5
P-4394CBA6B2,V-8450A827BD,2026-09-11 18:03:21,efectivo,165.0,aprobado,REF-C628D425
P-7ACAF48692,V-53A648AFA9,2026-09-11 18:03:22,efectivo,140.0,aprobado,REF-9B26FFAC
P-08950FEA82,V-B8D82D66AA,2026-09-11 18:03:23,efectivo,90.0,pendiente,REF-4FCD6EB3
P-DE19C43E12,V-872CD92798,2026-09-11 18:03:23,efectivo,1260.0,aprobado,REF-75DEDF1E
P-B8DCC2FA61,V-365FC71957,2026-09-11 18:03:23,efectivo,36.0,pendiente,REF-312A0DFB
P-9F37A7A5AE,V-1104E880D7,2026-09-11 18:03:24,transferencia,168.0,pendiente,REF-B84C1924
P-D3D82276B4,V-CCD8B2EBBC,2026-09-11 18:03:24,efectivo,72.0,aprobado,REF-81E55402
P-D036FDE3B3,V-D45C659DAA,2026-09-11 18:03:25,transferencia,270.0,aprobado,REF-320B8725
P-45F0EA5157,V-7591CBF3EC,2026-09-11 18:03:26,efectivo,36.0,aprobado,REF-8544E4DC
P-4B4460D0B5,V-A2F1582C64,2026-09-11 18:03:26,transferencia,1260.0,pendiente,REF-38EF904E
P-39D7E20CA0,V-B92CAB8C3A,2026-09-11 18:03:27,tarjeta,2520.0,pendiente,REF-13BA5828
P-EDC2FC74B1,V-5241BE0391,2026-09-11 18:03:27,vale,160.0,aprobado,REF-9FE69DA7
P-94776694CA,V-DA1038ED57,2026-09-11 18:03:28,efectivo,135.0,aprobado,REF-E41C61DF
P-F7C81027C9,V-AC7D8BB6DE,2026-09-11 18:03:28,vale,84.0,aprobado,REF-BD45B57C
P-114C3E3AF4,V-DC6CDDD2B4,2026-09-11 18:03:29,efectivo,135.0,aprobado,REF-F170C1BC
P-4F0081D08C,V-85E48CD96C,2026-09-11 18:03:30,vale,28.0,aprobado,REF-8A6D8654
P-17E17C5AA6,V-50D778A867,2026-09-11 18:03:30,efectivo,330.0,aprobado,REF-091245F5
P-37FAC94F18,V-6CE1287E82,2026-09-11 18:03:31,transferencia,55.0,aprobado,REF-F1F05F5F
P-9238C6CEE2,V-D8F7A11CE2,2026-09-11 18:03:32,efectivo,840.0,aprobado,REF-4B3E2943
P-6BA367661C,V-A119A52869,2026-09-11 18:03:32,efectivo,48.0,aprobado,REF-3A2285E2
P-C059DF7F34,V-50DA060F94,2026-09-11 18:03:33,transferencia,2340.0,pendiente,REF-26CEEF2E
P-E4C03EDB74,V-24540D4616,2026-09-11 18:03:33,efectivo,330.0,pendiente,REF-D690F44C
P-0FA73097F7,V-FC063D1089,2026-09-11 18:03:34,vale,144.0,aprobado,REF-6DFCDD61
P-15E7E54221,V-58FE4A773C,2026-09-11 18:03:34,tarjeta,1260.0,aprobado,REF-D59F0731
P-586C56F8C3,V-5BBEC0E270,2026-09-11 18:03:35,tarjeta,1520.0,aprobado,REF-4334E469
P-A6AC2C5F63,V-308952A43B,2026-09-11 18:03:36,vale,126.0,aprobado,REF-2A56D698
P-84B9A87CF3,V-19EA7EEFA9,2026-09-11 18:03:36,transferencia,90.0,aprobado,REF-6FCB6674
P-E7BC9EA01D,V-997ED643C9,2026-09-11 18:03:37,efectivo,1950.0,aprobado,REF-3FF8DFEF
P-AE872FACF0,V-CF1556709E,2026-09-11 18:03:37,tarjeta,55.0,pendiente,REF-EC140696
P-2E89FED797,V-C1F10BD42E,2026-09-11 18:03:38,vale,165.0,aprobado,REF-FAFA024F
P-A1EE15E119,V-9703C687D1,2026-09-11 18:03:38,transferencia,90.0,pendiente,REF-37320DA7
P-152333B3D0,V-CF6043588B,2026-09-11 18:03:39,vale,96.0,aprobado,REF-C0DFB387
P-16F8BD8144,V-DBF097A455,2026-09-11 18:03:39,transferencia,160.0,aprobado,REF-B17E0CAF
P-F5985B4B8E,V-640F4B4E12,2026-09-11 18:03:40,tarjeta,840.0,aprobado,REF-D162ACBC
P-6AAE07F41B,V-46581F0D71,2026-09-11 18:03:40,transferencia,45.0,aprobado,REF-4119672E
P-E493E3FECD,V-1AB1DCBD04,2026-09-11 18:03:41,transferencia,1140.0,aprobado,REF-FF7C2A05
P-9EBB06E7C6,V-AB984CBCA2,2026-09-11 18:03:42,vale,1560.0,aprobado,REF-F851E152
P-3F91B0880C,V-97C49EA6C0,2026-09-11 18:03:43,vale,110.0,aprobado,REF-D8095D28
P-494C5C0E5D,V-1C90A8EC10,2026-09-11 18:03:43,transferencia,288.0,aprobado,REF-3276E527
P-126EC08C20,V-45AB703E56,2026-09-11 18:03:44,efectivo,390.0,pendiente,REF-85A74F61
P-29CB46FD49,V-32358B697D,2026-09-11 18:03:45,transferencia,840.0,aprobado,REF-AD350541
P-7452FBD8E6,V-3F9F24A155,2026-09-11 18:03:46,transferencia,64.0,aprobado,REF-8858788F
P-A400BE0D4A,V-4E1D97B187,2026-09-11 18:03:46,transferencia,112.0,pendiente,REF-755C61D3
P-0EC4065A87,V-74836D5919,2026-09-11 18:03:47,tarjeta,165.0,pendiente,REF-5EED7FB1
P-2D6C89126D,V-9AF1F8CC7F,2026-09-11 18:03:48,efectivo,168.0,aprobado,REF-06D97DB9
P-77BA485D12,V-EEA6ED0D46,2026-09-11 18:03:48,transferencia,64.0,aprobado,REF-A2A23087
P-0777297D6C,V-E95088B8AE,2026-09-11 18:03:49,tarjeta,168.0,pendiente,REF-9B92991E
P-7F5092BC9A,V-43F549DF43,2026-09-11 18:03:49,transferencia,192.0,pendiente,REF-2A20BF04
P-2CE076FABA,V-C061526260,2026-09-11 18:03:50,tarjeta,288.0,aprobado,REF-5948CAC3
P-3606D665B7,V-D2F56950F5,2026-09-11 18:03:50,efectivo,1680.0,pendiente,REF-F61FA22E
P-076C329D29,V-ECB5497A10,2026-09-11 18:03:51,transferencia,90.0,aprobado,REF-8C7E72B4
P-8B06EDBA67,V-7ABFB85874,2026-09-11 18:03:51,tarjeta,108.0,aprobado,REF-281D9FD5
P-4E8F9C0BE8,V-27523377C7,2026-09-11 18:03:52,tarjeta,1680.0,aprobado,REF-97A45390
P-EFD459D69E,V-2E7D32AE94,2026-09-11 18:03:52,vale,252.0,aprobado,REF-4329E7CD
P-EB44AFBDA4,V-273FB6EDB2,2026-09-11 18:03:53,transferencia,112.0,pendiente,REF-21399F77
P-D5BF5986C8,V-E56D1E6735,2026-09-11 18:03:54,vale,252.0,aprobado,REF-8786091B
P-130F8B0AFC,V-5CCB0E4AA5,2026-09-11 18:03:54,tarjeta,112.0,pendiente,REF-D8B8855C
P-483E91B6D5,V-07DD8F8A47,2026-09-11 18:03:55,vale,32.0,aprobado,REF-28E3B4E8
P-709127526A,V-E7D83E86A4,2026-09-11 18:03:55,transferencia,48.0,aprobado,REF-044062A8
P-14F9A8C035,V-B001DF91CB,2026-09-11 18:03:56,tarjeta,420.0,aprobado,REF-38D4340B
P-B87C37242D,V-066EC24F02,2026-09-11 18:03:56,tarjeta,192.0,aprobado,REF-4D62F823
P-59E72B84F7,V-EE1DA01B5F,2026-09-11 18:03:57,vale,225.0,aprobado,REF-BD18E3B3
P-34BFEACD36,V-B9A6E4E2A7,2026-09-11 18:03:57,efectivo,2280.0,aprobado,REF-DB0A6723
P-AD83214843,V-046C3A8AF4,2026-09-11 18:03:58,transferencia,225.0,aprobado,REF-827A37A0
P-FA0312D4EC,V-40A542B6E6,2026-09-11 18:03:58,efectivo,84.0,pendiente,REF-04593AB0
P-458FEDA9AB,V-B2B87A9949,2026-09-11 18:03:59,vale,18.0,pendiente,REF-CC060A2D
P-B6083DBA65,V-3B4DF8DBD9,2026-09-11 18:04:00,tarjeta,780.0,pendiente,REF-97E5C0C9
P-E0CF249BF0,V-7526B9EE90,2026-09-11 18:04:00,transferencia,84.0,aprobado,REF-66964474
P-799BDB9B93,V-03F4DE5284,2026-09-11 18:04:01,vale,160.0,aprobado,REF-A0B96298
P-F48ACBF9E5,V-F814A01E9F,2026-09-11 18:04:02,tarjeta,84.0,aprobado,REF-7A527D78
P-D119BE3DC0,V-E11403D861,2026-09-11 18:04:02,transferencia,2280.0,aprobado,REF-0691FD5D
P-C4F91A594D,V-0AFEE20440,2026-09-11 18:04:03,tarjeta,780.0,pendiente,REF-B5B92D69
P-CEC8CE57EF,V-76EA9085CF,2026-09-11 18:04:03,tarjeta,128.0,aprobado,REF-3B60C558
P-9A70E309FE,V-E5904121A6,2026-09-11 18:04:04,vale,240.0,aprobado,REF-6E45BD45
P-89B972244E,V-DF41101023,2026-09-11 18:04:05,tarjeta,2100.0,aprobado,REF-7F40CCEE
P-DD6A83502E,V-DA9702E56E,2026-09-11 18:04:05,tarjeta,90.0,aprobado,REF-0AEFC74B
P-E85C6059F4,V-1249A52678,2026-09-11 18:04:06,tarjeta,72.0,aprobado,REF-9740DB4F
P-E34FD6CF5C,V-E1104B1A37,2026-09-11 18:04:06,vale,1950.0,pendiente,REF-B2587AF2
P-54C9ACD1F0,V-D54FE1FDDD,2026-09-11 18:04:07,tarjeta,168.0,aprobado,REF-62D89CC5
P-4485937739,V-23F9516905,2026-09-11 18:04:08,efectivo,780.0,aprobado,REF-03513F2F
P-AFF485183D,V-61D77C6711,2026-09-11 18:04:08,transferencia,2100.0,pendiente,REF-2FC6DAF4
P-1BA441FBC0,V-D200F5781E,2026-09-11 18:04:09,vale,1560.0,pendiente,REF-EC841F04
P-4B6F9108D5,V-621CD51ED0,2026-09-11 18:04:09,transferencia,126.0,aprobado,REF-8B5EF9B7
P-D91620E0CC,V-4474D7CD3C,2026-09-11 18:04:10,efectivo,840.0,pendiente,REF-47509187
P-7FBEDE124C,V-7DD0EF601E,2026-09-11 18:04:10,efectivo,45.0,aprobado,REF-D0663CBE
P-5998CB02F9,V-8AB5441502,2026-09-11 18:04:11,transferencia,2100.0,aprobado,REF-0A67563A
P-14E6DA7186,V-89AC594B31,2026-09-11 18:04:12,vale,140.0,pendiente,REF-CB768C42
P-EF873115B9,V-72422BD0F7,2026-09-11 18:04:12,tarjeta,96.0,pendiente,REF-E37BE7E7
P-72217E9D3B,V-92B73415EC,2026-09-11 18:04:13,efectivo,225.0,pendiente,REF-4D4683D7
P-E98A93F620,V-727929024B,2026-09-11 18:04:14,transferencia,252.0,aprobado,REF-49C0395C
P-70CE73B829,V-B284D9312A,2026-09-11 18:04:14,efectivo,840.0,pendiente,REF-2CD6664A
P-942F05C0C6,V-8B591FCF30,2026-09-11 18:04:15,vale,55.0,pendiente,REF-B24598F6
P-FD926BDEA0,V-BFF98D3B40,2026-09-11 18:04:15,efectivo,126.0,aprobado,REF-E4B1310D
P-25BD707734,V-F32F3BB70D,2026-09-11 18:04:16,vale,96.0,aprobado,REF-4B2FD3E4
P-6C8F8EA551,V-E0D9F124B9,2026-09-11 18:04:16,transferencia,110.0,aprobado,REF-3116F2D0
P-E069F09714,V-CC0CC27D27,2026-09-11 18:04:17,efectivo,36.0,aprobado,REF-3C1BD385
P-3440878CFC,V-8950D3B5E8,2026-09-11 18:04:17,transferencia,96.0,aprobado,REF-93BE6827
P-3C17D8A059,V-98D245B86C,2026-09-11 18:04:18,transferencia,288.0,aprobado,REF-4E2BC2B6
P-5ABE1BDFE1,V-17E4EE1CB5,2026-09-11 18:04:18,vale,275.0,aprobado,REF-EDD01CB7
P-707408F52C,V-F9FEA0C5B5,2026-09-11 18:04:19,vale,380.0,pendiente,REF-7C288545
P-4B8A46AE93,V-82CFE10450,2026-09-11 18:04:20,tarjeta,420.0,aprobado,REF-4CE31787
P-998F416F58,V-B642289652,2026-09-11 18:04:20,tarjeta,840.0,aprobado,REF-2B9EB146
P-51A4C46045,V-1C510D3B09,2026-09-11 18:04:21,tarjeta,390.0,aprobado,REF-2B22AFA4
P-DCE098F79E,V-B1224469EC,2026-09-11 18:04:22,vale,96.0,aprobado,REF-6331143D
P-8CE255946E,V-8A682D4D96,2026-09-11 18:04:22,transferencia,108.0,aprobado,REF-75BD83F1
P-6D006B640D,V-891A6814CE,2026-09-11 18:04:23,transferencia,270.0,aprobado,REF-65DD8A4F
P-0D757D1FB7,V-40075087B1,2026-09-11 18:04:24,efectivo,144.0,aprobado,REF-DB644D3E
P-801B59B8AD,V-852E71CE3B,2026-09-11 18:04:24,vale,96.0,pendiente,REF-7807BEC2
P-E5AB37CA32,V-48B87E206D,2026-09-11 18:04:24,vale,192.0,pendiente,REF-8C24D807
P-78BA4B6259,V-717E3CC86A,2026-09-11 18:04:25,tarjeta,1520.0,aprobado,REF-1ACE8AB3
P-9F15CFDF8A,V-7AB54EC072,2026-09-11 18:04:26,vale,1140.0,aprobado,REF-B7EE9C31
P-6368B37918,V-4E36DDE3B7,2026-09-11 18:04:26,vale,390.0,aprobado,REF-15EA0BC0
P-736FB92511,V-9228D5544E,2026-09-11 18:04:27,efectivo,90.0,pendiente,REF-E7DC551B
P-D0BC8EA340,V-DB523D3807,2026-09-11 18:04:27,vale,84.0,aprobado,REF-CF1335D4
P-243358F2F9,V-1EC7323D2A,2026-09-11 18:04:27,efectivo,192.0,pendiente,REF-E70FDC44
P-935F66A749,V-3B44EB58B9,2026-09-11 18:04:28,tarjeta,90.0,aprobado,REF-59E5B1BA
P-20C623B48A,V-BAC83A5746,2026-09-11 18:04:28,transferencia,1520.0,aprobado,REF-EA335489
P-412875B396,V-1144693FF4,2026-09-11 18:04:29,vale,192.0,aprobado,REF-57F2697C
P-42847AAE83,V-908C502ABF,2026-09-11 18:04:30,transferencia,2520.0,aprobado,REF-9272088D
P-75DCD94E9A,V-D3BB59D051,2026-09-11 18:04:30,tarjeta,1680.0,aprobado,REF-9CBAB827
P-4B464D759A,V-B4E13CB29A,2026-09-11 18:04:31,tarjeta,56.0,pendiente,REF-7554F860
P-5DA6236839,V-7A3A535670,2026-09-11 18:04:31,efectivo,42.0,aprobado,REF-0B590FAE
P-D164E5A128,V-2BE82A85F6,2026-09-11 18:04:32,tarjeta,2280.0,aprobado,REF-E5AD8BF4
P-D4B2306FC1,V-511DF5A4CA,2026-09-11 18:04:32,vale,780.0,aprobado,REF-656FC54E
P-78DC688395,V-8C47DF64AF,2026-09-11 18:04:33,tarjeta,42.0,aprobado,REF-31B3C967
P-6F155A78D5,V-5D28813899,2026-09-11 18:04:33,vale,168.0,aprobado,REF-07E92FDC
P-999BDDCF13,V-C4F7ED57C2,2026-09-11 18:04:34,tarjeta,1680.0,aprobado,REF-811350EC
P-3CCF28B77E,V-8A55E1887F,2026-09-11 18:04:35,tarjeta,225.0,pendiente,REF-B9FF9674
P-B6D8B69035,V-BEB6A4B7F4,2026-09-11 18:04:35,tarjeta,54.0,aprobado,REF-546D82C8
P-87C7E65F55,V-3AEF44CE60,2026-09-11 18:04:36,vale,165.0,aprobado,REF-E7EF1B1F
P-C0A2EAF451,V-E826241D72,2026-09-11 18:04:36,transferencia,2520.0,pendiente,REF-13C55D5F
P-4F912752ED,V-54FB1AA6F9,2026-09-11 18:04:36,transferencia,32.0,aprobado,REF-B79212DE
P-0204BF8D66,V-A5BDCEF206,2026-09-11 18:04:37,transferencia,192.0,pendiente,REF-C9DECA4B
P-2C478D2920,V-E2719C739C,2026-09-11 18:04:37,transferencia,1520.0,aprobado,REF-C4EEEEA3
P-2DFD981C8C,V-CC791EA6FD,2026-09-11 18:04:38,efectivo,36.0,aprobado,REF-EB8CAEAD
P-5CB09277FC,V-4C6148CE07,2026-09-11 18:04:39,vale,780.0,pendiente,REF-3B870A9E
P-032CD10288,V-971E719763,2026-09-11 18:04:39,vale,210.0,pendiente,REF-F15DDAC8
P-A16441A21B,V-9EABE030CD,2026-09-11 18:04:40,efectivo,220.0,aprobado,REF-2E797B4E
P-FF3CAAB075,V-F35E38BDB4,2026-09-11 18:04:40,efectivo,90.0,aprobado,REF-69B778E6
P-7539B9E77D,V-31B2700BD6,2026-09-11 18:04:41,efectivo,240.0,pendiente,REF-79D744B0
P-2942D4824B,V-B812FE99EA,2026-09-11 18:04:41,transferencia,110.0,aprobado,REF-37F0636F
P-A830D436E5,V-24F90B7C3D,2026-09-11 18:04:42,efectivo,28.0,pendiente,REF-D289D6C7
P-C734CA1D16,V-836599ED10,2026-09-11 18:04:43,transferencia,1520.0,aprobado,REF-0878D5C6
P-0F42F8C08E,V-85AB1F623E,2026-09-11 18:04:43,efectivo,2280.0,aprobado,REF-06F990E5
P-996A6EBC51,V-A948D8729F,2026-09-11 18:04:44,tarjeta,840.0,aprobado,REF-1F5DBFE4
P-75AA303105,V-D991281A8F,2026-09-11 18:04:44,efectivo,1900.0,aprobado,REF-5063DD83
P-067537DFED,V-08CEC2F614,2026-09-11 18:04:45,efectivo,45.0,aprobado,REF-064BDAFF
P-3BED2FBF53,V-E37FCA80AD,2026-09-11 18:04:45,transferencia,1560.0,pendiente,REF-F1CEB58F
P-B96847EC9E,V-7F2DA16D88,2026-09-11 18:04:45,tarjeta,56.0,pendiente,REF-EED6F20F
P-5B6F695A3E,V-5BCC83EA31,2026-09-11 18:04:46,transferencia,1140.0,pendiente,REF-D551E6AC
P-FA562C830F,V-2F6478532A,2026-09-11 18:04:47,efectivo,168.0,aprobado,REF-A095669E
P-6E70C4852D,V-06C38A87D6,2026-09-11 18:04:47,efectivo,252.0,pendiente,REF-ABDA6625
P-1E24B39F87,V-1E99EE23BD,2026-09-11 18:04:48,vale,1900.0,aprobado,REF-89D288F0
P-82A3C307D8,V-ADDA03F4F9,2026-09-11 18:04:48,transferencia,240.0,aprobado,REF-FCD76338
P-940F35D4A7,V-F69A511C9D,2026-09-11 18:04:49,vale,160.0,aprobado,REF-A5C51128
P-4AA0BC01B5,V-C85AECC547,2026-09-11 18:04:50,efectivo,192.0,aprobado,REF-38C11D7F
P-018012CFAA,V-6D3A123C0D,2026-09-11 18:04:50,tarjeta,126.0,pendiente,REF-160B7009
P-6BA00AFC12,V-ED346B74BC,2026-09-11 18:04:51,efectivo,252.0,aprobado,REF-7ACB31AF
P-D0E60B31FF,V-25748D8404,2026-09-11 18:04:52,transferencia,760.0,aprobado,REF-559576C3
P-CF161E6FBE,V-81A305E882,2026-09-11 18:04:52,efectivo,84.0,aprobado,REF-2DC05CF2
P-BB308AF9FD,V-F8A12AE4B5,2026-09-11 18:04:53,efectivo,45.0,aprobado,REF-9DAEC0A6
P-213BCE7E46,V-29AA84A266,2026-09-11 18:04:53,efectivo,192.0,aprobado,REF-1987B15D
P-71C1B6A1BF,V-E1CFC37E74,2026-09-11 18:04:54,vale,128.0,aprobado,REF-BCC4A170
P-F98A8EEE04,V-FAA8CCC88C,2026-09-11 18:04:54,tarjeta,54.0,aprobado,REF-5D7C939D
P-706FAF3D92,V-1A411CD13A,2026-09-11 18:04:55,tarjeta,225.0,aprobado,REF-5AC112CE
P-454D0CE626,V-7BD9D937EE,2026-09-11 18:04:56,efectivo,56.0,aprobado,REF-49AB47BD
P-0484C402B3,V-1ED58A81D0,2026-09-11 18:04:56,efectivo,192.0,aprobado,REF-35AA1A25
P-FA38FCD9C8,V-130452C11C,2026-09-11 18:04:57,tarjeta,84.0,aprobado,REF-FBD4C763
P-18D957DBD8,V-ED890E19F5,2026-09-11 18:04:58,transferencia,840.0,aprobado,REF-2EE9CE44
P-6CB9A5725C,V-6200832F7A,2026-09-11 18:04:58,transferencia,135.0,aprobado,REF-64DF2536
P-769A042645,V-FFF5C8F354,2026-09-11 18:04:59,vale,220.0,pendiente,REF-9EA3A998
P-3FE028E0E7,V-B97BF9107F,2026-09-11 18:04:59,tarjeta,270.0,aprobado,REF-0E1B8F45
P-A0453DB1EF,V-D07037E4A1,2026-09-11 18:05:00,vale,108.0,pendiente,REF-D35B6B52
P-40DF89A7EC,V-FD55AE8790,2026-09-11 18:05:00,vale,420.0,aprobado,REF-3337AE0D
P-DCD54E8631,V-316438752E,2026-09-11 18:05:01,efectivo,108.0,aprobado,REF-70F49BEB
P-1DF03667CC,V-0D8F030F41,2026-09-11 18:05:01,transferencia,240.0,aprobado,REF-ECDFB260
P-2C3C929E67,V-4588AD5D9B,2026-09-11 18:05:02,tarjeta,180.0,pendiente,REF-1C539166
P-87B9789F48,V-9E2376BFDF,2026-09-11 18:05:03,efectivo,275.0,aprobado,REF-FC97F30E
P-5C22BBB3F2,V-CB00ED917C,2026-09-11 18:05:03,tarjeta,1140.0,aprobado,REF-0E22129B
P-20B274D866,V-74272CEAD0,2026-09-11 18:05:04,tarjeta,108.0,aprobado,REF-B704D5E5
P-CD8919C174,V-F5F505C74B,2026-09-11 18:05:04,vale,2280.0,aprobado,REF-61A9A726
P-415C09BB52,V-0599B7B03B,2026-09-11 18:05:05,efectivo,1170.0,aprobado,REF-2D422308
P-918C3EA21A,V-052C9E49B9,2026-09-11 18:05:05,tarjeta,330.0,aprobado,REF-AC5D75F1
P-A9B2FB30F6,V-1C27F7D650,2026-09-11 18:05:06,vale,160.0,pendiente,REF-8D12769A
P-6961F2C583,V-A32407D4BB,2026-09-11 18:05:07,tarjeta,1560.0,pendiente,REF-E36D8750
P-B261287AB8,V-5E1215793C,2026-09-11 18:05:07,transferencia,1260.0,aprobado,REF-444A1CA3
P-FFE133E54E,V-3ADAC2AFF4,2026-09-11 18:05:08,efectivo,135.0,pendiente,REF-6110E9F6
P-5B17DDBF0B,V-DF03894154,2026-09-11 18:05:08,vale,330.0,aprobado,REF-F7DF307A
P-5D54532D64,V-0E5C5072C0,2026-09-11 18:05:09,vale,2100.0,aprobado,REF-578D0977
P-9FDE746590,V-EF83791499,2026-09-11 18:05:10,efectivo,220.0,aprobado,REF-09B70869
P-805D8FB0BB,V-F33BB455CB,2026-09-11 18:05:10,efectivo,126.0,pendiente,REF-3A2956ED
P-55F98865DF,V-3E9C66CE3B,2026-09-11 18:05:11,tarjeta,126.0,aprobado,REF-52AFF7B3
P-44376FED3A,V-8A19930529,2026-09-11 18:05:11,efectivo,760.0,aprobado,REF-D9959BF3
P-2767722753,V-F6DE649AD3,2026-09-11 18:05:12,transferencia,168.0,aprobado,REF-C2DAC781
P-405D0FBE5A,V-BB91D82EB4,2026-09-11 18:05:13,tarjeta,420.0,aprobado,REF-25FC4BEC
P-6FC3F28ED4,V-C4B36BE6B8,2026-09-11 18:05:13,vale,42.0,pendiente,REF-4D590E12
P-C1F3F3B419,V-41EF6CF26B,2026-09-11 18:05:14,efectivo,220.0,aprobado,REF-2DC8D319
P-8C59990F3E,V-022D14609C,2026-09-11 18:05:15,tarjeta,140.0,pendiente,REF-E7DF84CE
P-980BC94153,V-CEB8820C9C,2026-09-11 18:05:15,efectivo,90.0,pendiente,REF-4493BDB0
P-BC79A5FB6E,V-4BBE3973D1,2026-09-11 18:05:16,tarjeta,1260.0,aprobado,REF-3D046F9B
P-E0D1ADE515,V-EAF9604E1C,2026-09-11 18:05:16,efectivo,288.0,aprobado,REF-39CBC838
P-8868A7AB7F,V-80BC728160,2026-09-11 18:05:17,vale,36.0,aprobado,REF-F7217EE2
P-995579814B,V-D830A0B448,2026-09-11 18:05:17,efectivo,1140.0,aprobado,REF-0AB291A2
P-657C284EC5,V-351C2EE49A,2026-09-11 18:05:18,transferencia,270.0,aprobado,REF-7590E9BF
P-FEDEB418C4,V-C5113BDFC5,2026-09-11 18:05:19,tarjeta,780.0,aprobado,REF-16C05A17
P-1BB84F6869,V-513FAF976C,2026-09-11 18:05:19,transferencia,840.0,aprobado,REF-52A6DBEC
P-C8BAB2FC4F,V-5C1A94589F,2026-09-11 18:05:20,efectivo,144.0,pendiente,REF-D5E59551
P-D6D6967F49,V-28F2417045,2026-09-11 18:05:21,transferencia,1260.0,aprobado,REF-82A35073
P-CBA67BAB63,V-FD34740BCC,2026-09-11 18:05:21,tarjeta,270.0,aprobado,REF-E5B2564A
P-4FC555CF5E,V-68F78D4545,2026-09-11 18:05:22,efectivo,32.0,aprobado,REF-FF4AAF12
P-D1E9F5417E,V-7AD079A76A,2026-09-11 18:05:23,transferencia,1950.0,aprobado,REF-081E10F1
P-E16A3D74AC,V-C8202719B0,2026-09-11 18:05:23,efectivo,72.0,aprobado,REF-497D4596
P-516B026B4D,V-332F620B16,2026-09-11 18:05:24,transferencia,84.0,pendiente,REF-38276D8D
P-64DA3037CE,V-023079941A,2026-09-11 18:05:24,transferencia,55.0,aprobado,REF-3A33EB8F
P-EE84D8C231,V-3F832A702D,2026-09-11 18:05:25,efectivo,168.0,aprobado,REF-10B8A05E
P-6DAB6DCD31,V-00A87C497A,2026-09-11 18:05:26,efectivo,96.0,pendiente,REF-BE3E7C31
P-4C29C6CA32,V-668E85E347,2026-09-11 18:05:26,tarjeta,420.0,pendiente,REF-38E8D990
P-B5FAF139C5,V-44AE1A7105,2026-09-11 18:05:27,efectivo,780.0,aprobado,REF-43808EC8
P-3785C4F90F,V-002D1B232A,2026-09-11 18:05:27,efectivo,330.0,pendiente,REF-F6D3DB30
P-F5DF165377,V-199C12D87A,2026-09-11 18:05:28,tarjeta,180.0,aprobado,REF-0A19C6A1
P-1796426FA0,V-90232B7A0F,2026-09-11 18:05:28,efectivo,1140.0,pendiente,REF-E0D7EAC0
P-FC80CB7725,V-86A1D5C009,2026-09-11 18:05:29,tarjeta,135.0,pendiente,REF-79BDA722
P-AE0BA9EB70,V-C9B2353B28,2026-09-11 18:05:29,vale,55.0,aprobado,REF-E290C2C2
P-4F054B2036,V-F78528408E,2026-09-11 18:05:30,vale,72.0,aprobado,REF-65770968
P-3F3D4D8C49,V-B66C19DCA6,2026-09-11 18:05:31,efectivo,84.0,aprobado,REF-004B6DA5
P-429CDF0D50,V-7B18CB5E27,2026-09-11 18:05:31,vale,18.0,aprobado,REF-3E1F9B63
P-5922A51E54,V-76735A3923,2026-09-11 18:05:32,tarjeta,1260.0,aprobado,REF-66F54ED3
P-371DB1FF62,V-F82357AABA,2026-09-11 18:05:32,efectivo,168.0,aprobado,REF-496C3F79
P-E79ED352EF,V-07E929C981,2026-09-11 18:05:33,tarjeta,2100.0,pendiente,REF-61B0218A
P-9ECA72BE91,V-0C722ED3DF,2026-09-11 18:05:33,vale,84.0,pendiente,REF-6772EBE7
P-3A23B9CD80,V-3082FBC19C,2026-09-11 18:05:34,transferencia,1520.0,aprobado,REF-76A43C84
P-FA44CC66B1,V-81744DF7F5,2026-09-11 18:05:34,transferencia,192.0,aprobado,REF-A160FE6D
P-C09B517A47,V-CD38A5170B,2026-09-11 18:05:35,transferencia,1560.0,aprobado,REF-8063899C
P-5007DDFAA3,V-75D3AA8B8B,2026-09-11 18:05:35,vale,180.0,aprobado,REF-AB0B875A
P-DAE168FF48,V-E94755F650,2026-09-11 18:05:36,efectivo,18.0,aprobado,REF-E3AD7478
P-6CCE89F47F,V-089B3560ED,2026-09-11 18:05:37,tarjeta,168.0,aprobado,REF-4FE67F57
P-41F3B0B696,V-90FA2137F3,2026-09-11 18:05:37,transferencia,1560.0,pendiente,REF-8F8A777C
P-1D709FF338,V-912319C5D2,2026-09-11 18:05:38,efectivo,420.0,aprobado,REF-1A94B6C4
P-5798C1B095,V-5DB43F347A,2026-09-11 18:05:38,tarjeta,840.0,aprobado,REF-835BB203
P-A6DAF18C3E,V-C2BDE427DA,2026-09-11 18:05:39,transferencia,168.0,aprobado,REF-EAD5476B
P-138FAA5CF2,V-3B1B1C369F,2026-09-11 18:05:39,transferencia,780.0,aprobado,REF-A5EA386F
P-A1A466210C,V-A62381497B,2026-09-11 18:05:40,tarjeta,48.0,aprobado,REF-B34A25AC
P-DF0547CAB3,V-C43B2B66E0,2026-09-11 18:05:41,vale,128.0,aprobado,REF-59776173
P-15FFF9A783,V-48F1423009,2026-09-11 18:05:41,tarjeta,55.0,aprobado,REF-78073AEE
P-B185BF6127,V-653B18C460,2026-09-11 18:05:42,vale,96.0,aprobado,REF-96C470B7
P-2ED711E0AF,V-935C9ACCC0,2026-09-11 18:05:43,transferencia,252.0,aprobado,REF-1DF9716C
P-C122B4BDF9,V-22449B5815,2026-09-11 18:05:43,transferencia,780.0,pendiente,REF-E6FB69D5
P-E8AA052DE1,V-82A0E7422D,2026-09-11 18:05:44,transferencia,45.0,aprobado,REF-3D95FDF6
P-0DEDCC9A05,V-40369E9971,2026-09-11 18:05:44,vale,110.0,aprobado,REF-A19C624D
P-989A309C47,V-E1A1A3BECC,2026-09-11 18:05:45,transferencia,760.0,aprobado,REF-6AC95204
P-B8B8B3B685,V-67E4978FEB,2026-09-11 18:05:45,transferencia,240.0,aprobado,REF-30B4C107
P-E71B48955C,V-EB621B9DC8,2026-09-11 18:05:46,vale,840.0,aprobado,REF-12F0833C
P-C3AE658180,V-E2E5505B85,2026-09-11 18:05:46,vale,32.0,aprobado,REF-F714A4D8
P-942221FB16,V-B430D6063B,2026-09-11 18:05:47,vale,2100.0,aprobado,REF-553A326D
P-E82A7BC7D9,V-5C96A7F2BB,2026-09-11 18:05:48,efectivo,2340.0,aprobado,REF-94485B52
P-0EE679903B,V-A944302761,2026-09-11 18:05:48,tarjeta,1900.0,pendiente,REF-DBE73915
P-723C5C61CA,V-D605E66AC2,2026-09-11 18:05:49,vale,180.0,aprobado,REF-FE6FD4A3
P-26F5FF1E2D,V-E59B85AC01,2026-09-11 18:05:49,tarjeta,1680.0,pendiente,REF-D44CB9B6
P-4F77A639A0,V-1AE8898411,2026-09-11 18:05:50,vale,760.0,aprobado,REF-1D682724
P-9DA110C595,V-5F0D09C9CE,2026-09-11 18:05:51,efectivo,90.0,aprobado,REF-88EA7F7E
P-37F4410D6F,V-938594DDAF,2026-09-11 18:05:51,vale,1950.0,aprobado,REF-32A6712E
P-FFC7D56BD4,V-07B8F1545C,2026-09-11 18:05:51,transferencia,240.0,pendiente,REF-B4046F91
P-5B84121BB2,V-30CCB2324C,2026-09-11 18:05:52,tarjeta,330.0,aprobado,REF-8533565A
P-29E4EA9E9C,V-A3BCACCDF3,2026-09-11 18:05:53,transferencia,90.0,pendiente,REF-E1EEFEE3
P-9F371887D8,V-69B7319315,2026-09-11 18:05:53,transferencia,90.0,aprobado,REF-7D300D65
P-BCF2B677DB,V-10D757182D,2026-09-11 18:05:54,vale,220.0,aprobado,REF-4DB3D37C
P-BE5053276D,V-F5811DA069,2026-09-11 18:05:54,vale,2340.0,aprobado,REF-EFABCF13
P-1297DF059E,V-FFF1F23767,2026-09-11 18:05:55,transferencia,2520.0,aprobado,REF-219A5A65
P-3558D3B948,V-EFEA0754B6,2026-09-11 18:05:56,tarjeta,42.0,aprobado,REF-5E9A2982
P-E0BDE1820A,V-C01E6D3728,2026-09-11 18:05:56,vale,48.0,aprobado,REF-BAB90BF2
P-4B46A5ACF3,V-32DFE666D6,2026-09-11 18:05:57,transferencia,380.0,aprobado,REF-3C2D0D5C
P-239B264CC8,V-3BC10E0B5A,2026-09-11 18:05:57,tarjeta,28.0,aprobado,REF-DD6A6AD6
P-95CBBE8ED6,V-463C6C7929,2026-09-11 18:05:58,tarjeta,380.0,aprobado,REF-DA3D1C9E
P-DFA18DAD3C,V-0CABFD832C,2026-09-11 18:05:58,vale,135.0,aprobado,REF-D6C88CDB
P-FCE09CB590,V-753F480262,2026-09-11 18:05:59,transferencia,90.0,pendiente,REF-0E62469B
P-6DB94CFB1D,V-18A7A70C31,2026-09-11 18:05:59,vale,225.0,pendiente,REF-AF9CE5D4
P-3936DC9F73,V-2B86C21E82,2026-09-11 18:06:00,tarjeta,84.0,aprobado,REF-41BCAC6F
P-5376670C1A,V-D74B0F7A8E,2026-09-11 18:06:00,tarjeta,128.0,pendiente,REF-84E9396D
P-F0A444D097,V-2B4B537E9D,2026-09-11 18:06:01,tarjeta,64.0,aprobado,REF-451F2F3B
P-F7DA8B2154,V-7043E4D2D7,2026-09-11 18:06:01,efectivo,64.0,pendiente,REF-A64C6FD1
P-90AB6CBEE8,V-6D7C64F470,2026-09-11 18:06:02,tarjeta,168.0,aprobado,REF-7FB2046E
P-A9DE40BC58,V-E1A949C8D0,2026-09-11 18:06:03,vale,140.0,pendiente,REF-ECB1375E
P-12082C0AEC,V-A498AB45B0,2026-09-11 18:06:03,vale,72.0,aprobado,REF-D0F6512A
P-5471CFD0D9,V-B1614EA244,2026-09-11 18:06:03,vale,90.0,aprobado,REF-0579B032
P-BC3D2D45D0,V-31278612D9,2026-09-11 18:06:04,transferencia,90.0,aprobado,REF-A3718DB4
P-0DCEE4D4EC,V-51CAA1A4E0,2026-09-11 18:06:05,transferencia,126.0,aprobado,REF-48644B90
P-778A8D8115,V-37D3666697,2026-09-11 18:06:05,vale,36.0,aprobado,REF-30B50C82
P-4233806F4A,V-82DB083EBD,2026-09-11 18:06:06,efectivo,270.0,pendiente,REF-5B28800D
P-B098ACF778,V-B283689695,2026-09-11 18:06:06,vale,1140.0,pendiente,REF-28D0C10E
P-4F5523396D,V-13DD55A3A7,2026-09-11 18:06:07,vale,275.0,pendiente,REF-6A0ABE53
P-8E890BAF69,V-28CC179045,2026-09-11 18:06:07,efectivo,1520.0,aprobado,REF-44464E5F
P-EB4F2ACA73,V-725EDF1F5F,2026-09-11 18:06:08,tarjeta,90.0,aprobado,REF-CC31382D
P-0656E74DCF,V-4A685AA943,2026-09-11 18:06:08,transferencia,128.0,aprobado,REF-E3911AD2
P-78BFA8FAA9,V-CD666FF42C,2026-09-11 18:06:09,transferencia,220.0,aprobado,REF-E87353EB
P-841277E113,V-7AEAC9C711,2026-09-11 18:06:10,transferencia,90.0,aprobado,REF-943A7E4A
P-3B6451EE2E,V-DFDCA4F209,2026-09-11 18:06:11,tarjeta,288.0,aprobado,REF-B7BB46CF
P-A1CC5915D5,V-632D66E490,2026-09-11 18:06:11,transferencia,225.0,aprobado,REF-AF1E8FB6
P-FD645A72FD,V-4B66762CFD,2026-09-11 18:06:12,transferencia,288.0,aprobado,REF-E74D88D3
P-E9B872AB74,V-42C24B0B64,2026-09-11 18:06:12,transferencia,210.0,aprobado,REF-F09941EA
P-3FA835336C,V-81313457C1,2026-09-11 18:06:13,tarjeta,1950.0,aprobado,REF-6501E74A
P-B55CF29317,V-14D42B6FDE,2026-09-11 18:06:14,efectivo,2520.0,pendiente,REF-4241B584
P-248B2B2158,V-C176D03A49,2026-09-11 18:06:14,efectivo,420.0,aprobado,REF-28EF18A8
P-AD8B0E5081,V-8919C9D67C,2026-09-11 18:06:15,efectivo,330.0,aprobado,REF-C39DEFD3
P-C9DF489222,V-7C71719909,2026-09-11 18:06:15,efectivo,126.0,aprobado,REF-7E859077
P-ECCE9E7E08,V-7742DF4239,2026-09-11 18:06:16,efectivo,54.0,aprobado,REF-7FDAD4DB
P-32F7423DEB,V-82B7F44B4B,2026-09-11 18:06:16,transferencia,1900.0,aprobado,REF-33299634
P-81F13CFF2B,V-4612D8E2FB,2026-09-11 18:06:17,vale,220.0,aprobado,REF-CACEDFB1
P-BA3F6D7A04,V-1E329647AD,2026-09-11 18:06:17,tarjeta,135.0,aprobado,REF-C6B9EA14
P-02046C1EE3,V-6141AFB9F4,2026-09-11 18:06:18,tarjeta,1680.0,aprobado,REF-B57C12D9
P-90C2FBB7BA,V-ABCF47AAFB,2026-09-11 18:06:19,vale,1260.0,aprobado,REF-6B6D2484
P-16CD4156D2,V-C8EA38A7B3,2026-09-11 18:06:19,tarjeta,32.0,pendiente,REF-C91EA09E
P-626A2ECC03,V-A7A5C89F94,2026-09-11 18:06:20,tarjeta,1140.0,aprobado,REF-C793DE4C
P-2B4C833980,V-95D276C8F7,2026-09-11 18:06:20,transferencia,275.0,pendiente,REF-E49B6F0F
P-C8275F611A,V-9FCE39424F,2026-09-11 18:06:21,vale,72.0,aprobado,REF-9AD13B5D
P-F522A839E0,V-10933AF8F9,2026-09-11 18:06:21,tarjeta,390.0,pendiente,REF-26A0F22D
P-D783AA1B43,V-241449FABC,2026-09-11 18:06:22,efectivo,780.0,aprobado,REF-BB8E2A04
P-C04A44C21E,V-86D39B5016,2026-09-11 18:06:22,tarjeta,160.0,aprobado,REF-A5FA56E4
P-C1EB618232,V-DF4FFEE042,2026-09-11 18:06:23,vale,1680.0,pendiente,REF-E2122F74
P-13C989836A,V-D33BC5F132,2026-09-11 18:06:23,tarjeta,108.0,pendiente,REF-908C1B51
P-866B80ECCD,V-A2B18ED157,2026-09-11 18:06:24,vale,126.0,aprobado,REF-9E3D354D
P-8B72487F3F,V-1EE92449EB,2026-09-11 18:06:25,efectivo,135.0,aprobado,REF-44517316
P-7B19336FDB,V-C8D4BF5717,2026-09-11 18:06:25,transferencia,780.0,pendiente,REF-F1226AA7
P-3ACA6390A6,V-EEC7AC9BFA,2026-09-11 18:06:26,efectivo,270.0,aprobado,REF-A98B424F
P-21234CBFC4,V-E75FFF45BF,2026-09-11 18:06:26,efectivo,288.0,aprobado,REF-C9CB644E
P-BA10216EC6,V-3CA4E17EB1,2026-09-11 18:06:27,transferencia,1520.0,aprobado,REF-F3E580ED
P-35F764BADE,V-FC793C75DC,2026-09-11 18:06:27,transferencia,1560.0,pendiente,REF-C9FC3D03
P-7D21E84AFB,V-86D66647B9,2026-09-11 18:06:28,tarjeta,64.0,aprobado,REF-76772F76
P-ABB1D7117F,V-BED7680BB3,2026-09-11 18:06:28,tarjeta,1560.0,aprobado,REF-DE9FF7FE
P-0A6A8142DB,V-245FC75EA1,2026-09-11 18:06:29,efectivo,252.0,pendiente,REF-FA37D8F4
P-332484D152,V-7FE79602E2,2026-09-11 18:06:29,vale,84.0,aprobado,REF-D2E66832
P-F147210036,V-163C537DF3,2026-09-11 18:06:30,efectivo,64.0,aprobado,REF-0A20CBCD
P-0934F2A09B,V-F92F4E52BB,2026-09-11 18:06:31,tarjeta,2340.0,pendiente,REF-7739660D
P-4CB694E961,V-C638CAB33B,2026-09-11 18:06:31,efectivo,420.0,aprobado,REF-29713174
P-6C0A7DAB89,V-F572F5545C,2026-09-11 18:06:31,tarjeta,55.0,pendiente,REF-15710BC7
P-D4A0982E10,V-621835D714,2026-09-11 18:06:32,tarjeta,2280.0,aprobado,REF-4D27A5FF
P-A30145A4BC,V-03D7172D09,2026-09-11 18:06:33,transferencia,126.0,aprobado,REF-7020D4CC
P-E63D40F348,V-FE73CCCE57,2026-09-11 18:06:33,efectivo,330.0,aprobado,REF-42D77A7F
P-387CAB30C3,V-587E408E13,2026-09-11 18:06:34,transferencia,760.0,aprobado,REF-EE069839
P-A05EC82888,V-D67307EC6A,2026-09-11 18:06:34,tarjeta,760.0,aprobado,REF-4F671FF6
P-7BAF9DA1C4,V-94FDB1FC70,2026-09-11 18:06:35,efectivo,45.0,aprobado,REF-277559EB
P-D93CF3EF5C,V-3FF49AA075,2026-09-11 18:06:36,tarjeta,1680.0,aprobado,REF-DD9B68B8
P-AB5A5A68A6,V-13A2FAD456,2026-09-11 18:06:36,transferencia,420.0,aprobado,REF-841EC6BE
P-F1D7FB2220,V-D56F79DE2E,2026-09-11 18:06:37,transferencia,180.0,aprobado,REF-56721709
P-163FB5109F,V-AC6FE05235,2026-09-11 18:06:38,transferencia,18.0,aprobado,REF-AEA67587
P-E9918AE510,V-A30F760861,2026-09-11 18:06:38,vale,160.0,aprobado,REF-6050150B
P-DF886E2543,V-057A675B46,2026-09-11 18:06:39,efectivo,140.0,aprobado,REF-772458FD
P-057889BC1D,V-5CFB4B8660,2026-09-11 18:06:39,efectivo,240.0,pendiente,REF-8A640FE9
P-70A948E376,V-914BF014C8,2026-09-11 18:06:40,transferencia,840.0,pendiente,REF-2A319E62
P-028EE2490F,V-CD4F155452,2026-09-11 18:06:41,tarjeta,140.0,aprobado,REF-CA1FC379
P-253C2F0887,V-1A5A4C8036,2026-09-11 18:06:41,transferencia,288.0,pendiente,REF-EB103A78
P-E35D6E08A5,V-67FF49A4CA,2026-09-11 18:06:42,vale,144.0,aprobado,REF-F28B5D67
P-05C8C7D45C,V-E361E680CB,2026-09-11 18:06:42,efectivo,780.0,pendiente,REF-A90BDC9B
P-3B70618719,V-7F4DC5AD0E,2026-09-11 18:06:43,tarjeta,126.0,aprobado,REF-281BC602
P-2DB50461B0,V-017EB10541,2026-09-11 18:06:43,transferencia,28.0,aprobado,REF-FCBF8DF6
P-857B44855B,V-2F0F297785,2026-09-11 18:06:44,efectivo,220.0,pendiente,REF-3556C13E
P-623A3B3142,V-E1EDA293F5,2026-09-11 18:06:45,vale,36.0,aprobado,REF-A89DBDF9
P-1DD1554B47,V-7D83F45B6A,2026-09-11 18:06:45,vale,1520.0,aprobado,REF-C6B89822
P-B786C79EC7,V-A090E3FF46,2026-09-11 18:06:46,vale,760.0,aprobado,REF-DBECD546
P-52DD88D77C,V-46BA3AE041,2026-09-11 18:06:46,efectivo,192.0,aprobado,REF-B0CEA726
P-7400B029FF,V-9A3127739A,2026-09-11 18:06:47,tarjeta,168.0,aprobado,REF-24F89165
P-6AA131AA68,V-FB8DF17343,2026-09-11 18:06:48,efectivo,2520.0,aprobado,REF-239A5921
P-A2D3CC45F7,V-0A9815FA59,2026-09-11 18:06:48,efectivo,90.0,pendiente,REF-68A8FD17
P-118A2AF9E8,V-0CB19E9F1A,2026-09-11 18:06:48,efectivo,840.0,aprobado,REF-C4E5FD65
P-5E32A4DA0C,V-8D6E11285A,2026-09-11 18:06:49,transferencia,760.0,aprobado,REF-F09E2FFC
P-5348E20FB9,V-8AEAA8B1F6,2026-09-11 18:06:50,transferencia,18.0,aprobado,REF-B4682371
P-A3E92FFF64,V-A4C646D30C,2026-09-11 18:06:50,tarjeta,36.0,pendiente,REF-8A3AF476
P-EFEB290C09,V-2425E18428,2026-09-11 18:06:51,vale,56.0,aprobado,REF-65412CCA
P-1257444AAE,V-FE49B33C2B,2026-09-11 18:06:51,tarjeta,1900.0,aprobado,REF-56BD5D56
P-E51549226C,V-E9B558AA2E,2026-09-11 18:06:52,tarjeta,42.0,aprobado,REF-C1F69C9F
P-94A5D48939,V-3FBBB8D472,2026-09-11 18:06:52,efectivo,1170.0,pendiente,REF-96F24DFB
P-052818E328,V-CFE20B6751,2026-09-11 18:06:53,efectivo,168.0,aprobado,REF-579743D9
P-CE6E8834BB,V-2C1D9420EE,2026-09-11 18:06:54,transferencia,168.0,aprobado,REF-88CD38ED
P-31F745F3B6,V-42C09D502B,2026-09-11 18:06:54,tarjeta,28.0,aprobado,REF-9D2C9C1A
P-8D3B70F9A5,V-5442253731,2026-09-11 18:06:55,efectivo,1170.0,pendiente,REF-E4CD4ACF
P-D3157AD5CD,V-604DD1DEC4,2026-09-11 18:06:56,transferencia,252.0,pendiente,REF-B119AE42
P-F94984D252,V-C578D43551,2026-09-11 18:06:56,transferencia,84.0,aprobado,REF-BB855E1F
P-4E8E4611E9,V-022CC8DEEC,2026-09-11 18:06:57,vale,96.0,pendiente,REF-697526B8
P-3AFAAAE149,V-EA0D9D7C4C,2026-09-11 18:06:57,efectivo,275.0,aprobado,REF-76E8E1C1
P-E0D106F047,V-E7C312900F,2026-09-11 18:06:58,transferencia,1520.0,pendiente,REF-B873F74B
P-3866A9D8C3,V-9CED301578,2026-09-11 18:06:59,efectivo,135.0,aprobado,REF-DB2BF7E3
P-0F36917151,V-AE0FEB5D1A,2026-09-11 18:07:00,efectivo,1140.0,aprobado,REF-A81A230A
P-13C0B5014F,V-EB73494C7B,2026-09-11 18:07:00,transferencia,135.0,aprobado,REF-93932767
P-F588EF8285,V-358D9C6515,2026-09-11 18:07:01,vale,110.0,pendiente,REF-4D08131B
P-463EA359E6,V-CD0973E9EC,2026-09-11 18:07:01,tarjeta,380.0,pendiente,REF-443A9DE4
P-FCA3AF25D5,V-070BB9D820,2026-09-11 18:07:02,tarjeta,252.0,pendiente,REF-70374A90
P-1AB5434476,V-149EA54023,2026-09-11 18:07:02,transferencia,90.0,aprobado,REF-478B71C1
P-E5BCCE0456,V-A4FE62FF36,2026-09-11 18:07:03,vale,54.0,aprobado,REF-0BD28221
P-484D4C8DDA,V-54537BE71D,2026-09-11 18:07:04,efectivo,840.0,pendiente,REF-7D70785B
P-3B789E5101,V-FF05AC69CC,2026-09-11 18:07:04,efectivo,32.0,aprobado,REF-054DDA52
P-C4EC6ACEA3,V-1F0F35E78C,2026-09-11 18:07:05,efectivo,42.0,aprobado,REF-0417A831
P-A9896B142D,V-30B2E6A4DA,2026-09-11 18:07:05,transferencia,28.0,pendiente,REF-438251E5
P-A7CFB9C694,V-2ADBFB87C7,2026-09-11 18:07:06,transferencia,2280.0,pendiente,REF-C3B3A1B5
P-2397D22433,V-A445988157,2026-09-11 18:07:06,transferencia,192.0,aprobado,REF-D77E58BA
P-EEDBCC77D8,V-895BBCFED0,2026-09-11 18:07:07,vale,84.0,pendiente,REF-CC60638E
P-2530370E0F,V-F8039CFEAE,2026-09-11 18:07:07,transferencia,1900.0,aprobado,REF-025A71F6
P-79E36FDAB2,V-F80DDC0913,2026-09-11 18:07:08,vale,54.0,pendiente,REF-9334E1D9
P-29145D2F4C,V-A5A732C9F4,2026-09-11 18:07:08,efectivo,210.0,aprobado,REF-E55B3263
P-B928123742,V-7CDEFFE24E,2026-09-11 18:07:09,vale,220.0,pendiente,REF-EC4BEB13
P-7C2F94CB80,V-07B840D582,2026-09-11 18:07:10,efectivo,1900.0,aprobado,REF-1C1C537F
P-30BE9DDCF1,V-36320EEEAE,2026-09-11 18:07:11,efectivo,1900.0,pendiente,REF-D1AEB897
P-9074C1C414,V-B8B5543CD6,2026-09-11 18:07:11,efectivo,380.0,aprobado,REF-91B65BCC
P-6623CCFC13,V-A1394F8C69,2026-09-11 18:07:12,tarjeta,210.0,pendiente,REF-F11FA217
P-63A6E11994,V-D0CE35B6DB,2026-09-11 18:07:12,vale,1520.0,aprobado,REF-C838D1EB
P-2C89F16DA2,V-E62D7C40BC,2026-09-11 18:07:13,tarjeta,55.0,aprobado,REF-1870FD1B
P-AC7856D107,V-029EC51D1F,2026-09-11 18:07:13,tarjeta,210.0,aprobado,REF-ED340E57
P-C8FBB883EF,V-53BB83EF13,2026-09-11 18:07:14,vale,2340.0,aprobado,REF-2299C256
P-438B19572C,V-463DDDAD41,2026-09-11 18:07:14,efectivo,380.0,aprobado,REF-EE16263E
P-2D0A4F26EB,V-FCDFBAE7F4,2026-09-11 18:07:15,vale,1680.0,aprobado,REF-CED3A05D
P-D4A74AC558,V-17CC447E80,2026-09-11 18:07:15,transferencia,45.0,aprobado,REF-AA99F890
P-EC1682CC00,V-A6BA656EBF,2026-09-11 18:07:16,vale,2100.0,aprobado,REF-8320CEFF
P-AA6C66F654,V-6C2A1629F7,2026-09-11 18:07:16,tarjeta,380.0,aprobado,REF-AFDACF00
P-E61C7C6EFD,V-665094B1B4,2026-09-11 18:07:17,efectivo,56.0,aprobado,REF-11AB05B9
P-286A1027BA,V-9200A400A1,2026-09-11 18:07:17,transferencia,1170.0,pendiente,REF-4DC9E16C
P-E1C32C5368,V-98B853623A,2026-09-11 18:07:18,efectivo,110.0,pendiente,REF-9F93D61F
P-B0DBB4E9EC,V-E1BB26B5AD,2026-09-11 18:07:18,efectivo,210.0,aprobado,REF-E790D673
P-60804C51A6,V-1D8F1ADDEF,2026-09-11 18:07:19,vale,380.0,pendiente,REF-DCB1BFBB
P-6C1CF00CB4,V-4A64796662,2026-09-11 18:07:20,efectivo,192.0,aprobado,REF-2A4BA1CF
P-87843338E9,V-27B58C4208,2026-09-11 18:07:20,tarjeta,108.0,aprobado,REF-B3537850
P-E27F82CB52,V-CE6EC5A676,2026-09-11 18:07:21,efectivo,165.0,aprobado,REF-56FA5A35
P-5BCC882BC4,V-1EC4D7EE7D,2026-09-11 18:07:21,efectivo,64.0,aprobado,REF-965027BF
P-7675FBF58A,V-2AC9A2758C,2026-09-11 18:07:22,vale,2280.0,aprobado,REF-F8E3EBA7
P-2105364972,V-91C14B4F09,2026-09-11 18:07:22,tarjeta,108.0,aprobado,REF-9CF770C6
P-343A7C4254,V-DF6E0E468B,2026-09-11 18:07:23,transferencia,1520.0,pendiente,REF-E930AE4A
P-312F7785AE,V-9A9866C05F,2026-09-11 18:07:23,efectivo,840.0,aprobado,REF-5B138AFF
P-94EF99012C,V-082FA5E5EE,2026-09-11 18:07:24,vale,32.0,aprobado,REF-01C172A8
P-5D91B57C67,V-F9C143E30D,2026-09-11 18:07:24,efectivo,140.0,aprobado,REF-AF706D25
P-1806660AA9,V-1897F9BF59,2026-09-11 18:07:25,tarjeta,54.0,pendiente,REF-1459BE13
P-2F27DFC836,V-51EB99D5BF,2026-09-11 18:07:25,vale,780.0,aprobado,REF-E98FB2F5
P-932D313AF5,V-65BCAD8DBB,2026-09-11 18:07:26,efectivo,48.0,pendiente,REF-66D75816
P-68246E82B0,V-755E00C625,2026-09-11 18:07:26,vale,160.0,pendiente,REF-4F214C30
P-E396F08B27,V-48F571B626,2026-09-11 18:07:27,efectivo,180.0,aprobado,REF-87330A32
P-CC1BD3D9C5,V-E6F154CFBC,2026-09-11 18:07:28,efectivo,220.0,pendiente,REF-ED7C3345
P-BB7470F7E5,V-C9B594FFAB,2026-09-11 18:07:28,vale,1900.0,aprobado,REF-FCA4361A
P-D2295BBC62,V-CCF893B194,2026-09-11 18:07:29,transferencia,72.0,pendiente,REF-3C47B142
P-345103D38D,V-37DA8EA048,2026-09-11 18:07:30,transferencia,48.0,aprobado,REF-B821161A
P-3F9D60A9E1,V-F724C29F97,2026-09-11 18:07:30,efectivo,1900.0,aprobado,REF-2D8C4426
P-06C4C038EB,V-9FE2F9E90E,2026-09-11 18:07:31,tarjeta,1260.0,pendiente,REF-620C5CDC
P-82D2C0AE0B,V-90B1CE5D53,2026-09-11 18:07:31,vale,270.0,pendiente,REF-3A5529D5
P-9214FAEDB4,V-55C5819012,2026-09-11 18:07:32,efectivo,45.0,aprobado,REF-7B108174
P-744891F6E0,V-3BBDBDF1EB,2026-09-11 18:07:32,vale,126.0,aprobado,REF-EA06F76C
P-5F8B5B6139,V-6357335A21,2026-09-11 18:07:33,efectivo,840.0,pendiente,REF-FB20A5BA
P-D6C2EF3528,V-39A7C2D372,2026-09-11 18:07:33,efectivo,1950.0,pendiente,REF-5752F94D
P-34916C2C23,V-97C4910FCD,2026-09-11 18:07:34,efectivo,96.0,aprobado,REF-3016E5FD
P-C219DEBE93,V-BDD4F2640A,2026-09-11 18:07:35,tarjeta,1900.0,aprobado,REF-F3F89910
P-D189E86EAF,V-EF42741415,2026-09-11 18:07:35,transferencia,135.0,aprobado,REF-E66E2E83
P-3E7E6B683D,V-141AC2C5A3,2026-09-11 18:07:36,transferencia,144.0,pendiente,REF-488824B7
P-C83D3AE9A6,V-0B3BD1666F,2026-09-11 18:07:36,vale,1520.0,aprobado,REF-2399C3BA
P-C0C130344D,V-4B9D158E4D,2026-09-11 18:07:37,transferencia,42.0,aprobado,REF-8E3C2721
P-592ACA8837,V-99A71E63EB,2026-09-11 18:07:37,vale,270.0,pendiente,REF-FF65F95D
P-6C0776DB27,V-303DE7941B,2026-09-11 18:07:38,efectivo,330.0,aprobado,REF-14268F1A
P-998B2D4E10,V-2EE5CE492F,2026-09-11 18:07:39,transferencia,330.0,aprobado,REF-B6AC0A64
P-94E22F3FEF,V-8E913A77E0,2026-09-11 18:07:39,tarjeta,192.0,aprobado,REF-0151B5F5
P-C46361C74A,V-5285356C1F,2026-09-11 18:07:40,efectivo,144.0,pendiente,REF-C9EB9987
P-BEF5AAE886,V-29BEE6FD6D,2026-09-11 18:07:41,vale,90.0,pendiente,REF-BEA06FD5
P-6375ED8DDA,V-02A78044AD,2026-09-11 18:07:41,efectivo,2520.0,aprobado,REF-0385FB98
P-19611A8F36,V-98D06DCA16,2026-09-11 18:07:42,tarjeta,780.0,pendiente,REF-9B3501ED
P-2B72512352,V-F1BE69B4A2,2026-09-11 18:07:42,efectivo,56.0,aprobado,REF-A661E2ED
P-12C245BE22,V-B4DF40B092,2026-09-11 18:07:43,efectivo,96.0,aprobado,REF-F170F502
P-462B94764B,V-C18FEF1F09,2026-09-11 18:07:43,efectivo,110.0,pendiente,REF-8D5B5896
P-119216A61A,V-F4D4AA1D7F,2026-09-11 18:07:44,efectivo,840.0,aprobado,REF-73610110
P-4D3CE763B5,V-D63B8F6A6E,2026-09-11 18:07:44,transferencia,84.0,pendiente,REF-21E25B4C
P-270725A4EE,V-E8F162BDC6,2026-09-11 18:07:45,tarjeta,1170.0,aprobado,REF-0263C20E
P-E6D273C4A4,V-19B6212801,2026-09-11 18:07:46,transferencia,780.0,aprobado,REF-4CBC7412
P-19B06524B3,V-85071967A4,2026-09-11 18:07:46,transferencia,112.0,pendiente,REF-24BB8098
P-CDFBBF28D2,V-069089E2E9,2026-09-11 18:07:47,efectivo,112.0,aprobado,REF-00F1B032
P-239DB4B717,V-F924D1C234,2026-09-11 18:07:48,vale,1140.0,aprobado,REF-13E800D5
P-69F68088F4,V-8FCE3C5723,2026-09-11 18:07:48,transferencia,270.0,aprobado,REF-D014D4AB
P-353D86E033,V-8B18B48612,2026-09-11 18:07:49,efectivo,90.0,aprobado,REF-0B166062
P-470FD39914,V-0111EF3B52,2026-09-11 18:07:49,transferencia,90.0,aprobado,REF-3083ACCE
P-95D8A5A295,V-0114F53CD5,2026-09-11 18:07:50,vale,210.0,aprobado,REF-EFC0C001
P-2CC5BCB897,V-BE358FDA5E,2026-09-11 18:07:50,vale,2100.0,aprobado,REF-22F390DB
P-D09D784677,V-B224A13B69,2026-09-11 18:07:51,vale,42.0,pendiente,REF-7ED05722
P-62283595B8,V-71356AE2DD,2026-09-11 18:07:52,efectivo,64.0,aprobado,REF-666A844B
P-897D29A0BD,V-00F76E49BC,2026-09-11 18:07:53,transferencia,45.0,aprobado,REF-573EE2AA
P-038A69AD5F,V-EA289339D7,2026-09-11 18:07:53,efectivo,90.0,aprobado,REF-C0236288
P-90B53A2FFB,V-785822703A,2026-09-11 18:07:54,vale,160.0,aprobado,REF-4D7BDD56
P-FBDFEEA4C5,V-8478F576DA,2026-09-11 18:07:54,vale,84.0,aprobado,REF-5DFBDF13
P-615EDFF958,V-F253BC635E,2026-09-11 18:07:55,tarjeta,28.0,pendiente,REF-C8F51482
P-02D3975E20,V-98B6E21D28,2026-09-11 18:07:55,vale,270.0,aprobado,REF-064BC5C9
P-D56C76408A,V-93BCFA8364,2026-09-11 18:07:56,vale,1900.0,pendiente,REF-3B2FCB63
P-FC840ECE9E,V-128FC429EE,2026-09-11 18:07:57,efectivo,180.0,aprobado,REF-E0511879
P-5B940715B5,V-624A874A09,2026-09-11 18:07:57,tarjeta,128.0,aprobado,REF-B7BEDF55
P-BC5F4BDF98,V-6AEA90F83C,2026-09-11 18:07:58,transferencia,192.0,aprobado,REF-9C2606FA
P-59B942A76C,V-D399FD35D8,2026-09-11 18:07:58,vale,96.0,aprobado,REF-9434A420
P-3C883ECD63,V-48DA1A5240,2026-09-11 18:07:59,vale,126.0,aprobado,REF-CDA4A0EB
P-4614933DBE,V-7E98D48964,2026-09-11 18:07:59,efectivo,780.0,aprobado,REF-C4269C47
P-19E6FF71A5,V-1E8AA7E751,2026-09-11 18:08:00,tarjeta,126.0,pendiente,REF-F0E792C4
P-94A73EA253,V-72CF79A42B,2026-09-11 18:08:01,transferencia,380.0,pendiente,REF-D2043C1E
P-B1AC681DE2,V-A1E4AC268F,2026-09-11 18:08:01,vale,84.0,aprobado,REF-F9C23541
P-22402B2623,V-B3E3EA9287,2026-09-11 18:08:02,tarjeta,168.0,aprobado,REF-366D8994
P-79E466AD08,V-742370C61E,2026-09-11 18:08:03,vale,54.0,aprobado,REF-5AE88FE0
P-E9B3945769,V-AD9579B2CD,2026-09-11 18:08:03,transferencia,380.0,aprobado,REF-6BF5A158
P-0FF24F2900,V-DE14F69FDF,2026-09-11 18:08:04,tarjeta,48.0,aprobado,REF-1989A215
P-FC26FE493F,V-61FA40338C,2026-09-11 18:08:05,vale,1170.0,aprobado,REF-DABFAA99
P-9DD8CB1640,V-72C3203AAF,2026-09-11 18:08:05,efectivo,1950.0,aprobado,REF-462C4D9A
P-AB26123F17,V-4E1AA7F601,2026-09-11 18:08:06,transferencia,144.0,pendiente,REF-5CF89029
P-F2A411C58E,V-7C0B61E19F,2026-09-11 18:08:06,vale,108.0,pendiente,REF-E8C12DD6
P-51A8CF1A6A,V-00D893C6C7,2026-09-11 18:08:07,transferencia,225.0,aprobado,REF-48E5A9DB
P-114BC7BCCA,V-6175B16ABA,2026-09-11 18:08:08,transferencia,2100.0,aprobado,REF-5F1B981D
P-132297FA80,V-6716B79049,2026-09-11 18:08:08,efectivo,2340.0,pendiente,REF-E7CF2AFB
P-8FA9DAF46F,V-DDE9C9F187,2026-09-11 18:08:09,vale,165.0,aprobado,REF-A8C7AAC1
P-B6BE05DD69,V-3C711EE5E2,2026-09-11 18:08:09,efectivo,96.0,aprobado,REF-685D92EA
P-7A55B2513F,V-3B8968D61C,2026-09-11 18:08:10,transferencia,140.0,aprobado,REF-F30418D1
P-D4D691361B,V-10E8129940,2026-09-11 18:08:11,transferencia,2280.0,aprobado,REF-493CDDAD
P-8B2FD42AEF,V-B5FE2BB39B,2026-09-11 18:08:11,vale,1140.0,aprobado,REF-FDFD9B25
P-6B92CC8C23,V-702334C757,2026-09-11 18:08:12,tarjeta,2340.0,pendiente,REF-429D637C
P-AF1E62DD68,V-FB6F866C79,2026-09-11 18:08:12,vale,96.0,aprobado,REF-9EBDEE36
P-DE26287A38,V-67A86C8F6E,2026-09-11 18:08:13,vale,168.0,aprobado,REF-DCBB9ED7
P-F32E4347EA,V-9FC1C8A67D,2026-09-11 18:08:14,vale,192.0,aprobado,REF-64347B91
P-0DF9FC5298,V-DDE8BAF33B,2026-09-11 18:08:14,transferencia,220.0,aprobado,REF-1BB5255A
P-A8C82A61BD,V-2E44356C70,2026-09-11 18:08:15,efectivo,252.0,aprobado,REF-3B89A062
P-D1B1A49D00,V-5A93882D20,2026-09-11 18:08:16,transferencia,168.0,aprobado,REF-D42EACB7
P-F536874174,V-A754D23C9F,2026-09-11 18:08:16,vale,168.0,aprobado,REF-6F0299FC
P-8D4096ECFB,V-2AA41CFED6,2026-09-11 18:08:17,vale,1950.0,aprobado,REF-72E6091E
P-6480844A80,V-B2B5637EE0,2026-09-11 18:08:17,transferencia,840.0,aprobado,REF-4ECCDAB4
P-FC209EE736,V-0AA277E186,2026-09-11 18:08:18,tarjeta,2100.0,aprobado,REF-23E40314
P-E4CF2AA78B,V-D6E1392235,2026-09-11 18:08:18,vale,420.0,aprobado,REF-912D01FF
P-13A2A27789,V-3C0A59FE7F,2026-09-11 18:08:19,transferencia,380.0,aprobado,REF-A431B592
P-28142D40FB,V-4CF36F3668,2026-09-11 18:08:19,vale,225.0,aprobado,REF-E3B46DF5
P-00B2F8DC28,V-2A8E9A9C4A,2026-09-11 18:08:20,tarjeta,275.0,pendiente,REF-06DBEB09
P-06A3A72D40,V-A00FAB2528,2026-09-11 18:08:21,vale,84.0,aprobado,REF-0A26BF19
P-E6F0990A51,V-CB5265ACEB,2026-09-11 18:08:21,efectivo,1520.0,aprobado,REF-E2360719
P-756BB8304D,V-DD5D4EA99B,2026-09-11 18:08:22,efectivo,225.0,aprobado,REF-8AEFBBC5
P-3A25836454,V-92C5BD10DF,2026-09-11 18:08:23,tarjeta,1950.0,aprobado,REF-DDB3A108
P-3CBFD17CF0,V-FF32965D90,2026-09-11 18:08:23,vale,168.0,aprobado,REF-86903246
P-5FA43A73D1,V-A5ACCC7A2F,2026-09-11 18:08:24,efectivo,840.0,aprobado,REF-902BCD1A
P-4AE3593834,V-670FD0FEFF,2026-09-11 18:08:25,transferencia,252.0,pendiente,REF-90D2440C
P-51FFF8CA73,V-24270F4C15,2026-09-11 18:08:25,transferencia,225.0,aprobado,REF-9E3D069A
P-8FC976FA15,V-48BEBF795C,2026-09-11 18:08:26,efectivo,390.0,aprobado,REF-5A09B8A4
P-66A3D0542D,V-0584EA970F,2026-09-11 18:08:26,tarjeta,1680.0,aprobado,REF-6A18E92B
P-E1246061BC,V-4F2BBF7F3B,2026-09-11 18:08:27,efectivo,112.0,aprobado,REF-C7FD333A
P-0E96D9753E,V-9AD6A42E3B,2026-09-11 18:08:27,efectivo,1900.0,aprobado,REF-2E12EC29
P-F3C2F51828,V-1737C6DA54,2026-09-11 18:08:28,tarjeta,144.0,aprobado,REF-F7EF2764
P-EA429B5D7F,V-3264FC11C5,2026-09-11 18:08:29,efectivo,126.0,pendiente,REF-98E13951
P-65A9947AAD,V-F83BE2A435,2026-09-11 18:08:29,transferencia,180.0,aprobado,REF-4C33DF2D
P-A917A4880F,V-7CA3D8BB34,2026-09-11 18:08:30,vale,2340.0,aprobado,REF-2A640EFE
P-2929DFD216,V-44D16B4D2C,2026-09-11 18:08:31,efectivo,90.0,aprobado,REF-7744F192
P-381A51838F,V-8ADE9313D6,2026-09-11 18:08:31,efectivo,108.0,aprobado,REF-B7FCF6BE
P-0B8434E48F,V-29426558F2,2026-09-11 18:08:32,tarjeta,225.0,aprobado,REF-10FD1868
P-CF76B52ECB,V-2183E5672A,2026-09-11 18:08:32,tarjeta,1950.0,aprobado,REF-DD63B6A2
P-811B3359F5,V-9FA4065275,2026-09-11 18:08:33,vale,55.0,aprobado,REF-40270F55
P-A3EDB25D3C,V-3A2AEB6E2C,2026-09-11 18:08:34,efectivo,144.0,pendiente,REF-F7112CFC
P-276522C1B8,V-FB348454FE,2026-09-11 18:08:34,transferencia,84.0,aprobado,REF-7A1A4AB3
P-33408ECBB4,V-8059292C00,2026-09-11 18:08:34,transferencia,128.0,aprobado,REF-120B2DB3
P-3CE3F62E19,V-62199170D8,2026-09-11 18:08:35,transferencia,192.0,aprobado,REF-E11ECE66
P-D8C0FA7DB8,V-8E17D6FDAA,2026-09-11 18:08:36,tarjeta,288.0,pendiente,REF-E2ACFEBA
P-A22FC01E6F,V-4ECE471E30,2026-09-11 18:08:36,efectivo,42.0,aprobado,REF-0F170A39
P-5B2E59D492,V-97AD34112B,2026-09-11 18:08:37,efectivo,1560.0,aprobado,REF-1282EF39
P-931E6C9976,V-352E040309,2026-09-11 18:08:37,transferencia,54.0,pendiente,REF-AE65506C
P-755811F1DD,V-A79E9C50D4,2026-09-11 18:08:38,efectivo,2340.0,aprobado,REF-3D403221
P-61BCFEABFF,V-435E9B812E,2026-09-11 18:08:38,efectivo,192.0,aprobado,REF-70F0DB06
P-B77525B180,V-79565F5D36,2026-09-11 18:08:39,efectivo,192.0,aprobado,REF-86EB2E97
P-8510725A73,V-2294B8F32F,2026-09-11 18:08:39,vale,64.0,aprobado,REF-ABC8526F
P-BEA0EE3F0C,V-A8ABE14C14,2026-09-11 18:08:39,efectivo,48.0,aprobado,REF-5E75D03F
P-9BAD52D4BF,V-91FA57B023,2026-09-11 18:08:40,transferencia,180.0,aprobado,REF-F130920D
P-47F0714F19,V-8FD1F70B5B,2026-09-11 18:08:41,tarjeta,126.0,aprobado,REF-53684D68
P-586CA51226,V-544207EE33,2026-09-11 18:08:41,transferencia,2340.0,aprobado,REF-8F14D4AA
P-0EABC41976,V-7C15C2AE69,2026-09-11 18:08:42,tarjeta,64.0,aprobado,REF-63CA1A30
P-F7C1A9798C,V-47084E8934,2026-09-11 18:08:42,tarjeta,2340.0,pendiente,REF-FE029272
P-9FF3ABADAA,V-00D1E67A34,2026-09-11 18:08:43,efectivo,252.0,aprobado,REF-208DA9BE
P-FD450B503C,V-DE910DE41B,2026-09-11 18:08:43,tarjeta,380.0,aprobado,REF-D2A7FCBB
P-159BD39817,V-FA26503E6A,2026-09-11 18:08:44,vale,45.0,aprobado,REF-79A01969
P-B39D9435E1,V-D65ED81DF4,2026-09-11 18:08:44,vale,54.0,aprobado,REF-B2B553FC
P-68EB0E8965,V-2186C5BB13,2026-09-11 18:08:45,transferencia,420.0,aprobado,REF-169BDCCB
P-F199DCAAD1,V-7C3F13EC9D,2026-09-11 18:08:46,vale,135.0,aprobado,REF-E620A762
P-78B4D253E8,V-5AD4AEFA7C,2026-09-11 18:08:46,vale,165.0,aprobado,REF-D0A16138
P-C4EDEC02F4,V-ED15FCE05B,2026-09-11 18:08:47,transferencia,1260.0,pendiente,REF-948ED7DE
P-977DC41391,V-FFA17FAF18,2026-09-11 18:08:47,vale,1900.0,aprobado,REF-DC4777EC
P-8C0FA9F1C6,V-624A34E8C8,2026-09-11 18:08:47,vale,1900.0,aprobado,REF-C485C7BB
P-C621505F40,V-E00B0C87D1,2026-09-11 18:08:48,transferencia,18.0,aprobado,REF-B2BF9280
P-0917CCFD69,V-15584CBDE6,2026-09-11 18:08:48,transferencia,192.0,aprobado,REF-331126FF
P-B3CC6DDC98,V-9FF5A1993B,2026-09-11 18:08:49,vale,135.0,aprobado,REF-35EAA730
P-725CD64A56,V-4F7564709E,2026-09-11 18:08:50,tarjeta,18.0,aprobado,REF-25357F49
P-22D4FAD67A,V-8FA4F77C4E,2026-09-11 18:08:50,transferencia,84.0,pendiente,REF-280FC629
P-893563C0E0,V-EB7E0C5EAF,2026-09-11 18:08:51,tarjeta,1950.0,aprobado,REF-680E2D4C
P-EC5A6C3FFE,V-1F535264A9,2026-09-11 18:08:52,transferencia,1680.0,aprobado,REF-AF576730
P-7897C41970,V-FF134061FC,2026-09-11 18:08:53,transferencia,144.0,pendiente,REF-33AAF7A7
P-E1D2B5BD5F,V-BB1DCBC1E9,2026-09-11 18:08:53,transferencia,54.0,aprobado,REF-100E6D86
P-17BF50D6DF,V-7893973264,2026-09-11 18:08:54,tarjeta,192.0,aprobado,REF-E3DA817D
P-08D1D4983F,V-9D130ECBDE,2026-09-11 18:08:54,efectivo,168.0,aprobado,REF-F9396DCE
P-DE08061D1A,V-853599159D,2026-09-11 18:08:55,efectivo,270.0,aprobado,REF-1A7A9825
P-953BA0258A,V-A9A9ED9D25,2026-09-11 18:08:55,efectivo,84.0,pendiente,REF-092614AE
P-48A23912E2,V-B239331AA6,2026-09-11 18:08:56,transferencia,1520.0,aprobado,REF-F0CA101A
P-3482F0DA2B,V-516B2E337B,2026-09-11 18:08:56,efectivo,380.0,aprobado,REF-9CB4B312
P-E1B7EFB548,V-10E2D17B91,2026-09-11 18:08:57,vale,1950.0,aprobado,REF-1F24BF03
P-1FCE7C40C1,V-128B3B1C8F,2026-09-11 18:08:57,vale,110.0,aprobado,REF-F585A67D
P-235807E041,V-1D6F76F24C,2026-09-11 18:08:58,tarjeta,36.0,aprobado,REF-BE5C3C6D
P-341FB029D4,V-C1616C35D4,2026-09-11 18:08:58,efectivo,56.0,aprobado,REF-4B152B6F
P-230B01E601,V-C542CBF2BB,2026-09-11 18:08:59,transferencia,128.0,aprobado,REF-0FA02845
P-959448EB36,V-1CB9068710,2026-09-11 18:09:00,efectivo,55.0,aprobado,REF-58DA9C84
P-55D56C7E06,V-4E7F8BB286,2026-09-11 18:09:00,vale,1140.0,aprobado,REF-FEF741EE
P-E7C68BA181,V-B9A5F7FF3A,2026-09-11 18:09:01,efectivo,128.0,pendiente,REF-56A96C4B
P-CE54261F8B,V-DF8611B722,2026-09-11 18:09:02,transferencia,780.0,pendiente,REF-E88308AF
P-DADAF2152C,V-AE739CE17D,2026-09-11 18:09:02,tarjeta,72.0,aprobado,REF-6680449F
P-09AEFB92F1,V-5A3267C0E3,2026-09-11 18:09:03,vale,18.0,aprobado,REF-68BD9170
P-5C6EB4671E,V-3DA5F0B1FC,2026-09-11 18:09:03,vale,64.0,pendiente,REF-37263A1A
P-7F8A39E53D,V-D0A72B2D9A,2026-09-11 18:09:04,efectivo,210.0,aprobado,REF-8B72E788
P-FAC558F618,V-0AD1E80E73,2026-09-11 18:09:04,tarjeta,1950.0,aprobado,REF-F7402EF2
P-B225249445,V-5F1069A52D,2026-09-11 18:09:05,transferencia,96.0,aprobado,REF-0B45DB9C
P-7BCF4B4EEA,V-34E5A1DB85,2026-09-11 18:09:05,transferencia,96.0,aprobado,REF-7C760A64
P-810B3DC470,V-18ED2B60D4,2026-09-11 18:09:06,vale,90.0,aprobado,REF-6A614DB2
P-52D104A389,V-2466A1F721,2026-09-11 18:09:06,vale,180.0,pendiente,REF-96F6BEBB
P-44DF67F864,V-8DF4E029A5,2026-09-11 18:09:07,vale,160.0,aprobado,REF-35708CF8
P-4458BFD616,V-B3D7A31AFA,2026-09-11 18:09:08,tarjeta,165.0,aprobado,REF-335C900A
P-B2608FB005,V-F249395D5B,2026-09-11 18:09:08,tarjeta,55.0,aprobado,REF-3CDF2A8D
P-189D9CFC73,V-F70974BA3B,2026-09-11 18:09:09,efectivo,144.0,aprobado,REF-51122CD2
P-73D08660FE,V-908B226C21,2026-09-11 18:09:10,efectivo,96.0,aprobado,REF-415D2A3E
P-B7B3412896,V-C52A8209DD,2026-09-11 18:09:11,transferencia,252.0,aprobado,REF-6D9904FF
P-96FD0F3DFB,V-6564F95D69,2026-09-11 18:09:11,efectivo,128.0,aprobado,REF-626804F8
P-766F740913,V-FAC61E5214,2026-09-11 18:09:12,vale,1680.0,aprobado,REF-460681C3
P-E6826EB5BB,V-2361854746,2026-09-11 18:09:13,vale,380.0,aprobado,REF-04A33AAD
P-6358FE2943,V-170D73B8A9,2026-09-11 18:09:13,tarjeta,2280.0,aprobado,REF-6EC8B9C7
P-F0550269ED,V-6001B68D0F,2026-09-11 18:09:14,efectivo,2280.0,aprobado,REF-77891BD1
P-5A1171BCB2,V-03101AE903,2026-09-11 18:09:15,tarjeta,2280.0,aprobado,REF-1AB819FA
P-B11466B1F8,V-02DFF1CA56,2026-09-11 18:09:15,vale,1900.0,aprobado,REF-91153012
P-57AC587FEB,V-45AA89BD25,2026-09-11 18:09:16,transferencia,45.0,aprobado,REF-C9287169
P-B83E099AB5,V-C982F4B154,2026-09-11 18:09:16,transferencia,180.0,aprobado,REF-26F733EB
P-444BA44DB0,V-C66B823DE1,2026-09-11 18:09:17,vale,2340.0,aprobado,REF-67311DDD
P-A6ECFA4874,V-1FB5183631,2026-09-11 18:09:18,transferencia,1950.0,pendiente,REF-26E416DF
P-9FB7BC52DC,V-BD806EB038,2026-09-11 18:09:18,vale,840.0,aprobado,REF-1289DF69
P-2131E6DB36,V-9F6B2A08CD,2026-09-11 18:09:19,transferencia,72.0,aprobado,REF-EA80E086
P-7298307DB4,V-7343FD338E,2026-09-11 18:09:19,transferencia,168.0,aprobado,REF-F088DCA6
P-D7F59025DF,V-998BE8EE6D,2026-09-11 18:09:20,transferencia,270.0,aprobado,REF-D3BC1A20
P-3C11B47210,V-FE41E19DB1,2026-09-11 18:09:20,vale,270.0,aprobado,REF-B6C8D08F
P-8EB5605EF0,V-1DA3C21539,2026-09-11 18:09:21,vale,110.0,aprobado,REF-D75EE7A4
P-855A189944,V-6C877B7BF9,2026-09-11 18:09:21,efectivo,252.0,pendiente,REF-E9F64E45
P-999DA15F6A,V-A4699DDF33,2026-09-11 18:09:22,vale,275.0,pendiente,REF-9DCBB68C
P-EF5953470D,V-99C6BF9A29,2026-09-11 18:09:22,efectivo,56.0,aprobado,REF-4859417D
P-C09EF24A88,V-CB08A89310,2026-09-11 18:09:23,vale,2280.0,aprobado,REF-31CAA22F
P-649B01A3B2,V-0181E18706,2026-09-11 18:09:24,transferencia,56.0,pendiente,REF-5604A629
P-197342DCDF,V-30A7A91A58,2026-09-11 18:09:24,vale,108.0,aprobado,REF-372E50A9
P-0673DCCE16,V-AD0E9A8F11,2026-09-11 18:09:25,transferencia,192.0,pendiente,REF-5E292E55
P-A198329A6B,V-3636873E79,2026-09-11 18:09:25,efectivo,220.0,pendiente,REF-C25CCA54
P-95F3C50642,V-A910628405,2026-09-11 18:09:26,vale,1140.0,aprobado,REF-9210AEE5
P-385FAC4AF0,V-9CF7C7EDA3,2026-09-11 18:09:27,efectivo,45.0,pendiente,REF-B31E132A
P-AE15A94CC5,V-9BEA2A02F2,2026-09-11 18:09:27,tarjeta,1260.0,aprobado,REF-79EFB4C5
P-D52654BD36,V-2BC3A4ACD7,2026-09-11 18:09:28,tarjeta,96.0,pendiente,REF-4C303589
P-0865571B62,V-A4B6C31513,2026-09-11 18:09:29,vale,168.0,aprobado,REF-6960531D
P-34BFCAD49D,V-A13F6BA3B1,2026-09-11 18:09:29,vale,210.0,pendiente,REF-843C71E8
P-E5B85CB6BB,V-26E00935D2,2026-09-11 18:09:30,tarjeta,192.0,aprobado,REF-96E1F452
P-E3F0644DCB,V-6FEC00C6B5,2026-09-11 18:09:30,efectivo,1900.0,pendiente,REF-20CE5D19
P-648BD8C645,V-60C9911077,2026-09-11 18:09:31,efectivo,760.0,pendiente,REF-54DA429E
P-E600DA9CEE,V-D12281D80A,2026-09-11 18:09:31,efectivo,1680.0,aprobado,REF-C4FD11BF
P-9EB0FC57A8,V-3C34CCFF1B,2026-09-11 18:09:32,vale,32.0,aprobado,REF-B05CB306
P-9A02CD740B,V-5936E3EE46,2026-09-11 18:09:32,vale,760.0,aprobado,REF-DB48EE9C
P-3C06C0A6B3,V-C1D57CBEA2,2026-09-11 18:09:33,transferencia,28.0,aprobado,REF-8E5D2520
P-863324D15D,V-6AC38C54C8,2026-09-11 18:09:34,efectivo,1680.0,aprobado,REF-C753585A
P-8A215CB6F3,V-88482BCFB6,2026-09-11 18:09:34,transferencia,1560.0,aprobado,REF-EF19C1C5
P-134AB5C191,V-1EDCE82EAD,2026-09-11 18:09:35,transferencia,64.0,aprobado,REF-3D803C29
P-DDF030CADD,V-6972467BBA,2026-09-11 18:09:35,vale,1680.0,pendiente,REF-EB82827A
P-C34B14BC32,V-9B9FFCBE3A,2026-09-11 18:09:36,transferencia,240.0,aprobado,REF-3FC8A977
P-3DFCE51DE3,V-40877C31C9,2026-09-11 18:09:36,efectivo,1560.0,aprobado,REF-B06D9754
P-BD56C9AA77,V-8165D8907D,2026-09-11 18:09:37,tarjeta,1900.0,pendiente,REF-9C2BBAAD
P-011639016E,V-266B2C1F3F,2026-09-11 18:09:37,vale,288.0,aprobado,REF-76FD2F14
P-71DADE72B8,V-04ABB77A83,2026-09-11 18:09:38,efectivo,96.0,aprobado,REF-972385DF
P-E5FA847B80,V-BFAA73D7A4,2026-09-11 18:09:38,transferencia,240.0,pendiente,REF-BC447DBB
P-D5FEB888C0,V-03193BB58B,2026-09-11 18:09:39,tarjeta,2340.0,aprobado,REF-B73F3E4E
P-E8A04B7651,V-FA4529FB75,2026-09-11 18:09:40,efectivo,2280.0,aprobado,REF-4EF497FF
P-6DC76DCAFE,V-30271B26D1,2026-09-11 18:09:40,vale,55.0,aprobado,REF-41553A56
P-EF38E9824D,V-62940C2ED6,2026-09-11 18:09:41,vale,288.0,aprobado,REF-044422ED
P-B506779FCA,V-1336334C73,2026-09-11 18:09:42,vale,135.0,aprobado,REF-FA09EDBB
P-3FF5B55241,V-AFC6CFB68D,2026-09-11 18:09:42,efectivo,110.0,aprobado,REF-3403C867
P-703C76F639,V-4F23C696EA,2026-09-11 18:09:43,efectivo,168.0,aprobado,REF-45AB57D4
P-9761C5F97E,V-71DE13A7D3,2026-09-11 18:09:43,vale,108.0,aprobado,REF-FA5F3681
P-B5AEEDA219,V-3669C45DB3,2026-09-11 18:09:44,transferencia,330.0,aprobado,REF-224414F4
P-C6AA8B58C6,V-01C3773EDE,2026-09-11 18:09:45,tarjeta,18.0,aprobado,REF-DF34E2AB
P-35FD29C378,V-5BA38EFD0B,2026-09-11 18:09:45,transferencia,210.0,pendiente,REF-CCAF4F6D
P-878D609A7A,V-0002573031,2026-09-11 18:09:46,efectivo,380.0,aprobado,REF-9F10D9D4
P-C17245A892,V-0FBE7A4EB2,2026-09-11 18:09:46,transferencia,36.0,aprobado,REF-D7D07DAA
P-E1B2B27206,V-A2CE07ABC6,2026-09-11 18:09:47,vale,288.0,aprobado,REF-AB086A99
P-BEF2FF8DA5,V-491D4FCEA7,2026-09-11 18:09:48,vale,96.0,aprobado,REF-3D6471CB
P-AA610B704E,V-864B9F06ED,2026-09-11 18:09:48,transferencia,225.0,pendiente,REF-E7B1D6CE
P-A410EC50B2,V-DCBB253CBD,2026-09-11 18:09:49,vale,420.0,pendiente,REF-53AE2A02
P-8B6056A39E,V-0818128322,2026-09-11 18:09:49,tarjeta,760.0,pendiente,REF-AE3460EE
P-245A29ABC3,V-0112E433B6,2026-09-11 18:09:50,tarjeta,1520.0,aprobado,REF-2C072F67
P-03AB029DF0,V-5CA888058B,2026-09-11 18:09:51,vale,192.0,aprobado,REF-767F6B51
P-1890433F1C,V-8515D88453,2026-09-11 18:09:51,vale,112.0,aprobado,REF-E6242F1A
P-28E6C8C18B,V-5E25823B69,2026-09-11 18:09:52,tarjeta,760.0,pendiente,REF-FCFB640E
P-6F6F030207,V-6D042C9F10,2026-09-11 18:09:52,tarjeta,192.0,aprobado,REF-96C6A36E
P-A660E6E0CA,V-A222E6B0C5,2026-09-11 18:09:53,efectivo,1170.0,pendiente,REF-F882F084
P-5EC54B9BA9,V-94F3F0FFAF,2026-09-11 18:09:53,vale,760.0,aprobado,REF-57B0AB58
P-0B323B8301,V-D5FB1743E0,2026-09-11 18:09:54,efectivo,64.0,aprobado,REF-C2582485
P-E17B8DFC73,V-CFC6C91621,2026-09-11 18:09:55,transferencia,128.0,aprobado,REF-2F1AD8B9
P-4E471BD136,V-94CE8F823C,2026-09-11 18:09:55,vale,84.0,pendiente,REF-1FBF7556
P-CEB3660976,V-85DBD3E634,2026-09-11 18:09:56,vale,2100.0,aprobado,REF-57D6B0CC
P-A58869591F,V-15E926637F,2026-09-11 18:09:56,transferencia,110.0,aprobado,REF-FA2B67C3
P-D75E25C020,V-0F29233BA0,2026-09-11 18:09:56,vale,1520.0,aprobado,REF-90E90D94
P-14DF3DF1A5,V-96E8CE9706,2026-09-11 18:09:57,tarjeta,45.0,pendiente,REF-C7C5E785
P-63385F4D17,V-CC8DDB756F,2026-09-11 18:09:58,efectivo,1520.0,aprobado,REF-0A0C9DB5
P-5E373C12A3,V-94A40C83EA,2026-09-11 18:09:58,efectivo,1680.0,aprobado,REF-73BEED51
P-978B32AFA5,V-DE3E5D8C6C,2026-09-11 18:09:59,efectivo,1170.0,aprobado,REF-270ED3E8
P-C7420B8958,V-473F3DDF6B,2026-09-11 18:09:59,efectivo,390.0,aprobado,REF-A62C0F41
P-BAABC135C0,V-8E987DCAB7,2026-09-11 18:10:00,tarjeta,1680.0,pendiente,REF-20E09841
P-FFBEF56B61,V-EBEF89B046,2026-09-11 18:10:01,vale,390.0,aprobado,REF-F98B5772
P-2A19D84861,V-BAFC579EDA,2026-09-11 18:10:01,tarjeta,210.0,aprobado,REF-3278A823
P-181D0C3BCC,V-6CBB4C82F8,2026-09-11 18:10:02,efectivo,252.0,aprobado,REF-3741AE28
P-F5BD749813,V-F951B12C38,2026-09-11 18:10:02,efectivo,220.0,aprobado,REF-CCA0AE93
P-049C56629C,V-60A0346321,2026-09-11 18:10:03,transferencia,168.0,aprobado,REF-A3C9446D
P-53703E5018,V-AB273C287F,2026-09-11 18:10:04,tarjeta,110.0,pendiente,REF-C8479F5F
P-6171D3DC39,V-ABE41489CB,2026-09-11 18:10:04,efectivo,96.0,pendiente,REF-CBB38DDB
P-1CC8914267,V-0514581879,2026-09-11 18:10:05,efectivo,760.0,pendiente,REF-CD7B2DED
P-30D082C182,V-CEABDE57BE,2026-09-11 18:10:05,tarjeta,56.0,aprobado,REF-7A7D876B
P-905985E5E7,V-71BBF480AA,2026-09-11 18:10:05,efectivo,1560.0,pendiente,REF-3432C355
P-0F09378236,V-1F00BEE86B,2026-09-11 18:10:06,efectivo,126.0,aprobado,REF-A2530491
P-8CD2C9AF27,V-56CC9ACE05,2026-09-11 18:10:06,vale,135.0,aprobado,REF-60AC1F8A
P-B5ED154B68,V-033AACEF74,2026-09-11 18:10:07,tarjeta,288.0,aprobado,REF-0F444BD2
P-99EDD0B19C,V-2E39EFB75A,2026-09-11 18:10:08,tarjeta,96.0,aprobado,REF-EFE2E944
P-DBB2B68C57,V-1C637D14D9,2026-09-11 18:10:08,efectivo,140.0,aprobado,REF-171C04F3
P-6A2BDCA9E1,V-3C262EF1B5,2026-09-11 18:10:09,efectivo,1900.0,aprobado,REF-F6726221
P-EA42310C28,V-7F420E34ED,2026-09-11 18:10:09,vale,760.0,pendiente,REF-E673699D
P-F91D4C4BD0,V-0F7921F875,2026-09-11 18:10:10,efectivo,45.0,aprobado,REF-104339CA
P-769959EF03,V-5CF624D62E,2026-09-11 18:10:10,efectivo,90.0,aprobado,REF-C4C4BB8D
P-9C239B65F4,V-6B7E3F6F74,2026-09-11 18:10:11,vale,108.0,aprobado,REF-FE1D21B1
P-106169A98A,V-718AA65AB1,2026-09-11 18:10:12,vale,140.0,aprobado,REF-0486A090
P-95DF4E6D5E,V-6E84F8FAD8,2026-09-11 18:10:12,vale,28.0,aprobado,REF-111EFF91
P-52D5619380,V-33291EA2B5,2026-09-11 18:10:13,transferencia,112.0,aprobado,REF-AC6CB525
P-3C98A30E6B,V-6C00A38EDC,2026-09-11 18:10:13,tarjeta,112.0,aprobado,REF-FF8C7C24
P-78CF41046F,V-D27E86F46F,2026-09-11 18:10:14,transferencia,2280.0,aprobado,REF-5B35CC16
P-2EEE0A1561,V-8C2A0F6655,2026-09-11 18:10:14,tarjeta,28.0,aprobado,REF-9A1B7C23
P-84C4452850,V-085F3ADCD2,2026-09-11 18:10:15,transferencia,108.0,aprobado,REF-BE9AAE53
P-B8ADBAD6C0,V-2FBEF2CE1F,2026-09-11 18:10:15,tarjeta,1560.0,aprobado,REF-7B3AED79
P-2192E10D29,V-6C181C2AA2,2026-09-11 18:10:16,vale,126.0,aprobado,REF-EE0A4CBE
P-891C8EDFD8,V-0C161B46B2,2026-09-11 18:10:17,efectivo,168.0,pendiente,REF-932E2DB6
P-9036529748,V-4307B2F2E2,2026-09-11 18:10:17,efectivo,36.0,aprobado,REF-99C31D0C
P-A06B91EE9D,V-336686D581,2026-09-11 18:10:18,vale,1950.0,pendiente,REF-E1719860
P-4D51CE0361,V-F15D56AD47,2026-09-11 18:10:18,efectivo,18.0,aprobado,REF-857268CA
P-BD1C322B2D,V-7D091EAA02,2026-09-11 18:10:19,vale,84.0,pendiente,REF-70B26C45
P-0C95526A0A,V-91B8A2E18E,2026-09-11 18:10:19,vale,144.0,pendiente,REF-D42B0938
P-D766BB760A,V-8E0A916B34,2026-09-11 18:10:20,transferencia,2280.0,aprobado,REF-9115A992
P-CD8FEFB827,V-786131875E,2026-09-11 18:10:21,transferencia,1680.0,aprobado,REF-40981827
P-3235AC9A32,V-F9FAEA0A74,2026-09-11 18:10:21,tarjeta,390.0,pendiente,REF-D4E7054A
P-5D1EDD11AD,V-F1244B0594,2026-09-11 18:10:22,vale,84.0,pendiente,REF-6076A756
P-9C6AE019C5,V-E953553B7D,2026-09-11 18:10:23,efectivo,1900.0,aprobado,REF-D4E45D62
P-3A4667B6A6,V-D6F258D1E0,2026-09-11 18:10:23,tarjeta,1560.0,aprobado,REF-27F55204
P-BFF0DFC2DD,V-7EFF599D3F,2026-09-11 18:10:24,tarjeta,330.0,pendiente,REF-3C7C28D2
P-D6619FC72B,V-7146CF92F5,2026-09-11 18:10:24,vale,270.0,aprobado,REF-21DA500A
P-969E418C8B,V-D26F7D0B7C,2026-09-11 18:10:25,transferencia,90.0,pendiente,REF-E6E835BA
P-EF9E88F859,V-83B7E1D403,2026-09-11 18:10:25,vale,2100.0,aprobado,REF-5704DF76
P-53DA18A5B6,V-15A6206364,2026-09-11 18:10:26,transferencia,112.0,aprobado,REF-96A074D5
P-4FA880E967,V-BED4505FE8,2026-09-11 18:10:26,efectivo,2340.0,aprobado,REF-397E36BB
P-3E1CA1A98C,V-62C7CC17CC,2026-09-11 18:10:27,efectivo,840.0,aprobado,REF-4F1A29F9
P-77014A7E5A,V-B29ABB71DF,2026-09-11 18:10:27,tarjeta,2520.0,aprobado,REF-6D47EAB7
P-99D3A47783,V-42AB5A2589,2026-09-11 18:10:28,efectivo,2280.0,aprobado,REF-C4F49CA2
P-F8C876CD4D,V-135D1CAFF8,2026-09-11 18:10:29,tarjeta,1950.0,aprobado,REF-7C9E983D
P-B74E55F73F,V-256BEF856F,2026-09-11 18:10:29,efectivo,108.0,pendiente,REF-B18F8153
P-1F4922C454,V-B849C5B3A7,2026-09-11 18:10:30,transferencia,2100.0,aprobado,REF-A3F13AE6
P-625436A8F4,V-77A874502B,2026-09-11 18:10:30,efectivo,220.0,pendiente,REF-7E233EBE
P-C40276A659,V-3A349DB750,2026-09-11 18:10:31,vale,45.0,aprobado,REF-7A92E13D
P-9EB8C46BB9,V-452784583C,2026-09-11 18:10:31,efectivo,252.0,aprobado,REF-263DA940
P-C8D778C0CB,V-22C8B5A90E,2026-09-11 18:10:32,transferencia,220.0,pendiente,REF-BE77DE36
P-491DBD1410,V-3600C90BED,2026-09-11 18:10:33,tarjeta,160.0,aprobado,REF-54794650
P-EF79847962,V-76EE380DD3,2026-09-11 18:10:33,tarjeta,18.0,pendiente,REF-D95D04FF
P-5632BA5052,V-FBA2654A4F,2026-09-11 18:10:33,tarjeta,84.0,aprobado,REF-5F6C48CD
P-C2EBEB89BA,V-902166A5DA,2026-09-11 18:10:34,efectivo,1950.0,pendiente,REF-608CAF69
P-F8E1D6014B,V-8FD41219D4,2026-09-11 18:10:34,tarjeta,56.0,pendiente,REF-FE5A1F73
P-D81044C9E2,V-BA29BA0D5D,2026-09-11 18:10:35,transferencia,96.0,aprobado,REF-CBA2C0A5
P-9DF9961184,V-6F10A3AFC7,2026-09-11 18:10:36,transferencia,1140.0,aprobado,REF-68CB2648
P-1CD4F7FDB1,V-94693B68C8,2026-09-11 18:10:36,vale,1950.0,aprobado,REF-C4F4891F
P-0E7FD17A53,V-A182AB8E45,2026-09-11 18:10:37,transferencia,168.0,aprobado,REF-6C419B42
P-A1056DDDF4,V-80836D7031,2026-09-11 18:10:37,efectivo,1140.0,pendiente,REF-B5EE76F3
P-874627C44F,V-12BA2C76AB,2026-09-11 18:10:38,efectivo,54.0,pendiente,REF-CC1E0FAF
P-4A20640F04,V-495CB3823A,2026-09-11 18:10:38,transferencia,2280.0,pendiente,REF-80C8A52E
P-FB85E400F9,V-2C14A44260,2026-09-11 18:10:39,transferencia,1900.0,aprobado,REF-9BE96191
P-B96C72BBDF,V-D50F3E29AE,2026-09-11 18:10:40,tarjeta,275.0,aprobado,REF-75F93729
P-DE13EB5444,V-C8C00880F2,2026-09-11 18:10:40,transferencia,90.0,aprobado,REF-7B4961E1
P-EE8F5858B1,V-4249873B6E,2026-09-11 18:10:41,transferencia,84.0,aprobado,REF-B8DFA169
P-B13A8E2A36,V-8A9FDB4312,2026-09-11 18:10:41,vale,54.0,aprobado,REF-6AFFC00B
P-85170309D6,V-FCD887A8DD,2026-09-11 18:10:42,efectivo,1900.0,aprobado,REF-FD440909
P-630FEC25E4,V-331DA3EACD,2026-09-11 18:10:43,vale,1140.0,pendiente,REF-DDFBF29D
P-8FEC2FB061,V-5A93DA9FBC,2026-09-11 18:10:43,vale,140.0,aprobado,REF-F5C1E387
P-7B8A01BA64,V-9B7E83F52F,2026-09-11 18:10:44,vale,1900.0,pendiente,REF-9B60BC56
P-8FB2736C72,V-37704FA244,2026-09-11 18:10:44,transferencia,1520.0,aprobado,REF-68802261
P-8C59F29907,V-C21AFE487D,2026-09-11 18:10:45,vale,144.0,pendiente,REF-275CF019
P-860C29C847,V-AAA11B05D0,2026-09-11 18:10:46,vale,1680.0,aprobado,REF-753199E2
P-678651F28A,V-E5CB90A23A,2026-09-11 18:10:46,tarjeta,780.0,aprobado,REF-81999645
P-36B55E15BD,V-CCFF6F6F5A,2026-09-11 18:10:47,efectivo,45.0,pendiente,REF-F2707EEC
P-C983B3DFE7,V-D84ECAB928,2026-09-11 18:10:47,efectivo,48.0,aprobado,REF-85697F61
P-1BA2C42A6E,V-9ABD5120B0,2026-09-11 18:10:48,tarjeta,55.0,aprobado,REF-E5284142
P-F1972F5870,V-8ED6B0FE83,2026-09-11 18:10:49,vale,160.0,pendiente,REF-5FB8EBCA
P-CEF1212B2A,V-C2BBA6F836,2026-09-11 18:10:49,tarjeta,1900.0,aprobado,REF-44024389
P-375F63C741,V-5B605D0E62,2026-09-11 18:10:50,efectivo,135.0,aprobado,REF-F9BAF6E9
P-0261F2BDDE,V-5A585AA422,2026-09-11 18:10:50,transferencia,112.0,aprobado,REF-5F919A50
P-F603B26122,V-E227B87C17,2026-09-11 18:10:51,efectivo,240.0,aprobado,REF-E36B7231
P-761B8EB992,V-9B0BD10E0F,2026-09-11 18:10:51,vale,64.0,aprobado,REF-B19A684B
P-BF37ED6DBF,V-9C20AD058A,2026-09-11 18:10:52,efectivo,56.0,aprobado,REF-5839425D
P-B48360BFB3,V-DCFCF7192D,2026-09-11 18:10:52,tarjeta,240.0,aprobado,REF-507AE33F
P-94757E1393,V-FD437A8CF6,2026-09-11 18:10:53,vale,42.0,pendiente,REF-FC831C09
P-2B4772694A,V-D1909F8DF6,2026-09-11 18:10:54,efectivo,240.0,aprobado,REF-F122CA8D
P-DB51E3AFAA,V-4C2AA00D4C,2026-09-11 18:10:54,vale,128.0,aprobado,REF-A107CEEC
P-DD79A37023,V-0D92CD3205,2026-09-11 18:10:54,efectivo,780.0,aprobado,REF-733CDF30
P-4FCDCF8F42,V-AC22BD4D0E,2026-09-11 18:10:55,efectivo,288.0,aprobado,REF-4DE3E596
P-FFC6B6BDCC,V-513EBE9F00,2026-09-11 18:10:56,transferencia,96.0,aprobado,REF-7E294F7E
P-AFE1034FE6,V-D551118443,2026-09-11 18:10:56,tarjeta,2280.0,aprobado,REF-91C21465
P-5CD442BDC3,V-7B7D74896C,2026-09-11 18:10:57,efectivo,1680.0,aprobado,REF-57072F5C
P-F412758D21,V-BC436A1617,2026-09-11 18:10:58,transferencia,1900.0,aprobado,REF-B7B0EA51
P-455C7A0DF4,V-6E5F3356C8,2026-09-11 18:10:58,transferencia,96.0,aprobado,REF-B8AF0756
P-771D12934D,V-0F6BC84E86,2026-09-11 18:10:59,transferencia,165.0,aprobado,REF-E8332CBE
P-48681D4132,V-23F8A094FC,2026-09-11 18:10:59,tarjeta,84.0,aprobado,REF-911B0F77
P-17057BE290,V-3F2A0DE953,2026-09-11 18:11:00,tarjeta,84.0,aprobado,REF-98E35C61
P-F7FCD14FA2,V-A3F807F416,2026-09-11 18:11:00,vale,160.0,aprobado,REF-2A39298A
P-0F60FB0E90,V-2593A1EAF1,2026-09-11 18:11:01,vale,330.0,pendiente,REF-CB946232
P-0C09F4B53A,V-95200919D8,2026-09-11 18:11:01,transferencia,28.0,aprobado,REF-29325299
P-F03FF85312,V-D6DE0AB0F8,2026-09-11 18:11:02,transferencia,144.0,aprobado,REF-0444E432
P-1571971317,V-4EC948E387,2026-09-11 18:11:03,vale,42.0,aprobado,REF-785E4905
P-BCBB907498,V-664E950D7B,2026-09-11 18:11:03,transferencia,420.0,aprobado,REF-A240CC4D
P-8FE6A8DA88,V-546BE789C1,2026-09-11 18:11:03,tarjeta,160.0,pendiente,REF-EA84577A
P-3BE8132F21,V-433F27C569,2026-09-11 18:11:04,efectivo,126.0,pendiente,REF-C8526C4B
P-83BAA2D4BD,V-DC67BBD3D2,2026-09-11 18:11:04,tarjeta,1560.0,aprobado,REF-3D099B1B
P-94BF62AD65,V-BB0983BAC2,2026-09-11 18:11:05,vale,1680.0,aprobado,REF-EDF2006E
P-6F30584A03,V-842FF3AF38,2026-09-11 18:11:05,tarjeta,144.0,aprobado,REF-1A2754E9
P-0AD49475DA,V-2702A91483,2026-09-11 18:11:06,efectivo,96.0,aprobado,REF-29EAB0A9
P-1B0DD13933,V-D58C7971C7,2026-09-11 18:11:07,transferencia,32.0,aprobado,REF-6EA24BA4
P-80122C648E,V-DC58980D9F,2026-09-11 18:11:07,tarjeta,2520.0,aprobado,REF-D14804D3
P-6C2FCAF657,V-1A033D047B,2026-09-11 18:11:08,vale,1520.0,aprobado,REF-C8A734B0
P-5B371B7888,V-FE3BDEEC1B,2026-09-11 18:11:09,tarjeta,380.0,aprobado,REF-C97BF987
P-AD42DC328C,V-1CC77152FC,2026-09-11 18:11:09,efectivo,760.0,aprobado,REF-21D361EF
P-C96634FFC2,V-A4A0ADD1CE,2026-09-11 18:11:10,transferencia,1560.0,aprobado,REF-2F4DE921
P-521E13DFB2,V-79E3F31C2B,2026-09-11 18:11:10,transferencia,45.0,aprobado,REF-47F26972
P-7C1F38AA52,V-BA837EFE04,2026-09-11 18:11:10,transferencia,330.0,aprobado,REF-E1C47AAE
P-E52A90D111,V-435D9581EE,2026-09-11 18:11:11,efectivo,55.0,aprobado,REF-DE101724
P-F7DB763673,V-1F497C3C26,2026-09-11 18:11:12,tarjeta,45.0,aprobado,REF-8683E311
P-40A7495B30,V-AEF1017189,2026-09-11 18:11:13,tarjeta,18.0,aprobado,REF-5A1A5CBD
P-72F847DD00,V-3FA2F3259E,2026-09-11 18:11:13,tarjeta,64.0,aprobado,REF-5EEC999F
P-ADA92A94C9,V-1F9E3CC76C,2026-09-11 18:11:14,tarjeta,1140.0,aprobado,REF-58B0576F
P-2716EDAD55,V-0031B32227,2026-09-11 18:11:14,tarjeta,140.0,aprobado,REF-2841883E
P-D20EAC3E96,V-7ED928ADC9,2026-09-11 18:11:15,transferencia,420.0,aprobado,REF-C36C9CD7
P-ACF38A8334,V-34EB2359D7,2026-09-11 18:11:15,vale,108.0,aprobado,REF-5216E26B
P-B262B4B35C,V-1A3367CB14,2026-09-11 18:11:16,vale,1900.0,pendiente,REF-23A4380B
P-B54AE8F212,V-66D230875B,2026-09-11 18:11:17,tarjeta,48.0,aprobado,REF-0344DE91
P-6BA6AA3C2C,V-8FC9288E90,2026-09-11 18:11:17,tarjeta,56.0,aprobado,REF-69CFBC95
P-33E96AF4B8,V-97F3A2B9B5,2026-09-11 18:11:18,transferencia,168.0,aprobado,REF-1B57BA7F
P-03D84FD5D3,V-E3F53541B2,2026-09-11 18:11:18,tarjeta,18.0,aprobado,REF-2CC8A840
P-DA971ECD52,V-2367C35346,2026-09-11 18:11:19,vale,192.0,aprobado,REF-14AEAA9D
P-647C5B3235,V-0DBC8DCA32,2026-09-11 18:11:19,efectivo,64.0,aprobado,REF-4B88176E
P-26583F162B,V-76BA21F42D,2026-09-11 18:11:20,efectivo,165.0,aprobado,REF-B9522985
P-0E0519719B,V-ED3D00D5DE,2026-09-11 18:11:21,vale,420.0,aprobado,REF-9CD02279
P-FC6B46256C,V-A682C80631,2026-09-11 18:11:21,efectivo,220.0,aprobado,REF-DA3AC3B7
P-9830F1ADA2,V-6C0464BAF7,2026-09-11 18:11:22,transferencia,1680.0,aprobado,REF-E5BD1598
P-A1262A4C50,V-041AF72C3C,2026-09-11 18:11:22,vale,420.0,pendiente,REF-8E37F281
P-6BE999C967,V-A49376709A,2026-09-11 18:11:23,vale,1170.0,aprobado,REF-8BEF87C1
P-DE9B266EC6,V-CB53CC8BB4,2026-09-11 18:11:23,efectivo,90.0,aprobado,REF-C36D0BC8
P-D6E3574049,V-F835D63E32,2026-09-11 18:11:24,vale,1520.0,aprobado,REF-C9B38D69
P-A5026AFF5A,V-FC41D9BE58,2026-09-11 18:11:24,vale,1680.0,aprobado,REF-0C88B6C9
P-B7F4C767F8,V-BB6BE24727,2026-09-11 18:11:25,transferencia,55.0,aprobado,REF-90B80946
P-16AF8845D7,V-B50F8C3F06,2026-09-11 18:11:26,efectivo,220.0,aprobado,REF-1B6EFAC9
P-22BA68B74D,V-AEC0A72A4D,2026-09-11 18:11:26,tarjeta,1260.0,aprobado,REF-F017269B
P-B3A6E60CA7,V-E997AD414F,2026-09-11 18:11:27,transferencia,110.0,aprobado,REF-A1BB4549
P-0D146A2A56,V-0A12D1F21A,2026-09-11 18:11:27,efectivo,64.0,aprobado,REF-EE58D5AE
P-73AD669ED7,V-C986BB90E4,2026-09-11 18:11:28,transferencia,1260.0,pendiente,REF-9208DA32
P-C19708EC83,V-DFF6C4B760,2026-09-11 18:11:28,efectivo,84.0,aprobado,REF-81BCD9E5
P-9524CD3802,V-EA8C8DB492,2026-09-11 18:11:28,efectivo,275.0,aprobado,REF-73241E4A
P-299C165457,V-E10F53079F,2026-09-11 18:11:29,efectivo,1950.0,aprobado,REF-16300A7D
P-1E5241E24B,V-3C7CEB7E45,2026-09-11 18:11:29,vale,1560.0,aprobado,REF-B2F1F036
P-1A1B0466AD,V-B0295CF152,2026-09-11 18:11:30,efectivo,126.0,pendiente,REF-F5A3731C
P-F7E7DC3A47,V-AF7DC0B31F,2026-09-11 18:11:30,transferencia,220.0,aprobado,REF-D2B7EDBD
P-F1BC765622,V-6980719642,2026-09-11 18:11:31,transferencia,54.0,aprobado,REF-F730E975
P-A75AAA00EB,V-1AF4DB1D20,2026-09-11 18:11:31,efectivo,96.0,aprobado,REF-D68248C3
P-422C09F980,V-50F5C26A09,2026-09-11 18:11:32,tarjeta,288.0,pendiente,REF-34A7AB94
P-B09E2E47D2,V-315FD7F5A8,2026-09-11 18:11:33,vale,220.0,aprobado,REF-D2C451E2
P-C5E51C3310,V-D48CD405F6,2026-09-11 18:11:33,transferencia,112.0,aprobado,REF-9D7CA5D3
P-F21DC9B6F5,V-B00A449450,2026-09-11 18:11:34,efectivo,252.0,aprobado,REF-3CD99C1C
P-BAB2088558,V-0879FCEF07,2026-09-11 18:11:34,vale,128.0,aprobado,REF-8958806B
P-A37F6794D4,V-D3FF6E64BD,2026-09-11 18:11:35,efectivo,144.0,aprobado,REF-6CBC056B
P-4C5503C126,V-77CBF50777,2026-09-11 18:11:35,tarjeta,42.0,aprobado,REF-D858B43D
P-2903EB4B91,V-04DB5B9402,2026-09-11 18:11:36,tarjeta,96.0,aprobado,REF-20DF2AE6
P-3EBC7B1FFD,V-A519CDC2AF,2026-09-11 18:11:37,tarjeta,90.0,aprobado,REF-B65AE241
P-6FB6C3C55C,V-17F69347E2,2026-09-11 18:11:37,vale,42.0,pendiente,REF-4548E8C1
P-8D45A6457D,V-3BECF3753B,2026-09-11 18:11:38,tarjeta,144.0,pendiente,REF-416B4F6B
P-3158F69A8B,V-1E68A0C850,2026-09-11 18:11:38,transferencia,2520.0,aprobado,REF-6545FACB
P-819C9C6420,V-FB8A895DCF,2026-09-11 18:11:39,transferencia,72.0,pendiente,REF-50B4B0C9
P-0D82927C1E,V-4C5BBDFCD6,2026-09-11 18:11:39,efectivo,168.0,pendiente,REF-7265BC70
P-793A032773,V-15A99E2327,2026-09-11 18:11:40,transferencia,56.0,aprobado,REF-07124CD3
P-DF8076199D,V-2F6D9C815E,2026-09-11 18:11:40,efectivo,1680.0,aprobado,REF-0747321A
P-CC0473F718,V-7C54803A5A,2026-09-11 18:11:40,tarjeta,56.0,aprobado,REF-081364B5
P-E7BC482DD4,V-0CB3E5878A,2026-09-11 18:11:41,efectivo,390.0,aprobado,REF-9A2B8AA7
P-243175EF40,V-B5EC686D19,2026-09-11 18:11:41,tarjeta,84.0,aprobado,REF-1898715F
P-435E1A539F,V-1F052ACBFB,2026-09-11 18:11:42,transferencia,210.0,aprobado,REF-144BFC96
P-B8F54E90AB,V-874006B248,2026-09-11 18:11:43,vale,135.0,aprobado,REF-E50ACEB0
P-482FB5ECBD,V-C4E9F220FB,2026-09-11 18:11:44,tarjeta,1680.0,aprobado,REF-DD2D90AE
P-529A9E19CB,V-F07500AE27,2026-09-11 18:11:44,transferencia,1520.0,aprobado,REF-89304515
P-2B0E8E8FAD,V-340D51A2BE,2026-09-11 18:11:45,tarjeta,56.0,aprobado,REF-D13EEED7
P-110B6262C2,V-186CA8957F,2026-09-11 18:11:45,efectivo,2520.0,aprobado,REF-A12C6010
P-A83B346687,V-A4D059BC52,2026-09-11 18:11:46,vale,1260.0,aprobado,REF-31A88BC8
P-10E54665A8,V-4AB33C24E7,2026-09-11 18:11:47,tarjeta,380.0,aprobado,REF-3B293915
P-40BEDF103E,V-912A8E69FC,2026-09-11 18:11:47,tarjeta,225.0,aprobado,REF-F11B60B5
P-D5439DA664,V-945E244376,2026-09-11 18:11:48,transferencia,42.0,aprobado,REF-73132D1C
P-56E9D2ED3D,V-E947D5766C,2026-09-11 18:11:48,vale,64.0,aprobado,REF-5D0C6D22
P-834B10522B,V-2FD4B86154,2026-09-11 18:11:49,tarjeta,84.0,aprobado,REF-1569C574
P-5BA1E1B396,V-E09F2594D8,2026-09-11 18:11:49,vale,48.0,aprobado,REF-DBD64B1F
P-8C51DDB56A,V-0A66439FDE,2026-09-11 18:11:50,tarjeta,270.0,pendiente,REF-C3648021
P-BFC404935E,V-E906D7DC6C,2026-09-11 18:11:50,efectivo,2340.0,pendiente,REF-C8738EB0
P-490EA895A1,V-E87A9FA908,2026-09-11 18:11:50,tarjeta,1260.0,aprobado,REF-358552F7
P-222A35864E,V-2D97D0E27F,2026-09-11 18:11:51,tarjeta,112.0,pendiente,REF-A696DB6B
P-8A799A0097,V-93466FD9F6,2026-09-11 18:11:51,transferencia,2340.0,pendiente,REF-2257BC8F
P-C8A60D13DC,V-F0AA5D5BA3,2026-09-11 18:11:52,efectivo,160.0,aprobado,REF-6850D033
P-A03F6E291F,V-C0C118772A,2026-09-11 18:11:53,efectivo,252.0,pendiente,REF-2F2F239D
P-1AC746633C,V-AB3423D27B,2026-09-11 18:11:53,vale,96.0,aprobado,REF-87B232E2
P-8F83FBEC3D,V-3B56A94B69,2026-09-11 18:11:54,efectivo,64.0,aprobado,REF-E5D552CB
P-A1F3404D2E,V-EABDB272B3,2026-09-11 18:11:55,transferencia,330.0,pendiente,REF-B1A820D5
P-F89019EFE0,V-69AD0F7948,2026-09-11 18:11:55,vale,72.0,aprobado,REF-2B77EE01
P-210BB2D5F1,V-DE93A145CC,2026-09-11 18:11:56,tarjeta,45.0,aprobado,REF-A6A0A9D0
P-9A38FDBBEA,V-5F68B554DA,2026-09-11 18:11:56,tarjeta,760.0,aprobado,REF-8E65E2E6
P-DC26FFC22A,V-21A5BA928E,2026-09-11 18:11:57,vale,112.0,pendiente,REF-98F49B72
P-730653309E,V-FAE5FA05AF,2026-09-11 18:11:58,tarjeta,288.0,aprobado,REF-B11DD323
P-1FD3B28841,V-15627F351D,2026-09-11 18:11:58,efectivo,128.0,aprobado,REF-CC87A137
P-9BFA2D6926,V-2A51614D64,2026-09-11 18:11:59,transferencia,140.0,aprobado,REF-86B51F9F
P-AAA45DEA9E,V-9A7B4698B2,2026-09-11 18:11:59,transferencia,192.0,aprobado,REF-284AFE1A
P-00A92F7A22,V-C09D442040,2026-09-11 18:12:00,tarjeta,32.0,aprobado,REF-44A128DB
P-DF86597BB0,V-4A6A04179D,2026-09-11 18:12:00,efectivo,1520.0,aprobado,REF-A5C2B4B3
P-2BF18814CE,V-2FF3F7EB2D,2026-09-11 18:12:01,transferencia,192.0,aprobado,REF-0A909FF9
P-72A00F7E8D,V-346C133AFA,2026-09-11 18:12:02,tarjeta,225.0,aprobado,REF-03393EEE
P-3C61A89928,V-36A0823718,2026-09-11 18:12:03,tarjeta,90.0,pendiente,REF-B170F7C1
P-7486690911,V-C49332E410,2026-09-11 18:12:03,vale,165.0,aprobado,REF-51890060
P-E0A97885F7,V-979A096734,2026-09-11 18:12:04,tarjeta,90.0,aprobado,REF-3E66ACE2
P-AFE73576CE,V-31B49229E2,2026-09-11 18:12:04,vale,1140.0,aprobado,REF-29CDAB58
P-76E61F6E84,V-448D6B80B5,2026-09-11 18:12:04,tarjeta,1900.0,aprobado,REF-9A1E44BA
P-813E7A3FC8,V-28149A571E,2026-09-11 18:12:05,tarjeta,72.0,aprobado,REF-4067CE22
P-8AD3734B20,V-E9B0A648AA,2026-09-11 18:12:05,efectivo,210.0,aprobado,REF-139A4C19
P-91978D376E,V-3D211BD4AA,2026-09-11 18:12:06,vale,36.0,pendiente,REF-62FCD261
P-D81C1C6ACE,V-54BA8C8B2E,2026-09-11 18:12:06,vale,2280.0,aprobado,REF-5252BD5C
P-E8FB632D64,V-C849B417D0,2026-09-11 18:12:07,tarjeta,1140.0,aprobado,REF-4A6ABC7E
P-F268C365D1,V-D5A6587FBB,2026-09-11 18:12:07,efectivo,275.0,aprobado,REF-F3B485A4
P-C16CDFFFD6,V-26428AE5A4,2026-09-11 18:12:08,efectivo,192.0,aprobado,REF-6947387F
P-8F80227FE4,V-B36F9ACC1B,2026-09-11 18:12:09,efectivo,168.0,aprobado,REF-04B6EE2B
P-863DC68EB5,V-F9C637602A,2026-09-11 18:12:09,vale,168.0,aprobado,REF-CA5C12F9
P-9F8774E4C9,V-B146D8F7E8,2026-09-11 18:12:10,efectivo,28.0,aprobado,REF-BDB17501
P-371C45BA58,V-AEAEBA55C1,2026-09-11 18:12:11,vale,840.0,aprobado,REF-6F1352BA
P-78249E8319,V-67A46FFA2D,2026-09-11 18:12:11,tarjeta,108.0,pendiente,REF-9AF1EB77
P-CE0E6FBAF3,V-D5384DF64F,2026-09-11 18:12:12,vale,380.0,aprobado,REF-18C28888
P-912C4A05DD,V-1C650512CA,2026-09-11 18:12:13,transferencia,168.0,aprobado,REF-03F08AD9
P-2F022DB944,V-A533366F34,2026-09-11 18:12:13,transferencia,380.0,pendiente,REF-9455090A
P-463E2B7435,V-17F910CD79,2026-09-11 18:12:14,tarjeta,55.0,aprobado,REF-F2E6676F
P-F9609C1E61,V-3DD3AE7BD6,2026-09-11 18:12:14,transferencia,252.0,pendiente,REF-B30B885E
P-F5513FC9F7,V-3FDC4E3CD1,2026-09-11 18:12:15,vale,96.0,aprobado,REF-F1BF50FF
P-AC2EB28331,V-2E6760D830,2026-09-11 18:12:15,tarjeta,192.0,pendiente,REF-40FF3211
P-2623023B31,V-0875031D33,2026-09-11 18:12:16,tarjeta,270.0,aprobado,REF-14F482BA
P-55DFB55737,V-091A415F55,2026-09-11 18:12:16,vale,28.0,aprobado,REF-57B1AF01
P-2F7448C5BC,V-E378B5D458,2026-09-11 18:12:17,vale,330.0,aprobado,REF-B8EAD7B0
P-944E501A86,V-6C2C8D1B76,2026-09-11 18:12:17,tarjeta,288.0,aprobado,REF-C5C11EC0
P-651E91B25E,V-2B2F716492,2026-09-11 18:12:18,tarjeta,1260.0,aprobado,REF-ACB7B29F
P-FB868C47CB,V-5DC68F019D,2026-09-11 18:12:18,vale,96.0,pendiente,REF-82CD0775
P-52CD08815A,V-0B98FAE94C,2026-09-11 18:12:19,efectivo,108.0,pendiente,REF-2AC203E7
P-4E446D9949,V-F4BC093F31,2026-09-11 18:12:19,transferencia,288.0,aprobado,REF-41548E82
P-08AF95C70C,V-185F55E576,2026-09-11 18:12:20,transferencia,210.0,aprobado,REF-495602DF
P-5D843E1AF1,V-9A46487284,2026-09-11 18:12:21,efectivo,420.0,aprobado,REF-0D096194
P-E9DDF0483B,V-C2B65D0440,2026-09-11 18:12:21,efectivo,1950.0,aprobado,REF-BC396BD1
P-BC5EC4AC80,V-46E62F54ED,2026-09-11 18:12:22,vale,84.0,pendiente,REF-5561D841
P-C81D617817,V-9A0309676A,2026-09-11 18:12:22,transferencia,252.0,aprobado,REF-798B7AD6
P-44A832AD5A,V-8F533DB862,2026-09-11 18:12:23,vale,54.0,pendiente,REF-4576FE20
P-47E4BF4D12,V-C0FF1A1417,2026-09-11 18:12:23,tarjeta,225.0,pendiente,REF-26E818B8
P-0AB71ED543,V-C1A5969EE2,2026-09-11 18:12:24,efectivo,2520.0,pendiente,REF-4C080365
P-4787B4F033,V-E15D98D45E,2026-09-11 18:12:24,tarjeta,1520.0,aprobado,REF-6AEE6952
P-A721AAE48C,V-9130175672,2026-09-11 18:12:25,tarjeta,1170.0,aprobado,REF-1A2C4770
P-638992A47B,V-2BD5921CDC,2026-09-11 18:12:25,vale,144.0,pendiente,REF-1DD17AA4
P-6B63E1B71D,V-0A5112CA3A,2026-09-11 18:12:26,vale,168.0,aprobado,REF-5AE1B157
P-179EE2C723,V-6F80072C62,2026-09-11 18:12:26,efectivo,36.0,aprobado,REF-7C5F62BA
P-643CD4136B,V-3A50108E06,2026-09-11 18:12:27,tarjeta,252.0,aprobado,REF-E9427812
P-827AE3BAC9,V-2C9D032F13,2026-09-11 18:12:27,vale,270.0,aprobado,REF-2AD19182
P-20D87F8BB2,V-688261E360,2026-09-11 18:12:28,tarjeta,112.0,aprobado,REF-6BBB4A96
P-168F7F3B48,V-8239AC7C4E,2026-09-11 18:12:28,tarjeta,28.0,aprobado,REF-B1F73848
P-9029AC9C6E,V-0E97A47AE2,2026-09-11 18:12:29,efectivo,2520.0,pendiente,REF-D1B4290D
P-0029ED3F63,V-AE4371109D,2026-09-11 18:12:29,vale,1560.0,aprobado,REF-30A9F39D
P-FC2F896CF4,V-A0EB2DA95C,2026-09-11 18:12:30,vale,2100.0,aprobado,REF-82E9D876
P-67584C0824,V-0743A8CE24,2026-09-11 18:12:31,efectivo,42.0,aprobado,REF-ADFC9570
P-0E7315CB37,V-C166588400,2026-09-11 18:12:31,vale,128.0,aprobado,REF-8736B363
P-C925818EBA,V-44881DC0A5,2026-09-11 18:12:32,tarjeta,1260.0,aprobado,REF-76A58CA8
P-9D648FFCE0,V-C192DEA95C,2026-09-11 18:12:33,vale,84.0,aprobado,REF-6C73441B
P-00DC30BA69,V-CF871243FF,2026-09-11 18:12:33,vale,64.0,aprobado,REF-4A7A533B
P-196D045C42,V-00A7CE81DD,2026-09-11 18:12:34,efectivo,288.0,pendiente,REF-2AD934F2
P-86C002C162,V-A85A9C3792,2026-09-11 18:12:34,transferencia,54.0,pendiente,REF-CA3EACE5
P-0D2E42F8F2,V-12F7437B75,2026-09-11 18:12:35,efectivo,144.0,aprobado,REF-ADD1C12F
P-8F67E45582,V-029C819C2C,2026-09-11 18:12:35,tarjeta,275.0,aprobado,REF-876D0046
P-104590AB82,V-58B256B289,2026-09-11 18:12:36,vale,126.0,aprobado,REF-61772129
P-00B07885A9,V-A92A766C6C,2026-09-11 18:12:37,efectivo,54.0,aprobado,REF-128E0338
P-AAECD2318A,V-82D134889F,2026-09-11 18:12:37,tarjeta,1680.0,pendiente,REF-A8CF7377
P-37C8995C40,V-51C8D5CE3B,2026-09-11 18:12:38,efectivo,64.0,pendiente,REF-2C1D170C
P-C28F3BE2A1,V-92F42014C2,2026-09-11 18:12:38,vale,56.0,aprobado,REF-19D0CB2E
P-ED2A16603B,V-F63E276E1A,2026-09-11 18:12:39,tarjeta,1680.0,aprobado,REF-46114CDE
P-B71A15AC6E,V-695DA4A63A,2026-09-11 18:12:39,efectivo,84.0,aprobado,REF-96B944D2
P-FFDDDD5B03,V-D1E37A23EB,2026-09-11 18:12:40,transferencia,192.0,aprobado,REF-CEFDE920
P-4EA4449B2F,V-FB468CAAF2,2026-09-11 18:12:40,tarjeta,780.0,pendiente,REF-528DB815
P-F9931CC69C,V-C5F4DFEF0F,2026-09-11 18:12:41,vale,168.0,aprobado,REF-55101DF4
P-8F2C960207,V-0108CBE293,2026-09-11 18:12:42,transferencia,108.0,aprobado,REF-02367766
P-16D335AAAB,V-2021540A5E,2026-09-11 18:12:42,tarjeta,28.0,aprobado,REF-CE34180B
P-07B9951EBE,V-D6EEE138F4,2026-09-11 18:12:43,vale,2340.0,aprobado,REF-A0B25E5D
P-C9244A785F,V-554BD72B2A,2026-09-11 18:12:44,tarjeta,192.0,pendiente,REF-B02837FC
P-B945D30070,V-4333D70290,2026-09-11 18:12:44,vale,192.0,aprobado,REF-CE449E6A
P-09D87FB70B,V-8716E6C7C3,2026-09-11 18:12:45,efectivo,1560.0,aprobado,REF-8456DDBB
P-24175329D4,V-4AF310D0D9,2026-09-11 18:12:45,transferencia,56.0,aprobado,REF-5D32D01A
P-6E6B2A2B6D,V-3D1081197C,2026-09-11 18:12:46,vale,140.0,pendiente,REF-0E6B8C2E
P-42E5875D3E,V-127D2E3A28,2026-09-11 18:12:46,vale,84.0,aprobado,REF-B9C45864
P-4A1AC53429,V-BC9A1F67CC,2026-09-11 18:12:47,tarjeta,240.0,aprobado,REF-9F6511B4
P-73725ACD11,V-DDD1EAB344,2026-09-11 18:12:48,vale,72.0,pendiente,REF-88D8BB26
P-54D70E1CEE,V-D0CE648EDF,2026-09-11 18:12:48,tarjeta,180.0,aprobado,REF-E313D8DC
P-CA0E5C4AA2,V-8EB9DFFD17,2026-09-11 18:12:49,efectivo,45.0,aprobado,REF-BFE18EDE
P-713644CA82,V-D68647B0AE,2026-09-11 18:12:49,tarjeta,54.0,pendiente,REF-E2268BE5
P-1E6B5E1CA3,V-ED9DCE7A72,2026-09-11 18:12:50,tarjeta,84.0,aprobado,REF-4A584343
P-2577629A77,V-FD1E102740,2026-09-11 18:12:50,vale,45.0,aprobado,REF-A42AC1E7
P-1A35A06C99,V-AEE145E112,2026-09-11 18:12:51,efectivo,240.0,aprobado,REF-0D8B0748
P-C74107AF1B,V-B524B4D523,2026-09-11 18:12:51,vale,55.0,aprobado,REF-0BF5EBEF
P-A59BE737E2,V-EFF019D574,2026-09-11 18:12:52,tarjeta,140.0,aprobado,REF-CE121DD7
P-3420FEA0CC,V-D93A6272C2,2026-09-11 18:12:52,efectivo,1260.0,aprobado,REF-8F38E40D
P-09550EE22D,V-FB47AED8AD,2026-09-11 18:12:53,transferencia,18.0,aprobado,REF-92B572D1
P-DB9525AEAF,V-D8567E1B00,2026-09-11 18:12:53,transferencia,240.0,aprobado,REF-0F3774AF
P-BD3DA91B65,V-AB86211C11,2026-09-11 18:12:54,tarjeta,55.0,aprobado,REF-A0D50788
P-214128AAC0,V-A415A115C6,2026-09-11 18:12:55,vale,380.0,aprobado,REF-11AA35CB
P-9B136E8846,V-F7FF7375A3,2026-09-11 18:12:55,transferencia,840.0,aprobado,REF-EB2A3492
P-C78A746A91,V-1C2DFBE097,2026-09-11 18:12:56,vale,160.0,pendiente,REF-C50E02DC
P-8BD7CBC9F4,V-284EC8A709,2026-09-11 18:12:57,vale,135.0,pendiente,REF-CD30057A
P-23FEFA2E40,V-8693A4E079,2026-09-11 18:12:57,efectivo,1680.0,aprobado,REF-6A911E19
P-7690A6B5FF,V-FC001078AF,2026-09-11 18:12:58,efectivo,252.0,pendiente,REF-7084E279
P-CE69DD0AF2,V-0DFE203F15,2026-09-11 18:12:59,transferencia,18.0,aprobado,REF-7C6DF6BF
P-903924793C,V-4522A2EC5A,2026-09-11 18:12:59,vale,144.0,aprobado,REF-D7BA0B17
P-BB9B454636,V-6FA96963CB,2026-09-11 18:13:00,tarjeta,144.0,aprobado,REF-D22C05D7
P-6B4EF32EF7,V-674D737B5E,2026-09-11 18:13:00,tarjeta,168.0,aprobado,REF-2E779F7F
P-E9FDFC691A,V-7E07745F1E,2026-09-11 18:13:01,transferencia,110.0,aprobado,REF-7F2D1F43
P-AEAF4C045F,V-81FE1A4A81,2026-09-11 18:13:01,vale,225.0,aprobado,REF-530B9626
P-9B35244979,V-E79728107C,2026-09-11 18:13:02,vale,840.0,aprobado,REF-C082B967
P-E65F0F4C99,V-27536723C1,2026-09-11 18:13:02,efectivo,2280.0,aprobado,REF-C473F176
P-1991F742F1,V-3A848B5F46,2026-09-11 18:13:03,efectivo,56.0,aprobado,REF-AD9019C5
P-3865F9F414,V-92541D7B55,2026-09-11 18:13:04,transferencia,18.0,aprobado,REF-E4792238
P-C527CA4778,V-68BB87C95C,2026-09-11 18:13:04,tarjeta,420.0,aprobado,REF-B96B5B82
P-B4D4A6DB96,V-0E723F804C,2026-09-11 18:13:05,efectivo,90.0,aprobado,REF-89D3BEBF
P-1532FDB149,V-CE0655A4D2,2026-09-11 18:13:05,efectivo,2340.0,aprobado,REF-088892A5
P-3890B0DA2F,V-D30E354858,2026-09-11 18:13:05,efectivo,165.0,aprobado,REF-8E5BEB4F
P-074F8D0F28,V-8A9BC5530F,2026-09-11 18:13:06,efectivo,32.0,aprobado,REF-946D6C2E
P-69C8AE5C29,V-0BDAE4E8CC,2026-09-11 18:13:07,tarjeta,112.0,aprobado,REF-48A957BB
P-AA5F0DA5E6,V-19B6DE6215,2026-09-11 18:13:07,efectivo,380.0,pendiente,REF-6D2641C9
P-FF00A265F8,V-6A2CB8D8D8,2026-09-11 18:13:08,efectivo,96.0,aprobado,REF-26D038BA
P-C1FADBECE1,V-370B056001,2026-09-11 18:13:09,transferencia,840.0,aprobado,REF-A83E699A
P-9696B50768,V-513D261503,2026-09-11 18:13:09,tarjeta,126.0,aprobado,REF-0CFEB24A
P-A8545458F8,V-9D20425A7F,2026-09-11 18:13:10,vale,96.0,aprobado,REF-716FCA1F
P-1DF4D9FB98,V-07D3B3E4D7,2026-09-11 18:13:10,vale,210.0,aprobado,REF-E3D7F0C1
P-2DEAD55342,V-9040E0255C,2026-09-11 18:13:11,efectivo,220.0,aprobado,REF-8BA467F1
P-9A04366AFA,V-9D5A807A71,2026-09-11 18:13:11,vale,32.0,pendiente,REF-FCB36513
P-0FEB3632D2,V-D0DB55BD59,2026-09-11 18:13:12,transferencia,160.0,pendiente,REF-FAFE5E54
P-23487DE10C,V-8805393DE8,2026-09-11 18:13:13,vale,160.0,pendiente,REF-ADA0A89D
P-A3F7871928,V-3BC69EF2E0,2026-09-11 18:13:13,efectivo,42.0,aprobado,REF-1548F293
P-77C2111560,V-6B5E53171B,2026-09-11 18:13:14,tarjeta,252.0,aprobado,REF-BB18840F
P-AC664B2BD1,V-94EB3E5C94,2026-09-11 18:13:15,transferencia,1900.0,aprobado,REF-2FF40FD0
P-23DA1A7F35,V-C70635B9BA,2026-09-11 18:13:15,efectivo,84.0,aprobado,REF-52F4F4A1
P-912BB33991,V-122B090E36,2026-09-11 18:13:16,efectivo,2100.0,aprobado,REF-5E98D30F
P-E338E049D2,V-5879700E12,2026-09-11 18:13:16,tarjeta,90.0,pendiente,REF-2F12866A
P-480EB4722B,V-83B070ED76,2026-09-11 18:13:17,efectivo,380.0,aprobado,REF-9D79641E
P-837EFA635C,V-281E09605D,2026-09-11 18:13:18,vale,1170.0,aprobado,REF-03CA7019
P-B93550D013,V-A4E44251BA,2026-09-11 18:13:18,transferencia,168.0,pendiente,REF-1D3D5A6A
P-5DDA5295D9,V-FD58982398,2026-09-11 18:13:19,tarjeta,96.0,pendiente,REF-2F99CFC6
P-A5BEEC4F7B,V-4FCF308519,2026-09-11 18:13:19,efectivo,192.0,pendiente,REF-D5863430
P-0C596D0333,V-4E48ADC83F,2026-09-11 18:13:20,tarjeta,32.0,aprobado,REF-F0EA72E0
P-4A92F52C7B,V-F34C532F0B,2026-09-11 18:13:21,transferencia,126.0,aprobado,REF-4FC3EE21
P-101882B496,V-17A717833A,2026-09-11 18:13:21,transferencia,1950.0,aprobado,REF-B1391B69
P-08E18D64DD,V-13915E3E75,2026-09-11 18:13:22,transferencia,2100.0,pendiente,REF-88239F1D
P-21A6094E07,V-CDC437FB77,2026-09-11 18:13:23,tarjeta,18.0,pendiente,REF-C1C69B1A
P-B86D7E6D33,V-229DEF528F,2026-09-11 18:13:23,efectivo,64.0,pendiente,REF-D29F6890
P-0491B25AA7,V-EA530C854B,2026-09-11 18:13:24,efectivo,760.0,aprobado,REF-4A265807
P-A09D887912,V-4329517A0B,2026-09-11 18:13:24,efectivo,380.0,pendiente,REF-3AF37790
P-AD4C605FB2,V-295BF85F6E,2026-09-11 18:13:25,tarjeta,220.0,aprobado,REF-E8AF3560
P-AB6D8FF152,V-C9F3CE01F1,2026-09-11 18:13:25,efectivo,56.0,aprobado,REF-7D7DF8DC
P-48E2FB7D22,V-98758CCB06,2026-09-11 18:13:26,vale,84.0,pendiente,REF-3097382C
P-C055F1A0AD,V-E0F3FCE8F0,2026-09-11 18:13:26,tarjeta,110.0,aprobado,REF-BF0837AC
P-BB41E03119,V-E0A8206D43,2026-09-11 18:13:27,tarjeta,288.0,aprobado,REF-25CA731C
P-29E40272A5,V-83B0882CDA,2026-09-11 18:13:28,transferencia,112.0,aprobado,REF-FCC0BA4B
P-D7247EA874,V-1654925E76,2026-09-11 18:13:28,vale,1260.0,aprobado,REF-D54D9AD8
P-C9A9F2A1EE,V-F8849BED65,2026-09-11 18:13:29,transferencia,42.0,aprobado,REF-35E3F2A2
P-3B9F188C3B,V-CDE5003831,2026-09-11 18:13:29,transferencia,1260.0,pendiente,REF-F58136F6
P-31A1CCB3A4,V-B897560B1F,2026-09-11 18:13:30,tarjeta,252.0,pendiente,REF-E026D3FD
P-C080D6BBBA,V-C096411DE8,2026-09-11 18:13:31,efectivo,275.0,aprobado,REF-CE659C1E
P-1BA6BD6C79,V-D60F5A6ED8,2026-09-11 18:13:31,transferencia,220.0,aprobado,REF-575C07C6
P-7B436550D6,V-E1B114D923,2026-09-11 18:13:32,tarjeta,18.0,aprobado,REF-9AEE5805
P-B69AC2A31C,V-E9ABFC65A2,2026-09-11 18:13:32,vale,840.0,aprobado,REF-2A08214B
P-24CB6DC399,V-EFE2A1DD04,2026-09-11 18:13:33,efectivo,108.0,aprobado,REF-12C144B2
P-45C1444922,V-52A8FEADC9,2026-09-11 18:13:33,vale,28.0,aprobado,REF-CFC26212
P-229780ACFD,V-3B64706BFC,2026-09-11 18:13:34,transferencia,90.0,aprobado,REF-5E99C82D
P-9E25D4D172,V-E4F5C9AEDF,2026-09-11 18:13:34,tarjeta,56.0,aprobado,REF-2F9C57CF
P-BD362BBCDC,V-20248B4517,2026-09-11 18:13:35,tarjeta,192.0,aprobado,REF-ACF37503
P-BDE864EB23,V-87D0FCE2C6,2026-09-11 18:13:35,efectivo,275.0,pendiente,REF-368E268A
P-29E3E765F1,V-59A2854339,2026-09-11 18:13:36,vale,48.0,aprobado,REF-74C6FDA6
P-B03BD09352,V-81C0FE8D14,2026-09-11 18:13:37,vale,270.0,aprobado,REF-CC089B21
P-FFCC6307F8,V-237AB15D3B,2026-09-11 18:13:37,efectivo,72.0,aprobado,REF-D756BFAC
P-EDA9A2A14A,V-EC8288BB9B,2026-09-11 18:13:38,transferencia,1680.0,pendiente,REF-50D9C28B
P-DF2EF7D741,V-CD04B5F252,2026-09-11 18:13:38,efectivo,380.0,aprobado,REF-ED209D06
P-F9DE122111,V-A0B6769851,2026-09-11 18:13:39,tarjeta,32.0,aprobado,REF-22ACA54E
P-89A11B5FCE,V-3715822249,2026-09-11 18:13:39,transferencia,108.0,pendiente,REF-15708724
P-507E830531,V-EA72536849,2026-09-11 18:13:40,tarjeta,192.0,aprobado,REF-5FBCBD52
P-89A11B5FCE,V-3715822249,2026-09-11 18:13:39,transferencia,108.0,pendiente,REF-15708724
P-10AA5CAB1B,V-52F13C8C40,2026-09-11 18:14:12,vale,64.0,pendiente,REF-AAD1C7DB
P-4C03012018,V-692D1EA3D4,2026-09-11 18:14:12,efectivo,55.0,aprobado,REF-177BC3DC
P-C7784E314C,V-2986711E49,2026-09-11 18:14:13,tarjeta,380.0,pendiente,REF-0D74A92F
P-27A0296236,V-1A45CA91E2,2026-09-11 18:14:14,transferencia,2100.0,pendiente,REF-DC14FC21
P-8BCBC1C60F,V-4E03211F8D,2026-09-11 18:14:14,tarjeta,112.0,aprobado,REF-A036322C
P-C770BFD9F4,V-DF2580A5A3,2026-09-11 18:14:15,tarjeta,168.0,aprobado,REF-4825A5DE
P-FC234F1408,V-2D160FB130,2026-09-11 18:14:15,vale,2520.0,aprobado,REF-2A809977
P-A6BE02F09F,V-333D097CBD,2026-09-11 18:14:15,transferencia,108.0,pendiente,REF-228BA9E1
P-20D717299B,V-6DDB6A2EE4,2026-09-11 18:14:16,transferencia,36.0,aprobado,REF-943898F1
P-DDF62DFD0E,V-75D764AA30,2026-09-11 18:14:17,transferencia,96.0,pendiente,REF-77A4088F
P-1A5A706058,V-72A5DF23AF,2026-09-11 18:14:17,tarjeta,28.0,aprobado,REF-B472E7D4
P-C96453D314,V-940E024D06,2026-09-11 18:14:18,tarjeta,108.0,aprobado,REF-63C0AEC4
P-5D92DF2898,V-A43671F534,2026-09-11 18:14:19,efectivo,240.0,pendiente,REF-B56EA5DE
P-308AE9D5E0,V-A62F534DD5,2026-09-11 18:14:19,tarjeta,1260.0,aprobado,REF-55B73B63
P-B48A1EFEA3,V-689F3DF57F,2026-09-11 18:14:20,vale,2340.0,aprobado,REF-89C3EABA
P-3887453AA4,V-3F80723A08,2026-09-11 18:14:20,tarjeta,108.0,aprobado,REF-025B2940
P-08FC4D7A70,V-A2E9CF961D,2026-09-11 18:14:21,tarjeta,135.0,aprobado,REF-D7D7DC3F
P-F7C3D4F634,V-EC7F072F3D,2026-09-11 18:14:21,efectivo,140.0,pendiente,REF-258BE364
P-64CE9FE586,V-7D05D49AA7,2026-09-11 18:14:22,transferencia,380.0,pendiente,REF-EF192098
P-BC192F0A49,V-E7A8E3EE41,2026-09-11 18:14:23,transferencia,252.0,aprobado,REF-621C0134
P-A6862AD63F,V-D9AE4AF263,2026-09-11 18:14:23,efectivo,330.0,aprobado,REF-8252B9AB
P-87055E36C2,V-B37A5D8716,2026-09-11 18:14:24,tarjeta,330.0,aprobado,REF-672613E3
P-B9EC216600,V-371F4F4B31,2026-09-11 18:14:25,efectivo,56.0,pendiente,REF-4547EDB3
P-C49DFEBD11,V-1DFD1B4B74,2026-09-11 18:14:25,vale,210.0,aprobado,REF-53FE9899
P-4257DFE092,V-FD1210CDC7,2026-09-11 18:14:26,tarjeta,760.0,aprobado,REF-54BC7DA0
P-FEB7A46885,V-81C5AA1EBB,2026-09-11 18:14:27,tarjeta,180.0,pendiente,REF-A2362FA4
P-AFE26B6BB9,V-B97EAD8403,2026-09-11 18:14:27,tarjeta,32.0,aprobado,REF-5ECF2373
P-EFCB54D3B1,V-229A808F24,2026-09-11 18:14:28,vale,28.0,pendiente,REF-8911109C
P-A78DEA15C6,V-EDB1065C02,2026-09-11 18:14:29,efectivo,48.0,pendiente,REF-6C92A680
P-A7F1BA3E3E,V-5FDE5C4951,2026-09-11 18:14:29,efectivo,2340.0,aprobado,REF-DA03CB8F
P-30A55C1DC8,V-A4BCD41597,2026-09-11 18:14:30,vale,160.0,aprobado,REF-576B0176
P-6CA08F07AE,V-37AF17AD57,2026-09-11 18:14:31,tarjeta,168.0,aprobado,REF-98888439
P-36A458A664,V-C974A00B9B,2026-09-11 18:14:31,transferencia,180.0,pendiente,REF-D55A123D
P-DAAE16958F,V-3C93755A07,2026-09-11 18:14:32,efectivo,72.0,aprobado,REF-3DC97A75
P-F0B8E48EEC,V-52E7AA0886,2026-09-11 18:14:32,vale,168.0,aprobado,REF-218EC3C7
P-FBDA439D63,V-8C88BCD87A,2026-09-11 18:14:33,transferencia,420.0,aprobado,REF-4A7DECB5
P-79284BCA84,V-024D7AF817,2026-09-11 18:14:34,transferencia,42.0,pendiente,REF-52602F22
P-7029082031,V-EBEAACBB28,2026-09-11 18:14:35,transferencia,110.0,aprobado,REF-29546079
P-464D92EF9D,V-CE312A3BF7,2026-09-11 18:14:35,efectivo,96.0,pendiente,REF-E6BBAF2C
P-5ACC948C07,V-9C82263A90,2026-09-11 18:14:36,tarjeta,32.0,aprobado,REF-8430D646
P-AEB9C45E91,V-B906ACE8F5,2026-09-11 18:14:36,vale,1520.0,pendiente,REF-B6DF2FF3
P-879C88FDC8,V-8DE11488EA,2026-09-11 18:14:36,tarjeta,168.0,aprobado,REF-B7DD29AB
P-0200F56346,V-12205CA58E,2026-09-11 18:14:37,transferencia,1520.0,aprobado,REF-96841FA6
P-CCA43D29A1,V-CF84BD55CF,2026-09-11 18:14:37,efectivo,110.0,aprobado,REF-9B1FFCCF
P-FA9AE936A8,V-8D6CA6F7D4,2026-09-11 18:14:38,efectivo,840.0,aprobado,REF-E64D8CB8
P-EADB1FE032,V-243E65E254,2026-09-11 18:14:38,transferencia,2100.0,pendiente,REF-01349BC8
P-6F653EDD98,V-82718F3EC3,2026-09-11 18:14:39,efectivo,330.0,aprobado,REF-DC3DEE4B
P-67E4E6BCC9,V-FE603CCF7B,2026-09-11 18:14:39,transferencia,220.0,aprobado,REF-7AEED6C6
P-71EC31C838,V-66F9B2EBB9,2026-09-11 18:14:40,vale,42.0,aprobado,REF-D2AE05E2
P-0AE4CD7EBC,V-689671E4AC,2026-09-11 18:14:40,vale,2280.0,aprobado,REF-8B1676FD
P-E025304DCF,V-58622DD6D5,2026-09-11 18:14:41,efectivo,45.0,pendiente,REF-FE40E3E0
P-93949BE178,V-16F12A0674,2026-09-11 18:14:41,transferencia,2520.0,aprobado,REF-415129D1
P-A2A85EA08A,V-01F3409920,2026-09-11 18:14:42,vale,160.0,pendiente,REF-25657EB8
P-7B3E878BE8,V-DF67BF0680,2026-09-11 18:14:42,transferencia,252.0,aprobado,REF-A976CF74
P-DBDF10D336,V-B434935D44,2026-09-11 18:14:43,vale,1950.0,aprobado,REF-369FD86D
P-A0D49B9CB8,V-0236FEE0F9,2026-09-11 18:14:44,efectivo,140.0,aprobado,REF-D6A475D7
P-69C8750D35,V-81DB0F03BF,2026-09-11 18:14:44,transferencia,2280.0,aprobado,REF-A54E41B8
P-D97E1E06C3,V-4E5CA8D938,2026-09-11 18:14:45,tarjeta,96.0,aprobado,REF-4854D8DA
P-3400780F50,V-7FA7296044,2026-09-11 18:14:45,efectivo,84.0,pendiente,REF-03CC1AB4
P-02CA397399,V-C8742E5795,2026-09-11 18:14:46,tarjeta,90.0,aprobado,REF-20B633CC
P-7084837140,V-6DE1F2D016,2026-09-11 18:14:47,transferencia,2340.0,pendiente,REF-5343388A
P-2596E3611D,V-558BA05DCF,2026-09-11 18:14:47,transferencia,2520.0,aprobado,REF-92ABEC79
P-3526C56ED2,V-D073F2BE1D,2026-09-11 18:14:48,efectivo,225.0,aprobado,REF-2B4C399C
P-27ED0CC084,V-FB7042F6D5,2026-09-11 18:14:49,efectivo,1170.0,aprobado,REF-BFFE79CE
P-DF08E519E2,V-1A4C27DCBA,2026-09-11 18:14:49,transferencia,270.0,aprobado,REF-D20BCF2B
P-247EF38212,V-BE949FE789,2026-09-11 18:14:50,tarjeta,420.0,aprobado,REF-99866081
P-D57CE531C5,V-751EC44B57,2026-09-11 18:14:51,tarjeta,36.0,aprobado,REF-43B39C9B
P-69C6501EF7,V-BECFE1A0BA,2026-09-11 18:14:51,efectivo,225.0,aprobado,REF-519C3DE5
P-99B8B8B988,V-84D61BA93D,2026-09-11 18:14:52,vale,54.0,aprobado,REF-25FE9EA3
P-5198A4C3B1,V-8646BD58CF,2026-09-11 18:14:52,tarjeta,45.0,aprobado,REF-B4A399BA
P-0CF7ABBEE4,V-04AB2E1B5B,2026-09-11 18:14:53,efectivo,270.0,pendiente,REF-D5FE7B06
P-A6D3C0E966,V-AFCE708DE5,2026-09-11 18:14:54,transferencia,32.0,aprobado,REF-20DD6513
P-3E6AC83484,V-AF7696E68C,2026-09-11 18:14:54,vale,18.0,aprobado,REF-27EFD576
P-AFC136566E,V-FA14384CE6,2026-09-11 18:14:55,vale,55.0,aprobado,REF-D402BA56
P-899F0D1FB6,V-41EE0DFB0B,2026-09-11 18:14:56,vale,18.0,aprobado,REF-80D76B24
P-AB94600F2C,V-E68D094F64,2026-09-11 18:14:56,efectivo,1680.0,aprobado,REF-F0B76594
P-3C060E64F0,V-EDADB83B97,2026-09-11 18:14:56,efectivo,90.0,aprobado,REF-3AB1DA30
P-2A625DBAB8,V-696A66A229,2026-09-11 18:14:57,efectivo,42.0,aprobado,REF-CCF7D653
P-4D5D5D32A5,V-8633753B96,2026-09-11 18:14:57,tarjeta,225.0,aprobado,REF-D779416A
P-CA9DE3A561,V-6C01264980,2026-09-11 18:14:58,vale,108.0,pendiente,REF-D25D1683
P-7D7DE5F7C4,V-4FEE51E87A,2026-09-11 18:14:58,vale,18.0,pendiente,REF-6D83912D
P-6AA1498276,V-37E6674527,2026-09-11 18:14:59,transferencia,128.0,pendiente,REF-672B754E
P-FF7DACF1C0,V-5121F1C60D,2026-09-11 18:14:59,transferencia,64.0,aprobado,REF-0331C82A
P-BF64656809,V-B0CA754264,2026-09-11 18:15:00,transferencia,380.0,pendiente,REF-9F23C3C5
P-EF7420864D,V-CDB0A25020,2026-09-11 18:15:01,vale,420.0,aprobado,REF-4F767CD1
P-0E93D3A816,V-C147833E67,2026-09-11 18:15:01,efectivo,220.0,aprobado,REF-1D36FCD3
P-F7946C84BA,V-44E533B589,2026-09-11 18:15:02,vale,90.0,aprobado,REF-5BA1FFBD
P-20390FE361,V-ECFFC4FBB0,2026-09-11 18:15:02,vale,192.0,aprobado,REF-700DAFB9
P-59708FCD85,V-803C6D6AF7,2026-09-11 18:15:02,tarjeta,1170.0,aprobado,REF-3247DED3
P-8F84F54DED,V-C69A3E0127,2026-09-11 18:15:03,tarjeta,275.0,aprobado,REF-2026A606
P-6A93AFF7CA,V-A5A035EB10,2026-09-11 18:15:03,tarjeta,2280.0,aprobado,REF-BC8FDF0B
P-0BE1FCDFB2,V-3DC5D90D15,2026-09-11 18:15:04,transferencia,168.0,aprobado,REF-8AADBD97
P-6088A2864D,V-D46D07C4FE,2026-09-11 18:15:04,efectivo,84.0,pendiente,REF-2FC2E56B
P-9D97FEB01B,V-C48FB8CD50,2026-09-11 18:15:05,vale,55.0,pendiente,REF-A37FF383
P-911E2D2ABC,V-D59FFD98ED,2026-09-11 18:15:05,tarjeta,64.0,pendiente,REF-F6D7C27E
P-12AC8242EA,V-92FAD8E482,2026-09-11 18:15:06,tarjeta,36.0,aprobado,REF-F18A4A88
P-85C2FFB98C,V-572A45FB3A,2026-09-11 18:15:06,transferencia,240.0,pendiente,REF-94ACFB2E
P-1C0E956DC8,V-4DC6A9B384,2026-09-11 18:15:07,efectivo,160.0,pendiente,REF-5A4EEBE5
P-C891BD6963,V-D7CB63AF20,2026-09-11 18:15:07,vale,1170.0,pendiente,REF-D58B820A
P-B532C8EF00,V-22D5060759,2026-09-11 18:15:08,transferencia,2520.0,aprobado,REF-8695CD0F
P-8D5E5A3B9A,V-0618FB9CDA,2026-09-11 18:15:08,tarjeta,54.0,pendiente,REF-6A7E736F
P-591513E09B,V-C8935987D9,2026-09-11 18:15:09,tarjeta,1260.0,pendiente,REF-09E0E35B
P-85DE67DC39,V-F4223B354E,2026-09-11 18:15:09,transferencia,2520.0,aprobado,REF-395D1EFF
P-F8A7428248,V-220DEC6988,2026-09-11 18:15:10,efectivo,1260.0,aprobado,REF-60F2849B
P-7751AC6601,V-C58D130B44,2026-09-11 18:15:11,transferencia,1170.0,aprobado,REF-3413E843
P-2F952A6854,V-261353FF72,2026-09-11 18:15:11,transferencia,90.0,aprobado,REF-F72CB7AE
P-7D2B2DE88F,V-5DD70282BD,2026-09-11 18:15:12,efectivo,380.0,pendiente,REF-CC750251
P-C448891E67,V-BD9A9808F1,2026-09-11 18:15:12,tarjeta,380.0,aprobado,REF-3043EC2F
P-7173092970,V-6F9E1F994E,2026-09-11 18:15:13,vale,72.0,pendiente,REF-0680FE72
P-7262C80A18,V-7B0E906725,2026-09-11 18:15:13,tarjeta,18.0,aprobado,REF-46599C88
P-BDBABA8898,V-D9C2530A43,2026-09-11 18:15:14,efectivo,28.0,aprobado,REF-EE03B0C3
P-6A042922DF,V-4BB5C1C49E,2026-09-11 18:15:15,tarjeta,270.0,aprobado,REF-B615309A
P-6A5D91B4F3,V-5DB204D5DA,2026-09-11 18:15:15,efectivo,28.0,aprobado,REF-BF3D7FD0
P-8F88DC7D32,V-AD1DD45CF3,2026-09-11 18:15:16,efectivo,90.0,aprobado,REF-BDA6DFD1
P-66396644DE,V-CB2FDA624F,2026-09-11 18:15:17,vale,54.0,aprobado,REF-22612A72
P-9C05A2BD9B,V-245115D501,2026-09-11 18:15:18,efectivo,180.0,aprobado,REF-70D0D1A1
P-60809A7DD9,V-2D5B47710B,2026-09-11 18:15:18,vale,108.0,aprobado,REF-B1260765
P-38FC870210,V-C295B72E44,2026-09-11 18:15:19,vale,252.0,aprobado,REF-A43D68FB
P-93FCE786A9,V-64CA8E9C07,2026-09-11 18:15:19,tarjeta,225.0,pendiente,REF-462AA6DF
P-35AEA4EB60,V-EE1F9C8230,2026-09-11 18:15:20,efectivo,1680.0,pendiente,REF-52829B60
P-4CD35FECC5,V-6A14B8BCCC,2026-09-11 18:15:21,tarjeta,240.0,pendiente,REF-F51C42F3
P-EC93F6D670,V-5F9B2D934C,2026-09-11 18:15:22,transferencia,165.0,aprobado,REF-3661F843
P-6E646E9AD5,V-F23BEB7B06,2026-09-11 18:15:22,efectivo,64.0,aprobado,REF-C23C24FC
P-2C45B75B1D,V-6BDDB9AD06,2026-09-11 18:15:23,efectivo,225.0,aprobado,REF-A71C893F
P-AA04035D66,V-2662501491,2026-09-11 18:15:24,transferencia,112.0,aprobado,REF-B4678DCC
P-BF9AC894BC,V-439DFC6ACF,2026-09-11 18:15:24,transferencia,390.0,aprobado,REF-08F3C499
P-7CA79B89D7,V-C0EC86BC14,2026-09-11 18:15:25,tarjeta,380.0,pendiente,REF-E21812F1
P-D304B18F1B,V-64EFD910E5,2026-09-11 18:15:25,tarjeta,45.0,aprobado,REF-2BB50CF6
P-F28C51FF30,V-925B360FC6,2026-09-11 18:15:26,tarjeta,2100.0,pendiente,REF-C0A923D0
P-2E9E9CCE77,V-C264A43668,2026-09-11 18:15:27,efectivo,2340.0,pendiente,REF-11747299
P-AC179F13B7,V-CAC2538B17,2026-09-11 18:15:27,vale,96.0,aprobado,REF-8CF28A36
P-D61E7AE177,V-63D025B37A,2026-09-11 18:15:28,tarjeta,126.0,aprobado,REF-FDCFD674
P-3C6C5D78A7,V-81ABFECC77,2026-09-11 18:15:28,efectivo,128.0,aprobado,REF-30540366
P-8E8D13B00A,V-2DC04CFA7D,2026-09-11 18:15:28,efectivo,192.0,pendiente,REF-ECE4ADAC
P-4A542E0A18,V-6323972348,2026-09-11 18:15:29,tarjeta,240.0,aprobado,REF-A0ED0C4D
P-D366837BE5,V-FB7897CC8B,2026-09-11 18:15:29,tarjeta,252.0,pendiente,REF-DE231358
P-411E1CB45A,V-891FE9C7BA,2026-09-11 18:15:30,efectivo,160.0,aprobado,REF-067332EB
P-EAC525EC29,V-6AB04D5702,2026-09-11 18:15:30,vale,110.0,aprobado,REF-73ED1B31
P-FCA49F93DC,V-B39C9884CA,2026-09-11 18:15:31,transferencia,1170.0,aprobado,REF-C6B7AD11
P-FD30D5D065,V-27590FA5F3,2026-09-11 18:15:31,vale,96.0,aprobado,REF-6E0AE94D
P-E8D3E5FCB1,V-7F2C271612,2026-09-11 18:15:32,tarjeta,168.0,aprobado,REF-1FBC5D81
P-FB1C2BE095,V-4DE8BB77FD,2026-09-11 18:15:33,efectivo,1140.0,aprobado,REF-B0F1E5D4
P-440E1F1231,V-4207D3A18F,2026-09-11 18:15:33,vale,90.0,aprobado,REF-5FF1560D
P-CE69251ADD,V-E367909C5B,2026-09-11 18:15:34,transferencia,2340.0,aprobado,REF-B04C2F56
P-BE12899696,V-D0016EF5E7,2026-09-11 18:15:34,tarjeta,252.0,aprobado,REF-D7D3DFBA
P-890D2ECCCF,V-91AF0439AD,2026-09-11 18:15:35,transferencia,96.0,aprobado,REF-FC34C135
P-4BD4DDFD19,V-E04976B54B,2026-09-11 18:15:36,efectivo,1900.0,aprobado,REF-5548F067
P-EFCD753382,V-E9197A01DC,2026-09-11 18:15:36,tarjeta,168.0,pendiente,REF-5206E26E
P-54753F7258,V-43E6942450,2026-09-11 18:15:37,vale,760.0,aprobado,REF-04B63756
P-5576B7E9FE,V-8CD3F1BC67,2026-09-11 18:15:37,tarjeta,28.0,aprobado,REF-FC6984D3
P-BF5A8AAF59,V-F212904B21,2026-09-11 18:15:38,transferencia,2520.0,pendiente,REF-891984CE
P-6C9EB7BD76,V-2C6EEA12F8,2026-09-11 18:15:38,vale,112.0,aprobado,REF-BD6B55D7
P-B787E800AC,V-FDC9B23886,2026-09-11 18:15:39,vale,240.0,aprobado,REF-5FF0BA48
P-E404B27462,V-3A1A2433B1,2026-09-11 18:15:40,vale,96.0,aprobado,REF-EDB14DA5
P-3FF1C5B1F2,V-B1B8048153,2026-09-11 18:15:40,efectivo,135.0,aprobado,REF-0ABEDDA5
P-88E8EBFFBB,V-6003F6D19E,2026-09-11 18:15:41,vale,64.0,aprobado,REF-1D50AECD
P-2B3BFB560F,V-AC3F514774,2026-09-11 18:15:41,tarjeta,240.0,pendiente,REF-06B36B7D
P-029EC8E0B6,V-D751B864EE,2026-09-11 18:15:42,vale,84.0,pendiente,REF-29A8CD0C
P-30371D9589,V-568EA6DC48,2026-09-11 18:15:43,transferencia,72.0,aprobado,REF-1BC0A89B
P-91D0976DF5,V-1DDF2B9AA5,2026-09-11 18:15:43,vale,36.0,aprobado,REF-993B186D
P-997FB6FE94,V-7D904F9BCB,2026-09-11 18:15:44,vale,112.0,aprobado,REF-F1180608
P-E9A9BBC67B,V-4D6D99696F,2026-09-11 18:15:44,vale,45.0,aprobado,REF-B9B14799
P-803A82A96A,V-97E782E437,2026-09-11 18:15:45,tarjeta,420.0,aprobado,REF-FBE80558
P-632D0618BD,V-DE04D23831,2026-09-11 18:15:46,vale,96.0,aprobado,REF-94107B64
P-9C47FC7364,V-76200C239F,2026-09-11 18:15:46,vale,420.0,aprobado,REF-DA48F8D6
P-AE46421260,V-60879A2C34,2026-09-11 18:15:47,vale,48.0,pendiente,REF-22BCACBF
P-61E89A4088,V-C2611ED067,2026-09-11 18:15:47,vale,780.0,aprobado,REF-46CB89C3
P-6BAAABB592,V-E1C014CDE9,2026-09-11 18:15:48,tarjeta,252.0,aprobado,REF-8C08176A
P-D32E25AA55,V-ECED945D4E,2026-09-11 18:15:48,transferencia,1260.0,aprobado,REF-DAB3DEE9
P-650144642B,V-CCE1096DB2,2026-09-11 18:15:49,transferencia,220.0,pendiente,REF-2850DE5A
P-2A91B60E89,V-56F57A3F55,2026-09-11 18:15:49,transferencia,108.0,aprobado,REF-20ED5DE0
P-E8A5E6427D,V-E95F6AAF17,2026-09-11 18:15:50,efectivo,45.0,aprobado,REF-09D3D914
P-C4E0425D17,V-01841C333B,2026-09-11 18:15:50,transferencia,1170.0,aprobado,REF-173C897B
P-E5E643D5D1,V-F3FEA81E0C,2026-09-11 18:15:51,transferencia,220.0,aprobado,REF-4054E785
P-309FA0A8DF,V-129AE2064C,2026-09-11 18:15:51,vale,45.0,aprobado,REF-CC050C4C
P-D1C11AD0EC,V-95D5096279,2026-09-11 18:15:52,vale,288.0,aprobado,REF-B0F12A35
P-7F2C54D71E,V-C4FFE6128F,2026-09-11 18:15:52,tarjeta,390.0,aprobado,REF-620117D3
P-5FEF43E329,V-658186C4C5,2026-09-11 18:15:53,transferencia,55.0,pendiente,REF-62F54B5A
P-E25CEF90D8,V-1045E42A60,2026-09-11 18:15:54,tarjeta,160.0,aprobado,REF-316DAD86
P-5617CD750F,V-3CC69FE62D,2026-09-11 18:15:54,tarjeta,380.0,aprobado,REF-B029C587
P-8BC0EF38A5,V-BC1C7B673D,2026-09-11 18:15:55,efectivo,2520.0,pendiente,REF-FEC93B38
P-94F53AD921,V-5ECED84536,2026-09-11 18:15:56,transferencia,288.0,pendiente,REF-5B5CDF41
P-E9066414B6,V-D369211FB2,2026-09-11 18:15:56,transferencia,252.0,aprobado,REF-9D869622
P-4530039E9C,V-2F9D240CF5,2026-09-11 18:15:57,vale,144.0,aprobado,REF-A94E8039
P-ACDA52DA94,V-0C4DE5C15F,2026-09-11 18:15:57,efectivo,36.0,aprobado,REF-000C372A
P-E003D42E67,V-AC9E2A587D,2026-09-11 18:15:58,transferencia,42.0,pendiente,REF-1C819940
P-5012760265,V-F2BFA7B0A2,2026-09-11 18:15:59,vale,168.0,pendiente,REF-ACF73C5F
P-1586BD17D7,V-D25BA3F1A7,2026-09-11 18:15:59,transferencia,135.0,aprobado,REF-385C2080
P-DAC8B4F761,V-B0D420730A,2026-09-11 18:16:00,vale,90.0,aprobado,REF-7168A64D
P-31A32FF92B,V-58C920B5A5,2026-09-11 18:16:00,transferencia,1260.0,pendiente,REF-E2521C75
P-097C81D8AC,V-F171F524D4,2026-09-11 18:16:01,vale,1140.0,aprobado,REF-487F4AF9
P-37DB52F81D,V-CDBDCAD85D,2026-09-11 18:16:01,tarjeta,90.0,pendiente,REF-06899A69
P-6A3C42CF75,V-7F48202406,2026-09-11 18:16:02,transferencia,64.0,pendiente,REF-A308DC04
P-862FF376F6,V-71B9A00000,2026-09-11 18:16:03,transferencia,2520.0,aprobado,REF-2239241B
P-7030D3B070,V-9C8FBF7F13,2026-09-11 18:16:03,transferencia,96.0,pendiente,REF-D6E26B6B
P-832AA0FC06,V-29CC8A898E,2026-09-11 18:16:04,transferencia,36.0,pendiente,REF-852CC50A
P-1086D926A5,V-6870183BEE,2026-09-11 18:16:05,transferencia,64.0,aprobado,REF-393F3512
P-82EEB89262,V-7BCF19F309,2026-09-11 18:16:05,efectivo,128.0,aprobado,REF-E22BEB09
P-069D8D634D,V-D9A4D890A1,2026-09-11 18:16:06,tarjeta,1260.0,aprobado,REF-D6C46965
P-C19AEF9686,V-CEDE94FDFC,2026-09-11 18:16:06,tarjeta,110.0,aprobado,REF-908FB552
P-21B2D123BF,V-6802767B7D,2026-09-11 18:16:07,tarjeta,180.0,aprobado,REF-48450479
P-2F0004F3A1,V-B749CBCEDB,2026-09-11 18:16:08,tarjeta,220.0,aprobado,REF-CDC6AC15
P-AA844F0444,V-67BEE645F5,2026-09-11 18:16:08,vale,1170.0,aprobado,REF-97D30D7B
P-5DC3964316,V-C4792283C8,2026-09-11 18:16:08,transferencia,330.0,aprobado,REF-B739130B
P-44BA21201E,V-3A33D0109A,2026-09-11 18:16:09,efectivo,192.0,aprobado,REF-AEBE38BE
P-43DF95C08B,V-126EF45D19,2026-09-11 18:16:09,efectivo,160.0,pendiente,REF-47088135
P-E955CC6E06,V-4476EA6F35,2026-09-11 18:16:10,tarjeta,270.0,pendiente,REF-59DA5E88
P-721DE71795,V-C06EB1B2AE,2026-09-11 18:16:11,efectivo,112.0,aprobado,REF-226F5F78
P-A74AB5E5F5,V-BEF6B8D723,2026-09-11 18:16:11,efectivo,2100.0,aprobado,REF-742486F1
P-EC26A95F13,V-96BB8D3A10,2026-09-11 18:16:12,vale,192.0,aprobado,REF-3527FA03
P-73DE716164,V-6439D062E1,2026-09-11 18:16:12,transferencia,840.0,aprobado,REF-0589197A
P-0E8D2363DA,V-2CF586A44E,2026-09-11 18:16:13,efectivo,2280.0,aprobado,REF-E842A10B
P-E3DCACA194,V-0E825A4FD0,2026-09-11 18:16:13,tarjeta,56.0,aprobado,REF-5A6E8F00
P-C7E8095AFF,V-9BC8FF21DF,2026-09-11 18:16:14,tarjeta,1140.0,aprobado,REF-C483B3F4
P-44B2001358,V-0C2709FF40,2026-09-11 18:16:14,transferencia,42.0,pendiente,REF-BA73B059
P-7BE191F489,V-AF7C77027C,2026-09-11 18:16:15,tarjeta,1170.0,pendiente,REF-953843E1
P-700E9CFED6,V-DC76714756,2026-09-11 18:16:16,vale,1900.0,aprobado,REF-5BE5E2FA
P-FF819759AB,V-1B9B0B4D0F,2026-09-11 18:16:16,tarjeta,90.0,aprobado,REF-6C3630D4
P-115C78D450,V-989DA39AE3,2026-09-11 18:16:17,transferencia,840.0,aprobado,REF-EE0317C1
P-A55A02A0AD,V-EA84782ECB,2026-09-11 18:16:18,vale,270.0,aprobado,REF-D7E8A16C
P-8BB76D30D8,V-A74DBE700B,2026-09-11 18:16:18,efectivo,1140.0,aprobado,REF-450DC2AF
P-72E8B8C945,V-3CE2CB439C,2026-09-11 18:16:19,tarjeta,84.0,aprobado,REF-545D421C
P-F53BA2682E,V-922A074884,2026-09-11 18:16:19,tarjeta,56.0,aprobado,REF-6B64E9C3
P-A5DE0DD6C5,V-7ED4665920,2026-09-11 18:16:20,efectivo,128.0,aprobado,REF-44369E14
P-7A785E1793,V-D4653FE95D,2026-09-11 18:16:21,efectivo,275.0,aprobado,REF-9B135A56
P-17D5ECF724,V-F78DD0A0AE,2026-09-11 18:16:21,vale,90.0,aprobado,REF-069C2DED
P-4E50FDF94C,V-4AB1006688,2026-09-11 18:16:21,efectivo,110.0,aprobado,REF-4EE91608
P-86FF045012,V-A2CEBFF2B0,2026-09-11 18:16:22,tarjeta,36.0,aprobado,REF-02DD8873
P-B573E097A5,V-B4E2645EF6,2026-09-11 18:16:23,transferencia,96.0,aprobado,REF-9191366D
P-B750185AA1,V-047F2274C8,2026-09-11 18:16:24,tarjeta,64.0,aprobado,REF-288A6AC1
P-2C70F27C21,V-E269040EA1,2026-09-11 18:16:24,efectivo,1520.0,pendiente,REF-8CBA4DDE
P-5ACBA2632D,V-EE63F9F533,2026-09-11 18:16:25,transferencia,1560.0,aprobado,REF-2D5FD0CE
P-0D0B743045,V-E204E0C416,2026-09-11 18:16:26,tarjeta,55.0,aprobado,REF-C064D802
P-7B13838D75,V-A060A574B1,2026-09-11 18:16:26,efectivo,135.0,aprobado,REF-67835694
P-B713F12FB4,V-0B2616594B,2026-09-11 18:16:27,vale,2100.0,pendiente,REF-DA00A759
P-6A9F99CA51,V-3ED9F0C2FC,2026-09-11 18:16:27,efectivo,1140.0,pendiente,REF-AEAC1F28
P-DC71A3CB91,V-27FB495ED4,2026-09-11 18:16:27,transferencia,420.0,aprobado,REF-C504CAD4
P-F57BA6BEB5,V-5DEB22710C,2026-09-11 18:16:28,efectivo,84.0,aprobado,REF-8F8241D0
P-52A56C955E,V-6C3341A7AA,2026-09-11 18:16:29,vale,32.0,aprobado,REF-0E564B45
P-5F371B2D49,V-3882F43726,2026-09-11 18:16:29,vale,275.0,aprobado,REF-B746164B
P-D94EEA4201,V-E1B448240A,2026-09-11 18:16:30,vale,1900.0,aprobado,REF-5BE17343
P-E48977414A,V-71E61B5CB2,2026-09-11 18:16:30,vale,420.0,aprobado,REF-4FAB2B47
P-6135BE4EDA,V-F7DE9CD8BB,2026-09-11 18:16:31,efectivo,45.0,aprobado,REF-A0487ADA
P-D26CB47190,V-C937B690CE,2026-09-11 18:16:32,vale,380.0,aprobado,REF-D81C3A4C
P-27154A161F,V-E3E895C7C8,2026-09-11 18:16:32,vale,1560.0,pendiente,REF-F45ABAAA
P-F674E932D7,V-464494942E,2026-09-11 18:16:33,tarjeta,275.0,aprobado,REF-5CA53691
P-0E89C597F9,V-A0AFA245D3,2026-09-11 18:16:34,transferencia,270.0,aprobado,REF-4B6A39D2
P-E9267D08C9,V-DA12DB8CBF,2026-09-11 18:16:34,efectivo,54.0,aprobado,REF-0AED25BC
P-876F77530C,V-C65F09D298,2026-09-11 18:16:35,tarjeta,1520.0,aprobado,REF-F6E90E12
P-FD6A37D4FD,V-61238517C3,2026-09-11 18:16:35,tarjeta,270.0,pendiente,REF-E9CF800E
P-C3D6BEB053,V-094C4F4C7D,2026-09-11 18:16:36,transferencia,128.0,aprobado,REF-499237E7
P-309EE2C5AD,V-C34F185819,2026-09-11 18:16:36,efectivo,110.0,pendiente,REF-B7D79CA3
P-0490206715,V-41EDD57891,2026-09-11 18:16:37,vale,165.0,aprobado,REF-20684386
P-441FB47C95,V-7CFDF23907,2026-09-11 18:16:37,efectivo,84.0,aprobado,REF-B98E1815
P-4705297778,V-0C6700C1B2,2026-09-11 18:16:38,efectivo,330.0,aprobado,REF-2BF920DE
P-205A8D5A72,V-42F5D27E10,2026-09-11 18:16:38,tarjeta,90.0,aprobado,REF-8E481CFC
P-00FE698CC9,V-9D5C5E07DF,2026-09-11 18:16:39,efectivo,28.0,aprobado,REF-399DB02F
P-CFC8FD102B,V-731FA520F9,2026-09-11 18:16:40,transferencia,2520.0,pendiente,REF-E83B49FC
P-9202A4AA70,V-9849664F64,2026-09-11 18:16:40,transferencia,168.0,aprobado,REF-702A9987
P-8CFB3CD9B9,V-ABA794F8EC,2026-09-11 18:16:41,transferencia,90.0,aprobado,REF-A685A62A
P-D5B489F76E,V-AE16D55F94,2026-09-11 18:16:41,efectivo,96.0,pendiente,REF-2DAFD503
P-166B92197C,V-2EC814D196,2026-09-11 18:16:42,tarjeta,840.0,aprobado,REF-D7AEA2D7
P-E7F7584829,V-D71D085017,2026-09-11 18:16:42,tarjeta,225.0,aprobado,REF-4C098B22
P-72333A1DB4,V-BD4BA59F7F,2026-09-11 18:16:43,transferencia,220.0,aprobado,REF-2D9C2492
P-D0B17243FA,V-BFA0FE5B03,2026-09-11 18:16:43,tarjeta,1170.0,aprobado,REF-DCA635DB
P-3F89A79FC8,V-39A8D6E400,2026-09-11 18:16:44,vale,28.0,aprobado,REF-452744FA
P-0FE613D45E,V-60DF80F4CF,2026-09-11 18:16:45,vale,2100.0,pendiente,REF-B4788CB1
P-57815203B1,V-883566D2EF,2026-09-11 18:16:45,transferencia,42.0,aprobado,REF-3412BE21
P-ECBFB856A0,V-043AF539CB,2026-09-11 18:16:46,tarjeta,192.0,pendiente,REF-8CE6CCC0
P-D11B0AE0DF,V-69015720D5,2026-09-11 18:16:46,tarjeta,1560.0,aprobado,REF-5AD4DAB8
P-5929FBEC4F,V-216028DD20,2026-09-11 18:16:47,tarjeta,225.0,pendiente,REF-3F51F476
P-1E6F5A9E93,V-EA0ABC91C0,2026-09-11 18:16:47,vale,1260.0,pendiente,REF-D6E2D5FD
P-F78A6F983E,V-19A09FB39C,2026-09-11 18:16:48,transferencia,55.0,aprobado,REF-6C07B4AF
P-24751CD48D,V-698A92AA03,2026-09-11 18:16:49,efectivo,275.0,aprobado,REF-A61863F8
P-F660C5BD2A,V-11731D7795,2026-09-11 18:16:49,tarjeta,135.0,pendiente,REF-32D1E9BF
P-776ECDAB91,V-63AA5B913E,2026-09-11 18:16:50,transferencia,288.0,aprobado,REF-381D9531
P-60ADA9616B,V-099780D78D,2026-09-11 18:16:51,vale,90.0,aprobado,REF-F85C6F20
P-0F56085C52,V-3BE81F28AA,2026-09-11 18:16:51,efectivo,140.0,aprobado,REF-55C6F592
P-1A440D8085,V-C687B14BD2,2026-09-11 18:16:52,efectivo,55.0,aprobado,REF-E9B13A31
P-0A3FCF75D8,V-7D4FAC209D,2026-09-11 18:16:52,efectivo,165.0,pendiente,REF-69BDC5D6
P-6BE40F50E5,V-9D35035A46,2026-09-11 18:16:53,efectivo,165.0,aprobado,REF-6E5C64E0
P-345EE77C80,V-52A0229048,2026-09-11 18:16:54,tarjeta,90.0,pendiente,REF-D89AD17A
P-4D5CE93A83,V-6BB7023500,2026-09-11 18:16:54,vale,128.0,aprobado,REF-0C30B581
P-45B0B0856D,V-E424D68CA9,2026-09-11 18:16:55,transferencia,192.0,aprobado,REF-FFC6010A
P-DC1EF6411D,V-880440BF66,2026-09-11 18:16:55,efectivo,90.0,aprobado,REF-9C426423
P-4F21401015,V-335FBF9744,2026-09-11 18:16:56,efectivo,1520.0,pendiente,REF-8F023E9D
P-72C609A45F,V-A0B49BA199,2026-09-11 18:16:56,efectivo,36.0,aprobado,REF-E02CAFAC
P-0AEF8BEE9A,V-74838518CE,2026-09-11 18:16:57,efectivo,108.0,pendiente,REF-EBAF41AA
P-8E40FD4D9D,V-CAAD33B65F,2026-09-11 18:16:57,efectivo,1950.0,aprobado,REF-FEE6A343
P-8241767951,V-D382CF2D2B,2026-09-11 18:16:58,transferencia,140.0,aprobado,REF-ED8EF420
P-EE2B7D5EE7,V-201A21E009,2026-09-11 18:16:59,tarjeta,1260.0,aprobado,REF-A4521B7D
P-751AABE099,V-66431D25E3,2026-09-11 18:16:59,efectivo,1140.0,pendiente,REF-5F60910E
P-8B0E6AA893,V-CEAF011F6D,2026-09-11 18:17:00,efectivo,1680.0,aprobado,REF-C9FCC8E2
P-A5158C9B57,V-363CFBABFC,2026-09-11 18:17:00,efectivo,110.0,aprobado,REF-A400119D
P-6040ABAB28,V-B461E96C15,2026-09-11 18:17:01,tarjeta,64.0,aprobado,REF-0C7C9E24
P-799F7C422D,V-62AA4D745D,2026-09-11 18:17:02,tarjeta,112.0,aprobado,REF-12F7F8B6
P-E9685BBC09,V-79D4706D1F,2026-09-11 18:17:02,efectivo,128.0,aprobado,REF-27DF36B9
P-60B19022E9,V-7768F2C819,2026-09-11 18:17:03,transferencia,270.0,aprobado,REF-0858A6DE
P-5558EA67A6,V-573ED0DB8A,2026-09-11 18:17:03,transferencia,48.0,aprobado,REF-4A6A4396
P-1117352D27,V-C3F8147672,2026-09-11 18:17:04,efectivo,288.0,aprobado,REF-070FAAA3
P-2C92BE3824,V-CB37F4043B,2026-09-11 18:17:04,transferencia,225.0,pendiente,REF-016C0668
P-4212311218,V-D7194DF3BD,2026-09-11 18:17:05,vale,225.0,aprobado,REF-1248C5D4
P-6FCD5A832B,V-658D7DF79F,2026-09-11 18:17:06,efectivo,210.0,aprobado,REF-726E2F1F
P-7E8A9468BB,V-07F459A047,2026-09-11 18:17:06,tarjeta,54.0,aprobado,REF-09CBE954
P-D78C302778,V-7D402902E9,2026-09-11 18:17:07,vale,168.0,pendiente,REF-188B26AD
P-8783E9481C,V-6D122A180E,2026-09-11 18:17:08,transferencia,55.0,aprobado,REF-BE1AF443
P-E6B19E57AC,V-D7625B6557,2026-09-11 18:17:08,tarjeta,84.0,pendiente,REF-209948C8
P-758E17BE82,V-43348C9013,2026-09-11 18:17:09,efectivo,28.0,pendiente,REF-FC8CADA5
P-492A8732CC,V-1CC262B1FD,2026-09-11 18:17:09,efectivo,225.0,aprobado,REF-D797ED60
P-D1D2E4D70C,V-0ABECB9E74,2026-09-11 18:17:10,tarjeta,2520.0,aprobado,REF-6A3196AA
P-5AC206D374,V-BF02A242E5,2026-09-11 18:17:10,efectivo,45.0,aprobado,REF-F23A2F51
P-2371A01F3B,V-C5E0FB298A,2026-09-11 18:17:11,transferencia,840.0,aprobado,REF-9E5CDC49
P-F0CC04B372,V-77F6238362,2026-09-11 18:17:11,efectivo,144.0,aprobado,REF-A7EF409F
P-90C15E4460,V-F4B2297B3E,2026-09-11 18:17:12,transferencia,220.0,aprobado,REF-74950823
P-C7EA6B72A1,V-5B45C7AF21,2026-09-11 18:17:12,transferencia,56.0,aprobado,REF-491FA35C
P-D951DF8ED2,V-FE865BD7FA,2026-09-11 18:17:13,vale,780.0,pendiente,REF-469E2CD9
P-B8A5D3FD63,V-694065E47C,2026-09-11 18:17:14,efectivo,420.0,pendiente,REF-1523C809
P-3085B8FA66,V-786E111066,2026-09-11 18:17:14,transferencia,36.0,pendiente,REF-5C2D382C
P-DF7082FE62,V-C6734A11FE,2026-09-11 18:17:15,vale,1170.0,pendiente,REF-0EFA0613
P-94A5B93D2A,V-D45EF34803,2026-09-11 18:17:15,tarjeta,760.0,aprobado,REF-D76C42C3
P-6178D9C7D1,V-6083EF5396,2026-09-11 18:17:16,tarjeta,140.0,aprobado,REF-6A88F163
P-FB90EA1AA9,V-46627EBE0D,2026-09-11 18:17:17,tarjeta,1560.0,aprobado,REF-4748C325
P-A401C32965,V-7F9817D4BA,2026-09-11 18:17:17,vale,2100.0,aprobado,REF-DB688DF1
P-4F8DF660D2,V-EBE695350D,2026-09-11 18:17:18,tarjeta,112.0,aprobado,REF-738AC401
P-3EFBED05CF,V-FD25F713DA,2026-09-11 18:17:18,transferencia,390.0,pendiente,REF-1098104F
P-EF56F84BF6,V-B62B415F81,2026-09-11 18:17:19,vale,140.0,aprobado,REF-FC1DC6E3
P-CE1F377118,V-4660845CC8,2026-09-11 18:17:20,transferencia,220.0,aprobado,REF-01037339
P-AE86E657A6,V-B58855D0EB,2026-09-11 18:17:20,transferencia,220.0,aprobado,REF-BDEDD9AF
P-C520C45805,V-16BFD859F0,2026-09-11 18:17:21,vale,1900.0,aprobado,REF-F2E2D6CA
P-84A264B2AE,V-614B6E07BF,2026-09-11 18:17:21,tarjeta,330.0,aprobado,REF-20067BD8
P-09238104C0,V-8D80CDA93D,2026-09-11 18:17:22,tarjeta,144.0,aprobado,REF-D077F0D3
P-1B8F5D7E11,V-31A165F7A6,2026-09-11 18:17:23,tarjeta,84.0,aprobado,REF-D3F56B8E
P-4F4483B5C3,V-200948CD2C,2026-09-11 18:17:23,vale,144.0,aprobado,REF-9DA25D21
P-FB6BACA9DE,V-116C6E7429,2026-09-11 18:17:24,efectivo,54.0,aprobado,REF-D1EA5FF5
P-30E2A12BA2,V-F95E3DE095,2026-09-11 18:17:24,tarjeta,72.0,aprobado,REF-DFD798E8
P-5C1EBD7DF6,V-F8F763884C,2026-09-11 18:17:25,efectivo,220.0,aprobado,REF-DCD6AEDE
P-DD1FBDF4D6,V-F33B0E9C5A,2026-09-11 18:17:26,vale,1140.0,aprobado,REF-073540A9
P-E5C91F6949,V-09EB72AEF7,2026-09-11 18:17:26,vale,275.0,aprobado,REF-4CB3149D
P-FF60CD41B3,V-BE5EE077FE,2026-09-11 18:17:27,tarjeta,18.0,aprobado,REF-F6781482
P-B37DF36F27,V-E3D6EA47BC,2026-09-11 18:17:27,tarjeta,390.0,aprobado,REF-64B82C97
P-ECCB129A9D,V-2FAAC736BC,2026-09-11 18:17:28,tarjeta,1260.0,aprobado,REF-A4A7E9A1
P-AD07B97394,V-20FB5532A7,2026-09-11 18:17:28,transferencia,1170.0,aprobado,REF-01811647
P-EA2AF4C731,V-C880BF2D07,2026-09-11 18:17:29,efectivo,165.0,aprobado,REF-7CD95810
P-0164C4A2D8,V-4E4B4503A1,2026-09-11 18:17:29,transferencia,760.0,aprobado,REF-998386E3
P-9AE7EECE14,V-5FA4884D37,2026-09-11 18:17:30,vale,128.0,aprobado,REF-8F86796A
P-7A4ACD73B3,V-7BB90D2559,2026-09-11 18:17:31,vale,1520.0,aprobado,REF-3049DCBD
P-89B2D12427,V-182EF37B02,2026-09-11 18:17:31,vale,2520.0,aprobado,REF-26847C5C
P-798C9CC854,V-AF77A7A727,2026-09-11 18:17:32,transferencia,32.0,aprobado,REF-6C265D1D
P-6119D117A4,V-D233F6AE07,2026-09-11 18:17:33,vale,168.0,aprobado,REF-0908B142
P-DEF972C358,V-07DFF623E9,2026-09-11 18:17:33,vale,144.0,aprobado,REF-B108EF66
P-1887C66B10,V-8053DE9336,2026-09-11 18:17:34,tarjeta,72.0,aprobado,REF-485080E5
P-46A5AF14BF,V-58EDC1864F,2026-09-11 18:17:34,transferencia,36.0,aprobado,REF-CACB070A
P-FE6CDBD798,V-C6E08BE4A2,2026-09-11 18:17:34,tarjeta,18.0,aprobado,REF-91E00192
P-40F852D795,V-EEC2A5A24B,2026-09-11 18:17:35,efectivo,64.0,aprobado,REF-1709AD46
P-007F9A2B96,V-378F55AA58,2026-09-11 18:17:36,efectivo,165.0,aprobado,REF-659A630E
P-F77BE5462F,V-38A7F4D966,2026-09-11 18:17:36,efectivo,144.0,pendiente,REF-13995E87
P-6764BCE411,V-A575D82892,2026-09-11 18:17:37,vale,90.0,pendiente,REF-588D716A
P-C312C1872A,V-15303620CB,2026-09-11 18:17:37,efectivo,420.0,pendiente,REF-A0B1A372
P-B421258881,V-1D137E235D,2026-09-11 18:17:38,tarjeta,252.0,aprobado,REF-508022FC
P-3C9AAE56AB,V-DCA5BC55BF,2026-09-11 18:17:39,vale,110.0,aprobado,REF-8C0E7848
P-6643F0B137,V-0BB1415264,2026-09-11 18:17:40,efectivo,54.0,pendiente,REF-A521B5B5
P-A0661CF89C,V-6D9EBD34D2,2026-09-11 18:17:40,transferencia,110.0,pendiente,REF-4902E18E
P-CC874249F9,V-BA5B99C419,2026-09-11 18:17:41,efectivo,760.0,pendiente,REF-EA158AE5
P-DB83086CAD,V-18A7329968,2026-09-11 18:17:41,transferencia,84.0,aprobado,REF-18BA090A
P-324EB13553,V-1FFA826211,2026-09-11 18:17:42,tarjeta,1170.0,aprobado,REF-5DBF3490
P-90AD18C3F5,V-61E8B0FBC3,2026-09-11 18:17:42,tarjeta,45.0,pendiente,REF-6AE30C53
P-46EEA08C2C,V-1C5E059929,2026-09-11 18:17:43,efectivo,275.0,aprobado,REF-D4F82BE6
P-01D8413CB0,V-09E5A5802F,2026-09-11 18:17:44,efectivo,84.0,aprobado,REF-52BF1988
P-A0A22F835D,V-1B1B299D5A,2026-09-11 18:17:45,vale,1900.0,aprobado,REF-A95C004D
P-E61812CDC7,V-CB2940992C,2026-09-11 18:17:45,tarjeta,760.0,pendiente,REF-A9167B1F
P-C67A40D78A,V-0FA2437782,2026-09-11 18:17:46,efectivo,110.0,aprobado,REF-C9F2AE74
P-348DCF51CE,V-ECCDB05F4F,2026-09-11 18:17:46,transferencia,42.0,pendiente,REF-E05D10E0
P-3F7A36397A,V-BFDC6254DF,2026-09-11 18:17:46,vale,180.0,pendiente,REF-E33DE586
P-8ED2928DDB,V-04BBE08FE0,2026-09-11 18:17:47,vale,420.0,aprobado,REF-7D74CED9
P-0253AC905D,V-3AFB9E9967,2026-09-11 18:17:48,tarjeta,180.0,aprobado,REF-F2555AFC
P-117F0CD7E6,V-6A71D0CAB5,2026-09-11 18:17:48,efectivo,210.0,aprobado,REF-7A536F1C
P-A26A9B964C,V-5C991B522A,2026-09-11 18:17:49,transferencia,36.0,pendiente,REF-B87F9DC9
P-16319E1A7A,V-7769E7DF94,2026-09-11 18:17:49,tarjeta,140.0,aprobado,REF-267E8B8B
P-C47A3DC56A,V-A96690607D,2026-09-11 18:17:49,tarjeta,1140.0,aprobado,REF-0F220259
P-2CB0F96822,V-8052824DD2,2026-09-11 18:17:50,vale,225.0,aprobado,REF-FE5D9977
P-1B78629030,V-590757BC53,2026-09-11 18:17:51,vale,225.0,aprobado,REF-046F8F90
P-6BC044A309,V-B41D7A77B6,2026-09-11 18:17:51,tarjeta,42.0,aprobado,REF-1D0AC3F8
P-AD62C1B436,V-B684E470CB,2026-09-11 18:17:52,tarjeta,1680.0,aprobado,REF-F39BF773
P-9E9496E73F,V-21E9007F0C,2026-09-11 18:17:53,efectivo,165.0,aprobado,REF-E32D3327
P-31414A219A,V-42DF576673,2026-09-11 18:17:53,efectivo,1140.0,aprobado,REF-83DA8401
P-070377BDEC,V-810518EBAA,2026-09-11 18:17:54,tarjeta,18.0,aprobado,REF-025947C0
P-FA65E35981,V-C54C105A48,2026-09-11 18:17:54,vale,225.0,aprobado,REF-E3A2CF8C
P-DEF1E01E8F,V-380831EDC0,2026-09-11 18:17:55,vale,192.0,aprobado,REF-7154ABF2
P-224CDDE417,V-8B666E9D7A,2026-09-11 18:17:55,transferencia,2100.0,aprobado,REF-E239F747
P-73A9CEDE86,V-4206C6F69D,2026-09-11 18:17:56,tarjeta,128.0,aprobado,REF-726422FF
P-15050A1914,V-415DDFE3A9,2026-09-11 18:17:56,vale,330.0,aprobado,REF-C4032B14
P-42100ABD52,V-F5F08BC37D,2026-09-11 18:17:57,efectivo,168.0,aprobado,REF-C05C872D
P-4C2614D06E,V-C4E3112FD0,2026-09-11 18:17:57,tarjeta,2280.0,aprobado,REF-3D2A3D05
P-F13819907A,V-6F19B99652,2026-09-11 18:17:58,vale,84.0,aprobado,REF-8AD82E39
P-2538D65ECF,V-184653DB5C,2026-09-11 18:17:59,efectivo,1260.0,aprobado,REF-1C920DA2
P-1B7965643F,V-FA997CC880,2026-09-11 18:17:59,transferencia,48.0,aprobado,REF-77A74626
P-B67D74E437,V-DC0637115A,2026-09-11 18:18:00,tarjeta,18.0,pendiente,REF-038AAA24
P-3135ED6B1B,V-DB55D275B6,2026-09-11 18:18:00,tarjeta,45.0,aprobado,REF-3E8CE716
P-CC06115458,V-F825371F77,2026-09-11 18:18:01,vale,96.0,pendiente,REF-25ACA086
P-169D90629E,V-36725FB146,2026-09-11 18:18:02,efectivo,225.0,aprobado,REF-C61BE360
P-ECC8C4945D,V-54A285C244,2026-09-11 18:18:02,vale,90.0,aprobado,REF-7D0232B7
P-5AD2DC8367,V-B3187EE241,2026-09-11 18:18:03,tarjeta,1900.0,aprobado,REF-519324AB
P-DCAE46844F,V-6D53A550E4,2026-09-11 18:18:04,vale,64.0,pendiente,REF-6063E476
P-F293767C8D,V-D71C324510,2026-09-11 18:18:04,tarjeta,380.0,aprobado,REF-C9470C69
P-862BB94A50,V-574D6C87E4,2026-09-11 18:18:05,tarjeta,252.0,aprobado,REF-1BB0590F
P-0FF7CF58EA,V-E6BC9DFA30,2026-09-11 18:18:05,efectivo,1680.0,aprobado,REF-1D4F27C1
P-6F58E5ADB0,V-5930A9C06A,2026-09-11 18:18:06,transferencia,90.0,aprobado,REF-A456052C
P-217122128F,V-06A1CC90FB,2026-09-11 18:18:06,transferencia,252.0,aprobado,REF-FAF6CBA9
P-8BDC117132,V-99C28C1747,2026-09-11 18:18:07,efectivo,330.0,pendiente,REF-7A15DC1E
P-7B07B2AC03,V-B5D5BFB049,2026-09-11 18:18:08,vale,1680.0,aprobado,REF-95B341AB
P-5BF076FF30,V-53D4E625D5,2026-09-11 18:18:08,transferencia,252.0,aprobado,REF-CDA69BB6
P-103F815E19,V-5119F086EA,2026-09-11 18:18:09,tarjeta,330.0,aprobado,REF-EA55ADA6
P-146C3F84A9,V-EAFBF0C355,2026-09-11 18:18:09,tarjeta,2100.0,pendiente,REF-FA65D6CE
P-3230CBFFBA,V-1897199A54,2026-09-11 18:18:10,tarjeta,140.0,aprobado,REF-8DD3E04C
P-77CA581F20,V-2440644A95,2026-09-11 18:18:10,tarjeta,110.0,pendiente,REF-A1675841
P-B665D54F5B,V-7316F4CED8,2026-09-11 18:18:11,transferencia,225.0,aprobado,REF-FFA0E213
P-894996D1F1,V-855DBFF4EA,2026-09-11 18:18:11,vale,390.0,pendiente,REF-C0AFAE8D
P-E20F80CDFF,V-D6FE519555,2026-09-11 18:18:12,transferencia,225.0,pendiente,REF-D317A8E4
P-16511190FE,V-1F4D9549A3,2026-09-11 18:18:12,efectivo,1520.0,aprobado,REF-93754675
P-9C1DB363FA,V-5769408852,2026-09-11 18:18:13,vale,2100.0,aprobado,REF-CAA67DEC
P-2BB1B5EA87,V-2F777958AF,2026-09-11 18:18:13,tarjeta,420.0,aprobado,REF-29733AF0
P-CC482675DE,V-8DFEC7640D,2026-09-11 18:18:14,efectivo,128.0,pendiente,REF-DEB159A9
P-A37C83855A,V-E1F54A522C,2026-09-11 18:18:14,transferencia,275.0,aprobado,REF-46CD5150
P-A3A6AEF3DA,V-FC851979DC,2026-09-11 18:18:15,transferencia,1520.0,aprobado,REF-D859DE1D
P-C26D0780DE,V-4BD510F3D3,2026-09-11 18:18:15,vale,96.0,aprobado,REF-21E96E51
P-363AC52B90,V-ED1E93A88D,2026-09-11 18:18:16,transferencia,2520.0,aprobado,REF-A103C36B
P-44AEDA4B88,V-E3F4DEACAD,2026-09-11 18:18:17,transferencia,1170.0,pendiente,REF-0F331F1C
P-FC4836FA68,V-17365E2495,2026-09-11 18:18:18,tarjeta,128.0,aprobado,REF-5A02BFDD
P-251BEB2323,V-F00536174E,2026-09-11 18:18:18,tarjeta,225.0,aprobado,REF-6BCC63FE
P-D2FE551947,V-413ECD5945,2026-09-11 18:18:19,tarjeta,45.0,aprobado,REF-0B1179E2
P-03FA34E51D,V-F2656E16FB,2026-09-11 18:18:19,transferencia,2100.0,aprobado,REF-C0D6EC3A
P-9B54583A08,V-2EF7F07981,2026-09-11 18:18:20,vale,168.0,aprobado,REF-D29B8A8A
P-59522A5E6D,V-82393CC3AE,2026-09-11 18:18:21,vale,2100.0,aprobado,REF-9C841768
P-7A761C743B,V-2353AF340A,2026-09-11 18:18:21,transferencia,126.0,aprobado,REF-3803A483
P-398F16604B,V-AECCA6BDE6,2026-09-11 18:18:22,efectivo,220.0,aprobado,REF-077CCE07
P-BCAF7976AA,V-A324F937DA,2026-09-11 18:18:22,tarjeta,54.0,pendiente,REF-F6AFE1CC
P-D74D83BF2A,V-3D57793F32,2026-09-11 18:18:23,vale,55.0,pendiente,REF-A9FDA8C5
P-C57FCF500D,V-F410F57C77,2026-09-11 18:18:23,efectivo,330.0,aprobado,REF-0387956D
P-1FE49D071E,V-8ECE0A7A07,2026-09-11 18:18:24,tarjeta,28.0,aprobado,REF-8C72A0A1
P-35D4396CFF,V-85DA56F7BA,2026-09-11 18:18:24,vale,270.0,aprobado,REF-4BEB661F
P-7EA10F7C06,V-83DECBA11B,2026-09-11 18:18:25,transferencia,112.0,aprobado,REF-CAA3E1BA
P-522410AEDF,V-DBFA02541A,2026-09-11 18:18:25,efectivo,168.0,aprobado,REF-AA4FADF8
P-8949BDFE84,V-E2366E9465,2026-09-11 18:18:26,efectivo,210.0,aprobado,REF-C2105231
P-1EAADF3AA7,V-ABCD741077,2026-09-11 18:18:26,transferencia,330.0,aprobado,REF-661C2219
P-7BF7515A58,V-6CB5C51AF3,2026-09-11 18:18:27,transferencia,288.0,aprobado,REF-56D43744
P-2F807C78F1,V-0EE9661D84,2026-09-11 18:18:28,transferencia,840.0,pendiente,REF-85940B96
P-A601984C8F,V-4784185757,2026-09-11 18:18:29,tarjeta,135.0,aprobado,REF-62FB98C8
P-56FC231091,V-F0D2667789,2026-09-11 18:18:29,vale,168.0,pendiente,REF-A9869CAC
P-D69CD36670,V-D2A1A1AC69,2026-09-11 18:18:29,transferencia,252.0,aprobado,REF-9DAB6686
P-600F95AC05,V-ACF895CBDA,2026-09-11 18:18:30,efectivo,90.0,aprobado,REF-074DD789
P-421B561768,V-6CCA7C9DEB,2026-09-11 18:18:31,transferencia,84.0,pendiente,REF-676855E4
P-98B4834B97,V-A30FA371F7,2026-09-11 18:18:31,transferencia,1560.0,aprobado,REF-8616AF9C
P-21A23ACD09,V-B045DE6999,2026-09-11 18:18:32,transferencia,780.0,aprobado,REF-4B3DAAF9
P-FEF60C4E99,V-C82A903D82,2026-09-11 18:18:32,tarjeta,780.0,pendiente,REF-C3DDD64A
P-E27CE9DE03,V-9303F96B73,2026-09-11 18:18:33,transferencia,288.0,aprobado,REF-02846CD5
P-5B97B45743,V-32A0C7C078,2026-09-11 18:18:33,transferencia,192.0,aprobado,REF-DE98221A
P-FFDFE48B09,V-2BF0DD22EA,2026-09-11 18:18:34,efectivo,112.0,aprobado,REF-DBE5CEC2
P-ADE7BDF449,V-098FFC381B,2026-09-11 18:18:34,vale,225.0,pendiente,REF-B7A44573
P-62603DBCF5,V-65E897789E,2026-09-11 18:18:35,efectivo,1140.0,aprobado,REF-E0ABC35B
P-B836ECA37A,V-9CB0C6EDDB,2026-09-11 18:18:35,efectivo,220.0,pendiente,REF-B58D5A15
P-92F77DDEDF,V-0CF58618C1,2026-09-11 18:18:36,tarjeta,1140.0,aprobado,REF-0E280B7C
P-9E1BE8AF43,V-026F71E471,2026-09-11 18:18:36,efectivo,110.0,aprobado,REF-1E9E2796
P-FE79442925,V-34F41250AA,2026-09-11 18:18:37,efectivo,144.0,aprobado,REF-269AD5A1
P-18FB1E4F11,V-6F4B71DE3F,2026-09-11 18:18:38,efectivo,140.0,aprobado,REF-6A9D1D2C
P-88178164ED,V-F06F245BF7,2026-09-11 18:18:38,tarjeta,55.0,aprobado,REF-31DE8988
P-43C09F6574,V-D1E434066D,2026-09-11 18:18:39,transferencia,1140.0,aprobado,REF-13F066CA
P-DB8E8B4002,V-2D16E65192,2026-09-11 18:18:39,efectivo,135.0,pendiente,REF-5C70B7E7
P-13CEADD72F,V-6346575AAC,2026-09-11 18:18:40,vale,1560.0,aprobado,REF-43B42D28
P-3195244B24,V-BA51E519B8,2026-09-11 18:18:40,vale,32.0,aprobado,REF-AE4CD213
P-9BEDFC1412,V-A7D0791E08,2026-09-11 18:18:41,vale,192.0,aprobado,REF-5357E8AB
P-66EBA4774F,V-BD39C9EA09,2026-09-11 18:18:42,transferencia,96.0,aprobado,REF-E956D623
P-F3B86E2C10,V-D739E0FF86,2026-09-11 18:18:42,transferencia,420.0,aprobado,REF-9FAA2DBD
P-55622669A4,V-285E8F8B7F,2026-09-11 18:18:43,tarjeta,390.0,aprobado,REF-AB370368
P-5618E1A8DF,V-A8CDFB76DC,2026-09-11 18:18:43,transferencia,108.0,aprobado,REF-54624239
P-DAC97C07D3,V-F6457FC6F5,2026-09-11 18:18:44,efectivo,144.0,aprobado,REF-5748FA1F
P-7CFC6F8AA1,V-81B80BE43A,2026-09-11 18:18:44,vale,36.0,aprobado,REF-F0F845D5
P-83FE552B6A,V-BE5295C11B,2026-09-11 18:18:45,tarjeta,1140.0,aprobado,REF-4FC65E41
P-E344710245,V-A8C428B883,2026-09-11 18:18:45,transferencia,84.0,aprobado,REF-4E7E1C12
P-8D013F1FDF,V-0ACC6DA5FB,2026-09-11 18:18:46,tarjeta,84.0,aprobado,REF-4B0D7574
P-945CEE791C,V-5B31B03B28,2026-09-11 18:18:47,tarjeta,288.0,aprobado,REF-C2EDD9A4
P-16683CF739,V-E9458D903D,2026-09-11 18:18:47,vale,96.0,aprobado,REF-5C3B6DB0
P-EAE51DE0DD,V-47147C4DF0,2026-09-11 18:18:48,tarjeta,780.0,aprobado,REF-73790644
P-C9A6C662D7,V-961572B8C1,2026-09-11 18:18:48,efectivo,1680.0,aprobado,REF-35D34552
P-1579D2D045,V-03011717B0,2026-09-11 18:18:49,tarjeta,168.0,pendiente,REF-834FD84C
P-6A697FB749,V-A2DF413E50,2026-09-11 18:18:49,tarjeta,1900.0,aprobado,REF-0A822621
P-98F923D63A,V-662C587762,2026-09-11 18:18:50,transferencia,90.0,aprobado,REF-D20A6427
P-AD9B9A50EF,V-8738CE07C6,2026-09-11 18:18:51,vale,90.0,aprobado,REF-6D83B789
P-DDFBEE29EB,V-89935DF998,2026-09-11 18:18:51,tarjeta,840.0,aprobado,REF-1C187911
P-CB26C2E2D9,V-B753AFBF83,2026-09-11 18:18:52,tarjeta,1170.0,pendiente,REF-21A91D54
P-921AF6DA12,V-CD4C269D24,2026-09-11 18:18:53,efectivo,72.0,pendiente,REF-3257E607
P-CD2E40C773,V-AE5FA0F335,2026-09-11 18:18:53,vale,1520.0,pendiente,REF-55314B0D
P-D62DAF522C,V-2D09A18C16,2026-09-11 18:18:54,transferencia,1140.0,aprobado,REF-ECA1F333
P-A1AC23305E,V-10992F926E,2026-09-11 18:18:55,transferencia,192.0,pendiente,REF-93C48E0E
P-F945AF27B7,V-CB605DC0D4,2026-09-11 18:18:55,efectivo,270.0,pendiente,REF-C2FE9AF9
P-BF9017F314,V-5258255DA8,2026-09-11 18:18:56,vale,1950.0,aprobado,REF-71E1917E
P-0F7523238D,V-071875F851,2026-09-11 18:18:56,transferencia,56.0,pendiente,REF-D767DDCD
P-F316B4AF6D,V-6B2BB495AE,2026-09-11 18:18:57,transferencia,128.0,aprobado,REF-D3A15956
P-1009CE6E9B,V-554DB6DE53,2026-09-11 18:18:57,vale,56.0,aprobado,REF-9609EBFA
P-FBA5E982C6,V-A9CA92D21C,2026-09-11 18:18:58,efectivo,32.0,pendiente,REF-DF696F74
P-2EAD5219BB,V-9DC92DBA05,2026-09-11 18:18:59,tarjeta,180.0,aprobado,REF-F6D70C77
P-F65F756DCF,V-7C6A62B864,2026-09-11 18:18:59,tarjeta,780.0,aprobado,REF-45072B6F
P-161DCCB29D,V-4153E3DBAF,2026-09-11 18:19:00,tarjeta,270.0,pendiente,REF-592692CA
P-EA0B9AD26D,V-12E7EA72C6,2026-09-11 18:19:00,efectivo,330.0,aprobado,REF-6C9AE590
P-D17DD332FA,V-648463A3D5,2026-09-11 18:19:01,tarjeta,270.0,pendiente,REF-2B3EFD1C
P-7A9052BDB1,V-936171E8F0,2026-09-11 18:19:01,tarjeta,192.0,aprobado,REF-6E222A5A
P-A0468D694F,V-E64696DE30,2026-09-11 18:19:02,vale,56.0,aprobado,REF-3608FDFE
P-08C4BC4CA5,V-6BE21E8883,2026-09-11 18:19:02,transferencia,192.0,pendiente,REF-948E2491
P-1E430BDF82,V-4A358DD081,2026-09-11 18:19:03,efectivo,160.0,aprobado,REF-BF497404
P-482D486EB4,V-6920AD34CB,2026-09-11 18:19:04,vale,90.0,aprobado,REF-E10F5A8A
P-DA6E98D614,V-3EDDA6B75B,2026-09-11 18:19:04,transferencia,275.0,aprobado,REF-E7BDFFB6
P-40F3848311,V-FFC81759CE,2026-09-11 18:19:05,efectivo,252.0,aprobado,REF-6A101D09
P-E4AF2916D2,V-0AFE408ADA,2026-09-11 18:19:06,transferencia,192.0,aprobado,REF-89146602
P-2969E7DD41,V-FA6BA9213C,2026-09-11 18:19:06,efectivo,112.0,aprobado,REF-B158E47F
P-F6ED492E44,V-963AACBFF0,2026-09-11 18:19:06,efectivo,180.0,aprobado,REF-F76848FB
P-CF765BA780,V-0EA6BDF802,2026-09-11 18:19:07,transferencia,1560.0,aprobado,REF-F6A1B6F2
P-7262D35F7A,V-8B57FBFBAD,2026-09-11 18:19:08,transferencia,2520.0,aprobado,REF-2018BD58
P-DC2F3B34AB,V-8966BC3F80,2026-09-11 18:19:09,transferencia,210.0,aprobado,REF-1EB72B81
P-188B7ECFB4,V-9D375FCF2B,2026-09-11 18:19:09,transferencia,180.0,aprobado,REF-C8BC1D4C
P-03F14CB393,V-E0BF38F834,2026-09-11 18:19:09,transferencia,225.0,aprobado,REF-7A6BE618
P-6270396C2D,V-EE6D5025B8,2026-09-11 18:19:10,vale,1560.0,aprobado,REF-073D8566
P-242AED1E14,V-09FA639D1A,2026-09-11 18:19:11,transferencia,55.0,aprobado,REF-629921A6
P-B8C33FD72F,V-926657FA11,2026-09-11 18:19:11,transferencia,420.0,pendiente,REF-A23DECA2
P-3AB8AF6902,V-73B1289C1B,2026-09-11 18:19:12,efectivo,1260.0,pendiente,REF-7E9AB674
P-C087F39528,V-BC720932A8,2026-09-11 18:19:12,efectivo,18.0,aprobado,REF-103043AF
P-CD35A82AFC,V-87A06FAB27,2026-09-11 18:19:13,vale,1900.0,aprobado,REF-ED979D43
P-635EA0CAEF,V-2291797FEA,2026-09-11 18:19:14,vale,42.0,aprobado,REF-EA867CD4
P-5EA3E4CCDA,V-2262EE23D1,2026-09-11 18:19:14,tarjeta,165.0,aprobado,REF-02C0B7DD
P-F8EFC149CB,V-B442F31908,2026-09-11 18:19:15,transferencia,90.0,pendiente,REF-432D3D42
P-66EB7FB592,V-74E64D50BB,2026-09-11 18:19:16,efectivo,36.0,aprobado,REF-633DC83E
P-95B411BADC,V-ABBC675169,2026-09-11 18:19:16,transferencia,64.0,pendiente,REF-48C5CF4A
P-C13DBB4F9F,V-3C28F22EA0,2026-09-11 18:19:16,transferencia,1140.0,aprobado,REF-6C03DBD9
P-431AA839DE,V-52B483C98E,2026-09-11 18:19:17,transferencia,1950.0,aprobado,REF-D184BFFF
P-CACB2E5A19,V-8CA6D22A04,2026-09-11 18:19:18,transferencia,275.0,aprobado,REF-F011AE36
P-D4B7659E6B,V-7B51E9A467,2026-09-11 18:19:18,transferencia,220.0,pendiente,REF-5029C5AD
P-5BEF5BFD32,V-5049C24526,2026-09-11 18:19:19,transferencia,1170.0,aprobado,REF-F2352067
P-224956C694,V-A23BC583F6,2026-09-11 18:19:20,transferencia,760.0,pendiente,REF-C6114735
P-43B8411CBC,V-E4F6343DDE,2026-09-11 18:19:20,tarjeta,128.0,aprobado,REF-0BF75378
P-FB9B5C8359,V-302D795831,2026-09-11 18:19:21,tarjeta,1680.0,aprobado,REF-BDD69DA1
P-00A7111230,V-B95BA075D4,2026-09-11 18:19:22,transferencia,288.0,aprobado,REF-E124EF2E
P-28C9B1CE64,V-1BFA74BA4F,2026-09-11 18:19:22,transferencia,390.0,aprobado,REF-497AF216
P-C3D2260399,V-740D84C65C,2026-09-11 18:19:23,transferencia,84.0,aprobado,REF-00F6ACBD
P-345B8C9022,V-F599E047D3,2026-09-11 18:19:23,transferencia,210.0,aprobado,REF-DB56747C
P-6B7761FF54,V-139DBBCAA7,2026-09-11 18:19:24,efectivo,144.0,aprobado,REF-E25C5912
P-2ED0ACB6C4,V-49C9C687E4,2026-09-11 18:19:25,tarjeta,32.0,aprobado,REF-6BF432C1
P-0FFDA221B4,V-202DCEB68A,2026-09-11 18:19:25,vale,165.0,pendiente,REF-84B62DD6
P-2D54E961B0,V-08A6A4A525,2026-09-11 18:19:25,transferencia,210.0,aprobado,REF-46C3853B
P-A858C33528,V-F327006833,2026-09-11 18:19:26,efectivo,72.0,aprobado,REF-DCFAD0A0
P-221B7B294F,V-1149E7363F,2026-09-11 18:19:26,tarjeta,55.0,pendiente,REF-ACA43D13
P-42FE8A4BFB,V-53980B4014,2026-09-11 18:19:27,tarjeta,135.0,aprobado,REF-088936B8
P-58ADB330CF,V-1902CB3F37,2026-09-11 18:19:27,vale,108.0,aprobado,REF-236C39FB
P-56618883CB,V-9017D5C3CD,2026-09-11 18:19:28,transferencia,32.0,aprobado,REF-E362D2BA
P-2BCA6CB56B,V-033E82175A,2026-09-11 18:19:29,vale,18.0,aprobado,REF-2EA1E9AF
P-5B4C64663E,V-CFAFDA5ACE,2026-09-11 18:19:29,efectivo,420.0,aprobado,REF-D4DD1780
P-D643794352,V-4378E133D8,2026-09-11 18:19:30,efectivo,1950.0,aprobado,REF-C3F6BA7B
P-9C55DF3DC7,V-7A30EC8760,2026-09-11 18:19:31,vale,18.0,aprobado,REF-0A2A688D
P-4E8949F769,V-36CE95CC80,2026-09-11 18:19:31,tarjeta,192.0,aprobado,REF-762BAE7D
P-1F337BD7DD,V-F09FEA1325,2026-09-11 18:19:32,efectivo,1260.0,pendiente,REF-076E7778
P-B030C37DFB,V-A2D2CE6D4C,2026-09-11 18:19:32,vale,48.0,pendiente,REF-20B85654
P-514297DC77,V-A133DB5CB0,2026-09-11 18:19:33,transferencia,42.0,aprobado,REF-710346C8
P-1AB19F2161,V-83ECE7C3EE,2026-09-11 18:19:34,tarjeta,2100.0,aprobado,REF-CECD879D
P-E07127ACEB,V-64B0C74FFD,2026-09-11 18:19:34,vale,1560.0,aprobado,REF-AC694251
P-A27CDC13EC,V-40441DD996,2026-09-11 18:19:35,vale,270.0,aprobado,REF-1A610CCE
P-8D2901F9EE,V-B9B80E1A74,2026-09-11 18:19:35,vale,42.0,aprobado,REF-C77E7D76
P-7B8B9752AA,V-606E08361A,2026-09-11 18:19:36,transferencia,135.0,aprobado,REF-91E526D1
P-C4651BE827,V-4E92BF8BD5,2026-09-11 18:19:36,transferencia,110.0,aprobado,REF-7D5D45F4
P-BAF9E8EE52,V-BB173338F2,2026-09-11 18:19:37,efectivo,135.0,aprobado,REF-1ECD481B
P-98F584A57D,V-15DEFFDB90,2026-09-11 18:19:38,vale,840.0,aprobado,REF-8E727173
P-EEAE998CB5,V-65AB50F164,2026-09-11 18:19:38,transferencia,288.0,pendiente,REF-7C22EB98
P-FC2127BF70,V-35DEBDA911,2026-09-11 18:19:39,efectivo,32.0,pendiente,REF-94BEA956
P-FC134F096D,V-5A8470A6AF,2026-09-11 18:19:40,efectivo,330.0,aprobado,REF-94F8C497
P-D0119D74D6,V-0D733457AF,2026-09-11 18:19:40,vale,32.0,aprobado,REF-CAAD842C
P-BF91466811,V-0EC36EE11E,2026-09-11 18:19:40,vale,1950.0,aprobado,REF-FC5E165F
P-3DECEDF529,V-0D221D3751,2026-09-11 18:19:41,transferencia,90.0,aprobado,REF-40BAF8F3
P-7F1F5C6DC9,V-1508D36B02,2026-09-11 18:19:42,vale,55.0,pendiente,REF-A79B7605
P-AE6D3479B2,V-3509D3F6B6,2026-09-11 18:19:42,tarjeta,2280.0,aprobado,REF-8A5C0AA2
P-59C68DFD18,V-F9ABE91280,2026-09-11 18:19:43,vale,380.0,aprobado,REF-BF117F5D
P-5D34767C03,V-CCEC3B56F9,2026-09-11 18:19:44,vale,28.0,aprobado,REF-CE76BC61
P-672DE742B6,V-7C230CF167,2026-09-11 18:19:44,efectivo,330.0,aprobado,REF-5274F84C
P-1E94FC3706,V-48B8A00237,2026-09-11 18:19:45,efectivo,252.0,aprobado,REF-085B7165
P-C7A4C9CE69,V-93207ED3B9,2026-09-11 18:19:45,tarjeta,32.0,aprobado,REF-E0D35119
P-7937F34817,V-8CB0504894,2026-09-11 18:19:46,vale,760.0,aprobado,REF-C40A5DB4
P-07ECFBE08B,V-DA3BBDEB4B,2026-09-11 18:19:46,tarjeta,1260.0,aprobado,REF-61C9A6E9
P-74989DEC1E,V-6DE1FD043F,2026-09-11 18:19:47,vale,112.0,aprobado,REF-F51A4C75
P-786F35FC6E,V-47B4E94EC7,2026-09-11 18:19:48,tarjeta,210.0,aprobado,REF-104D72F5
P-FC52ED734D,V-2CDCA30C11,2026-09-11 18:19:48,vale,1140.0,pendiente,REF-02396B48
P-3141C42D6A,V-F3B766CB61,2026-09-11 18:19:49,tarjeta,126.0,aprobado,REF-37023F58
P-907D681704,V-B61508CEE7,2026-09-11 18:19:49,vale,135.0,aprobado,REF-723A6113
P-AC82DB94FE,V-1FECD9D66A,2026-09-11 18:19:50,vale,2340.0,pendiente,REF-4A0F7BF7
P-6FB84B9568,V-61A8248BE8,2026-09-11 18:19:51,tarjeta,180.0,aprobado,REF-075F0A1E
P-A2FAD46E84,V-D9B098C2F5,2026-09-11 18:19:51,transferencia,2340.0,aprobado,REF-D1D2B22E
P-601839CC9D,V-FCBBEB14FA,2026-09-11 18:19:52,tarjeta,48.0,aprobado,REF-10EC43FD
P-BA5F4CC051,V-D91C7F26B9,2026-09-11 18:19:52,transferencia,84.0,aprobado,REF-6D5F7B0E
P-B27C8713F2,V-867C42688A,2026-09-11 18:19:53,efectivo,288.0,aprobado,REF-D78C55AE
P-3A5BAEF975,V-DCA75A5689,2026-09-11 18:19:53,transferencia,192.0,aprobado,REF-000457D1
P-2A78C55048,V-2A0241E2B0,2026-09-11 18:19:54,efectivo,192.0,pendiente,REF-93F34464
P-2BFE3182E9,V-D33D4E07D9,2026-09-11 18:19:55,vale,90.0,aprobado,REF-C922E4DD
P-503FC288E0,V-2793F69F56,2026-09-11 18:19:55,vale,760.0,pendiente,REF-85771ABE
P-3C5F7AE968,V-015159FAE8,2026-09-11 18:19:56,efectivo,90.0,aprobado,REF-321B6A58
P-AB49CFD922,V-9426B0C28D,2026-09-11 18:19:56,transferencia,180.0,aprobado,REF-4D13053E
P-DA800426A6,V-0F477710F1,2026-09-11 18:19:57,transferencia,840.0,aprobado,REF-E4E34240
P-5F91692B9E,V-C9BE822D54,2026-09-11 18:19:57,tarjeta,780.0,aprobado,REF-B337C166
P-81324884FF,V-5343628602,2026-09-11 18:19:58,efectivo,240.0,aprobado,REF-F63E76F6
P-7CF90082F1,V-5FE46E626D,2026-09-11 18:19:59,efectivo,45.0,aprobado,REF-E2E17F39
P-2C7CDE5686,V-9E11C16BB0,2026-09-11 18:19:59,tarjeta,180.0,aprobado,REF-3C1046C9
P-D684DF31F5,V-583FFEB75A,2026-09-11 18:20:00,tarjeta,390.0,aprobado,REF-038D94B0
P-00DE46953C,V-4B2B4AED9D,2026-09-11 18:20:00,efectivo,126.0,aprobado,REF-7C8C6949
P-7A1402CE41,V-255EB78EBE,2026-09-11 18:20:01,tarjeta,240.0,aprobado,REF-251CE30C
P-EE16F8386D,V-38FE6E1037,2026-09-11 18:20:01,efectivo,760.0,aprobado,REF-002A5D58
P-6D8606E89E,V-DDC61B6506,2026-09-11 18:20:02,vale,240.0,pendiente,REF-49E95823
P-D138559E22,V-07371DCFAB,2026-09-11 18:20:02,efectivo,48.0,aprobado,REF-7F9B673C
P-DBB7C6EEE1,V-E6741E3C4F,2026-09-11 18:20:03,tarjeta,110.0,pendiente,REF-F982FD48
P-04ADE9A936,V-DAF9AD2BEE,2026-09-11 18:20:04,transferencia,135.0,aprobado,REF-9862CAC1
P-36BDA5935C,V-30BF151C3E,2026-09-11 18:20:04,tarjeta,144.0,aprobado,REF-E5102836
P-53CFAD3018,V-6F92A211B6,2026-09-11 18:20:05,efectivo,2340.0,pendiente,REF-AE1E1028
P-85ED75AD40,V-F874D42CF3,2026-09-11 18:20:06,transferencia,275.0,aprobado,REF-FC81C9D0
P-9C26C87268,V-727244FF37,2026-09-11 18:20:06,transferencia,45.0,aprobado,REF-52E1D2BF
P-917FC21103,V-E9F650C63E,2026-09-11 18:20:07,efectivo,84.0,aprobado,REF-1BD4676D
P-204FC6BE0E,V-F41E5A55DC,2026-09-11 18:20:07,transferencia,48.0,aprobado,REF-3C7FD53F
P-2E5F68BE5A,V-06981EE575,2026-09-11 18:20:08,transferencia,288.0,aprobado,REF-B1B529A8
P-4ED6EF8393,V-269D4BC4AC,2026-09-11 18:20:09,efectivo,45.0,aprobado,REF-D406E554
P-992AE83A4B,V-D462F3E77A,2026-09-11 18:20:09,efectivo,1140.0,aprobado,REF-7039AC7F
P-F606DB6C64,V-B836115E0B,2026-09-11 18:20:10,vale,192.0,aprobado,REF-FDFC4D45
P-038569A12C,V-123B7CF94C,2026-09-11 18:20:10,vale,90.0,aprobado,REF-F4398F5D
P-4E20B0C348,V-0B56474CBD,2026-09-11 18:20:11,transferencia,1680.0,pendiente,REF-A785FE92
P-C97D87A33D,V-59B11A5A83,2026-09-11 18:20:11,tarjeta,110.0,aprobado,REF-E78215DC
P-27600DEC09,V-9CCBA822E9,2026-09-11 18:20:12,efectivo,180.0,aprobado,REF-64216C70
P-EC65863A13,V-9EE8DB83A9,2026-09-11 18:20:12,transferencia,390.0,pendiente,REF-8D45B283
P-866BCC1410,V-3CEB69DAAC,2026-09-11 18:20:13,tarjeta,180.0,aprobado,REF-D8A59CF7
P-79929779F5,V-4FB651B0C9,2026-09-11 18:20:14,transferencia,42.0,aprobado,REF-5FB4184D
P-BB0B7F9A40,V-DC813DB4E1,2026-09-11 18:20:14,efectivo,210.0,pendiente,REF-13273418
P-5F49AC86A0,V-7CEBCAFB94,2026-09-11 18:20:15,efectivo,2100.0,aprobado,REF-908FA51A
P-272D7DE3D9,V-C4CFA91E6F,2026-09-11 18:20:16,efectivo,270.0,pendiente,REF-1D95F765
P-2CC71120FA,V-062AB91F04,2026-09-11 18:20:16,tarjeta,270.0,aprobado,REF-280B5088
P-AF12D2C330,V-8F6CD9C576,2026-09-11 18:20:17,efectivo,252.0,aprobado,REF-A0F37018
P-D73E7494F0,V-1E1AFBFCA6,2026-09-11 18:20:17,efectivo,1950.0,aprobado,REF-4B572E78
P-1A3B92427F,V-963BA7BD28,2026-09-11 18:20:18,tarjeta,390.0,aprobado,REF-BC2F898F
P-59863D2CF5,V-37DB5023FD,2026-09-11 18:20:18,tarjeta,64.0,aprobado,REF-16CA1856
P-A689C02FBC,V-7ACB136FCA,2026-09-11 18:20:19,efectivo,192.0,aprobado,REF-13B31117
P-4E4461339E,V-8065268E72,2026-09-11 18:20:19,tarjeta,72.0,aprobado,REF-3AAD3097
P-2DF3BC71A2,V-DA51F87EB6,2026-09-11 18:20:20,vale,128.0,pendiente,REF-9E14CD44
P-6977F00ED0,V-4B7A2F43D9,2026-09-11 18:20:20,vale,760.0,pendiente,REF-1441107D
P-AADB6B8CE9,V-41B01F84CB,2026-09-11 18:20:21,efectivo,90.0,aprobado,REF-67CBD8C5
P-92594E23DE,V-04EA35A2D4,2026-09-11 18:20:22,transferencia,140.0,pendiente,REF-67E200EE
P-27EE638BFF,V-28FAD247A9,2026-09-11 18:20:22,tarjeta,420.0,aprobado,REF-1C55203E
P-7C13D4C4D4,V-FC22E34530,2026-09-11 18:20:23,vale,168.0,pendiente,REF-F53F43EC
P-3995F9B6D8,V-BAE4251513,2026-09-11 18:20:23,transferencia,110.0,aprobado,REF-71375834
P-F0915E2FAB,V-1381CEAA44,2026-09-11 18:20:24,transferencia,84.0,pendiente,REF-A63631B7
P-75C6F4AD02,V-8A46E6268F,2026-09-11 18:20:24,transferencia,84.0,aprobado,REF-1DCFB3CA
P-51390437C7,V-DC8DE426EC,2026-09-11 18:20:25,tarjeta,420.0,pendiente,REF-06E184B5
P-77CE161E40,V-227BDCFA8B,2026-09-11 18:20:25,vale,1260.0,aprobado,REF-0B5A3B6A
P-84F7E654D1,V-762E837FB5,2026-09-11 18:20:26,efectivo,192.0,aprobado,REF-7EF568F1
P-367F7F4A9A,V-974C3A6BDD,2026-09-11 18:20:26,transferencia,84.0,aprobado,REF-AE444597
P-FB3CDD72E3,V-9CA35C7561,2026-09-11 18:20:27,tarjeta,275.0,aprobado,REF-BE2E5AD1
P-D7D1623E96,V-03A54F6161,2026-09-11 18:20:28,transferencia,780.0,pendiente,REF-71E23B3A
P-29FE125AA8,V-451F689468,2026-09-11 18:20:28,transferencia,1520.0,pendiente,REF-EBD7EB11
P-620F01E9AE,V-CFB32732BC,2026-09-11 18:20:29,efectivo,760.0,aprobado,REF-F20C1782
P-E5E3BC00BC,V-AEFD3986A8,2026-09-11 18:20:30,tarjeta,90.0,aprobado,REF-BCE390C6
P-5B718CDEDA,V-4618873CDF,2026-09-11 18:20:30,efectivo,168.0,aprobado,REF-36A1C898
P-2CB07FA778,V-651DF4350A,2026-09-11 18:20:31,tarjeta,54.0,aprobado,REF-6EC9C5B0
P-88A49407B3,V-0C4626FFB5,2026-09-11 18:20:32,vale,108.0,aprobado,REF-5F97437B
P-FE2873A93F,V-84765397C8,2026-09-11 18:20:32,vale,108.0,aprobado,REF-58B1E845
P-0F1638DE8D,V-8EAA9BBD0F,2026-09-11 18:20:33,transferencia,96.0,aprobado,REF-B18DD566
P-71EDF729C3,V-5666182AFA,2026-09-11 18:20:34,transferencia,2520.0,aprobado,REF-95ED1C34
P-6971F76A46,V-4213645EA6,2026-09-11 18:20:34,transferencia,168.0,aprobado,REF-2D1188BA
P-6DF86FCF39,V-562161FEFF,2026-09-11 18:20:35,tarjeta,144.0,aprobado,REF-174F857C
P-E644352063,V-4AB0AC5E49,2026-09-11 18:20:36,tarjeta,1520.0,aprobado,REF-92A52907
P-2B61BE76F4,V-0272A909AB,2026-09-11 18:20:36,tarjeta,252.0,aprobado,REF-0C9526A3
P-1670321231,V-DC94FBDB22,2026-09-11 18:20:37,tarjeta,84.0,pendiente,REF-79765E0C
P-DE5CDAEF87,V-E91BA13A38,2026-09-11 18:20:37,transferencia,420.0,aprobado,REF-00673F44
P-DFCE595914,V-E109D1DCB0,2026-09-11 18:20:38,vale,210.0,aprobado,REF-AA32D7A0
P-437B83189E,V-B62586D3C9,2026-09-11 18:20:39,vale,840.0,aprobado,REF-D1122B78
P-34C54D8276,V-17135080C2,2026-09-11 18:20:39,vale,192.0,aprobado,REF-2235CBAD
P-E061CF709F,V-1B0BB5E442,2026-09-11 18:20:40,vale,128.0,aprobado,REF-6CC9BBF8
P-C9040E3EF3,V-C76C6B5928,2026-09-11 18:20:40,efectivo,32.0,pendiente,REF-4BE85F06
P-9936955E04,V-FEB85DAB28,2026-09-11 18:20:40,transferencia,330.0,pendiente,REF-8C55AE51
P-F6D9E72A3A,V-BDCBCDA3D7,2026-09-11 18:20:41,transferencia,2100.0,aprobado,REF-B3115D15
P-A773180BF6,V-A4EB7A45F5,2026-09-11 18:20:42,vale,225.0,aprobado,REF-45805EF9
P-DD5815B2FC,V-3F115BED68,2026-09-11 18:20:42,transferencia,240.0,pendiente,REF-4CBA6E2B
P-1B6E8A9035,V-B4ECA41178,2026-09-11 18:20:43,efectivo,90.0,aprobado,REF-315FD424
P-7F12AC218D,V-17572138B6,2026-09-11 18:20:44,vale,55.0,aprobado,REF-73988823
P-4B6B0A788C,V-F43BCB3DF0,2026-09-11 18:20:44,vale,288.0,pendiente,REF-94D8DB5C
P-A937255E40,V-CACD176ED0,2026-09-11 18:20:44,efectivo,380.0,aprobado,REF-73D35F24
P-20613D988F,V-343172A782,2026-09-11 18:20:45,transferencia,275.0,aprobado,REF-1928C0C9
P-D397FA6B22,V-6F70B04B08,2026-09-11 18:20:46,efectivo,420.0,aprobado,REF-8F3D1F31
P-E64B79D584,V-6F7A1D9196,2026-09-11 18:20:47,tarjeta,390.0,aprobado,REF-3B54FAB7
P-85B7E04899,V-0C3448AE9B,2026-09-11 18:20:47,tarjeta,54.0,aprobado,REF-4BDE9199
P-FCA3B49A59,V-6771153374,2026-09-11 18:20:48,efectivo,126.0,aprobado,REF-8F0B6516
P-E397351199,V-DEF52EE8AE,2026-09-11 18:20:48,vale,210.0,aprobado,REF-4124535E
P-37782FA548,V-84FFF38423,2026-09-11 18:20:49,vale,1140.0,aprobado,REF-ACBB6B68
P-CC1F374984,V-DC99C217F1,2026-09-11 18:20:49,transferencia,140.0,aprobado,REF-5D212280
P-192A6F0747,V-D0A8BCF313,2026-09-11 18:20:50,tarjeta,225.0,aprobado,REF-E75B6E24
P-ADBDE978DC,V-C7BDDF69B3,2026-09-11 18:20:51,transferencia,192.0,aprobado,REF-20E5CF54
P-F92563673A,V-DF99DCEB7E,2026-09-11 18:20:51,tarjeta,165.0,aprobado,REF-D8246106
P-3C3CFB0E8E,V-6D2205B55F,2026-09-11 18:20:52,vale,2280.0,aprobado,REF-8FE14C0B
P-DC4BB2C2F3,V-D1CE8ED00D,2026-09-11 18:20:52,efectivo,56.0,pendiente,REF-5EA6AAF9
P-1CF884A25F,V-095580D213,2026-09-11 18:20:53,efectivo,1680.0,aprobado,REF-15674375
P-1ACB549C60,V-34B853E56D,2026-09-11 18:20:53,efectivo,380.0,aprobado,REF-5E4E7A1B
P-629A6D6C86,V-20DEAE0BED,2026-09-11 18:20:54,tarjeta,1900.0,pendiente,REF-3CBDBAD2
P-F36ACF73BB,V-908B6F7865,2026-09-11 18:20:54,vale,225.0,aprobado,REF-AD129784
P-D41632E786,V-7B8EC5B949,2026-09-11 18:20:55,transferencia,45.0,pendiente,REF-AFAA588D
P-8331A4309F,V-A188E20E38,2026-09-11 18:20:55,tarjeta,240.0,aprobado,REF-9C870C2A
P-F3F77FD098,V-200829ABF3,2026-09-11 18:20:56,tarjeta,1950.0,aprobado,REF-79532531
P-A1389E250A,V-A6531C784F,2026-09-11 18:20:56,vale,1170.0,aprobado,REF-2912EB12
P-4E5EB56B51,V-15130F80B0,2026-09-11 18:20:57,efectivo,144.0,aprobado,REF-BBE05262
P-CDDE63B6BB,V-523E295EBA,2026-09-11 18:20:58,tarjeta,110.0,pendiente,REF-6AEAF6D1
P-D017BA9B08,V-245B33D070,2026-09-11 18:20:58,tarjeta,252.0,aprobado,REF-502F972A
P-41D12DFCAC,V-14AD4745A0,2026-09-11 18:20:59,tarjeta,96.0,aprobado,REF-11253430
P-ACAEEF8C6A,V-CA09051D2C,2026-09-11 18:20:59,transferencia,275.0,aprobado,REF-AC4ABCCD
P-D469E983A9,V-DCE5415982,2026-09-11 18:21:00,vale,54.0,aprobado,REF-BE98AD0A
P-D15CE4A415,V-1B91CDA9FB,2026-09-11 18:21:01,vale,1900.0,aprobado,REF-4A4B4393
P-AD49F447B0,V-A1D3C4077E,2026-09-11 18:21:01,vale,72.0,aprobado,REF-672CF5D7
P-15542A03E0,V-E9E1A0D800,2026-09-11 18:21:02,tarjeta,18.0,pendiente,REF-C7BCD14D
P-4AD299E10F,V-AC82051AA6,2026-09-11 18:21:02,vale,160.0,pendiente,REF-493A023C
P-277C04C583,V-800869AD55,2026-09-11 18:21:03,vale,84.0,pendiente,REF-00A22B91
P-C4B357DC6D,V-51DA0CAE86,2026-09-11 18:21:03,tarjeta,126.0,aprobado,REF-5D4BF7B5
P-FE679BD0CD,V-EE5454D9C5,2026-09-11 18:21:04,tarjeta,135.0,aprobado,REF-F1273793
P-E9E315A86A,V-3FCBBA4132,2026-09-11 18:21:05,tarjeta,90.0,aprobado,REF-52E8BB9C
P-A9BCD6D555,V-ED17456DE5,2026-09-11 18:21:05,tarjeta,96.0,aprobado,REF-4FFD3BCD
P-C6C3A0D217,V-2F692D0473,2026-09-11 18:21:06,tarjeta,56.0,pendiente,REF-DDAC5CD1
P-2D6F0EB91D,V-518F06410A,2026-09-11 18:21:06,tarjeta,72.0,pendiente,REF-6B91DA43
P-75336451A2,V-0A41A83C5E,2026-09-11 18:21:07,vale,270.0,aprobado,REF-2A202B67
P-A0519AD593,V-5A3E2E0716,2026-09-11 18:21:08,vale,1260.0,aprobado,REF-18E30C09
P-FF40210FD7,V-AD7F28F330,2026-09-11 18:21:08,transferencia,90.0,aprobado,REF-864F2228
P-C1A33AEE29,V-9509A6616C,2026-09-11 18:21:09,efectivo,112.0,aprobado,REF-90234F7A
P-DB81EC7B77,V-709F0A6AA4,2026-09-11 18:21:09,vale,220.0,aprobado,REF-B4058066
P-3E2E66090D,V-B0A04444A2,2026-09-11 18:21:10,efectivo,18.0,aprobado,REF-0B3C16B8
P-3D917CA26A,V-139482BA38,2026-09-11 18:21:11,transferencia,54.0,pendiente,REF-6A0D1254
P-82F98D03AF,V-C76BCD389D,2026-09-11 18:21:11,efectivo,64.0,aprobado,REF-58EBB263
P-0FCFB5DFB5,V-CB1D7F0C38,2026-09-11 18:21:12,efectivo,2340.0,aprobado,REF-567589A7
P-00848E500D,V-134F14C55E,2026-09-11 18:21:12,efectivo,84.0,aprobado,REF-593AD633
P-3D7926E360,V-1C3351E9BA,2026-09-11 18:21:13,efectivo,55.0,aprobado,REF-386D5AAC
P-6633851A81,V-CCF4E2FD41,2026-09-11 18:21:13,transferencia,252.0,aprobado,REF-15394FDF
P-2A433A442F,V-2A407FA6D6,2026-09-11 18:21:14,vale,42.0,aprobado,REF-A4A23A6A
P-5096632723,V-DDB47F1DF8,2026-09-11 18:21:15,transferencia,96.0,aprobado,REF-AD17C924
P-124528147F,V-3016819D7A,2026-09-11 18:21:15,efectivo,240.0,aprobado,REF-79986F41
P-46C6B9547A,V-0089DF481E,2026-09-11 18:21:16,vale,420.0,aprobado,REF-FF9534DD
P-3B78AFE46D,V-EEFCD0177F,2026-09-11 18:21:16,transferencia,36.0,aprobado,REF-292BEEED
P-EDBAC4B796,V-3CC3936EAF,2026-09-11 18:21:17,tarjeta,144.0,aprobado,REF-94C3F521
P-C08662C614,V-168794BA13,2026-09-11 18:21:17,efectivo,140.0,aprobado,REF-ED2216ED
P-D1D016F2B3,V-94DE87CA24,2026-09-11 18:21:18,tarjeta,55.0,aprobado,REF-F77268DA
P-85A3539806,V-1463CEFA50,2026-09-11 18:21:18,vale,90.0,pendiente,REF-4624F3F6
P-7602B0DB35,V-695654E4E3,2026-09-11 18:21:19,vale,108.0,aprobado,REF-8F5AF221
P-F20FA5A991,V-8129A9B336,2026-09-11 18:21:19,transferencia,42.0,pendiente,REF-5C60995C
P-6453647EA6,V-D0594632D6,2026-09-11 18:21:20,efectivo,210.0,aprobado,REF-C202037C
P-47B18E5AB9,V-1EEFF76E46,2026-09-11 18:21:21,tarjeta,760.0,aprobado,REF-A21E0089
P-62E51A8989,V-24D9005C93,2026-09-11 18:21:21,tarjeta,90.0,pendiente,REF-ADFEBDF2
P-96DAB8840B,V-CEB1C51691,2026-09-11 18:21:22,efectivo,420.0,aprobado,REF-90FDA03A
P-7AEE382A05,V-7416E4FC4B,2026-09-11 18:21:22,tarjeta,54.0,pendiente,REF-1C60D9B4
P-19CF9F7771,V-B41C8C101C,2026-09-11 18:21:23,tarjeta,180.0,pendiente,REF-5FEF1EE4
P-CABACC807B,V-E10EF661A7,2026-09-11 18:21:24,transferencia,108.0,aprobado,REF-EE421254
P-ECC50930DF,V-B859E232E8,2026-09-11 18:21:24,tarjeta,390.0,aprobado,REF-8EEAA091
P-6E44448583,V-A3168A4A02,2026-09-11 18:21:25,transferencia,2520.0,aprobado,REF-A19E1E77
P-FAA4A95924,V-B377F6857C,2026-09-11 18:21:25,tarjeta,1950.0,aprobado,REF-8E6C5E90
P-704CF5697D,V-9F13BBEF74,2026-09-11 18:21:26,vale,110.0,aprobado,REF-D5713C59
P-3EDBDE2122,V-AA086A86C4,2026-09-11 18:21:27,vale,840.0,aprobado,REF-6B8ABACA
P-485B4886A5,V-B69D5F7695,2026-09-11 18:21:27,vale,55.0,aprobado,REF-8E30A755
P-33AAEECC63,V-9CE45422F8,2026-09-11 18:21:28,efectivo,2340.0,aprobado,REF-61161DEF
P-FD05E756FD,V-9C8EDB7B37,2026-09-11 18:21:28,transferencia,1900.0,pendiente,REF-1C937A6E
P-AC99B1EB59,V-9DC45A2B42,2026-09-11 18:21:29,efectivo,275.0,aprobado,REF-0FFFAFBE
P-DEB2236001,V-145EBC92ED,2026-09-11 18:21:29,tarjeta,112.0,aprobado,REF-3CC3139E
P-DBF292B6BB,V-AF0AC78C61,2026-09-11 18:21:30,efectivo,36.0,aprobado,REF-FBDF3A29
P-DD67B6B2F2,V-1C9D99BAD0,2026-09-11 18:21:31,tarjeta,110.0,aprobado,REF-0BBD3BEC
P-0E8A71608A,V-C5CDFE58B4,2026-09-11 18:21:31,tarjeta,126.0,pendiente,REF-46B7909E
P-6D1B5C0E88,V-D28D009814,2026-09-11 18:21:32,transferencia,36.0,aprobado,REF-93EDF6E4
P-C8A6E4F49E,V-51C64C9B8D,2026-09-11 18:21:32,vale,420.0,aprobado,REF-355E18A0
P-41BC522295,V-1133E2EADB,2026-09-11 18:21:33,tarjeta,128.0,aprobado,REF-3A398383
P-5979AAD353,V-91A03F9A1E,2026-09-11 18:21:33,efectivo,1140.0,pendiente,REF-17B32793
P-7FCF8C82F5,V-D4D1B3BCE2,2026-09-11 18:21:34,efectivo,126.0,aprobado,REF-30B021AE
P-322D6C4E47,V-00FA4A1AC4,2026-09-11 18:21:34,tarjeta,192.0,aprobado,REF-8E489CD8
P-5530C2B945,V-DE96FEE966,2026-09-11 18:21:35,vale,180.0,aprobado,REF-93F494AD
P-5B0D9ABEA1,V-9DD01DD813,2026-09-11 18:21:35,vale,96.0,pendiente,REF-F4B7BDF0
P-DA5D7F361E,V-4AA3DA0926,2026-09-11 18:21:36,transferencia,240.0,aprobado,REF-4C0BD67B
P-D89D2724E7,V-6C601145FF,2026-09-11 18:21:36,vale,90.0,aprobado,REF-C45D062C
P-A5EC36993E,V-B88AF55A25,2026-09-11 18:21:37,tarjeta,2280.0,aprobado,REF-D0473BEC
P-F649D317C1,V-8159621933,2026-09-11 18:21:37,efectivo,90.0,aprobado,REF-C619A6C8
P-C72B889454,V-193B27FC9E,2026-09-11 18:21:38,efectivo,2520.0,aprobado,REF-3FEEF0DB
P-27487A16DE,V-F691789B34,2026-09-11 18:21:39,tarjeta,54.0,aprobado,REF-61BE7643
P-4D7D23B990,V-BE9CF71CEE,2026-09-11 18:21:39,efectivo,128.0,aprobado,REF-79849B3D
P-8259E3C826,V-B087D9EA9B,2026-09-11 18:21:40,transferencia,270.0,pendiente,REF-9D6243F3
P-7389899E7C,V-CE1D2DCF49,2026-09-11 18:21:40,efectivo,42.0,aprobado,REF-7447EB56
P-2809EC5099,V-75E73690D8,2026-09-11 18:21:41,tarjeta,270.0,pendiente,REF-41F5056D
P-0EC6D260B8,V-A8CBDC5E93,2026-09-11 18:21:41,vale,45.0,pendiente,REF-C1696CFD
P-E4962B1A06,V-F9D2725299,2026-09-11 18:21:42,efectivo,55.0,aprobado,REF-CD9BD9F8
P-C118529905,V-495B9B4B4B,2026-09-11 18:21:43,tarjeta,252.0,aprobado,REF-45E547F1
P-1C25A7BB2E,V-CF75D5BCB6,2026-09-11 18:21:43,tarjeta,168.0,pendiente,REF-E8D78280
P-CFA733B74A,V-3AFF693D17,2026-09-11 18:21:44,efectivo,42.0,aprobado,REF-C09CF82F
P-DC81E3F43D,V-4E3657FCDE,2026-09-11 18:21:44,tarjeta,1560.0,aprobado,REF-C6076130
P-CBF9265413,V-536AE1F3E7,2026-09-11 18:21:45,transferencia,96.0,aprobado,REF-F402877F
P-3C8AF52B91,V-50C39A499A,2026-09-11 18:21:45,tarjeta,192.0,aprobado,REF-2F08A57D
P-4A473E71A3,V-F08FC5DBEC,2026-09-11 18:21:46,tarjeta,760.0,pendiente,REF-44DB940D
P-EEEC8BD03B,V-2AA7136BF8,2026-09-11 18:21:47,tarjeta,64.0,pendiente,REF-262CDB91
P-E28CD0EE89,V-162EEA3C44,2026-09-11 18:21:47,tarjeta,330.0,pendiente,REF-8C238B87
P-6CC5DA001B,V-95F9F3F48F,2026-09-11 18:21:48,efectivo,180.0,aprobado,REF-25A39749
P-28DB7870E8,V-10EC886436,2026-09-11 18:21:48,tarjeta,96.0,aprobado,REF-4839E3D0
P-D364F51190,V-5E8C4C0B95,2026-09-11 18:21:49,vale,56.0,pendiente,REF-64F61D24
P-4242729EE7,V-84CE321DA6,2026-09-11 18:21:49,tarjeta,390.0,pendiente,REF-F879F1EA
P-62AD381F05,V-4FF690BCD6,2026-09-11 18:21:50,tarjeta,240.0,aprobado,REF-60FE0493
P-23D4CFDCCC,V-8FE1FA038C,2026-09-11 18:21:50,tarjeta,1900.0,pendiente,REF-2F2D91CC
P-6EC0D01772,V-B6E49D40C4,2026-09-11 18:21:51,efectivo,48.0,aprobado,REF-D988E300
P-6B3B7F452E,V-D316936052,2026-09-11 18:21:52,tarjeta,96.0,pendiente,REF-D6945FA5
P-2559C1C721,V-C842F0A1A0,2026-09-11 18:21:52,vale,96.0,aprobado,REF-A1CE86E4
P-25457B55FB,V-AA705C0E1B,2026-09-11 18:21:53,tarjeta,210.0,aprobado,REF-3899E258
P-6A87480AA3,V-49BF799039,2026-09-11 18:21:54,tarjeta,240.0,aprobado,REF-583EC50D
P-040DC783BA,V-33E037D335,2026-09-11 18:21:54,vale,110.0,aprobado,REF-14D2172D
P-6EEED6E0B4,V-6D72E34026,2026-09-11 18:21:55,tarjeta,32.0,pendiente,REF-D71339B2
P-1D1578B558,V-5A78C12048,2026-09-11 18:21:56,transferencia,18.0,aprobado,REF-F34B8644
P-34EF0F3345,V-7C9539EE1F,2026-09-11 18:21:56,vale,84.0,aprobado,REF-FD1BE68A
P-0FC987C688,V-CEDCB40F66,2026-09-11 18:21:57,transferencia,270.0,aprobado,REF-3849B20D
P-6D7E1E73C3,V-378E4E548A,2026-09-11 18:21:57,transferencia,45.0,aprobado,REF-A39825A4
P-BC6D493853,V-E0ADE81ACA,2026-09-11 18:21:58,vale,56.0,pendiente,REF-7D820B80
P-8E38841BCB,V-09ABC3F42A,2026-09-11 18:21:58,tarjeta,420.0,aprobado,REF-894C91E7
P-7F04EE5B87,V-902A73E657,2026-09-11 18:21:59,transferencia,288.0,aprobado,REF-E8D83644
P-7763AE31E2,V-4A442ACF2C,2026-09-11 18:22:00,vale,180.0,pendiente,REF-03980F86
P-6F2533F819,V-C5BBE5D65E,2026-09-11 18:22:00,transferencia,1680.0,aprobado,REF-8497201A
P-598C8924F9,V-C5367C9C2C,2026-09-11 18:22:01,vale,140.0,pendiente,REF-BBEEF559
P-20FEFE72C9,V-C575808A5D,2026-09-11 18:22:02,vale,160.0,aprobado,REF-D7EF5FBB
P-7759610CB5,V-BA8E361C9C,2026-09-11 18:22:02,transferencia,2520.0,aprobado,REF-DFCA086A
P-9A8C61D6E2,V-E62B6D8745,2026-09-11 18:22:03,efectivo,112.0,pendiente,REF-5C247491
P-70A233108B,V-98F0D5D8B7,2026-09-11 18:22:03,vale,32.0,aprobado,REF-37A130C4
P-14D0AA2572,V-C179987D0C,2026-09-11 18:22:04,tarjeta,1900.0,aprobado,REF-8CB8483D
P-3CA0A0D80E,V-BDD142EDB1,2026-09-11 18:22:04,transferencia,32.0,aprobado,REF-24757B1D
P-8D950EEAA6,V-A9BE172C1B,2026-09-11 18:22:05,efectivo,112.0,aprobado,REF-F98A2552
P-4D4E196971,V-BA60AA2D43,2026-09-11 18:22:05,tarjeta,96.0,aprobado,REF-C7B9BB5F
P-9570B120BA,V-FCC99DE094,2026-09-11 18:22:06,efectivo,90.0,aprobado,REF-37FA598D
P-6913CAC69A,V-CB77530F29,2026-09-11 18:22:07,vale,1560.0,aprobado,REF-ED2C7D6D
P-2FB4ECF500,V-5D8058C844,2026-09-11 18:22:07,transferencia,270.0,aprobado,REF-310779B6
P-76E9BA677C,V-9A9B600FEF,2026-09-11 18:22:07,efectivo,84.0,aprobado,REF-980A1649
P-B398E4A076,V-AB16AB918E,2026-09-11 18:22:08,tarjeta,252.0,aprobado,REF-84E12A80
P-F4D84A0968,V-6CD797B5CB,2026-09-11 18:22:08,tarjeta,56.0,aprobado,REF-32FC6F70
P-895D66C998,V-916E96E957,2026-09-11 18:22:09,transferencia,72.0,aprobado,REF-FD175DF7
P-2577B50ECE,V-D414D247D4,2026-09-11 18:22:09,transferencia,126.0,aprobado,REF-23848CC8
P-3007F58E70,V-57DE09BA0D,2026-09-11 18:22:10,tarjeta,128.0,aprobado,REF-82AE91FE
P-B0E2C3B66B,V-58B6FB8082,2026-09-11 18:22:10,tarjeta,54.0,aprobado,REF-3B4356DF
P-2080784B0D,V-7DC3CFA46D,2026-09-11 18:22:10,transferencia,165.0,pendiente,REF-045F6477
P-FF0AE4EF61,V-7BAE12117D,2026-09-11 18:22:11,transferencia,1680.0,aprobado,REF-A7F17AF7
P-61A6C29C13,V-364E338082,2026-09-11 18:22:11,tarjeta,135.0,aprobado,REF-00EF1812
P-47ACB15F68,V-AEDC5A7220,2026-09-11 18:22:12,vale,225.0,pendiente,REF-71E30814
P-5DF13D6ABC,V-C5D5A15615,2026-09-11 18:22:13,tarjeta,160.0,aprobado,REF-90453ECC
P-CDF1A440ED,V-AAAFC38CCF,2026-09-11 18:22:14,tarjeta,1260.0,aprobado,REF-D7D64F4A
P-9F022E4B17,V-E8BB206971,2026-09-11 18:22:14,efectivo,225.0,aprobado,REF-38B39869
P-C61F61343F,V-0050C1077F,2026-09-11 18:22:15,transferencia,1950.0,aprobado,REF-9E69376D
P-AC74E00A16,V-5BE203AA31,2026-09-11 18:22:15,efectivo,108.0,aprobado,REF-ABAF9726
P-5713AAFFD2,V-79209098CD,2026-09-11 18:22:16,efectivo,2340.0,pendiente,REF-1FC91084
P-3F5721F93C,V-8A6FCE92A1,2026-09-11 18:22:17,transferencia,252.0,aprobado,REF-63EF4993
P-A71D83FE57,V-5A99B5546B,2026-09-11 18:22:17,transferencia,45.0,aprobado,REF-26870EA7
P-98F48CE212,V-88F66C8297,2026-09-11 18:22:18,tarjeta,210.0,pendiente,REF-0F63EC48
P-BC5A9FB029,V-F921D8A997,2026-09-11 18:22:18,tarjeta,160.0,pendiente,REF-E6A38B1E
P-2CE8F4B1C2,V-C60AE9528C,2026-09-11 18:22:19,tarjeta,56.0,aprobado,REF-F640F083
P-09C93BB76B,V-AF1CB55EA3,2026-09-11 18:22:19,tarjeta,90.0,aprobado,REF-48856D54
P-8E948C37DE,V-F062A98060,2026-09-11 18:22:20,transferencia,1170.0,aprobado,REF-3B2B9FA0
P-6E3553F930,V-157D0581F9,2026-09-11 18:22:21,tarjeta,165.0,aprobado,REF-58900E1B
P-F13BE3AA09,V-7689910FD5,2026-09-11 18:22:21,tarjeta,288.0,aprobado,REF-A1D2EFF8
P-245AC42F59,V-E78BC77684,2026-09-11 18:22:22,vale,28.0,pendiente,REF-F29ACD54
P-F4DA3C48D1,V-41342AE9D6,2026-09-11 18:22:23,tarjeta,128.0,aprobado,REF-6DB11724
P-420099DCEB,V-80D952E8D4,2026-09-11 18:22:23,transferencia,210.0,aprobado,REF-FCEC3A09
P-7FF5E8E1B0,V-4FA2578D11,2026-09-11 18:22:23,efectivo,252.0,aprobado,REF-C7505B76
P-B25E3D22EF,V-276E9DC837,2026-09-11 18:22:24,tarjeta,760.0,aprobado,REF-8E1EBC5B
P-0DD9413931,V-767D905A44,2026-09-11 18:22:25,tarjeta,192.0,aprobado,REF-3B6A3531
P-4083407867,V-3AF6A12B27,2026-09-11 18:22:25,vale,225.0,aprobado,REF-CE4D0AB0
P-A7FDE561A2,V-FE8EED2395,2026-09-11 18:22:26,efectivo,90.0,aprobado,REF-9D8BBDAB
P-40B38E58C6,V-8C27DF02A4,2026-09-11 18:22:26,tarjeta,270.0,aprobado,REF-BC70A6CA
P-2DAF952E66,V-3E417C5CF1,2026-09-11 18:22:27,transferencia,90.0,aprobado,REF-8485CF36
P-B56C06BD7C,V-5C4708F62F,2026-09-11 18:22:27,vale,390.0,aprobado,REF-BACF8D57
P-81F9149CAD,V-DD376A3344,2026-09-11 18:22:28,vale,72.0,aprobado,REF-5AB69B60
P-A9A4B15F5B,V-C41767D919,2026-09-11 18:22:28,tarjeta,18.0,aprobado,REF-652C9FB3
P-84EF073DB0,V-5CC400F592,2026-09-11 18:22:29,efectivo,54.0,aprobado,REF-CDE13147
P-D789DF2052,V-5177F00A8E,2026-09-11 18:22:30,vale,390.0,pendiente,REF-3BD25FD5
P-005677343D,V-7106182DC7,2026-09-11 18:22:30,transferencia,168.0,aprobado,REF-45B21EC5
P-6C2BC1F67B,V-014B4134A5,2026-09-11 18:22:31,vale,110.0,aprobado,REF-F6C704DB
P-92179B9EC3,V-420826EF74,2026-09-11 18:22:32,transferencia,1170.0,aprobado,REF-7CF894FF
P-201C75571B,V-D9284C3DF1,2026-09-11 18:22:32,efectivo,380.0,aprobado,REF-AE1D2B6F
P-2872146F41,V-5B58FDE4B4,2026-09-11 18:22:33,tarjeta,225.0,aprobado,REF-CB710277
P-39C6CE408C,V-9FBB30EB15,2026-09-11 18:22:33,efectivo,1900.0,aprobado,REF-0FA7E08D
P-34FD68C79B,V-2910AE0ACF,2026-09-11 18:22:34,efectivo,1900.0,aprobado,REF-04F4CFCB
P-60C53A67D4,V-6EFE5B246D,2026-09-11 18:22:34,tarjeta,330.0,aprobado,REF-4A5AF2FF
P-529BD04257,V-0C347E91FE,2026-09-11 18:22:35,transferencia,168.0,aprobado,REF-ACB56895
P-103AD959AC,V-E0530C8FDF,2026-09-11 18:22:36,tarjeta,112.0,pendiente,REF-52009B02
P-26C7550637,V-3BFF66B455,2026-09-11 18:22:36,transferencia,2520.0,aprobado,REF-FFCF49C9
P-CA356ED8A4,V-3105C3FA2D,2026-09-11 18:22:37,efectivo,36.0,aprobado,REF-640054AE
P-8DAEF1DCBB,V-1049BBA841,2026-09-11 18:22:37,tarjeta,330.0,pendiente,REF-E026F5AC
P-B28CF799C5,V-6F781B4B7A,2026-09-11 18:22:38,efectivo,1520.0,aprobado,REF-9C5582CD
P-E46522DC0F,V-ED66FE9840,2026-09-11 18:22:38,transferencia,18.0,pendiente,REF-0D0EED41
P-CF5D3455AD,V-DD68A89B38,2026-09-11 18:22:39,vale,168.0,aprobado,REF-41DA11C6
P-0A2D6B4AFB,V-349E76C3CB,2026-09-11 18:22:39,transferencia,240.0,aprobado,REF-CA045227
P-BBC933ADBD,V-552307E493,2026-09-11 18:22:40,efectivo,165.0,aprobado,REF-F623C0F3
P-76017792B1,V-AE148B2AC8,2026-09-11 18:22:40,vale,28.0,pendiente,REF-FA43E1D0
P-06A095A798,V-2FD9C91BED,2026-09-11 18:22:41,efectivo,140.0,pendiente,REF-95F14114
P-3196F17BD7,V-7ED1D3A111,2026-09-11 18:22:42,efectivo,90.0,pendiente,REF-B01C2D33
P-4EA24846AE,V-627C69B8C0,2026-09-11 18:22:43,transferencia,225.0,aprobado,REF-8561CBD6
P-D081B56E22,V-D488D4A2E2,2026-09-11 18:22:43,efectivo,32.0,pendiente,REF-F1795537
P-CFDE7B3A43,V-9DE91C1331,2026-09-11 18:22:44,tarjeta,96.0,aprobado,REF-30CBBC37
P-AF4EA01712,V-129D575093,2026-09-11 18:22:44,vale,56.0,aprobado,REF-D2539084
P-23F10582DA,V-D174139429,2026-09-11 18:22:45,vale,72.0,aprobado,REF-84C3AE65
P-B4B81DA78F,V-DE5E42331A,2026-09-11 18:22:46,vale,135.0,pendiente,REF-833435D8
P-54FC869450,V-AD3FCD4B0A,2026-09-11 18:22:46,vale,330.0,pendiente,REF-24FC0E39
P-18984D2BDD,V-15E0452812,2026-09-11 18:22:47,efectivo,840.0,aprobado,REF-C59800D8
P-03B6CB0765,V-20A47176E9,2026-09-11 18:22:47,tarjeta,135.0,aprobado,REF-21B7AE3B
P-99A8140B02,V-C97FC7345E,2026-09-11 18:22:48,vale,18.0,aprobado,REF-5545B70B
P-55642D148C,V-3B6AD16822,2026-09-11 18:22:48,efectivo,780.0,aprobado,REF-EFE47D40
P-06FC320F7E,V-12BB62F84E,2026-09-11 18:22:49,vale,18.0,aprobado,REF-C0B610FD
P-1AF6AD5A0B,V-D0995FF3B9,2026-09-11 18:22:49,tarjeta,54.0,aprobado,REF-26DA34A4
P-64880E2B18,V-89666FFE4C,2026-09-11 18:22:50,tarjeta,1520.0,pendiente,REF-879D3FB9
P-FD6E1BE4FC,V-A4AF11E5DB,2026-09-11 18:22:50,transferencia,390.0,aprobado,REF-1A66DE2F
P-79BFC6542A,V-61EA4FC3BD,2026-09-11 18:22:50,transferencia,1140.0,aprobado,REF-A84B4C66
P-ECEE468611,V-121D95960F,2026-09-11 18:22:51,tarjeta,240.0,aprobado,REF-F050119B
P-C91045D3BF,V-70C8376ECB,2026-09-11 18:22:52,tarjeta,252.0,aprobado,REF-09F059FA
P-7D23F887DA,V-B0DE9CA704,2026-09-11 18:22:52,vale,28.0,aprobado,REF-6F5733C7
P-D04434448D,V-928CEC7532,2026-09-11 18:22:53,vale,330.0,aprobado,REF-41282E66
P-264D51C99B,V-204FB7ABCE,2026-09-11 18:22:54,vale,64.0,aprobado,REF-C89CC188
P-4EB02AA63B,V-9A32FCD6CC,2026-09-11 18:22:54,efectivo,1260.0,pendiente,REF-FD596FD2
P-F6E66123B8,V-886866FDB1,2026-09-11 18:22:55,vale,135.0,aprobado,REF-CA924560
P-210F316775,V-CAC4451974,2026-09-11 18:22:55,efectivo,54.0,pendiente,REF-060F7BD4
P-5443167449,V-F25581A605,2026-09-11 18:22:56,tarjeta,135.0,aprobado,REF-F270F509
P-3633C32C35,V-A1243C1864,2026-09-11 18:22:56,tarjeta,2340.0,aprobado,REF-DDBE10DA
P-579DF86299,V-4CD891C997,2026-09-11 18:22:57,efectivo,96.0,aprobado,REF-E55FFFC7
P-B9EC6F2885,V-0E5917F8AC,2026-09-11 18:22:58,tarjeta,1680.0,aprobado,REF-9E732F6E
P-3D253C1F48,V-957F79685C,2026-09-11 18:22:58,tarjeta,108.0,pendiente,REF-35A6B4CC
P-FB1AB8B53A,V-71130F6F12,2026-09-11 18:22:59,transferencia,1560.0,aprobado,REF-D2B69C0E
P-6ADA622B13,V-3A3FCB66AE,2026-09-11 18:23:00,efectivo,84.0,pendiente,REF-53D770D9
P-52B520A740,V-DBD2784AEA,2026-09-11 18:23:00,transferencia,165.0,aprobado,REF-80722F95
P-FF0A098570,V-2B8A672E94,2026-09-11 18:23:01,efectivo,90.0,aprobado,REF-B3D60B65
P-66D09F5275,V-52F0A9578D,2026-09-11 18:23:01,tarjeta,780.0,aprobado,REF-048B4C38
P-523174EA69,V-69C99A953E,2026-09-11 18:23:02,vale,28.0,aprobado,REF-C53D196C
P-62368B8C23,V-7658775BE3,2026-09-11 18:23:03,transferencia,55.0,aprobado,REF-B0B49DDD
P-A4FB8D8477,V-43BFD74EFE,2026-09-11 18:23:03,tarjeta,1260.0,aprobado,REF-8961977D
P-27D15F9503,V-23C7B9D0EE,2026-09-11 18:23:04,vale,1140.0,aprobado,REF-8C4086F0
P-9AA51811DB,V-FC8C2FD91B,2026-09-11 18:23:04,vale,760.0,aprobado,REF-CE7B415F
P-E2AAEDC00D,V-C9A3C743CC,2026-09-11 18:23:05,transferencia,54.0,aprobado,REF-C860BA3C
P-145F0C5654,V-A9BE0E487E,2026-09-11 18:23:06,transferencia,54.0,pendiente,REF-4EC89A53
P-209A5EF713,V-3F6F66F879,2026-09-11 18:23:06,tarjeta,56.0,aprobado,REF-2B8803F7
P-6154C0B11B,V-8F0192009C,2026-09-11 18:23:06,transferencia,240.0,aprobado,REF-55E0CBFB
P-9B1E8151D7,V-D47F2FE6E7,2026-09-11 18:23:07,efectivo,275.0,pendiente,REF-D777F7D2
P-70D748E0AC,V-71B2FF0146,2026-09-11 18:23:07,vale,225.0,aprobado,REF-90600FE2
P-A415D0D832,V-62B3CBA7BC,2026-09-11 18:23:08,vale,390.0,aprobado,REF-0DFCFB95
P-8C0B730131,V-A2997B123D,2026-09-11 18:23:08,transferencia,165.0,aprobado,REF-4358306D
P-03D3B3A1EC,V-036E8F6938,2026-09-11 18:23:09,efectivo,160.0,aprobado,REF-A9D1CA67
P-55E4C53D47,V-C3C076F360,2026-09-11 18:23:10,vale,780.0,aprobado,REF-723AAC03
P-90D4E3FC21,V-E35EE6F9DF,2026-09-11 18:23:10,tarjeta,140.0,pendiente,REF-D5CB878E
P-1A4222C14B,V-060020BAFF,2026-09-11 18:23:11,efectivo,390.0,aprobado,REF-4D9077E4
P-B269A82667,V-8523A81296,2026-09-11 18:23:11,tarjeta,330.0,aprobado,REF-C3D20738
P-60C33A0854,V-3E6D4801C3,2026-09-11 18:23:11,efectivo,2520.0,aprobado,REF-E195687C
P-F98EE3CA32,V-899F0C18EA,2026-09-11 18:23:12,efectivo,165.0,pendiente,REF-546829A6
P-30B520249E,V-40896A93DC,2026-09-11 18:23:13,transferencia,192.0,pendiente,REF-4328EDC0
P-B048DF587D,V-B48FD7D879,2026-09-11 18:23:13,vale,780.0,pendiente,REF-2148380D
P-AEEE2C9754,V-59B09592EA,2026-09-11 18:23:14,efectivo,240.0,aprobado,REF-33A6ADFC
P-81C60D447E,V-0193F90457,2026-09-11 18:23:14,tarjeta,1170.0,aprobado,REF-C34E5022
P-5E4A6EF6BE,V-E9709A8CE6,2026-09-11 18:23:15,transferencia,112.0,aprobado,REF-A024BD4B
P-194CD05FCA,V-6EC6F0331F,2026-09-11 18:23:15,efectivo,420.0,pendiente,REF-F3F1581A
P-1630E5809A,V-AD753C61BC,2026-09-11 18:23:16,efectivo,56.0,aprobado,REF-02F5F063
P-1D738ABD26,V-87301B7796,2026-09-11 18:23:16,tarjeta,112.0,aprobado,REF-C268E103
P-6B0D503D23,V-C977297E4C,2026-09-11 18:23:17,tarjeta,380.0,aprobado,REF-35E17649
P-09F4012F13,V-A5EB8420AB,2026-09-11 18:23:17,transferencia,72.0,aprobado,REF-B941C324
P-63CF27A960,V-681BCB18CC,2026-09-11 18:23:18,efectivo,420.0,aprobado,REF-C2C665DA
P-30F4325482,V-A9994AA042,2026-09-11 18:23:18,efectivo,380.0,aprobado,REF-435EC5A2
P-B7EA86AE1F,V-9F2BA50EF0,2026-09-11 18:23:19,vale,128.0,pendiente,REF-1B3187D1
P-ABAE4BABF7,V-F10EF98601,2026-09-11 18:23:20,efectivo,128.0,aprobado,REF-B82A8B48
P-490E139DDF,V-CB071D1E2A,2026-09-11 18:23:20,vale,2280.0,aprobado,REF-8989DA45
P-8B18BF5060,V-8A239F6DE3,2026-09-11 18:23:21,efectivo,220.0,aprobado,REF-D912382C
P-C878933590,V-47A61685C8,2026-09-11 18:23:21,transferencia,108.0,pendiente,REF-38DDBFCE
P-AE4785EFD2,V-858D72F225,2026-09-11 18:23:22,efectivo,96.0,aprobado,REF-137351DC
P-01B1070535,V-3EA5D0BE6B,2026-09-11 18:23:22,transferencia,72.0,aprobado,REF-AD1B79B8
P-39760F9AEA,V-B76E065B81,2026-09-11 18:23:23,tarjeta,330.0,aprobado,REF-35C88EA7
P-BECAA29E60,V-92C81DBB99,2026-09-11 18:23:24,vale,1900.0,aprobado,REF-CFE5B95B
P-B66A497C1C,V-C1351DA518,2026-09-11 18:23:24,transferencia,780.0,aprobado,REF-B5FF175C
P-BDCC696ADE,V-9E85DA223E,2026-09-11 18:23:25,efectivo,1680.0,pendiente,REF-7787A714
P-6D07D8DB92,V-E923AA4E20,2026-09-11 18:23:25,efectivo,2520.0,pendiente,REF-09EF6F51
P-EEB983073F,V-0C8C735357,2026-09-11 18:23:26,vale,2520.0,pendiente,REF-48D67D9B
P-31559BD48A,V-CF0AD27FCE,2026-09-11 18:23:26,tarjeta,144.0,aprobado,REF-BF45D8B9
P-D5A3839A3D,V-5818CFEB5C,2026-09-11 18:23:27,efectivo,1900.0,aprobado,REF-94889F16
P-4ECEEE07CD,V-DB33E7E156,2026-09-11 18:23:27,efectivo,55.0,aprobado,REF-67A157EC
P-5079E45115,V-087827E08C,2026-09-11 18:23:28,efectivo,36.0,pendiente,REF-E900B112
P-17D22E2A22,V-A23E026A03,2026-09-11 18:23:28,efectivo,18.0,aprobado,REF-F13BC8F8
P-CF3F68CF83,V-34421DC889,2026-09-11 18:23:29,transferencia,780.0,aprobado,REF-1CC1D23D
P-7A751FE9B7,V-141CD22496,2026-09-11 18:23:30,tarjeta,168.0,aprobado,REF-102A8751
P-E10CADE2D7,V-4E07CE4D1A,2026-09-11 18:23:30,vale,270.0,aprobado,REF-442DDEA7
P-F40D674F5C,V-39B86F7B1A,2026-09-11 18:23:31,transferencia,225.0,aprobado,REF-EF5E7519
P-42677040B9,V-09864750DE,2026-09-11 18:23:31,transferencia,220.0,pendiente,REF-AEB47E94
P-BDD8C225F2,V-28EBDEC0A1,2026-09-11 18:23:32,efectivo,390.0,aprobado,REF-9B3BA636
P-D22035E075,V-1F11E8160A,2026-09-11 18:23:33,transferencia,1680.0,aprobado,REF-D39C61CE
P-5553D3C49F,V-DD3B4D1842,2026-09-11 18:23:33,efectivo,90.0,aprobado,REF-DFAFB241
P-5301273C07,V-223424B8F7,2026-09-11 18:23:34,vale,840.0,aprobado,REF-3773E971
P-AEB9DD915A,V-C2A51B3D89,2026-09-11 18:23:34,efectivo,240.0,aprobado,REF-2F09657A
P-8FE20C2610,V-42BA2A80FB,2026-09-11 18:23:35,tarjeta,168.0,pendiente,REF-98E35295
P-2A685C5C1D,V-8011D11DC3,2026-09-11 18:23:35,transferencia,126.0,aprobado,REF-D509D721
P-D409567EEA,V-9B042FB7C7,2026-09-11 18:23:36,tarjeta,42.0,aprobado,REF-BA9A62EF
P-2D4DE1D25F,V-C0774EA3C2,2026-09-11 18:23:37,tarjeta,1900.0,aprobado,REF-A1153222
P-E1B56D3538,V-6F55C058A9,2026-09-11 18:23:37,tarjeta,2100.0,aprobado,REF-5068D477
P-CA40AC4826,V-B0119A1BFB,2026-09-11 18:23:38,transferencia,270.0,pendiente,REF-90B17431
P-10DF592480,V-6F8190A698,2026-09-11 18:23:38,transferencia,84.0,aprobado,REF-4A4A7539
P-6E6C1699E7,V-224F51FE8D,2026-09-11 18:23:39,transferencia,18.0,aprobado,REF-9931FC18
P-6D7F432ED1,V-84D4286607,2026-09-11 18:23:39,efectivo,54.0,pendiente,REF-FBF47BC0
P-7BCA2C0E08,V-6CFF636897,2026-09-11 18:23:40,tarjeta,225.0,aprobado,REF-459EB1E0
P-816E79E8EF,V-0C07724ECD,2026-09-11 18:23:41,efectivo,760.0,aprobado,REF-66EAEC56
P-794E84423F,V-CA55B6749A,2026-09-11 18:23:41,tarjeta,1680.0,aprobado,REF-5B322DE5
P-DAB3004E29,V-5D6AC85AE4,2026-09-11 18:23:42,vale,96.0,aprobado,REF-86B2E60A
P-60156405B7,V-651406640B,2026-09-11 18:23:42,tarjeta,1560.0,aprobado,REF-72A7EF4F
P-5D9BE70E54,V-0D248BB64B,2026-09-11 18:23:43,efectivo,192.0,aprobado,REF-D9A46CC8
P-8436ACEA29,V-2EB00CCA27,2026-09-11 18:23:43,transferencia,128.0,aprobado,REF-5AE96FA2
P-10AC26A7C8,V-7DE3E7ADCB,2026-09-11 18:23:44,tarjeta,72.0,aprobado,REF-7034A451
P-4A6E1C6826,V-B8144F3D01,2026-09-11 18:23:44,efectivo,240.0,aprobado,REF-EE088076
P-DEAC4337C3,V-3CA68E6675,2026-09-11 18:23:45,efectivo,1140.0,aprobado,REF-C4AD6753
P-7011338CAA,V-2D34576569,2026-09-11 18:23:45,tarjeta,1680.0,aprobado,REF-E601A9CF
P-4EEC407EE2,V-CAE2F22818,2026-09-11 18:23:46,efectivo,144.0,aprobado,REF-2C49A5E9
P-CAA4D1350D,V-7631E8132A,2026-09-11 18:23:46,tarjeta,225.0,aprobado,REF-DD805F95
P-7625633F16,V-4433F28650,2026-09-11 18:23:47,transferencia,270.0,aprobado,REF-C8A1CAAF
P-902F73D18A,V-26DB9A5299,2026-09-11 18:23:48,efectivo,390.0,aprobado,REF-1B319507
P-5EB1915483,V-E862860DF8,2026-09-11 18:23:48,vale,28.0,aprobado,REF-17AB3037
P-0F636712AB,V-0743316260,2026-09-11 18:23:49,tarjeta,165.0,pendiente,REF-D05E91CD
P-B1F9BA0BA8,V-ECB86502A6,2026-09-11 18:23:49,transferencia,225.0,pendiente,REF-ABA14F19
P-46C084BF07,V-27446707CC,2026-09-11 18:23:50,tarjeta,1140.0,pendiente,REF-0BF39B00
P-A84CB61C6D,V-52BBC5EED6,2026-09-11 18:23:51,efectivo,128.0,aprobado,REF-54CC444E
P-800B7174E5,V-2C1E7F6BCB,2026-09-11 18:23:51,tarjeta,168.0,aprobado,REF-4CEE6389
P-089884F793,V-09605C6D2A,2026-09-11 18:23:52,transferencia,84.0,aprobado,REF-09E861AD
P-CDA49DC633,V-71120F07CD,2026-09-11 18:23:53,transferencia,96.0,pendiente,REF-C8093EE0
P-0418794C73,V-2BE977982D,2026-09-11 18:23:53,transferencia,180.0,aprobado,REF-F416D3AE
P-C8A5F3EB41,V-690318746A,2026-09-11 18:23:54,vale,2280.0,aprobado,REF-E9765957
P-111F33F839,V-FF17698DA5,2026-09-11 18:23:54,efectivo,1260.0,aprobado,REF-707BF9F7
P-70CC6A164B,V-4A263B7588,2026-09-11 18:23:55,vale,72.0,aprobado,REF-6FA6D5F3
P-CAF60DD765,V-7439AF4100,2026-09-11 18:23:56,vale,135.0,pendiente,REF-A93A896E
P-15EC104736,V-8EC66D97E3,2026-09-11 18:23:56,vale,54.0,aprobado,REF-CCF08B78
P-CF311F2460,V-F97722A120,2026-09-11 18:23:57,efectivo,36.0,pendiente,REF-533360E7
P-427EF90C48,V-728B2C9D38,2026-09-11 18:23:57,vale,54.0,aprobado,REF-10F12D83
P-705C95AECB,V-90082F8053,2026-09-11 18:23:58,efectivo,288.0,aprobado,REF-FBE07A43
P-C817F7E276,V-6854A9935D,2026-09-11 18:23:58,efectivo,64.0,pendiente,REF-AE5927C1
P-50A336DBCA,V-40B35B8F95,2026-09-11 18:23:59,efectivo,140.0,pendiente,REF-1EB9E69E
P-E116117F18,V-379558942F,2026-09-11 18:23:59,transferencia,42.0,pendiente,REF-CFFF5179
P-AF201C7606,V-223B994F71,2026-09-11 18:24:00,efectivo,160.0,aprobado,REF-B8D51CD1
P-EC038801CB,V-58FD623EDA,2026-09-11 18:24:01,tarjeta,192.0,pendiente,REF-7546AC3D
P-EC83886E6D,V-3BF29EC415,2026-09-11 18:24:01,vale,840.0,aprobado,REF-1AFE4B8D
P-A2289AFEEA,V-F34CAE6691,2026-09-11 18:24:02,tarjeta,108.0,aprobado,REF-205DCCE4
P-72BC73D7EB,V-9B2A1133BB,2026-09-11 18:24:02,transferencia,270.0,aprobado,REF-D6A93BC9
P-95CA089EB9,V-3861C16070,2026-09-11 18:24:03,vale,2280.0,aprobado,REF-0F7E8510
P-C25C2AF72F,V-48EA713583,2026-09-11 18:24:03,vale,1900.0,aprobado,REF-3802BE5C
P-F522B79CD6,V-6E0C7678C4,2026-09-11 18:24:04,vale,168.0,aprobado,REF-DFDE19AA
P-B8F0FBA2BC,V-04F0167DF2,2026-09-11 18:24:04,vale,42.0,aprobado,REF-1C11F98F
P-C8F7F60849,V-C112D32A10,2026-09-11 18:24:05,vale,275.0,aprobado,REF-32047954
P-828A1ACA82,V-D62CCC822E,2026-09-11 18:24:06,efectivo,220.0,pendiente,REF-94069281
P-C88DDA8D69,V-7768EAFAAB,2026-09-11 18:24:06,efectivo,126.0,aprobado,REF-B01BA725
P-A30FB40115,V-201056EE1E,2026-09-11 18:24:07,tarjeta,84.0,pendiente,REF-77CBCEB5
P-DC15F65D8C,V-BF2C1ECB5B,2026-09-11 18:24:07,efectivo,72.0,aprobado,REF-2B746791
P-FC71AD6D62,V-76FD5A54A4,2026-09-11 18:24:08,efectivo,42.0,aprobado,REF-5A0E1C8E
P-69BBB7A5C9,V-31DB7FA698,2026-09-11 18:24:08,efectivo,90.0,aprobado,REF-B4E618E2
P-FB59C3E73B,V-B762D231DB,2026-09-11 18:24:09,tarjeta,390.0,aprobado,REF-C19BCCF4
P-63D233461C,V-E85066518E,2026-09-11 18:24:10,vale,1560.0,aprobado,REF-49158A34
P-BC6463FCEB,V-B09D3DC324,2026-09-11 18:24:10,efectivo,108.0,pendiente,REF-D57E57F8
P-DAA7D18CCF,V-52983CD8BD,2026-09-11 18:24:11,vale,1560.0,aprobado,REF-D50BCAE0
P-B281A79F29,V-A215A4AFD9,2026-09-11 18:24:12,tarjeta,96.0,aprobado,REF-4C03EE52
P-4069161D0E,V-4CFB015940,2026-09-11 18:24:12,efectivo,780.0,aprobado,REF-B0CBA574
P-918C6E592A,V-FF8F472963,2026-09-11 18:24:13,tarjeta,1950.0,pendiente,REF-2DEC9023
P-EBDD530BC2,V-BC5C0AC522,2026-09-11 18:24:13,tarjeta,210.0,pendiente,REF-F6923A0D
P-4296237235,V-6988EB6004,2026-09-11 18:24:14,tarjeta,84.0,aprobado,REF-79E4D645
P-0AA53E99C4,V-1F9ACC52D4,2026-09-11 18:24:14,efectivo,90.0,pendiente,REF-4FA12924
P-281F134389,V-B19C4EE86B,2026-09-11 18:24:15,tarjeta,42.0,aprobado,REF-7695247C
P-71716601C7,V-AC6C9117C1,2026-09-11 18:24:15,vale,1950.0,aprobado,REF-80F1A130
P-BBA897A824,V-F1AF7320A6,2026-09-11 18:24:16,vale,90.0,pendiente,REF-47BDF7F1
P-516F6DF5A0,V-36DFB07FF2,2026-09-11 18:24:17,transferencia,64.0,aprobado,REF-1AAD6AF3
P-BC77C0507C,V-0836C04A0C,2026-09-11 18:24:18,vale,168.0,aprobado,REF-5E85579F
P-6B239D91FC,V-17C4E11470,2026-09-11 18:24:18,transferencia,1950.0,aprobado,REF-F0400148
P-32A5A95A84,V-9373F597EF,2026-09-11 18:24:19,tarjeta,1900.0,aprobado,REF-8848C55B
P-88CBABBF6F,V-35619D67E8,2026-09-11 18:24:19,tarjeta,1900.0,aprobado,REF-648F22A7
P-5473A1B468,V-71E47C583A,2026-09-11 18:24:20,tarjeta,1680.0,aprobado,REF-21CB3C09
P-4D299A3848,V-1D76AFD52A,2026-09-11 18:24:20,transferencia,1560.0,pendiente,REF-5F6E8B53
P-B4892BEBC4,V-C2B5985259,2026-09-11 18:24:21,tarjeta,64.0,aprobado,REF-1AB84FAE
P-9D55D59FE6,V-5496685E4B,2026-09-11 18:24:22,efectivo,192.0,aprobado,REF-0A743332
P-AD4F2464AB,V-099F2EB7AA,2026-09-11 18:24:22,efectivo,90.0,aprobado,REF-56947370
P-7C8BCE71DA,V-3160E89E21,2026-09-11 18:24:23,efectivo,135.0,pendiente,REF-6FFDCB40
P-C409CB21D7,V-9EB919DD80,2026-09-11 18:24:23,tarjeta,165.0,aprobado,REF-78B27B15
P-B041D41B7E,V-6E3500908A,2026-09-11 18:24:24,efectivo,1950.0,pendiente,REF-75C42E7E
P-14108E7C1A,V-EF8B66B924,2026-09-11 18:24:25,vale,165.0,aprobado,REF-EB0B8991
P-E794DD8454,V-DE4B1551B0,2026-09-11 18:24:26,tarjeta,110.0,aprobado,REF-F52469DC
P-55AD578D97,V-49D58CF22F,2026-09-11 18:24:26,efectivo,64.0,aprobado,REF-CBE03C50
P-F32F020ED1,V-2107361592,2026-09-11 18:24:27,efectivo,1950.0,pendiente,REF-92723C02
P-A19A479C0B,V-1B1126D4E7,2026-09-11 18:24:27,tarjeta,160.0,aprobado,REF-3D14360F
P-3235D0FB89,V-3B95124FEB,2026-09-11 18:24:28,efectivo,55.0,pendiente,REF-05334680
P-2E6EA614CA,V-44488005F3,2026-09-11 18:24:29,vale,55.0,pendiente,REF-1898C76F
P-20C2B221B3,V-E376E1C73E,2026-09-11 18:24:29,tarjeta,96.0,pendiente,REF-DA271A06
P-B6F78814E4,V-FA8486A12B,2026-09-11 18:24:30,vale,128.0,aprobado,REF-76774A06
P-5023B8D053,V-8E18E415E3,2026-09-11 18:24:30,transferencia,42.0,aprobado,REF-0A17EF7E
P-7CE09AC4B1,V-654D8914C5,2026-09-11 18:24:31,tarjeta,18.0,aprobado,REF-48B7AFA9
P-C36FBF2F2E,V-F51AAEF01C,2026-09-11 18:24:32,efectivo,840.0,aprobado,REF-1DE98B0E
P-FACF057FD0,V-49228B4292,2026-09-11 18:24:32,vale,2340.0,aprobado,REF-7A00B79A
P-975ECFE93E,V-B9966B9856,2026-09-11 18:24:33,tarjeta,1260.0,pendiente,REF-298273EB
P-96DA6545FD,V-4A2C234869,2026-09-11 18:24:33,tarjeta,108.0,aprobado,REF-3A367A8E
P-0B6DA4C01F,V-0818A5804B,2026-09-11 18:24:34,tarjeta,390.0,aprobado,REF-2962DD58
P-D28C488133,V-8E98384119,2026-09-11 18:24:34,tarjeta,1900.0,aprobado,REF-780C1810
P-04256BFB33,V-D10C93F9A5,2026-09-11 18:24:35,tarjeta,180.0,aprobado,REF-C0D67578
P-FC03F78A68,V-737210EC5A,2026-09-11 18:24:35,efectivo,1560.0,aprobado,REF-25CEC5C4
P-9E9CAD2C13,V-0CC687AA7F,2026-09-11 18:24:36,tarjeta,840.0,pendiente,REF-C6555058
P-CF557C4353,V-DD258171A9,2026-09-11 18:24:37,tarjeta,160.0,aprobado,REF-8B5B616A
P-38DECB5B5E,V-C881B7C5EB,2026-09-11 18:24:37,tarjeta,2280.0,aprobado,REF-6C1B061F
P-742DCBFBC7,V-D332349A21,2026-09-11 18:24:38,efectivo,48.0,aprobado,REF-52D0A335
P-C84E00FC7E,V-E832DD8EF9,2026-09-11 18:24:38,transferencia,192.0,pendiente,REF-FDEA522E
P-433969B5AD,V-4E3904D15D,2026-09-11 18:24:39,transferencia,126.0,pendiente,REF-688DAE88
P-27C4B4B750,V-8542D85911,2026-09-11 18:24:40,tarjeta,48.0,aprobado,REF-7564F7F3
P-8B45CD143D,V-8563FAB99C,2026-09-11 18:24:40,efectivo,2340.0,aprobado,REF-5469E307
P-A2E835777F,V-BAEB69D47B,2026-09-11 18:24:41,tarjeta,90.0,pendiente,REF-F56437E5
P-E3C5E9D3C7,V-85FD7C69D6,2026-09-11 18:24:42,efectivo,84.0,aprobado,REF-EE6B653D
P-38AB7A7C32,V-BB83E50D11,2026-09-11 18:24:42,tarjeta,168.0,aprobado,REF-965D1F38
P-711CA58E5F,V-66EAB60105,2026-09-11 18:24:43,efectivo,275.0,aprobado,REF-1A179C64
P-48A7652617,V-B73E38A11C,2026-09-11 18:24:43,efectivo,330.0,pendiente,REF-189A0B00
P-E1310F1660,V-FDF549BA7B,2026-09-11 18:24:43,transferencia,168.0,aprobado,REF-03CF0FCC
P-4590540D2D,V-83B083BF20,2026-09-11 18:24:44,vale,1520.0,aprobado,REF-F3B59D8C
P-CA4831AA4A,V-B201EFFA87,2026-09-11 18:24:45,tarjeta,112.0,aprobado,REF-A9AC2CD1
P-51C1D10400,V-4624C23712,2026-09-11 18:24:45,transferencia,112.0,aprobado,REF-67601685
P-09364732A8,V-189280C52F,2026-09-11 18:24:46,tarjeta,56.0,aprobado,REF-0D7F413F
P-81F9DFA3DE,V-2E44C1BF64,2026-09-11 18:24:46,transferencia,126.0,aprobado,REF-7B4DF166
P-27C7A8043D,V-27A82F54D1,2026-09-11 18:24:47,vale,1560.0,pendiente,REF-F8DDD1B6
P-14442C1FA5,V-E54DC2CCC2,2026-09-11 18:24:48,tarjeta,168.0,aprobado,REF-CD474FD1
P-D446769878,V-DDC1F7457C,2026-09-11 18:24:48,efectivo,1560.0,aprobado,REF-2E17D070
P-C0823A3619,V-2DCFBA3E85,2026-09-11 18:24:49,transferencia,90.0,pendiente,REF-88E39568
P-9EBE097770,V-0A69459CCC,2026-09-11 18:24:49,efectivo,252.0,pendiente,REF-1ADB4CCB
P-284AFE39D9,V-D622796F7F,2026-09-11 18:24:50,efectivo,144.0,aprobado,REF-895965A3
P-A996A425F9,V-3537E3A8C5,2026-09-11 18:24:50,efectivo,165.0,aprobado,REF-2A904818
P-2E313EA4BA,V-622162FB5B,2026-09-11 18:24:51,tarjeta,140.0,aprobado,REF-AE386733
P-2B26339C85,V-562155B8B2,2026-09-11 18:24:51,tarjeta,1140.0,aprobado,REF-774D12BE
P-541EF9E204,V-82EA8D8A47,2026-09-11 18:24:52,vale,108.0,aprobado,REF-0EEA6759
P-FF94670AC0,V-7AF1BD52BE,2026-09-11 18:24:52,transferencia,1950.0,aprobado,REF-73E98D6E
P-A7534733F6,V-8EFA8BF42F,2026-09-11 18:24:53,transferencia,210.0,aprobado,REF-997B5BCF
P-64ACAF7225,V-78A98D0E01,2026-09-11 18:24:54,efectivo,1170.0,aprobado,REF-3E347E08
P-76B3405901,V-061F54D60A,2026-09-11 18:24:55,tarjeta,48.0,aprobado,REF-399E391A
P-6C84DB15FA,V-0FE3D59EA9,2026-09-11 18:24:55,vale,48.0,aprobado,REF-4BAD5081
P-63772EB9D4,V-2448CEC737,2026-09-11 18:24:56,efectivo,330.0,pendiente,REF-CA87AFC0
P-8A099BA6C0,V-6F1C80A533,2026-09-11 18:24:56,tarjeta,18.0,aprobado,REF-71F83BB0
P-5B763832DE,V-B7A8B4D10E,2026-09-11 18:24:57,transferencia,84.0,aprobado,REF-9D7A8783
P-40A20573B5,V-67A3275A98,2026-09-11 18:24:57,tarjeta,780.0,aprobado,REF-9AEEDBC2
P-3A864DBA83,V-E34D806D43,2026-09-11 18:24:58,transferencia,168.0,pendiente,REF-217B6536
P-31EE180567,V-4A9998347D,2026-09-11 18:24:59,vale,2280.0,aprobado,REF-ED34AFA6
P-0909E9FD0F,V-D3D4A74D48,2026-09-11 18:24:59,efectivo,2100.0,aprobado,REF-A70F62F8
P-27C0FE7034,V-603124B364,2026-09-11 18:24:59,vale,2520.0,aprobado,REF-5E68B1DA
P-8256F27B31,V-A27C9779C8,2026-09-11 18:25:00,vale,112.0,aprobado,REF-5648F764
P-3DCF533185,V-4F5A156482,2026-09-11 18:25:00,transferencia,42.0,aprobado,REF-89EE5524
P-DA76FB4123,V-AC743500B9,2026-09-11 18:25:01,tarjeta,56.0,pendiente,REF-F7209D1D
P-488A8FED59,V-7C42942286,2026-09-11 18:25:01,efectivo,1520.0,aprobado,REF-88142D15
P-2D8D565133,V-65869B26B4,2026-09-11 18:25:02,efectivo,108.0,aprobado,REF-90C42E06
P-0F650162B7,V-218FA7780E,2026-09-11 18:25:03,transferencia,36.0,aprobado,REF-916489D6
P-9F650C914B,V-29C47ADE90,2026-09-11 18:25:03,transferencia,180.0,aprobado,REF-5413C5C4
P-163218C086,V-42A394492A,2026-09-11 18:25:03,tarjeta,168.0,pendiente,REF-C4AE043D
P-1A2E654EB4,V-61031F3040,2026-09-11 18:25:04,transferencia,32.0,aprobado,REF-CA87E271
P-F8EA4F0275,V-4E18623920,2026-09-11 18:25:04,vale,64.0,aprobado,REF-775CEF24
P-E71F92F8BF,V-9069BCA25A,2026-09-11 18:25:05,transferencia,84.0,pendiente,REF-EE52483C
P-10DD4C7FC4,V-5FBD602D21,2026-09-11 18:25:05,efectivo,1520.0,aprobado,REF-D424781A
P-354C5C49F7,V-7E8759866B,2026-09-11 18:25:06,vale,760.0,aprobado,REF-EFE0A48A
P-B73DF86D90,V-E03CDF1BC9,2026-09-11 18:25:07,efectivo,84.0,aprobado,REF-3A69FBB9
P-7B57B7D7BE,V-419216499D,2026-09-11 18:25:07,tarjeta,1950.0,aprobado,REF-8D53F7DA
P-83E81B915F,V-812E3B770F,2026-09-11 18:25:08,transferencia,1900.0,aprobado,REF-70CA292A
P-698C937350,V-CBC132F256,2026-09-11 18:25:08,tarjeta,380.0,aprobado,REF-2FA75A4B
P-6586FDB31D,V-3E6BF2792D,2026-09-11 18:25:09,vale,28.0,pendiente,REF-D051C58D
P-612EA05FE2,V-0D6CB4CF99,2026-09-11 18:25:09,efectivo,380.0,aprobado,REF-FC98DEB0
P-E603E25DE8,V-5F23D0F2CB,2026-09-11 18:25:10,efectivo,140.0,pendiente,REF-D57477D6
P-E29F4F8A6D,V-C7C24C8890,2026-09-11 18:25:11,tarjeta,32.0,aprobado,REF-2777FA2E
P-A1553C25FE,V-6E3D52D711,2026-09-11 18:25:11,efectivo,2280.0,aprobado,REF-BF05ED15
P-CFA085D525,V-F0A825B721,2026-09-11 18:25:12,transferencia,140.0,aprobado,REF-473461EC
P-16B3C9B226,V-6ED2A29850,2026-09-11 18:25:13,tarjeta,330.0,aprobado,REF-F1598EEA
P-5D080CFA1D,V-38BF4195DB,2026-09-11 18:25:13,transferencia,160.0,pendiente,REF-FA34578B
P-5BC127D824,V-E4AFFC9AEA,2026-09-11 18:25:14,vale,168.0,aprobado,REF-A5B1BA65
P-0AB344AFE6,V-45509912CB,2026-09-11 18:25:14,tarjeta,144.0,aprobado,REF-A9F85044
P-8D11D08F00,V-6E3B914624,2026-09-11 18:25:15,efectivo,2520.0,pendiente,REF-946925EF
P-A546E7D269,V-33E422DCFD,2026-09-11 18:25:16,efectivo,1950.0,pendiente,REF-3EC843B8
P-454844D3C6,V-9CD6980AC5,2026-09-11 18:25:16,vale,780.0,pendiente,REF-957480E7
P-9EBB07102A,V-D94BC91871,2026-09-11 18:25:17,vale,126.0,aprobado,REF-9E4E824A
P-94179AE626,V-386DC493F3,2026-09-11 18:25:17,vale,192.0,aprobado,REF-E0E0C379
P-F641A4F3E1,V-AA40F09FED,2026-09-11 18:25:18,efectivo,84.0,aprobado,REF-3E56A98D
P-8BEF98D88D,V-D512131F60,2026-09-11 18:25:18,efectivo,2280.0,aprobado,REF-37787A50
P-1BB6AAA9ED,V-1DFAEF8B22,2026-09-11 18:25:19,efectivo,1170.0,aprobado,REF-AB4D99C3
P-0403CB515A,V-DD681A81E4,2026-09-11 18:25:19,vale,126.0,aprobado,REF-C47E8E4F
P-1BDC1991D0,V-8F4855BF93,2026-09-11 18:25:20,vale,210.0,aprobado,REF-22A5C8DC
P-210588C2E8,V-9D99AE1992,2026-09-11 18:25:21,transferencia,135.0,aprobado,REF-4C6D984A
P-EF11205CEF,V-AEABE8DB2F,2026-09-11 18:25:21,efectivo,32.0,aprobado,REF-79BE7671
P-CBD2FB2B0C,V-C93BF14947,2026-09-11 18:25:22,vale,140.0,aprobado,REF-3F8EA51D
P-441F1F3EF8,V-967ECBA4FE,2026-09-11 18:25:22,tarjeta,210.0,pendiente,REF-88EEF1ED
P-4DFB57EA74,V-CE439E4D9C,2026-09-11 18:25:23,vale,192.0,aprobado,REF-D0630853
P-7759BF5D47,V-43A9EAB294,2026-09-11 18:25:24,transferencia,160.0,aprobado,REF-A768A82B
P-376567129C,V-0ECEEB0899,2026-09-11 18:25:24,tarjeta,56.0,aprobado,REF-76D69B55
P-356C82C2EC,V-A1170F78F0,2026-09-11 18:25:25,transferencia,36.0,aprobado,REF-DD352E05
P-6FD4467240,V-4F9016875A,2026-09-11 18:25:25,transferencia,840.0,aprobado,REF-8C717742
P-DFDC1B91D2,V-5DF82EE167,2026-09-11 18:25:26,tarjeta,160.0,pendiente,REF-FF509C2B
P-65250A7CAD,V-83212D6597,2026-09-11 18:25:26,tarjeta,168.0,aprobado,REF-C96E07B8
P-DB21CAF0D0,V-DC6C80E098,2026-09-11 18:25:27,transferencia,165.0,aprobado,REF-7405F11B
P-EC89E497E1,V-37929614E0,2026-09-11 18:25:27,vale,330.0,aprobado,REF-4CCB6DC6
P-9DB587192D,V-E38EE1567E,2026-09-11 18:25:28,tarjeta,36.0,aprobado,REF-4AF24BC7
P-4C03FD3B52,V-506BC78314,2026-09-11 18:25:28,efectivo,390.0,aprobado,REF-4874431F
P-6CCFB5B38F,V-0EE768C28B,2026-09-11 18:25:29,efectivo,2520.0,aprobado,REF-25817657
P-09CA54E240,V-45FA9CEF77,2026-09-11 18:25:29,tarjeta,42.0,aprobado,REF-DAD12CEE
P-7C0DF6F3AC,V-5FE1F76AA4,2026-09-11 18:25:30,efectivo,112.0,pendiente,REF-AED5E784
P-A32B48EC02,V-B4BFAC4EEF,2026-09-11 18:25:31,tarjeta,210.0,pendiente,REF-D67CDECB
P-33807BF83A,V-293FD76E99,2026-09-11 18:25:31,efectivo,1950.0,aprobado,REF-D7F178A8
P-26BE875317,V-650F2C7CCE,2026-09-11 18:25:32,efectivo,84.0,pendiente,REF-329F7ABC
P-4F4896BEFF,V-F0BBE62DCF,2026-09-11 18:25:33,transferencia,110.0,aprobado,REF-6A28AC6E
P-9E2F0E1B05,V-B407CAF130,2026-09-11 18:25:33,transferencia,2520.0,pendiente,REF-3A5A80AD
P-85EB3AD06F,V-D7BFA2A39C,2026-09-11 18:25:34,efectivo,420.0,aprobado,REF-5C6E466F
P-15390C29D7,V-62B3ABB83C,2026-09-11 18:25:34,tarjeta,1170.0,aprobado,REF-E736C8B1
P-BE8928E958,V-2C9880EC48,2026-09-11 18:25:35,tarjeta,45.0,aprobado,REF-6820D6CA
P-288EDFD972,V-599C0EF562,2026-09-11 18:25:36,vale,288.0,aprobado,REF-13A2BFE3
P-40063ED48D,V-868B713A27,2026-09-11 18:25:36,transferencia,1680.0,aprobado,REF-9CCB1DA8
P-9EAAFF9C0D,V-A5B0F37DB2,2026-09-11 18:25:37,tarjeta,275.0,aprobado,REF-195EE107
P-16E8D887F3,V-3B860ADF85,2026-09-11 18:25:37,tarjeta,192.0,pendiente,REF-D602A0C9
P-E62F30DAC4,V-693A2BB11B,2026-09-11 18:25:38,transferencia,330.0,aprobado,REF-4E5A2757
P-D99FB0FF40,V-A2B9F53759,2026-09-11 18:25:39,efectivo,140.0,aprobado,REF-EA068ECD
P-A0632A5FEE,V-7CE868E0D6,2026-09-11 18:25:39,transferencia,220.0,aprobado,REF-65CCD243
P-97592F6BCE,V-4ABDD09177,2026-09-11 18:25:40,transferencia,90.0,aprobado,REF-FEE57AB2
P-7DBF8D016E,V-D5A25CAFCB,2026-09-11 18:25:40,transferencia,252.0,aprobado,REF-67A288B9
P-E3A08E7484,V-199C5CECD7,2026-09-11 18:25:41,tarjeta,840.0,aprobado,REF-31CC9B08
P-28629F882C,V-76D1E16F90,2026-09-11 18:25:42,vale,2280.0,aprobado,REF-1E84E9E7
P-4796622192,V-109B5465F8,2026-09-11 18:25:43,tarjeta,96.0,aprobado,REF-38C66F0D
P-E21E1C3E9E,V-00101904B5,2026-09-11 18:25:43,tarjeta,144.0,aprobado,REF-DF24D892
P-EA38C0CA8F,V-8A63A962CB,2026-09-11 18:25:44,tarjeta,144.0,aprobado,REF-835174BA
P-08263B066B,V-88383C8468,2026-09-11 18:25:44,transferencia,210.0,aprobado,REF-8A332DE9
P-F16DCAF2B0,V-ACBAE91215,2026-09-11 18:25:45,vale,2280.0,aprobado,REF-399C641F
P-47634A5A2F,V-5766ED4B70,2026-09-11 18:25:46,efectivo,2520.0,pendiente,REF-C6A07C39
P-6B1E269849,V-268580443D,2026-09-11 18:25:46,tarjeta,760.0,aprobado,REF-103CD688
P-0855998C5E,V-CD1045F3AF,2026-09-11 18:25:47,tarjeta,192.0,aprobado,REF-4E21CA27
P-37D1885212,V-E894C2F645,2026-09-11 18:25:48,transferencia,2100.0,aprobado,REF-C3703440
P-53F8519F66,V-BF12BD9D45,2026-09-11 18:25:48,vale,48.0,pendiente,REF-9A4D6617
P-3215216EE3,V-EB5A07232C,2026-09-11 18:25:49,tarjeta,1950.0,aprobado,REF-6ED7BC3D
P-4CA214F885,V-36CF9BB201,2026-09-11 18:25:49,transferencia,180.0,aprobado,REF-CF545C18
P-C082127375,V-F5275EA9B7,2026-09-11 18:25:50,vale,2340.0,pendiente,REF-7C9B0335
P-DFA4F97703,V-4401930D9B,2026-09-11 18:25:50,efectivo,108.0,aprobado,REF-8AAD5914
P-324C7E316D,V-AE55165D46,2026-09-11 18:25:51,vale,330.0,aprobado,REF-D8B444F8
P-1E2C0BF7F8,V-1F243A13F7,2026-09-11 18:25:52,tarjeta,96.0,aprobado,REF-CF5D6473
P-7C11823896,V-966273594B,2026-09-11 18:25:52,vale,1900.0,pendiente,REF-BE0B8BD7
P-DB91E394ED,V-2A74696F24,2026-09-11 18:25:53,efectivo,1520.0,aprobado,REF-C2C2D50F
P-45EF303030,V-9ADEFA0D40,2026-09-11 18:25:53,vale,840.0,aprobado,REF-6CF6A02A
P-CE3CDD2E09,V-A867905B58,2026-09-11 18:25:54,transferencia,1260.0,aprobado,REF-EC5F3249
P-4A081FCD74,V-E1829F54D2,2026-09-11 18:25:54,transferencia,110.0,aprobado,REF-9DBBAC9D
P-8FC5C7D039,V-D0697DC854,2026-09-11 18:25:55,efectivo,110.0,aprobado,REF-706ADD53
P-DA82C3F04D,V-095AE5792A,2026-09-11 18:25:55,tarjeta,168.0,aprobado,REF-2B7AF5E9
P-C264A393B4,V-15B974F2D7,2026-09-11 18:25:56,tarjeta,1900.0,aprobado,REF-00996F16
P-DDBB4F3E80,V-0220A19480,2026-09-11 18:25:57,efectivo,1560.0,aprobado,REF-AE3B64D6
P-486D5EC8E6,V-0F7229B1A8,2026-09-11 18:25:57,transferencia,1520.0,pendiente,REF-656BE6F6
P-A3FD870263,V-BBAD75A8DD,2026-09-11 18:25:58,vale,1560.0,aprobado,REF-56F732CA
P-C051A4A8C0,V-862FB87C18,2026-09-11 18:25:58,vale,42.0,aprobado,REF-9A0FBA1E
P-7F5967D2D7,V-2CF8D16C6A,2026-09-11 18:25:59,vale,135.0,aprobado,REF-5B537C6D
P-394C58E18F,V-83CE0F4E39,2026-09-11 18:25:59,transferencia,380.0,aprobado,REF-CA253060
P-9E599B16B9,V-0183DF77B8,2026-09-11 18:26:00,vale,126.0,aprobado,REF-BD866B15
P-AEDE1CDC7D,V-D917A8A65A,2026-09-11 18:26:01,efectivo,126.0,aprobado,REF-367F69F5
P-8ABCD19150,V-C1323F2F42,2026-09-11 18:26:01,tarjeta,780.0,aprobado,REF-89E7BE6D
P-E7F2890149,V-A6345898A3,2026-09-11 18:26:02,vale,160.0,aprobado,REF-6A869C45
P-9D5A6175FC,V-4B8C8DF88D,2026-09-11 18:26:02,tarjeta,220.0,aprobado,REF-801874A7
P-0C3AAD6C2D,V-4106AB9AB9,2026-09-11 18:26:03,efectivo,96.0,aprobado,REF-5C4ACCA5
P-641B72DB45,V-8ECB86D6E2,2026-09-11 18:26:04,vale,180.0,aprobado,REF-D3A7514F
P-AA903EEA49,V-C854D61F02,2026-09-11 18:26:04,vale,420.0,aprobado,REF-E00A7901
P-76B918B25F,V-970E19BE7A,2026-09-11 18:26:04,vale,55.0,aprobado,REF-60FAA74F
P-580A2B2C0E,V-11C3D9C42B,2026-09-11 18:26:05,vale,168.0,aprobado,REF-5382381A
P-93054AA1F1,V-05256F3E1C,2026-09-11 18:26:06,tarjeta,180.0,aprobado,REF-1CE5F397
P-650DDE5763,V-AFD8411F00,2026-09-11 18:26:06,efectivo,288.0,pendiente,REF-3519CA0A
P-42D3A81D29,V-6F74618C44,2026-09-11 18:26:07,tarjeta,28.0,pendiente,REF-5670B419
P-247F817AF8,V-57C5E0EA02,2026-09-11 18:26:07,tarjeta,56.0,aprobado,REF-081BC075
P-DB5200E4A5,V-ECDD4D2BA2,2026-09-11 18:26:08,vale,32.0,aprobado,REF-1FE3B35A
P-9D62815BA2,V-3C4B33A869,2026-09-11 18:26:08,efectivo,135.0,aprobado,REF-838C9472
P-AAA75C37D0,V-A0D5494D83,2026-09-11 18:26:09,efectivo,112.0,aprobado,REF-5D709D28
P-AE4CD5A343,V-410CE76A0D,2026-09-11 18:26:09,tarjeta,45.0,aprobado,REF-55B5FC62
P-A71CA855AB,V-5F5FB11316,2026-09-11 18:26:10,tarjeta,28.0,pendiente,REF-8CA8943B
P-A2E80AFB3B,V-1F5D798CF2,2026-09-11 18:26:10,efectivo,90.0,pendiente,REF-CA0E2C18
P-6593796AA9,V-E5DB454AD9,2026-09-11 18:26:11,vale,220.0,pendiente,REF-1D0C79A6
P-06DEDAAAB1,V-6131B09DA0,2026-09-11 18:26:12,tarjeta,270.0,aprobado,REF-3E6FFFFA
P-74F1D6C4A0,V-DE6535A5CD,2026-09-11 18:26:12,vale,64.0,aprobado,REF-4814A4A5
P-79F02085D9,V-81775A5FE3,2026-09-11 18:26:13,transferencia,165.0,aprobado,REF-CBA11200
P-2081F02F58,V-A04AD38417,2026-09-11 18:26:13,efectivo,760.0,aprobado,REF-45BDB930
P-F5C6DDDB03,V-0C62AA16B7,2026-09-11 18:26:14,vale,2340.0,aprobado,REF-BD79CC50
P-947C579A29,V-400808F165,2026-09-11 18:26:15,vale,760.0,aprobado,REF-5935ACFE
P-42367CC41B,V-99C6A789FD,2026-09-11 18:26:15,tarjeta,270.0,aprobado,REF-8695B8FA
P-23C08BE994,V-2B86C7473A,2026-09-11 18:26:16,tarjeta,270.0,aprobado,REF-A06EC2E6
P-2B75DDFC5C,V-DEE575BB64,2026-09-11 18:26:17,vale,168.0,aprobado,REF-2579D115
P-84CA6724CE,V-1BB736135C,2026-09-11 18:26:17,efectivo,1170.0,aprobado,REF-4060587E
P-00B434B434,V-BE5495231F,2026-09-11 18:26:18,tarjeta,160.0,aprobado,REF-4137390C
P-82E037B27E,V-70D88C0C34,2026-09-11 18:26:18,vale,270.0,pendiente,REF-25D54868
P-9C51853A7E,V-88A0BD1137,2026-09-11 18:26:19,tarjeta,2340.0,pendiente,REF-A1E6CD99
P-29ACC126B1,V-407722B64D,2026-09-11 18:26:20,efectivo,108.0,pendiente,REF-50352296
P-35803F1D03,V-1F7455AF57,2026-09-11 18:26:21,vale,192.0,aprobado,REF-24627537
P-F4A01BFC7D,V-53097FF0BC,2026-09-11 18:26:21,vale,48.0,pendiente,REF-278596B1
P-3742A1D910,V-F44C1646C6,2026-09-11 18:26:22,efectivo,56.0,aprobado,REF-39F50FF2
P-A6E928C93C,V-CB3F54C677,2026-09-11 18:26:22,tarjeta,840.0,pendiente,REF-176996E1
P-7A042C5C80,V-3612C334A9,2026-09-11 18:26:23,vale,1520.0,aprobado,REF-6C28503A
P-88A2CB3866,V-DA59179B03,2026-09-11 18:26:23,tarjeta,18.0,aprobado,REF-97955309
P-355ED0ED46,V-3C9EA1ABA2,2026-09-11 18:26:24,tarjeta,110.0,aprobado,REF-D3ED1815
P-865FED3412,V-0C07F3972F,2026-09-11 18:26:25,transferencia,126.0,aprobado,REF-D57E7DCC
P-57765ABD66,V-F41D94DED2,2026-09-11 18:26:25,transferencia,32.0,aprobado,REF-59745915
P-94F3A69992,V-1E15D79BB1,2026-09-11 18:26:26,transferencia,48.0,aprobado,REF-7FE0CF45
P-79D1EF8B9F,V-BC2AAD0FF3,2026-09-11 18:26:26,vale,225.0,aprobado,REF-57B46E25
P-C430780821,V-CE89C81039,2026-09-11 18:26:26,tarjeta,240.0,aprobado,REF-E97B9DBE
P-773A13600D,V-5A4D4C9CFA,2026-09-11 18:26:27,transferencia,90.0,aprobado,REF-02EDB2F1
P-B71579EFA5,V-17C3BFC29D,2026-09-11 18:26:28,vale,1140.0,pendiente,REF-6456A528
P-72548B019B,V-181DD2119A,2026-09-11 18:26:28,transferencia,84.0,aprobado,REF-10BEE9C1
P-B5368042C1,V-C1FA8190BA,2026-09-11 18:26:29,transferencia,1170.0,aprobado,REF-7E429FFE
P-4EB9DC7215,V-D1AA37D072,2026-09-11 18:26:30,transferencia,168.0,pendiente,REF-5C9714C6
P-1CB628189D,V-DF22BCABF4,2026-09-11 18:26:30,tarjeta,96.0,aprobado,REF-B9B752E0
P-C4B04DE01B,V-6A079696DA,2026-09-11 18:26:31,efectivo,48.0,aprobado,REF-E18BAC79
P-ABC449DB6B,V-C32C18081B,2026-09-11 18:26:31,efectivo,112.0,aprobado,REF-689617B5
P-F78387AA7C,V-1FBD53FA0E,2026-09-11 18:26:31,tarjeta,180.0,aprobado,REF-04A32CE8
P-94791F42FD,V-AE5214B27B,2026-09-11 18:26:32,vale,220.0,aprobado,REF-DC7A47AD
P-888F835C22,V-FBA4004809,2026-09-11 18:26:33,transferencia,108.0,pendiente,REF-597E40F3
P-FFF2D13DD7,V-579FE67E07,2026-09-11 18:26:33,tarjeta,126.0,aprobado,REF-4F6CCCE9
P-086EA76E6A,V-CEB24984A3,2026-09-11 18:26:34,vale,64.0,aprobado,REF-9D1D161C
P-7E82E26F1F,V-EA0FA94FF7,2026-09-11 18:26:34,efectivo,84.0,pendiente,REF-0807F168
P-60BDDC09AB,V-571DCFA9F7,2026-09-11 18:26:35,efectivo,18.0,aprobado,REF-B0AD618C
P-84716A5905,V-62A05E5AD3,2026-09-11 18:26:36,vale,1260.0,aprobado,REF-7F07F2F3
P-61BEEE432F,V-3BB152ABBF,2026-09-11 18:26:36,efectivo,2520.0,aprobado,REF-703CE01A
P-3353816C8D,V-0135DB202D,2026-09-11 18:26:37,efectivo,168.0,aprobado,REF-3AF32058
P-D89FE8C8DD,V-F18716832B,2026-09-11 18:26:37,transferencia,1950.0,aprobado,REF-905B802C
P-52BF85D37F,V-29470433CD,2026-09-11 18:26:38,vale,225.0,pendiente,REF-11F57235
P-DC139A5819,V-6409C5783C,2026-09-11 18:26:38,transferencia,780.0,pendiente,REF-5AF7F16A
P-04F0F694E6,V-881C04B405,2026-09-11 18:26:39,vale,160.0,aprobado,REF-DFCE8330
P-2DFEA43E50,V-F61F0AA3D7,2026-09-11 18:26:40,tarjeta,126.0,aprobado,REF-C9FF5CB0
P-341FFFA335,V-A92655025A,2026-09-11 18:26:40,transferencia,48.0,aprobado,REF-64B5CC42
P-45E3341527,V-7EB5EC1559,2026-09-11 18:26:41,efectivo,1520.0,aprobado,REF-3B94D214
P-7F2D7F4550,V-B6BE0F6FC1,2026-09-11 18:26:41,transferencia,1900.0,aprobado,REF-4185A982
P-37AF03F803,V-6FBBE063A0,2026-09-11 18:26:42,vale,96.0,aprobado,REF-A8676913
P-C988C550EC,V-B5E74608D3,2026-09-11 18:26:43,tarjeta,108.0,aprobado,REF-375E9D63
P-1D6E1BC1AD,V-FEFEC2632C,2026-09-11 18:26:43,tarjeta,96.0,aprobado,REF-CEB4ACDD
P-A7C434F790,V-95595C5BF8,2026-09-11 18:26:44,efectivo,108.0,aprobado,REF-B2C7126F
P-73B5FF3B2B,V-8BB9DC7B63,2026-09-11 18:26:44,tarjeta,192.0,pendiente,REF-5A897CBD
P-9B7A446D2F,V-AE6281D0C3,2026-09-11 18:26:45,efectivo,160.0,aprobado,REF-1607090E
P-7478BD56E0,V-12AA49BDC7,2026-09-11 18:26:45,vale,36.0,aprobado,REF-268A2965
P-3191D34356,V-911F03C36F,2026-09-11 18:26:46,tarjeta,45.0,aprobado,REF-396927E3
P-E46FB66C8E,V-8E48ED8DC0,2026-09-11 18:26:47,efectivo,1140.0,pendiente,REF-C57E1C3D
P-E01A8B6C2F,V-ACCAEA23CF,2026-09-11 18:26:48,vale,90.0,aprobado,REF-99BAE699
P-E5D6C1ADB5,V-398A0A67D0,2026-09-11 18:26:48,tarjeta,2520.0,pendiente,REF-08FF5819
P-C41ACAB082,V-3AF61387E2,2026-09-11 18:26:48,efectivo,390.0,aprobado,REF-4C0AC28C
P-C23240898E,V-A46D8F1735,2026-09-11 18:26:49,efectivo,32.0,aprobado,REF-95DA9CE6
P-E2863FF4A9,V-641600AD22,2026-09-11 18:26:50,efectivo,84.0,pendiente,REF-67790AAE
P-25B9779966,V-313492AD43,2026-09-11 18:26:50,tarjeta,168.0,aprobado,REF-12CCB51A
P-02C9C160FE,V-16B414AEF6,2026-09-11 18:26:51,efectivo,160.0,aprobado,REF-8CEEA4B5
P-83C9F4A45C,V-DB455D9E0F,2026-09-11 18:26:51,efectivo,110.0,aprobado,REF-B040D97B
P-139BB1C12E,V-B7F13EDA6B,2026-09-11 18:26:52,vale,168.0,pendiente,REF-BA30B55A
P-0D567562DC,V-155212DCD3,2026-09-11 18:26:52,efectivo,780.0,aprobado,REF-A63BBBB0
P-8A57232079,V-080AD74D1E,2026-09-11 18:26:53,vale,160.0,aprobado,REF-A706AA98
P-328DE59AD6,V-FFD138A7CC,2026-09-11 18:26:53,tarjeta,240.0,pendiente,REF-DEE22AB4
P-D05239A21C,V-CE0A970CB2,2026-09-11 18:26:53,efectivo,225.0,aprobado,REF-102DC477
P-9EBC1ECF42,V-22C0578B34,2026-09-11 18:26:54,tarjeta,780.0,aprobado,REF-3729FF5A
P-AABA544FAB,V-62ADA8E9C9,2026-09-11 18:26:55,vale,96.0,aprobado,REF-222D8283
P-A29E1EE922,V-5047605942,2026-09-11 18:26:55,transferencia,64.0,aprobado,REF-6041BD4E
P-833265F8EE,V-FB17903854,2026-09-11 18:26:56,efectivo,210.0,aprobado,REF-80E6AE91
P-0DA08ECD8C,V-C581B86C0F,2026-09-11 18:26:57,efectivo,2340.0,aprobado,REF-3239E37E
P-C612010D00,V-5BA408047F,2026-09-11 18:26:57,efectivo,96.0,pendiente,REF-D2CB7820
P-15B8D1E5AA,V-A23FE2ADAA,2026-09-11 18:26:58,vale,288.0,aprobado,REF-7CBCBA8C
P-6E963A0CD2,V-81067767D9,2026-09-11 18:26:58,transferencia,390.0,pendiente,REF-2E669B9C
P-CE3C5577AB,V-B069B9F64C,2026-09-11 18:26:59,vale,90.0,aprobado,REF-3BDA7076
P-05CD2803F6,V-D237234BAA,2026-09-11 18:27:00,transferencia,36.0,aprobado,REF-3BA18974
P-48426F75D8,V-A39429D9BD,2026-09-11 18:27:00,vale,45.0,aprobado,REF-15FC8CCE
P-2D848F6690,V-1A08C611A1,2026-09-11 18:27:01,efectivo,1520.0,aprobado,REF-3166E081
P-8E0BA0DE59,V-CF3DCEE9BA,2026-09-11 18:27:02,efectivo,1680.0,aprobado,REF-FF5C4728
P-81E5F921C9,V-2B1BC382D3,2026-09-11 18:27:02,transferencia,42.0,aprobado,REF-19BD15DF
P-52648A8FB3,V-BF18551391,2026-09-11 18:27:03,tarjeta,135.0,pendiente,REF-A5317CB5
P-94F55B5D84,V-0CD00AB291,2026-09-11 18:27:03,efectivo,36.0,aprobado,REF-88BFAE87
P-47313BB3D4,V-B4854EFCFC,2026-09-11 18:27:04,vale,96.0,aprobado,REF-966FB491
P-1334B5CFDF,V-E7CFC69095,2026-09-11 18:27:04,transferencia,1560.0,aprobado,REF-1A919065
P-A6F897A875,V-9BAA86BE10,2026-09-11 18:27:05,efectivo,42.0,pendiente,REF-892EAFE3
P-4242EE44D2,V-3C7A4D2512,2026-09-11 18:27:05,transferencia,288.0,aprobado,REF-CCCEB645
P-9D17DE75E8,V-95B572B4FA,2026-09-11 18:27:06,efectivo,165.0,aprobado,REF-39B73691
P-BCD26B9D70,V-74872EBE93,2026-09-11 18:27:06,tarjeta,160.0,aprobado,REF-3A68CCC7
P-AAECC8A360,V-6CB110A641,2026-09-11 18:27:07,vale,1170.0,aprobado,REF-DA9FD7EC
P-C50D1444E4,V-036D1451BD,2026-09-11 18:27:07,tarjeta,135.0,aprobado,REF-90D9F265
P-2804BB9E57,V-C57EAF1CEF,2026-09-11 18:27:08,vale,84.0,pendiente,REF-574792B9
P-0E5E9B4E3F,V-63CE77B4B0,2026-09-11 18:27:08,vale,210.0,aprobado,REF-C923753D
P-C64BC6D3BC,V-BA549C1C9D,2026-09-11 18:27:09,transferencia,2280.0,aprobado,REF-59453590
P-0FA7776356,V-C1BCDFDDDC,2026-09-11 18:27:09,vale,110.0,pendiente,REF-012E97FB
P-540AD93D43,V-13DFCB15DF,2026-09-11 18:27:10,tarjeta,1260.0,pendiente,REF-B87441D7
P-41E301A59D,V-587B9D9D32,2026-09-11 18:27:11,tarjeta,96.0,aprobado,REF-9DE72C09
P-18BD435E00,V-0E0958444B,2026-09-11 18:27:11,vale,90.0,aprobado,REF-22273BBA
P-8F9E741E83,V-F65806D64E,2026-09-11 18:27:12,tarjeta,45.0,aprobado,REF-A29441A6
P-32C4CB9297,V-80A6CAF969,2026-09-11 18:27:12,tarjeta,1140.0,aprobado,REF-6C525995
P-72CFD7897D,V-A339C9A166,2026-09-11 18:27:13,tarjeta,90.0,aprobado,REF-579F444A
P-6D7B7CD459,V-173637DCDF,2026-09-11 18:27:14,transferencia,135.0,aprobado,REF-A06755EF
P-1F4D40D1EB,V-559EFCD472,2026-09-11 18:27:14,vale,168.0,aprobado,REF-4452190D
P-BC012F2576,V-C590C50F01,2026-09-11 18:27:14,tarjeta,1260.0,aprobado,REF-D3019495
P-AFF93F01E9,V-132C84D0CE,2026-09-11 18:27:15,vale,760.0,aprobado,REF-9CBCEB03
P-556C2795DD,V-9F7E2998F2,2026-09-11 18:27:16,transferencia,18.0,aprobado,REF-EED8CB5C
P-FA405DF0E5,V-BA46556663,2026-09-11 18:27:16,tarjeta,1520.0,aprobado,REF-8C94ADBE
P-286BEA469B,V-2AD15CE8FF,2026-09-11 18:27:17,efectivo,112.0,pendiente,REF-D848ADEE
P-2F114873C3,V-3F65CC11AE,2026-09-11 18:27:18,efectivo,140.0,aprobado,REF-41E4AE61
P-9A253ACD70,V-F8BCB81FDA,2026-09-11 18:27:18,vale,210.0,aprobado,REF-BB888C45
P-AC29FF77CA,V-63EA828242,2026-09-11 18:27:19,efectivo,45.0,pendiente,REF-EBBE75CD
P-1E392C8F51,V-516DE87390,2026-09-11 18:27:19,tarjeta,96.0,aprobado,REF-CDECB37C
P-90677BA631,V-BFAC26412B,2026-09-11 18:27:20,transferencia,780.0,aprobado,REF-999343FE
P-E738AB7DA5,V-4F956B9D3A,2026-09-11 18:27:20,vale,90.0,aprobado,REF-BDF9AF28
P-4EFB6001D8,V-3D0CE28298,2026-09-11 18:27:21,vale,36.0,aprobado,REF-328D4013
P-1B477A533D,V-C90E48F195,2026-09-11 18:27:22,tarjeta,160.0,aprobado,REF-5BABC7EC
P-3EF754AA66,V-DB4468DDFA,2026-09-11 18:27:22,transferencia,1140.0,pendiente,REF-7150C59B
P-30894BDFFB,V-85A15E8695,2026-09-11 18:27:23,transferencia,36.0,pendiente,REF-618635C3
P-2AA90ED2D4,V-B3EAD02F0B,2026-09-11 18:27:24,vale,210.0,aprobado,REF-54478665
P-16ACE7DDD6,V-76A54E33AA,2026-09-11 18:27:24,efectivo,288.0,aprobado,REF-ECC88A46
P-ADEDFA24F7,V-DE37772B09,2026-09-11 18:27:25,vale,330.0,aprobado,REF-D9C42111
P-376FA408CC,V-361146B08F,2026-09-11 18:27:25,transferencia,108.0,aprobado,REF-489A5628
P-2C48DB2F28,V-91AE48FC52,2026-09-11 18:27:26,efectivo,54.0,aprobado,REF-AC03572C
P-AE2E61488F,V-119223DF85,2026-09-11 18:27:26,efectivo,2520.0,aprobado,REF-8A2418EB
P-8A9FB42B58,V-77CB768A43,2026-09-11 18:27:27,transferencia,225.0,aprobado,REF-0D0C7482
P-4F6510E2B8,V-8F263E82D2,2026-09-11 18:27:27,vale,1170.0,aprobado,REF-702E657F
P-70349F889C,V-7DC5D9E319,2026-09-11 18:27:28,tarjeta,210.0,aprobado,REF-49C951DD
P-8E67A6300C,V-D932EE3AB7,2026-09-11 18:27:28,transferencia,168.0,aprobado,REF-EE7E201A
P-40B1FD152C,V-26A706E541,2026-09-11 18:27:29,efectivo,28.0,aprobado,REF-226A9BE0
P-63E432A34F,V-F83E92004A,2026-09-11 18:27:29,transferencia,1140.0,aprobado,REF-316BAFC3
P-59FAE699B5,V-33E3AA93F6,2026-09-11 18:27:30,transferencia,28.0,pendiente,REF-47AAB57F
P-D96BB75D65,V-69B001AF3D,2026-09-11 18:27:31,transferencia,56.0,aprobado,REF-EB3DD520
P-9E2CF87C53,V-2F59D65A63,2026-09-11 18:27:31,efectivo,90.0,aprobado,REF-6D8D142B
P-CDCFD14DF7,V-65CCCFB29D,2026-09-11 18:27:32,vale,168.0,aprobado,REF-07EB100C
P-F20C3A9E3C,V-C1945FDF11,2026-09-11 18:27:32,transferencia,96.0,aprobado,REF-5829220E
P-CADDE0DBDF,V-D7AFB442D6,2026-09-11 18:27:33,transferencia,84.0,aprobado,REF-E373B8BD
P-0FCCBD5137,V-6560A24D59,2026-09-11 18:27:33,efectivo,96.0,aprobado,REF-364DFF87
P-27F5A79782,V-F88845257B,2026-09-11 18:27:34,efectivo,112.0,aprobado,REF-DE87312F
P-2509BE595E,V-5382BCDE58,2026-09-11 18:27:34,tarjeta,56.0,pendiente,REF-12DA7BB6
P-1D78FACBA9,V-5A8F8E77D9,2026-09-11 18:27:35,efectivo,90.0,pendiente,REF-65450A08
P-4C9695AD00,V-2646F57074,2026-09-11 18:27:35,tarjeta,72.0,aprobado,REF-F5EC13E8
P-63888AA8A7,V-AFBC093C16,2026-09-11 18:27:36,transferencia,2520.0,pendiente,REF-AA604AAE
P-EB2D775016,V-24EF4ADDF0,2026-09-11 18:27:36,vale,28.0,aprobado,REF-7493B665
P-1C6FA60A44,V-7175DA69AB,2026-09-11 18:27:36,tarjeta,1170.0,aprobado,REF-8B5C84EF
P-670BD4D004,V-FEC8F2F180,2026-09-11 18:27:37,tarjeta,168.0,aprobado,REF-E029A92F
P-918AA8EAC6,V-F1679715E8,2026-09-11 18:27:37,tarjeta,108.0,aprobado,REF-B84A3FFD
P-86C6D6897C,V-57E9CF19F4,2026-09-11 18:27:38,vale,56.0,aprobado,REF-DA1E6036
P-83161F55D4,V-914E7D7ED3,2026-09-11 18:27:39,efectivo,380.0,aprobado,REF-22E87CCF
P-15986FFA03,V-1FCB1C1B59,2026-09-11 18:27:39,tarjeta,54.0,pendiente,REF-F9706989
P-5B2456EA9F,V-F6B5CE16C4,2026-09-11 18:27:40,transferencia,1900.0,aprobado,REF-EBA4E674
P-878BDA58C2,V-A0B0862C37,2026-09-11 18:27:40,vale,210.0,aprobado,REF-0BF44FF4
P-5A2AD87615,V-08E9C0F738,2026-09-11 18:27:41,vale,210.0,aprobado,REF-9C7CF760
P-24F6B9035B,V-A69FB9C56E,2026-09-11 18:27:42,transferencia,90.0,pendiente,REF-4B228B46
P-0607E02DDD,V-D7C7377879,2026-09-11 18:27:42,transferencia,42.0,aprobado,REF-58A3DC28
P-9D84352A5D,V-9E866F1743,2026-09-11 18:27:43,vale,330.0,aprobado,REF-2AB947E3
P-A3172301F4,V-B62B776A01,2026-09-11 18:27:43,tarjeta,48.0,aprobado,REF-99CD520D
P-89950D00F6,V-9DEB7D094A,2026-09-11 18:27:44,vale,2340.0,pendiente,REF-3D9D1340
P-881B8DB4A0,V-1BA01B619D,2026-09-11 18:27:45,efectivo,110.0,aprobado,REF-6B3C0796
P-3ED98CEA27,V-393A1120FA,2026-09-11 18:27:45,transferencia,140.0,aprobado,REF-CD1BBBCF
P-5CB387F195,V-9B9776C1CA,2026-09-11 18:27:46,vale,168.0,aprobado,REF-AACB926D
P-2015B070DE,V-C43AAF7D1B,2026-09-11 18:27:47,transferencia,275.0,pendiente,REF-F79F926E
P-6D32D4D17D,V-CA6B496C5E,2026-09-11 18:27:48,transferencia,128.0,aprobado,REF-2506D515
P-770BBB08CC,V-6C54C08385,2026-09-11 18:27:48,vale,1260.0,pendiente,REF-5468F21A
P-A13D7DE280,V-CC5605A36F,2026-09-11 18:27:49,tarjeta,135.0,pendiente,REF-8B8FA6B4
P-BD784AAD3A,V-7B899E265F,2026-09-11 18:27:49,vale,288.0,pendiente,REF-6CB00CAD
P-D80F7B4C3D,V-E25A110C5A,2026-09-11 18:27:50,vale,288.0,pendiente,REF-09B31708
P-8C34CA3A0E,V-F69C7D0EDF,2026-09-11 18:27:51,efectivo,1170.0,aprobado,REF-38223355
P-0EC5B0C63E,V-D29B56CCC7,2026-09-11 18:27:51,vale,180.0,aprobado,REF-48DF4C1B
P-4C1C0805DB,V-D4C88D7ACC,2026-09-11 18:27:52,tarjeta,56.0,pendiente,REF-F33804B4
P-E62070B903,V-621C5D9369,2026-09-11 18:27:52,efectivo,126.0,aprobado,REF-F91C4AF6
P-D5A6FB2739,V-A6A6B643BC,2026-09-11 18:27:53,vale,55.0,aprobado,REF-2E30CB00
P-1E2CC643E5,V-9AD3AF8A5F,2026-09-11 18:27:53,efectivo,1900.0,aprobado,REF-40E75048
P-1FD806668B,V-2B74458715,2026-09-11 18:27:54,tarjeta,54.0,pendiente,REF-41276262
P-B8D384CCF0,V-9B1185EA51,2026-09-11 18:27:54,efectivo,1560.0,aprobado,REF-593A2066
P-5216543248,V-A725423C81,2026-09-11 18:27:55,tarjeta,840.0,aprobado,REF-58BFA6FF
P-09B632B6B9,V-3C726CFAA5,2026-09-11 18:27:56,tarjeta,1260.0,pendiente,REF-76A1ED89
P-392463BA37,V-885E9C15D0,2026-09-11 18:27:57,transferencia,90.0,pendiente,REF-5D4A2B7F
P-333B146757,V-F919042531,2026-09-11 18:27:57,efectivo,192.0,pendiente,REF-ABFFB38D
P-E1F2003802,V-A61FCF455D,2026-09-11 18:27:58,efectivo,165.0,aprobado,REF-21DC7351
P-F46E5A23C0,V-03B18B825C,2026-09-11 18:27:58,vale,2340.0,aprobado,REF-9C7513B1
P-F081DBE196,V-22CFF94B2E,2026-09-11 18:27:59,tarjeta,48.0,aprobado,REF-79B31789
P-B3E82CF2C2,V-071A7A3B8C,2026-09-11 18:27:59,vale,1520.0,aprobado,REF-FE7DEFFF
P-B4D1DE1BF1,V-D98849F4EE,2026-09-11 18:28:00,transferencia,90.0,aprobado,REF-4BB5298F
P-465F47D81A,V-AD82D40F65,2026-09-11 18:28:00,efectivo,108.0,aprobado,REF-B3604740
P-64FE128595,V-8E2AB75D49,2026-09-11 18:28:01,tarjeta,72.0,aprobado,REF-9A04A70A
P-D2E912BB20,V-BB43DD57B8,2026-09-11 18:28:02,vale,72.0,aprobado,REF-BAA4AEF3
P-B31E2B3F92,V-A0FA0F4A80,2026-09-11 18:28:02,tarjeta,72.0,pendiente,REF-BCAEBE15
P-2D6D71D25B,V-793F2B4EAF,2026-09-11 18:28:03,efectivo,1170.0,pendiente,REF-073859C0
P-780DFDD3EA,V-91D5BD0892,2026-09-11 18:28:03,efectivo,2520.0,aprobado,REF-AA76EB4C
P-3ADE7DCA4B,V-8E843F6C66,2026-09-11 18:28:04,vale,32.0,aprobado,REF-F73D89BC
P-ABD1D3CCA2,V-8E56BC0C3F,2026-09-11 18:28:04,vale,192.0,pendiente,REF-8B644685
P-B8F6F225E0,V-EAD6A77DB6,2026-09-11 18:28:05,vale,225.0,pendiente,REF-A9396FFD
P-F5E44B2BB3,V-F31B583E77,2026-09-11 18:28:06,vale,2340.0,aprobado,REF-5BBB1F8A
P-B872583267,V-9528333ABB,2026-09-11 18:28:06,efectivo,108.0,aprobado,REF-1090045A
P-1932C6F4AC,V-7F40A1F53D,2026-09-11 18:28:07,vale,112.0,aprobado,REF-563B1A72
P-B70686DACD,V-3339C3D657,2026-09-11 18:28:08,vale,96.0,aprobado,REF-0FAAC734
P-F557440623,V-81EE1E69E9,2026-09-11 18:28:08,efectivo,168.0,pendiente,REF-8C35669E
P-40062E6F20,V-36BCB421A1,2026-09-11 18:28:09,transferencia,96.0,aprobado,REF-2E5F324D
P-35D62B69F0,V-57F2692633,2026-09-11 18:28:09,transferencia,2100.0,aprobado,REF-B7AF31BF
P-16281F2109,V-3350D0ABD2,2026-09-11 18:28:10,efectivo,165.0,pendiente,REF-51D80E6E
P-365BCC4D93,V-7FD7CF6B22,2026-09-11 18:28:11,tarjeta,252.0,aprobado,REF-15ABB9C3
P-7A3223EC57,V-F9059DF9BA,2026-09-11 18:28:11,tarjeta,330.0,aprobado,REF-4AF7DF0C
P-0B6714D7ED,V-BF095AD893,2026-09-11 18:28:12,transferencia,128.0,aprobado,REF-14797106
P-9E3B27D396,V-9A68749A3E,2026-09-11 18:28:12,tarjeta,240.0,pendiente,REF-CA8A6226
P-A93849FD1F,V-55E2A4D277,2026-09-11 18:28:13,tarjeta,48.0,pendiente,REF-46AAD5CD
P-D7C0199DC2,V-C88CE9F85A,2026-09-11 18:28:13,efectivo,1560.0,aprobado,REF-EAFF05BB
P-1BAEC36B6F,V-DFFD686765,2026-09-11 18:28:14,transferencia,192.0,pendiente,REF-88FE91F3
P-A26460C83F,V-3C3309A7B3,2026-09-11 18:28:14,efectivo,2520.0,aprobado,REF-19D35FD0
P-A1E92FFE7B,V-AFA6828AAE,2026-09-11 18:28:15,vale,96.0,pendiente,REF-D4C7DCC6
P-DBB9E3FB7C,V-A2E426D6E5,2026-09-11 18:28:16,transferencia,112.0,aprobado,REF-AB231F2C
P-067475B52E,V-AF8E0F8370,2026-09-11 18:28:16,efectivo,330.0,aprobado,REF-C03594F3
P-F0A6875AE9,V-EE7F3A28A9,2026-09-11 18:28:16,transferencia,1520.0,aprobado,REF-9DBC94B6
P-C02F805209,V-50FB296F4B,2026-09-11 18:28:17,transferencia,210.0,aprobado,REF-3646C804
P-5ECF256C37,V-586E2D4BED,2026-09-11 18:28:18,tarjeta,2520.0,aprobado,REF-8749938E
P-450DB9720E,V-09DE78FFB1,2026-09-11 18:28:18,efectivo,288.0,aprobado,REF-1F85D3E7
P-6BED02EC5D,V-C7429C85DB,2026-09-11 18:28:19,tarjeta,72.0,aprobado,REF-8287A869
P-BEA9523189,V-FC211E4A50,2026-09-11 18:28:20,vale,140.0,aprobado,REF-22C4E3AD
P-075B0CD8A4,V-1769734388,2026-09-11 18:28:20,tarjeta,126.0,aprobado,REF-54DC69C1
P-C5E670C156,V-371356377A,2026-09-11 18:28:20,vale,180.0,aprobado,REF-ACCE8B62
P-861F5A02F0,V-3B9381F383,2026-09-11 18:28:21,efectivo,2100.0,aprobado,REF-99B17CD8
P-48E8B031EA,V-5B01BE7095,2026-09-11 18:28:21,tarjeta,225.0,aprobado,REF-5B21B167
P-A16F2A58D4,V-DE1018FEA9,2026-09-11 18:28:22,efectivo,192.0,aprobado,REF-0FC12A11
P-A575A8CA05,V-86EEE75E4C,2026-09-11 18:28:23,vale,180.0,pendiente,REF-E17A4CA3
P-9815384436,V-EC8519B026,2026-09-11 18:28:23,efectivo,1900.0,pendiente,REF-8DE4D378
P-EF21B92AAB,V-3278298C24,2026-09-11 18:28:24,efectivo,2280.0,aprobado,REF-7044DDE2
P-27131E8BCB,V-7E31F99F4F,2026-09-11 18:28:24,efectivo,28.0,aprobado,REF-2954DD0F
P-1B4A24E323,V-D7A27013A2,2026-09-11 18:28:25,transferencia,1520.0,aprobado,REF-0C9B7D83
P-F2E90B7B56,V-CCC4B34519,2026-09-11 18:28:25,tarjeta,54.0,aprobado,REF-ACD741FD
P-5ED94A25F7,V-0146629080,2026-09-11 18:28:26,tarjeta,36.0,pendiente,REF-3B59AE5D
P-C221369F72,V-32CC1C4C70,2026-09-11 18:28:26,efectivo,840.0,aprobado,REF-093F3022
P-B07DE3C620,V-8283E3BD99,2026-09-11 18:28:27,transferencia,210.0,pendiente,REF-ABF219EC
P-37AD723830,V-0BEA6C0523,2026-09-11 18:28:27,efectivo,96.0,pendiente,REF-521F01B0
P-0168FA79B3,V-7B661E275A,2026-09-11 18:28:28,tarjeta,240.0,aprobado,REF-8E5FE7F1
P-E9A707B61F,V-771D67377E,2026-09-11 18:28:29,tarjeta,2100.0,aprobado,REF-E868F83F
P-2593F53275,V-D5F46A9174,2026-09-11 18:28:29,transferencia,225.0,aprobado,REF-99AA5E0C
P-4DE84A50AC,V-9921B20083,2026-09-11 18:28:30,vale,1260.0,aprobado,REF-0044DCE5
P-23ED41C1BF,V-1241FA5DBB,2026-09-11 18:28:30,tarjeta,168.0,pendiente,REF-CDB795D3
P-E89F83C76D,V-71C518CF1F,2026-09-11 18:28:31,tarjeta,275.0,aprobado,REF-A75DB037
P-9E78D559EE,V-7BD96F6C3D,2026-09-11 18:28:31,transferencia,192.0,pendiente,REF-0FFF8B88
P-FBEB924F56,V-F812516DDF,2026-09-11 18:28:32,vale,32.0,aprobado,REF-80FEF095
P-7403A20E10,V-66B61DB2BC,2026-09-11 18:28:32,vale,252.0,aprobado,REF-10DF0F7B
P-E17A0E2D2E,V-DD5A179445,2026-09-11 18:28:33,vale,288.0,pendiente,REF-07D8CF42
P-7AEBDFDB80,V-59AB8D466A,2026-09-11 18:28:33,transferencia,135.0,aprobado,REF-57BD6149
P-F080FC971A,V-961E9F3FE8,2026-09-11 18:28:34,vale,220.0,aprobado,REF-90D8FD95
P-C812BEA226,V-F004EB9119,2026-09-11 18:28:35,efectivo,112.0,aprobado,REF-6B2D2309
P-C772DB5B9F,V-69246174EC,2026-09-11 18:28:35,tarjeta,64.0,aprobado,REF-DE11F6F3
P-122EEC50A8,V-FB7880AA4D,2026-09-11 18:28:36,transferencia,128.0,aprobado,REF-F592809F
P-BBFB01DDD6,V-10983860C1,2026-09-11 18:28:36,vale,90.0,pendiente,REF-8733B3C0
P-45EB7BEF63,V-763BA63ED8,2026-09-11 18:28:37,tarjeta,288.0,aprobado,REF-5F8AC20F
P-E1084A4F5C,V-B0A4E34CE7,2026-09-11 18:28:38,transferencia,330.0,aprobado,REF-C7475DE6
P-21353B89E4,V-4E1A6A71A3,2026-09-11 18:28:38,transferencia,168.0,aprobado,REF-588B59F2
P-5E7CEC8D3B,V-D87CD76C2D,2026-09-11 18:28:39,tarjeta,1560.0,aprobado,REF-11815B1E
P-FDAA42F24B,V-3D4341ED7A,2026-09-11 18:28:39,transferencia,84.0,aprobado,REF-29602301
P-9CCBCBCF29,V-20A22D4052,2026-09-11 18:28:40,efectivo,48.0,pendiente,REF-125150DD
P-6101864A0C,V-01476F0DC8,2026-09-11 18:28:40,tarjeta,144.0,pendiente,REF-C580DC78
P-F57CD3B17A,V-9076920A8D,2026-09-11 18:28:41,vale,192.0,aprobado,REF-231C8441
P-CE3873FE2F,V-0B0C928515,2026-09-11 18:28:41,transferencia,275.0,aprobado,REF-DE12B3DC
P-8A939E9773,V-5E5D3E2152,2026-09-11 18:28:42,vale,180.0,aprobado,REF-909691CD
P-2A4E94169F,V-C7A1077C5F,2026-09-11 18:28:42,vale,390.0,aprobado,REF-99D4DAA5
P-985F779AB9,V-0E6F8C4054,2026-09-11 18:28:43,tarjeta,1170.0,pendiente,REF-3C86F93C
P-E4CE34A126,V-79A6EC0A98,2026-09-11 18:28:43,efectivo,1170.0,aprobado,REF-F515D4F6
P-FAB6C95AF0,V-FEC9278639,2026-09-11 18:28:44,vale,168.0,aprobado,REF-4F57E4C8
P-1F6FDDBE8E,V-4AC85222D6,2026-09-11 18:28:45,vale,1260.0,aprobado,REF-8E5F0E38
P-7E4C923922,V-E4B364DB1E,2026-09-11 18:28:45,tarjeta,1560.0,pendiente,REF-31978215
P-AE2F4076EB,V-4711ECD167,2026-09-11 18:28:46,tarjeta,780.0,aprobado,REF-A0A5655F
P-053A9F7EF6,V-9A1991385E,2026-09-11 18:28:46,tarjeta,2520.0,aprobado,REF-9D734942
P-A6E90A0D3D,V-18B5AD3FBB,2026-09-11 18:28:47,efectivo,210.0,aprobado,REF-C4641A77
P-E2310B475D,V-8CA3250F21,2026-09-11 18:28:47,tarjeta,252.0,aprobado,REF-D5C1E95E
P-F6DE4D2C0C,V-D19609DAF1,2026-09-11 18:28:48,tarjeta,1170.0,aprobado,REF-05C2013A
P-DEAE54E9F2,V-6E08E2038C,2026-09-11 18:28:48,efectivo,140.0,pendiente,REF-82BE9E50
P-36AFA3E385,V-C5C467B7F8,2026-09-11 18:28:49,tarjeta,1680.0,aprobado,REF-87DFE953
P-C6353521D8,V-7E7F991F98,2026-09-11 18:28:49,vale,90.0,aprobado,REF-C942F51E
P-4E128CF91F,V-D92B1088EF,2026-09-11 18:28:50,tarjeta,192.0,aprobado,REF-5A2C4E31
P-43F98674FA,V-094F52E2B5,2026-09-11 18:28:50,vale,225.0,aprobado,REF-33210362
P-48CE0F3709,V-D41BD25440,2026-09-11 18:28:51,transferencia,96.0,aprobado,REF-6DA11298
P-ABA0673EA0,V-F23D687E55,2026-09-11 18:28:51,efectivo,1560.0,aprobado,REF-69B5F4B7
P-451E03A2E6,V-83D8C5F0A6,2026-09-11 18:28:52,transferencia,240.0,aprobado,REF-6B3C05B2
P-F6EF8F8873,V-AE14640141,2026-09-11 18:28:53,vale,110.0,aprobado,REF-6D5494D1
P-472BEBEDD4,V-29F0A9C8F5,2026-09-11 18:28:53,vale,45.0,pendiente,REF-A683E4D8
P-3CD738BF00,V-F172EF1666,2026-09-11 18:28:54,transferencia,144.0,pendiente,REF-47E3F2BC
P-C590B7D711,V-8BE798B91C,2026-09-11 18:28:54,vale,288.0,aprobado,REF-EDB33AC9
P-E9DB88E927,V-082619B2EE,2026-09-11 18:28:55,vale,210.0,aprobado,REF-AE5F3DA1
P-88AECC9020,V-D74B6E17B2,2026-09-11 18:28:56,efectivo,144.0,aprobado,REF-62428B81
P-CF179BAB7C,V-584F5F598A,2026-09-11 18:28:56,transferencia,1950.0,aprobado,REF-A3BC23E8
P-D9565E4FCD,V-243F977729,2026-09-11 18:28:57,vale,210.0,aprobado,REF-6A7B6B6E
P-ED50E1493E,V-98D9222AEF,2026-09-11 18:28:57,tarjeta,380.0,aprobado,REF-0BE21660
P-78DEB22A75,V-E3FBA4D338,2026-09-11 18:28:58,efectivo,126.0,pendiente,REF-9205CC43
P-5F7EB5518A,V-8C6DA836BA,2026-09-11 18:28:58,vale,144.0,aprobado,REF-16730AD7
P-31E94399A8,V-0780CC704D,2026-09-11 18:28:59,efectivo,32.0,pendiente,REF-7CCC34A7
P-20F81463C1,V-18446AF42D,2026-09-11 18:29:00,efectivo,275.0,aprobado,REF-FAF9ECBB
P-E324EB754F,V-45580758AD,2026-09-11 18:29:00,transferencia,144.0,aprobado,REF-BDEEA548
P-3236B5DE8B,V-C223EA3EA2,2026-09-11 18:29:01,transferencia,96.0,pendiente,REF-F1ABD213
P-8F3F8E1DA3,V-399BD9224D,2026-09-11 18:29:01,efectivo,1560.0,aprobado,REF-8E26B03B
P-C1C5563852,V-D60E825C87,2026-09-11 18:29:02,efectivo,90.0,pendiente,REF-5861DDCD
P-F303716CC5,V-AA29963737,2026-09-11 18:29:03,tarjeta,1170.0,aprobado,REF-B93C0A62
P-E540D73BBC,V-98C183CF6A,2026-09-11 18:29:04,vale,380.0,aprobado,REF-BCB7474F
P-01164E6CFA,V-D506566AB4,2026-09-11 18:29:04,vale,1680.0,aprobado,REF-4E94EBBA
P-260908371B,V-3E12DCAE16,2026-09-11 18:29:05,efectivo,48.0,pendiente,REF-22D5973F
P-61BDFB1F05,V-D39818BC18,2026-09-11 18:29:05,tarjeta,288.0,aprobado,REF-64A80039
P-3AB6D4216C,V-9425E66976,2026-09-11 18:29:06,transferencia,96.0,pendiente,REF-C0D0AF06
P-28588AD306,V-EED7CCEBF2,2026-09-11 18:29:07,vale,140.0,pendiente,REF-61BB5689
P-B2DA4B83B3,V-7592C51C90,2026-09-11 18:29:07,efectivo,135.0,aprobado,REF-BFD4924B
P-CC5CC1FDED,V-C1E792B28D,2026-09-11 18:29:08,efectivo,1900.0,aprobado,REF-7A7CF7B1
P-BC564F2B8D,V-3096142AB3,2026-09-11 18:29:08,transferencia,90.0,aprobado,REF-5FB646F9
P-7AAC873B42,V-9B90FDCBF0,2026-09-11 18:29:09,tarjeta,760.0,aprobado,REF-51514215
P-7050DA228C,V-1833274C9D,2026-09-11 18:29:09,vale,72.0,aprobado,REF-62DBB223
P-8CC76669F1,V-C80014CCA2,2026-09-11 18:29:10,tarjeta,18.0,aprobado,REF-B443A7A0
P-67079FD961,V-F350D8E2DA,2026-09-11 18:29:10,tarjeta,252.0,aprobado,REF-ED666459
P-7CCB3914A8,V-FFC61C7635,2026-09-11 18:29:11,transferencia,110.0,pendiente,REF-B5772BC0
P-7823DF3469,V-1783F0BBFB,2026-09-11 18:29:11,vale,18.0,aprobado,REF-5F72EB46
P-FF4C0E12A8,V-DBBFDCE7DA,2026-09-11 18:29:12,transferencia,1170.0,aprobado,REF-6285A75B
P-E8C261DBE0,V-B561FF0506,2026-09-11 18:29:12,efectivo,140.0,aprobado,REF-2422AF82
P-9C9F43F99E,V-063E765775,2026-09-11 18:29:13,efectivo,240.0,pendiente,REF-5F95F87C
P-CBF28115DF,V-C3C1037350,2026-09-11 18:29:13,tarjeta,165.0,aprobado,REF-DECECB1B
P-E1BB2AA1C9,V-DFD8F97041,2026-09-11 18:29:14,vale,225.0,aprobado,REF-18529EF9
P-EF7F6F5A51,V-61D837FDDA,2026-09-11 18:29:14,tarjeta,330.0,aprobado,REF-97E5123D
P-AA101BD33B,V-D6DB439878,2026-09-11 18:29:15,transferencia,48.0,aprobado,REF-FA604BAB
P-992ECEDCD9,V-44E8835F94,2026-09-11 18:29:15,tarjeta,168.0,aprobado,REF-FE03BACA
P-A1BEBD3DF7,V-D121A939D3,2026-09-11 18:29:16,vale,2340.0,pendiente,REF-AA9C1F5A
P-F3397D0ED1,V-214C746391,2026-09-11 18:29:16,tarjeta,380.0,aprobado,REF-BB265A09
P-89A3708128,V-BD7FB58898,2026-09-11 18:29:17,transferencia,1260.0,aprobado,REF-FF94AA39
P-E30BA11DE2,V-B4FC17134A,2026-09-11 18:29:18,efectivo,90.0,aprobado,REF-874A6A59
P-651ABB524D,V-E7A81CB9BE,2026-09-11 18:29:18,tarjeta,168.0,aprobado,REF-B61475C1
P-05F07F9CB9,V-A687AB846D,2026-09-11 18:29:19,tarjeta,275.0,pendiente,REF-6A0AC865
P-20D99F3F93,V-27741D53CA,2026-09-11 18:29:19,efectivo,380.0,pendiente,REF-36F4CA8B
P-F4BB472E8B,V-32ED598805,2026-09-11 18:29:20,efectivo,64.0,pendiente,REF-AEE582E6
P-E6360D61FD,V-E4FB668D45,2026-09-11 18:29:20,efectivo,72.0,aprobado,REF-5D6A40FA
P-24657E5B0E,V-490FB3E058,2026-09-11 18:29:21,efectivo,90.0,pendiente,REF-1155A0A8
P-F2BA866C11,V-8AC661F10D,2026-09-11 18:29:22,vale,1260.0,pendiente,REF-573232A1
P-72BB713B9D,V-44D8218157,2026-09-11 18:29:22,efectivo,168.0,aprobado,REF-135CCC3E
P-C7C3B2720F,V-025F24AF9F,2026-09-11 18:29:23,efectivo,225.0,aprobado,REF-E9F221CB
P-9B3810A996,V-C9B1953A0D,2026-09-11 18:29:23,tarjeta,36.0,aprobado,REF-6B531EED
P-7CD1E21706,V-EFA253213D,2026-09-11 18:29:24,transferencia,126.0,aprobado,REF-039328FE
P-274BE77FD6,V-F83A982F5A,2026-09-11 18:29:24,efectivo,2340.0,aprobado,REF-357D96B1
P-9378327A17,V-A3B0102374,2026-09-11 18:29:24,vale,780.0,pendiente,REF-144877B5
P-2CD6AFCA14,V-45FB714908,2026-09-11 18:29:25,vale,1170.0,aprobado,REF-F4FF9FAB
P-FB381CF453,V-45F35A2C4E,2026-09-11 18:29:26,tarjeta,192.0,aprobado,REF-79290F35
P-3B238A1311,V-86A3DFABA4,2026-09-11 18:29:26,vale,126.0,aprobado,REF-D548A4D8
P-6E79CA3A5F,V-7BBE541636,2026-09-11 18:29:27,vale,72.0,aprobado,REF-F0324EF8
P-9FAA4838F5,V-1D0AE6ECBC,2026-09-11 18:29:28,efectivo,96.0,aprobado,REF-0B0D466C
P-AB3EA524FE,V-9D19290C58,2026-09-11 18:29:28,efectivo,380.0,aprobado,REF-B63901E2
P-5891A5A6FD,V-FD2DFC6445,2026-09-11 18:29:29,vale,220.0,aprobado,REF-F353089D
P-0598ACBF9D,V-E67EE29004,2026-09-11 18:29:30,vale,55.0,pendiente,REF-ABAD4ECF
P-E88FBFDEDC,V-7F17053820,2026-09-11 18:29:30,efectivo,135.0,aprobado,REF-7FEEEFCF
P-2FD7F8C5B6,V-165975AE4C,2026-09-11 18:29:30,tarjeta,225.0,aprobado,REF-C44E5C05
P-8A4E007841,V-39FABE77AA,2026-09-11 18:29:31,efectivo,90.0,aprobado,REF-FA8771F0
P-A382BE05A2,V-CD906C7668,2026-09-11 18:29:31,efectivo,840.0,aprobado,REF-432EDD69
P-9190B8922A,V-7772F58A4E,2026-09-11 18:29:32,vale,420.0,aprobado,REF-025F7D64
P-2128289F51,V-D6F81EB29F,2026-09-11 18:29:32,transferencia,72.0,aprobado,REF-B1263884
P-F54C4CE941,V-E804CB20B5,2026-09-11 18:29:33,tarjeta,760.0,aprobado,REF-F7029E89
P-1EAE8FA757,V-0ABF1D9669,2026-09-11 18:29:33,tarjeta,2520.0,aprobado,REF-3743FBBA
P-33D939CB0C,V-60DA75F367,2026-09-11 18:29:34,efectivo,192.0,aprobado,REF-EA6AEE27
P-DB5A8692C7,V-4212AF5BFE,2026-09-11 18:29:34,vale,96.0,aprobado,REF-43540F84
P-488AB85664,V-722519C8C1,2026-09-11 18:29:35,vale,1170.0,pendiente,REF-C00A17B5
P-08F05D818F,V-B8A64C287D,2026-09-11 18:29:35,transferencia,760.0,aprobado,REF-06642E71
P-A435464CED,V-8FB378F91A,2026-09-11 18:29:36,transferencia,90.0,aprobado,REF-ABA8DC97
P-C4F44F4B2D,V-B05E820B81,2026-09-11 18:29:36,tarjeta,1520.0,aprobado,REF-B78C511E
P-C35D51990B,V-6AF3DC2F28,2026-09-11 18:29:37,efectivo,1170.0,aprobado,REF-C2D729A8
P-998A5753A4,V-CE9A73C3B2,2026-09-11 18:29:37,vale,210.0,aprobado,REF-256C1FA9
P-456E879F9C,V-A714BA68A5,2026-09-11 18:29:38,efectivo,420.0,pendiente,REF-CAA7BC5A
P-E9D399965A,V-0F1252CC7A,2026-09-11 18:29:39,vale,288.0,aprobado,REF-8FA34681
P-23FF6E5267,V-976DF18E78,2026-09-11 18:29:39,transferencia,380.0,aprobado,REF-10D4420B
P-206C767C11,V-9ED83D232C,2026-09-11 18:29:40,tarjeta,2520.0,aprobado,REF-DE9FDBBD
P-250696B0A5,V-BDBA314AAC,2026-09-11 18:29:40,efectivo,252.0,aprobado,REF-C523A4F0
P-DD7BF257A6,V-15CD83BAF2,2026-09-11 18:29:41,tarjeta,56.0,aprobado,REF-E151BAAF
P-6CBC2492FC,V-1BA1EBB511,2026-09-11 18:29:42,transferencia,180.0,pendiente,REF-082FFCC6
P-8E721C7B50,V-4582194A60,2026-09-11 18:29:43,vale,1170.0,aprobado,REF-9AB58C75
P-3F63922422,V-FC9E88E3F9,2026-09-11 18:29:43,tarjeta,225.0,pendiente,REF-E583D866
P-AD9495233A,V-DC2956978B,2026-09-11 18:29:44,transferencia,28.0,aprobado,REF-793FDC6B
P-2B10AA0F64,V-DC47498DC3,2026-09-11 18:29:44,efectivo,110.0,aprobado,REF-FC0C6DC8
P-FE593D11C0,V-BAF5A24038,2026-09-11 18:29:45,vale,54.0,aprobado,REF-619616CD
P-DC7088FC61,V-48ADF98764,2026-09-11 18:29:46,transferencia,36.0,pendiente,REF-E239A81B
P-0595780B7D,V-42BD1332E9,2026-09-11 18:29:46,efectivo,84.0,aprobado,REF-0E90D10C
P-E0970488EB,V-95F51FDD94,2026-09-11 18:29:47,efectivo,160.0,aprobado,REF-E5C6D12C
P-852C81DFAB,V-8E6F6916A6,2026-09-11 18:29:47,vale,1140.0,pendiente,REF-2A247B20
P-199D8644A8,V-0D9E62D7C9,2026-09-11 18:29:48,tarjeta,240.0,aprobado,REF-D4E98DEA
P-D4A5367C1E,V-FBB74C2AE6,2026-09-11 18:29:48,transferencia,270.0,aprobado,REF-2EAA4380
P-C4570B7B84,V-B80E5E13C5,2026-09-11 18:29:49,vale,225.0,aprobado,REF-24838699
P-9694866B8B,V-38385EA4EA,2026-09-11 18:29:49,transferencia,270.0,aprobado,REF-ECE707AC
P-09F06AA6D6,V-20343C9055,2026-09-11 18:29:50,vale,64.0,aprobado,REF-FF51A3A7
P-A1E04120E2,V-C909738D90,2026-09-11 18:29:51,efectivo,760.0,aprobado,REF-3675181E
P-D04280C277,V-00A5FA2999,2026-09-11 18:29:52,transferencia,2340.0,aprobado,REF-0693961A
P-A5B2F4FE6C,V-B14036DE55,2026-09-11 18:29:52,transferencia,56.0,aprobado,REF-C5B5D4DA
P-6E23A78BB8,V-8B3AD097FD,2026-09-11 18:29:52,transferencia,135.0,aprobado,REF-A19803BA
P-54E66B15D5,V-0B6F1060E6,2026-09-11 18:29:53,transferencia,1520.0,aprobado,REF-6B7BA80F
P-1F985EFAF7,V-1344B40DA9,2026-09-11 18:29:54,efectivo,84.0,aprobado,REF-4FAFF55F
P-4883E06BF0,V-BDDEAAEF14,2026-09-11 18:29:54,vale,42.0,aprobado,REF-5E641870
P-4690E3CB3B,V-B4F1FCBDD2,2026-09-11 18:29:54,vale,90.0,aprobado,REF-9976863E
P-7726A10D36,V-FA2072E155,2026-09-11 18:29:55,efectivo,210.0,pendiente,REF-2ABF211A
P-F9429AF9C9,V-BBD177F65E,2026-09-11 18:29:56,vale,380.0,pendiente,REF-FF10E857
P-3CF8BDC8B9,V-2EC3758077,2026-09-11 18:29:56,vale,48.0,aprobado,REF-B9FB5D4B
P-BF9299586E,V-F14BA10B04,2026-09-11 18:29:57,efectivo,18.0,pendiente,REF-6795871C
P-C44773F646,V-7A801963AF,2026-09-11 18:29:57,vale,18.0,aprobado,REF-38B8A02E
P-97C82A8CAC,V-2420C7C0AA,2026-09-11 18:29:58,transferencia,220.0,pendiente,REF-E68ACED5
P-21F6159C1A,V-8C95E2F561,2026-09-11 18:29:59,efectivo,90.0,aprobado,REF-34EF25D7
P-145B2FC90B,V-E5DB10F951,2026-09-11 18:29:59,vale,36.0,pendiente,REF-4D17BEE8
P-418A1EEF8E,V-D838EE12F8,2026-09-11 18:30:00,efectivo,135.0,aprobado,REF-93259A30
P-E7EC8460CD,V-25D2D53151,2026-09-11 18:30:00,efectivo,128.0,aprobado,REF-51755949
P-ADAA9CE91C,V-64F5FC54AC,2026-09-11 18:30:01,vale,54.0,aprobado,REF-450008C5
P-06CB82F5F6,V-7347452897,2026-09-11 18:30:01,efectivo,96.0,pendiente,REF-68C34C16
P-072442A9E8,V-7CBAB17E8A,2026-09-11 18:30:02,efectivo,64.0,aprobado,REF-F8781609
P-EB827F279A,V-A19DF6DAF1,2026-09-11 18:30:03,efectivo,108.0,pendiente,REF-39600C8A
P-D8CF18A6E1,V-59B5C8DAA5,2026-09-11 18:30:03,tarjeta,84.0,pendiente,REF-849E148E
P-82BE120C05,V-36F9AD08D5,2026-09-11 18:30:04,tarjeta,28.0,aprobado,REF-56AA96BD
P-27559120D4,V-DE52DD81E0,2026-09-11 18:30:04,efectivo,1680.0,pendiente,REF-A6592C36
P-C96163DA6C,V-81BD0E9337,2026-09-11 18:30:05,efectivo,168.0,aprobado,REF-74DEFD55
P-329610079B,V-A8890226F4,2026-09-11 18:30:05,tarjeta,1680.0,aprobado,REF-3E60F895
P-35061E4745,V-C849DFEFE2,2026-09-11 18:30:06,tarjeta,72.0,aprobado,REF-725239E4
P-B4D1967CE4,V-09B7D78DB4,2026-09-11 18:30:07,transferencia,2100.0,aprobado,REF-4C23FDF8
P-5EC802BF9C,V-E509B05D37,2026-09-11 18:30:07,transferencia,1680.0,pendiente,REF-362BACE4
P-5789910BA2,V-12F50FC24B,2026-09-11 18:30:08,efectivo,110.0,aprobado,REF-DE029BD8
P-DEDBFE9C69,V-4A22896D3D,2026-09-11 18:30:08,tarjeta,165.0,aprobado,REF-87E587A3
P-089ECB8AAB,V-7E3118E4B7,2026-09-11 18:30:09,efectivo,2280.0,pendiente,REF-1E8F6D01
P-767527825C,V-6B852CFD21,2026-09-11 18:30:09,vale,390.0,pendiente,REF-D5F42548
P-5CBD3DABCC,V-DFBFDEEBA6,2026-09-11 18:30:10,tarjeta,128.0,pendiente,REF-C5F9AD0A
P-59EFA2355D,V-93F927CB21,2026-09-11 18:30:10,efectivo,1950.0,aprobado,REF-0394D6EA
P-073CAA2F3D,V-06DF5C568A,2026-09-11 18:30:11,vale,270.0,aprobado,REF-63AEA858
P-47F23A29C9,V-6B403C3341,2026-09-11 18:30:11,transferencia,780.0,pendiente,REF-5B122E06
P-D541964333,V-A68D95E61E,2026-09-11 18:30:12,transferencia,168.0,pendiente,REF-AB43CFB0
P-86CAE1E7F1,V-C82AD3775D,2026-09-11 18:30:12,efectivo,96.0,aprobado,REF-CBD6BB11
P-4981025726,V-CABA12D7DE,2026-09-11 18:30:13,transferencia,380.0,aprobado,REF-E97928E7
P-A4360289F8,V-E184A51061,2026-09-11 18:30:14,tarjeta,180.0,pendiente,REF-A91991F5
P-62826FDA19,V-52C845CC88,2026-09-11 18:30:14,vale,168.0,pendiente,REF-7A1CF265
P-8C363DE565,V-A2C0C9C6E7,2026-09-11 18:30:15,efectivo,760.0,aprobado,REF-4E88C81E
P-F5147D769D,V-209C91B073,2026-09-11 18:30:15,efectivo,144.0,aprobado,REF-9C155C36
P-739804014D,V-D1DFDBFAAA,2026-09-11 18:30:16,tarjeta,72.0,aprobado,REF-368D36FB
P-D73926918B,V-254610E814,2026-09-11 18:30:16,tarjeta,18.0,aprobado,REF-F03DAE93
P-69DF4D826C,V-E03F90748A,2026-09-11 18:30:17,vale,1680.0,aprobado,REF-E52DE5EA
P-13AD06048F,V-E980215B0F,2026-09-11 18:30:18,tarjeta,780.0,aprobado,REF-BD92BA8A
P-72B13160A3,V-8FD6600C54,2026-09-11 18:30:18,transferencia,108.0,pendiente,REF-6F723356
P-56E58540B4,V-5BDA512109,2026-09-11 18:30:19,tarjeta,135.0,pendiente,REF-8447600B
P-5975B5CE3B,V-AFC7A02E92,2026-09-11 18:30:19,vale,28.0,pendiente,REF-E693E84D
P-5197E79771,V-051778CDB4,2026-09-11 18:30:20,transferencia,72.0,pendiente,REF-FD6B0A9C
P-09EF18B7EB,V-D99618CA5A,2026-09-11 18:30:21,vale,330.0,aprobado,REF-20D03C3A
P-D044F02688,V-C982E77BDE,2026-09-11 18:30:21,efectivo,36.0,aprobado,REF-55A40E85
P-2584995F94,V-94C71C448E,2026-09-11 18:30:22,vale,220.0,aprobado,REF-D5AF08D1
P-9987C76BD1,V-4B867121DC,2026-09-11 18:30:22,transferencia,48.0,aprobado,REF-27107C35
P-0DBFAE98B2,V-31DB936064,2026-09-11 18:30:23,tarjeta,270.0,aprobado,REF-BC8E7115
P-EAFB926CFA,V-E31A378A0C,2026-09-11 18:30:24,transferencia,192.0,aprobado,REF-10FF4A88
P-A07C66379B,V-0E9DC6EA9B,2026-09-11 18:30:24,vale,220.0,aprobado,REF-592C2548
P-A56A121C14,V-8E5AB261AA,2026-09-11 18:30:25,vale,90.0,aprobado,REF-64799A3E
P-26952EF945,V-288AF16FD6,2026-09-11 18:30:25,efectivo,380.0,pendiente,REF-18385D4B
P-FF91EE0C72,V-5B118796FC,2026-09-11 18:30:26,tarjeta,84.0,aprobado,REF-E76E651B
P-2B6867F4FC,V-0D3A8DB813,2026-09-11 18:30:26,efectivo,56.0,aprobado,REF-BADF0600
P-AF1FB2B92A,V-953916D654,2026-09-11 18:30:27,tarjeta,2100.0,aprobado,REF-DAE248DE
P-85393C6762,V-A54F5CA119,2026-09-11 18:30:28,tarjeta,780.0,aprobado,REF-1316CF14
P-4A673F42E9,V-FE97F17C6E,2026-09-11 18:30:28,transferencia,1900.0,aprobado,REF-786568FD
P-1254176219,V-288AEE6E06,2026-09-11 18:30:29,efectivo,1950.0,aprobado,REF-6D036CF1
P-F8681FEA83,V-D9B5B79493,2026-09-11 18:30:29,efectivo,420.0,aprobado,REF-5947FD03
P-61CD457450,V-4DF679B410,2026-09-11 18:30:30,tarjeta,240.0,aprobado,REF-9345180F
P-2A3CB5AC89,V-D0394ED427,2026-09-11 18:30:31,tarjeta,72.0,aprobado,REF-8831ADB6
P-13BB89FAEA,V-A9F10B610E,2026-09-11 18:30:31,efectivo,90.0,aprobado,REF-E3356240
P-29888CBA67,V-1892E26F23,2026-09-11 18:30:32,transferencia,28.0,aprobado,REF-692D04AF
P-05029B2F10,V-A3E15A2E43,2026-09-11 18:30:32,tarjeta,54.0,aprobado,REF-36D56FCE
P-169C94212E,V-12EC95A589,2026-09-11 18:30:33,vale,84.0,aprobado,REF-92017097
P-1D1E6078AB,V-6D2AD62BB1,2026-09-11 18:30:34,vale,1170.0,aprobado,REF-D1EFFF05
P-7E0A0F9581,V-9FB285F61C,2026-09-11 18:30:34,tarjeta,135.0,aprobado,REF-8CF04BE1
P-451ABFCF4B,V-21760C96EA,2026-09-11 18:30:34,transferencia,54.0,aprobado,REF-4C869D68
P-7794B9D79A,V-FC63508354,2026-09-11 18:30:35,tarjeta,2280.0,pendiente,REF-7203FBC8
P-56CC347CEA,V-F40324AE3A,2026-09-11 18:30:35,tarjeta,90.0,aprobado,REF-D5D8BAD7
P-BAB9EF38F3,V-67E8C14CB8,2026-09-11 18:30:36,vale,90.0,aprobado,REF-B0FE68A0
P-44194F7658,V-B40A55F224,2026-09-11 18:30:37,transferencia,112.0,aprobado,REF-B59A48CC
P-3A3F356B55,V-9DAAA404D0,2026-09-11 18:30:37,tarjeta,126.0,aprobado,REF-9FFFBAD2
P-68FCA77448,V-A88F35D7A1,2026-09-11 18:30:38,transferencia,36.0,aprobado,REF-8DF18C0E
P-0670B6B584,V-8F5DFEC751,2026-09-11 18:30:38,efectivo,1260.0,aprobado,REF-0E363546
P-14FDEE98ED,V-AEF2D64DB2,2026-09-11 18:30:39,tarjeta,168.0,pendiente,REF-8D35C8DE
P-74A3925D5B,V-5082F331AD,2026-09-11 18:30:39,tarjeta,160.0,aprobado,REF-8BECF08E
P-1FB1B8FDE1,V-A05A8E5268,2026-09-11 18:30:40,vale,32.0,aprobado,REF-79BADBAE
P-76FA743D14,V-B006691B2E,2026-09-11 18:30:41,efectivo,240.0,aprobado,REF-88448761
P-427B1254A1,V-BD8F346717,2026-09-11 18:30:41,vale,270.0,aprobado,REF-59880EF7
P-7A2DE1E8EA,V-00221ECD8C,2026-09-11 18:30:42,tarjeta,1170.0,aprobado,REF-E75FD977
P-47038C067E,V-9D71D91A16,2026-09-11 18:30:42,efectivo,180.0,aprobado,REF-6ADF8D34
P-B6323E0409,V-81EBFE1347,2026-09-11 18:30:43,tarjeta,192.0,aprobado,REF-77A8B363
P-A4870C8339,V-139B943140,2026-09-11 18:30:43,tarjeta,270.0,pendiente,REF-75B58FBB
P-F25DDE7D1F,V-AA4C39B2AD,2026-09-11 18:30:44,vale,270.0,aprobado,REF-1A759FFB
P-828DD13A48,V-F41E1FB164,2026-09-11 18:30:45,tarjeta,32.0,aprobado,REF-D21CB9C3
P-079940458A,V-7D84BE7830,2026-09-11 18:30:45,vale,140.0,aprobado,REF-BBBEDD94
P-9F8FC1B7B5,V-353CA3B076,2026-09-11 18:30:46,vale,270.0,aprobado,REF-EA01C036
P-95214A2C61,V-9A05807196,2026-09-11 18:30:47,tarjeta,36.0,aprobado,REF-A0C73BA2
P-6467EDE4AD,V-EDBCEAAF2B,2026-09-11 18:30:48,efectivo,135.0,pendiente,REF-8EA7C5EC
P-D28E661EA0,V-A49D0A4A12,2026-09-11 18:30:48,vale,780.0,aprobado,REF-519CB3CA
P-2191D61C2F,V-61A573D4C1,2026-09-11 18:30:48,vale,2520.0,aprobado,REF-59DB7A69
P-7FF603EFF7,V-E905B61215,2026-09-11 18:30:49,efectivo,90.0,pendiente,REF-A96C2094
P-073A0AA677,V-E50CE200E8,2026-09-11 18:30:50,vale,55.0,aprobado,REF-2805CF6D
P-FA5B299BB4,V-68F80303E2,2026-09-11 18:30:50,transferencia,1900.0,pendiente,REF-C86AE427
P-157CEE496B,V-BBD722EDB6,2026-09-11 18:30:51,tarjeta,48.0,aprobado,REF-D54E42FD
P-3F2DD80A65,V-EBD692DB1C,2026-09-11 18:30:52,tarjeta,2280.0,aprobado,REF-5C7986EB
P-2981AD1340,V-9E1D58077A,2026-09-11 18:30:52,vale,42.0,aprobado,REF-B31DCB7A
P-41E8E6732C,V-424C1977CD,2026-09-11 18:30:53,efectivo,135.0,aprobado,REF-765A4549
P-91CE37CCDE,V-C171656A90,2026-09-11 18:30:53,tarjeta,760.0,aprobado,REF-7D6F04F0
P-B89D909F5A,V-D96A813F5A,2026-09-11 18:30:54,efectivo,110.0,pendiente,REF-6407C748
P-E8C2EF526E,V-C40BFF1C01,2026-09-11 18:30:54,transferencia,64.0,aprobado,REF-4690DFD6
P-3DFB0A59FC,V-DBE9AD9B58,2026-09-11 18:30:55,tarjeta,84.0,aprobado,REF-0EB9B4CE
P-1A6570DB17,V-A737B58BC3,2026-09-11 18:30:56,vale,390.0,pendiente,REF-33F800DA
P-B6335C712A,V-C579C2D3E0,2026-09-11 18:30:56,vale,1520.0,aprobado,REF-6D31C6FF
P-BB605F8E99,V-C483F2C1F4,2026-09-11 18:30:57,transferencia,192.0,pendiente,REF-DD3C86EA
P-FD8A39C63B,V-DFD917AF51,2026-09-11 18:30:57,efectivo,210.0,aprobado,REF-9A29307C
P-29C916B174,V-7E8C39A098,2026-09-11 18:30:58,tarjeta,54.0,aprobado,REF-FBBA4783
P-592E097E43,V-B3648070F9,2026-09-11 18:30:58,vale,28.0,pendiente,REF-92255905
P-70C9E718B2,V-9F089C1F6D,2026-09-11 18:30:59,transferencia,760.0,aprobado,REF-2E849999
P-0EC9637A2D,V-0436CBDB4E,2026-09-11 18:31:00,tarjeta,18.0,aprobado,REF-118D3DD6
P-D0127DB4A7,V-33C398A8C0,2026-09-11 18:31:00,tarjeta,84.0,aprobado,REF-93AC2C1D
P-FF89390628,V-69EDF252B1,2026-09-11 18:31:01,efectivo,56.0,aprobado,REF-F96A92F4
P-BF2996A57C,V-8D3C6B1027,2026-09-11 18:31:02,tarjeta,168.0,aprobado,REF-A194FF83
P-2082A88F7B,V-BB133FD620,2026-09-11 18:31:02,transferencia,112.0,aprobado,REF-4AB7FDD5
P-64FE7494BA,V-1DC8101DD1,2026-09-11 18:31:03,transferencia,240.0,aprobado,REF-A043FF64
P-CBF52C9A43,V-A49DD97D7C,2026-09-11 18:31:04,vale,1950.0,aprobado,REF-A4A51E22
P-51DDF305A0,V-6B324F97DB,2026-09-11 18:31:04,efectivo,1950.0,aprobado,REF-7DCDE80D
P-DFF0AB044C,V-AAE98ECEA9,2026-09-11 18:31:05,tarjeta,55.0,aprobado,REF-55B6EC6C
P-C76E51BEF5,V-516A9BE4B6,2026-09-11 18:31:06,tarjeta,72.0,aprobado,REF-DD108EC4
P-6C88152C38,V-34873C369B,2026-09-11 18:31:06,tarjeta,330.0,aprobado,REF-8CAE6D14
P-766AADF244,V-F80F3A5F3E,2026-09-11 18:31:07,efectivo,18.0,aprobado,REF-AF49859D
P-6476C5FFC4,V-D950D425C0,2026-09-11 18:31:08,transferencia,160.0,pendiente,REF-7425091B
P-57F9C35089,V-19AA862F26,2026-09-11 18:31:08,tarjeta,32.0,aprobado,REF-40265E06
P-8400FE98B8,V-5CD46434AC,2026-09-11 18:31:09,vale,225.0,pendiente,REF-1DFBF6C7
P-B49B16BB8B,V-C8497BAAD7,2026-09-11 18:31:10,tarjeta,780.0,aprobado,REF-AE464753
P-AD9A6921FA,V-2188C3C43F,2026-09-11 18:31:10,vale,1260.0,aprobado,REF-278234DE
P-A846AE7AA1,V-65BA2C248F,2026-09-11 18:31:11,tarjeta,380.0,pendiente,REF-48E699E6
P-882E1C7E49,V-6EDB5C8B33,2026-09-11 18:31:11,tarjeta,420.0,pendiente,REF-BABD66A6
P-4AC571EC68,V-4F701F4FC5,2026-09-11 18:31:12,transferencia,84.0,pendiente,REF-FDDB5524
P-453AD3DFC9,V-E4569F6AAD,2026-09-11 18:31:13,efectivo,1950.0,aprobado,REF-AA5FB058
P-A87A574352,V-B60A3DE316,2026-09-11 18:31:13,transferencia,110.0,aprobado,REF-E2FBAFCB
P-33E9FEF0C7,V-4670C5FB92,2026-09-11 18:31:13,efectivo,144.0,aprobado,REF-D90066D2
P-64AC34747A,V-2C96E678B5,2026-09-11 18:31:14,tarjeta,90.0,aprobado,REF-B20C4A8C
P-AE712C81F8,V-A18D287ECA,2026-09-11 18:31:14,vale,840.0,aprobado,REF-F1F65A12
P-DA2FD65E1D,V-61191B4687,2026-09-11 18:31:15,efectivo,140.0,aprobado,REF-AF7DD8F6
P-D3EB75A7E2,V-78B6641AB7,2026-09-11 18:31:15,transferencia,42.0,aprobado,REF-06F9D1C3
P-264486F451,V-404FC9A08D,2026-09-11 18:31:16,tarjeta,252.0,aprobado,REF-D93BB967
P-9D0ACC356E,V-6CBE84EC52,2026-09-11 18:31:16,transferencia,110.0,pendiente,REF-A3CB781D
P-0A170727AC,V-74CD69202A,2026-09-11 18:31:17,efectivo,220.0,pendiente,REF-8861D236
P-8F466C7AB1,V-67D8A6AAC4,2026-09-11 18:31:18,efectivo,760.0,aprobado,REF-B36C3F2E
P-C9D8EF87C7,V-7723F367C4,2026-09-11 18:31:18,transferencia,144.0,aprobado,REF-CA4EE5C7
P-86417803A4,V-713E96B1FF,2026-09-11 18:31:19,vale,210.0,aprobado,REF-8869E338
P-E0BF9A3635,V-2131A01A1D,2026-09-11 18:31:19,transferencia,54.0,aprobado,REF-1235AB5A
P-87FA5D1ACD,V-9BE4535639,2026-09-11 18:31:20,tarjeta,1520.0,aprobado,REF-416D1E5E
P-9A2CC0B9B4,V-77FBE67349,2026-09-11 18:31:20,transferencia,270.0,pendiente,REF-D4DEDCD6
P-CBBC44AAEB,V-61CC0D702C,2026-09-11 18:31:21,transferencia,180.0,pendiente,REF-9C203C8B
P-A0FADD3BB9,V-94F9F008B6,2026-09-11 18:31:22,vale,108.0,pendiente,REF-6CD2A6C0
P-617AC72773,V-7865AD4CD4,2026-09-11 18:31:22,vale,55.0,aprobado,REF-27FE5133
P-2A989B490E,V-6CD2E7D990,2026-09-11 18:31:23,tarjeta,126.0,aprobado,REF-5290D3B5
P-2D066EF0A0,V-B187C54E52,2026-09-11 18:31:24,vale,1140.0,aprobado,REF-F603EF0D
P-F7D61938CE,V-60FDA82EA3,2026-09-11 18:31:24,tarjeta,126.0,aprobado,REF-D68918AA
P-53FA26165D,V-39ADB6370D,2026-09-11 18:31:25,vale,90.0,aprobado,REF-44C4F060
P-407774660F,V-CA95CEE3A2,2026-09-11 18:31:25,tarjeta,55.0,aprobado,REF-8B3D5212
P-0A8DEEAA94,V-2281F3A337,2026-09-11 18:31:26,transferencia,126.0,aprobado,REF-B0A6CB46
P-618194A87D,V-CA3B3225AA,2026-09-11 18:31:27,vale,72.0,aprobado,REF-83C89995
P-70BBBA931D,V-A020914035,2026-09-11 18:31:27,tarjeta,128.0,pendiente,REF-BD905D2F
P-185B2547E7,V-9620105B9A,2026-09-11 18:31:28,tarjeta,840.0,aprobado,REF-A92E1977
P-47E61C862A,V-435FE737A7,2026-09-11 18:31:28,vale,2100.0,aprobado,REF-20FF96D3
P-CFF014D6D1,V-048D743889,2026-09-11 18:31:29,transferencia,135.0,aprobado,REF-B2FF3CD2
P-24E2215524,V-2DA8736D4F,2026-09-11 18:31:30,vale,160.0,aprobado,REF-768C3558
P-4F1822D728,V-F3F78B5A10,2026-09-11 18:31:30,vale,275.0,aprobado,REF-E9DFE28C
P-667A680C65,V-371EC1A360,2026-09-11 18:31:31,tarjeta,380.0,pendiente,REF-9C591FE9
P-E82B8BBDE3,V-CE3D7A9451,2026-09-11 18:31:31,efectivo,90.0,aprobado,REF-F1436CC4
P-BDA6775C4A,V-7665961CBD,2026-09-11 18:31:32,vale,210.0,aprobado,REF-F364D112
P-4C19089E8A,V-7CC257ABEA,2026-09-11 18:31:33,transferencia,252.0,aprobado,REF-24A94174
P-29BE13BBC9,V-A8B149B20C,2026-09-11 18:31:33,vale,1170.0,pendiente,REF-5BECE669
P-713E4177D4,V-D6F6916C7C,2026-09-11 18:31:34,tarjeta,112.0,aprobado,REF-6ED31BA5
P-57E2FBEC4E,V-F8ADD77ABD,2026-09-11 18:31:34,vale,1680.0,pendiente,REF-7A56E9DE
P-B0D44BD751,V-0C5069EDE3,2026-09-11 18:31:35,transferencia,760.0,pendiente,REF-D55E5BEF
P-717895930C,V-994F60C0E8,2026-09-11 18:31:36,efectivo,54.0,aprobado,REF-DCE35C49
P-C376C20CFD,V-568EED8C91,2026-09-11 18:31:36,tarjeta,140.0,aprobado,REF-AF330B1B
P-3FE7394875,V-C79A26A0EB,2026-09-11 18:31:37,efectivo,96.0,aprobado,REF-6A2306E1
P-42EC368E4B,V-A2C8B702FB,2026-09-11 18:31:37,transferencia,192.0,pendiente,REF-9163B668
P-D22AADB824,V-764119531E,2026-09-11 18:31:38,vale,48.0,aprobado,REF-575B81C5
P-5387C0B24D,V-862C39ABD9,2026-09-11 18:31:39,vale,56.0,aprobado,REF-A4A58D54
P-D4E168B216,V-2C32AB0C3F,2026-09-11 18:31:39,tarjeta,1260.0,pendiente,REF-E14FC4C1
P-72BCDA3972,V-FD585F3E07,2026-09-11 18:31:40,transferencia,288.0,aprobado,REF-1C466A63
P-B0A7F01BCE,V-644E976D09,2026-09-11 18:31:41,tarjeta,220.0,aprobado,REF-FA99BE4E
P-BCB842F11E,V-739138D6E7,2026-09-11 18:31:41,efectivo,1140.0,aprobado,REF-991E37DE
P-5E01971D16,V-3BC6A226D6,2026-09-11 18:31:42,transferencia,160.0,pendiente,REF-206CCB2E
P-CDC216E493,V-AF2C7C7D92,2026-09-11 18:31:42,efectivo,760.0,aprobado,REF-A6AB8132
P-E189919DCB,V-B5B6CA38FE,2026-09-11 18:31:43,vale,270.0,aprobado,REF-95573EA3
P-6045684F96,V-2B0A54EC54,2026-09-11 18:31:44,efectivo,45.0,aprobado,REF-7933F248
P-409C04AD66,V-A3CEEEBF3F,2026-09-11 18:31:44,efectivo,168.0,pendiente,REF-AE5B1B57
P-7C4ABE4B7D,V-3FF942739B,2026-09-11 18:31:45,transferencia,96.0,pendiente,REF-2CF3EF37
P-ECA7DD7429,V-39C9D8E81D,2026-09-11 18:31:45,tarjeta,252.0,aprobado,REF-61CA7FE3
P-859239BB70,V-ED6226534A,2026-09-11 18:31:46,tarjeta,2100.0,pendiente,REF-D28ADCD2
P-E22F0E7F20,V-BE9E81DB22,2026-09-11 18:31:46,vale,760.0,aprobado,REF-34372F85
P-9ADEAC5D87,V-C0D80BE438,2026-09-11 18:31:47,tarjeta,1520.0,aprobado,REF-2A6FA356
P-FC8979FC8C,V-04B3F109B3,2026-09-11 18:31:48,transferencia,380.0,aprobado,REF-F5CEB06A
P-A576354A9D,V-83CE703378,2026-09-11 18:31:48,tarjeta,48.0,aprobado,REF-40BBFA90
P-C28EAED60E,V-5543034CCB,2026-09-11 18:31:49,transferencia,168.0,aprobado,REF-0B9C94F5
P-4F1A7C997E,V-9A45B331CC,2026-09-11 18:31:49,efectivo,760.0,aprobado,REF-29E8EC4F
P-8F6D4EFC15,V-6F0A9ECCCB,2026-09-11 18:31:50,transferencia,220.0,aprobado,REF-BB574D5D
P-E9A1326999,V-38B0152DE9,2026-09-11 18:31:51,vale,96.0,aprobado,REF-ADB0E1AC
P-242AE19D15,V-DD1131FE36,2026-09-11 18:31:52,vale,108.0,aprobado,REF-5202F81B
P-B1360F5C0A,V-9900C86D79,2026-09-11 18:31:52,vale,2340.0,aprobado,REF-AD5BB0C6
P-5ECF6DBC76,V-260C1FEDD1,2026-09-11 18:31:53,tarjeta,2340.0,aprobado,REF-9429575D
P-AA1111A470,V-8674436A76,2026-09-11 18:31:53,vale,64.0,aprobado,REF-2D94DB9B
P-256C36ED33,V-B711B18EBC,2026-09-11 18:31:54,transferencia,90.0,aprobado,REF-95E4C4B9
P-4AEF94DCDE,V-7D6CD36A68,2026-09-11 18:31:54,efectivo,225.0,pendiente,REF-9F9BC398
P-F5E8D3E74B,V-E051A1131A,2026-09-11 18:31:55,transferencia,140.0,aprobado,REF-F2BD70AE
P-19FCE5E30F,V-E9709D5B91,2026-09-11 18:31:56,vale,1950.0,aprobado,REF-09B9FB5A
P-05E5559044,V-8B8C705AEF,2026-09-11 18:31:56,vale,96.0,aprobado,REF-AAC44935
P-DCB8071964,V-6A42E25300,2026-09-11 18:31:57,vale,72.0,aprobado,REF-FCD42033
P-C504207F0D,V-0944E6B0B5,2026-09-11 18:31:58,tarjeta,1560.0,aprobado,REF-36A932CA
P-E0BBE0C5BF,V-6EB04DA4BE,2026-09-11 18:31:58,tarjeta,270.0,aprobado,REF-632B2588
P-719DD354D9,V-5551078939,2026-09-11 18:31:59,transferencia,45.0,aprobado,REF-06EFA896
P-FDF80CB25A,V-705B2E3807,2026-09-11 18:31:59,transferencia,1680.0,aprobado,REF-C4EC3203
P-70E31F80D3,V-0AE2C8189B,2026-09-11 18:32:00,tarjeta,90.0,aprobado,REF-C411BF9E
P-B10E94E895,V-3857BC70C2,2026-09-11 18:32:00,transferencia,64.0,aprobado,REF-DAF8D49E
P-3B28E143F2,V-36A390B6C8,2026-09-11 18:32:01,efectivo,168.0,aprobado,REF-0F0EB2EC
P-60EAAB7138,V-92E242D676,2026-09-11 18:32:01,tarjeta,126.0,aprobado,REF-8A1B717C
P-5915750B10,V-044AE8F7F9,2026-09-11 18:32:02,tarjeta,330.0,aprobado,REF-6C7D4E6C
P-6B71CC3EB6,V-0689D17CC6,2026-09-11 18:32:02,vale,760.0,aprobado,REF-D30DD95F
P-0661478571,V-148FF16A7F,2026-09-11 18:32:03,transferencia,48.0,aprobado,REF-01DE2976
P-283DEB1DE2,V-778EAD08B9,2026-09-11 18:32:03,tarjeta,96.0,aprobado,REF-A7C56665
P-5A4AD80180,V-62D810F056,2026-09-11 18:32:04,tarjeta,55.0,aprobado,REF-0E901F06
P-44209E8809,V-4AD6BA6B30,2026-09-11 18:32:04,efectivo,2340.0,aprobado,REF-2236AA9D
P-0006B4D965,V-9DF4069991,2026-09-11 18:32:05,efectivo,192.0,aprobado,REF-A3D19EC1
P-DB58D235F5,V-F54453079E,2026-09-11 18:32:05,transferencia,144.0,aprobado,REF-145BC25B
P-8648A3419A,V-47AC54C66C,2026-09-11 18:32:06,vale,330.0,aprobado,REF-B8950EC7
P-9AA024EADD,V-DB985A6416,2026-09-11 18:32:07,vale,840.0,pendiente,REF-EBF94337
P-5127ED55BA,V-AE0FD01416,2026-09-11 18:32:07,efectivo,168.0,aprobado,REF-4CCB7758
P-648BDECA79,V-216068BFBA,2026-09-11 18:32:08,transferencia,240.0,aprobado,REF-C8E5528E
P-AC7D9B1114,V-FF9341006A,2026-09-11 18:32:08,transferencia,84.0,aprobado,REF-F4D1F201
P-F2962AC56E,V-A38C09BABA,2026-09-11 18:32:09,vale,760.0,aprobado,REF-730C7806
P-99BBE7D987,V-E55E3388C1,2026-09-11 18:32:09,vale,32.0,pendiente,REF-87262C19
P-E8C70BC28E,V-9CFC97F068,2026-09-11 18:32:10,efectivo,42.0,pendiente,REF-29CE3822
P-FD8B87D3A8,V-B9E82D9CE9,2026-09-11 18:32:10,tarjeta,220.0,pendiente,REF-414CEB51
P-35456B1BA2,V-4DEBF61CFA,2026-09-11 18:32:11,efectivo,192.0,aprobado,REF-0865F1CB
P-F438EC8B28,V-1ECE61C67D,2026-09-11 18:32:12,efectivo,180.0,aprobado,REF-B316CAEF
P-F7884858C3,V-0CA0806215,2026-09-11 18:32:12,vale,36.0,aprobado,REF-15892708
P-B2C240F414,V-9C0E631C38,2026-09-11 18:32:13,vale,45.0,aprobado,REF-53E89BAA
P-C75E7EE66C,V-618FCEF8A5,2026-09-11 18:32:13,vale,330.0,pendiente,REF-6B482DF8
P-7275C2F68E,V-AAE7C55DEB,2026-09-11 18:32:14,vale,2280.0,aprobado,REF-D28EEE5B
P-3F23F9F6D1,V-0B760EC094,2026-09-11 18:32:15,transferencia,240.0,aprobado,REF-F86BC062
P-5608EBAA76,V-F0C92482DE,2026-09-11 18:32:15,vale,252.0,pendiente,REF-AEBB1883
P-665524F680,V-CB2E59096C,2026-09-11 18:32:16,tarjeta,112.0,aprobado,REF-1BB50DEA
P-A1A8239F7E,V-0A9DFDC403,2026-09-11 18:32:16,tarjeta,780.0,pendiente,REF-9BE209BB
P-5E9FD3A8DC,V-011D145B59,2026-09-11 18:32:17,efectivo,2340.0,pendiente,REF-75B14577
P-A21A063224,V-C66CAAF961,2026-09-11 18:32:18,tarjeta,128.0,aprobado,REF-CF864D0F
P-29328C47F2,V-703097487B,2026-09-11 18:32:18,vale,108.0,aprobado,REF-39C00118
P-632B862D3A,V-EB8601C008,2026-09-11 18:32:19,efectivo,165.0,pendiente,REF-04802312
P-BC8C79C501,V-744A8990AB,2026-09-11 18:32:19,tarjeta,108.0,aprobado,REF-8A191C69
P-68E655997B,V-DEFD4419E6,2026-09-11 18:32:20,efectivo,165.0,aprobado,REF-EB8D682B
P-873A120B28,V-6C96700E59,2026-09-11 18:32:21,efectivo,165.0,aprobado,REF-753C76E3
P-23397EBEE0,V-02483824B4,2026-09-11 18:32:21,transferencia,288.0,aprobado,REF-4E76F167
P-6D995739AA,V-1071E875AC,2026-09-11 18:32:22,tarjeta,135.0,aprobado,REF-094E49F9
P-8891265132,V-B3DB63B830,2026-09-11 18:32:23,tarjeta,760.0,aprobado,REF-99B11CEB
P-D842E4EDDA,V-9D1BBE0CDC,2026-09-11 18:32:23,transferencia,32.0,aprobado,REF-5452E009
P-40A7ADA37F,V-68D776AD87,2026-09-11 18:32:24,tarjeta,2280.0,aprobado,REF-4BCD4785
P-40E868D094,V-059CE6362E,2026-09-11 18:32:25,efectivo,270.0,aprobado,REF-380EEAA6
P-480D8C7E82,V-B4ABDAE970,2026-09-11 18:32:25,vale,288.0,aprobado,REF-7D739F2A
P-C83505A884,V-E2063D5E47,2026-09-11 18:32:26,efectivo,380.0,pendiente,REF-9413ACA1
P-F6351B4C8B,V-A44744951E,2026-09-11 18:32:26,tarjeta,90.0,aprobado,REF-DAF00356
P-D5D7A406CD,V-5311D9E8A7,2026-09-11 18:32:27,transferencia,780.0,aprobado,REF-6D28BCF9
P-C0DB1FF302,V-197335A756,2026-09-11 18:32:27,tarjeta,2340.0,aprobado,REF-B3AF861F
P-077767A6EC,V-983911B879,2026-09-11 18:32:28,vale,2340.0,aprobado,REF-39466924
P-4440586C41,V-7B3749E31E,2026-09-11 18:32:28,tarjeta,2100.0,aprobado,REF-5B82BF9B
P-C06EDDA656,V-9D7EA41FDD,2026-09-11 18:32:29,vale,144.0,aprobado,REF-3ECE0213
P-33D9EC5BAF,V-F87C4FF614,2026-09-11 18:32:29,transferencia,45.0,aprobado,REF-F3C45835
P-F047AEB10B,V-1DFE4DD5E9,2026-09-11 18:32:30,efectivo,55.0,aprobado,REF-60848408
P-3BA4255BB3,V-A3B2AE124B,2026-09-11 18:32:30,efectivo,225.0,aprobado,REF-F7EB5B37
P-72C79F1541,V-7C58E2F15A,2026-09-11 18:32:31,transferencia,48.0,aprobado,REF-27C6149A
P-D9EE4F3845,V-9534485274,2026-09-11 18:32:32,vale,28.0,pendiente,REF-075A72DA
P-055737726C,V-F6550BE92C,2026-09-11 18:32:32,vale,420.0,aprobado,REF-D314555B
P-2D3B9304B1,V-553D0B1184,2026-09-11 18:32:33,efectivo,42.0,aprobado,REF-5D0E0481
P-C64A214629,V-01FD82BC54,2026-09-11 18:32:34,efectivo,90.0,aprobado,REF-2D935AF4
P-FB40089BD7,V-206B8B75F8,2026-09-11 18:32:34,tarjeta,32.0,aprobado,REF-B3CE739D
P-4F03B800F0,V-CB4F40C41C,2026-09-11 18:32:35,transferencia,220.0,aprobado,REF-3BFDB6A0
P-2E35B37021,V-66CE55AAFC,2026-09-11 18:32:35,tarjeta,168.0,aprobado,REF-CD3D792A
P-07FC7EF5B0,V-DE9BF0B5FD,2026-09-11 18:32:36,transferencia,780.0,aprobado,REF-C20A1470
P-F3940A65B1,V-BB212786D9,2026-09-11 18:32:36,efectivo,56.0,aprobado,REF-5D331F87
P-12C3686143,V-2DE33E2C74,2026-09-11 18:32:37,tarjeta,55.0,aprobado,REF-761956D0
P-E4C9E66F1A,V-3CD3703FB4,2026-09-11 18:32:37,transferencia,36.0,pendiente,REF-FF1C44DF
P-AC6C07AC7B,V-3A5B2183C3,2026-09-11 18:32:38,tarjeta,144.0,pendiente,REF-BB14AD41
P-759DD356A8,V-C5F9BB6D32,2026-09-11 18:32:39,vale,55.0,aprobado,REF-EBA1123C
P-19B37327DB,V-E2DF442F3C,2026-09-11 18:32:39,transferencia,84.0,aprobado,REF-09032769
P-D9E9D99D79,V-E6D26CA732,2026-09-11 18:32:40,vale,330.0,aprobado,REF-2B4FDFF5
P-0D33B876A4,V-D587110668,2026-09-11 18:32:40,tarjeta,48.0,pendiente,REF-CCD644AE
P-B0CCD0EA85,V-EE6899F938,2026-09-11 18:32:41,tarjeta,90.0,pendiente,REF-1AADDFEF
P-7EA020FDFD,V-B59A612B42,2026-09-11 18:32:42,efectivo,45.0,aprobado,REF-28E61F61
P-43A00B8A3D,V-D83B94035F,2026-09-11 18:32:43,transferencia,1680.0,aprobado,REF-9BB94639
P-D0F275AB39,V-F288397D84,2026-09-11 18:32:43,transferencia,330.0,pendiente,REF-D0C16D9A
P-F52FBDE6DB,V-7FBF5357E0,2026-09-11 18:32:43,vale,1170.0,aprobado,REF-E56C75B4
P-E5F21EB913,V-35344E1BC4,2026-09-11 18:32:44,transferencia,128.0,aprobado,REF-597924A4
P-3B8077CCCD,V-0307B4E8DD,2026-09-11 18:32:44,efectivo,18.0,aprobado,REF-7FBD3ECA
P-4CA135689A,V-3378A0E57A,2026-09-11 18:32:45,efectivo,380.0,aprobado,REF-3BD2AA21
P-901A99A7A0,V-07903F1701,2026-09-11 18:32:45,vale,2100.0,aprobado,REF-F1AB4A42
P-A946BD4FBD,V-EC23B8B1B3,2026-09-11 18:32:46,vale,165.0,aprobado,REF-6D05C8E3
P-742383825A,V-E86006A263,2026-09-11 18:32:47,vale,240.0,pendiente,REF-F0692E1B
P-35195FA123,V-BF02E57D18,2026-09-11 18:32:47,transferencia,48.0,aprobado,REF-3B15AD99
P-493155A874,V-1EECA6962B,2026-09-11 18:32:48,transferencia,56.0,aprobado,REF-406EF9FD
P-12D5BD831C,V-77E069E0B9,2026-09-11 18:32:48,tarjeta,28.0,pendiente,REF-4C0EAE9F
P-1068C3A460,V-32457ABE7F,2026-09-11 18:32:49,tarjeta,168.0,aprobado,REF-6C3A4B12
P-19CD4345BA,V-E5EA6D0104,2026-09-11 18:32:50,transferencia,420.0,pendiente,REF-87822740
P-01497A146B,V-1890CD273A,2026-09-11 18:32:50,efectivo,28.0,aprobado,REF-6ACCE6BE
P-E8DC9AC389,V-70EC491105,2026-09-11 18:32:51,transferencia,180.0,aprobado,REF-16ABF9D4
P-3BF00D038B,V-670C856BC8,2026-09-11 18:32:51,tarjeta,420.0,pendiente,REF-88D12A73
P-CA7315E6DD,V-AA9F36D48B,2026-09-11 18:32:52,transferencia,28.0,aprobado,REF-F153D9C6
P-FAE4B006B7,V-6FEB39D01A,2026-09-11 18:32:52,vale,108.0,aprobado,REF-AD317B75
P-A44AFD3E41,V-ADD367A1FE,2026-09-11 18:32:53,tarjeta,18.0,aprobado,REF-8A1532EC
P-3C2AA21400,V-2B3967A105,2026-09-11 18:32:53,efectivo,2520.0,pendiente,REF-33FB9CDB
P-B90C1E9BA2,V-FCFF02C945,2026-09-11 18:32:54,transferencia,840.0,aprobado,REF-8659E647
P-F7AA2828B9,V-7E0E1AAB2C,2026-09-11 18:32:54,tarjeta,2280.0,aprobado,REF-8A6F90EF
P-E72EF445B3,V-35CDBA8709,2026-09-11 18:32:55,efectivo,240.0,aprobado,REF-882D30D5
P-FC06037AC0,V-4D6268FBC1,2026-09-11 18:32:55,transferencia,108.0,aprobado,REF-08302AFE
P-7774D15897,V-237D292518,2026-09-11 18:32:56,tarjeta,42.0,pendiente,REF-3C69BF01
P-0C8CD18E65,V-20D2018661,2026-09-11 18:32:56,vale,128.0,aprobado,REF-4E2748C7
P-EE205146F8,V-C30E93C318,2026-09-11 18:32:57,tarjeta,108.0,aprobado,REF-F9C62914
P-03260F1B42,V-FB11041BBC,2026-09-11 18:32:58,tarjeta,330.0,aprobado,REF-D63BD32E
P-2198B2EE71,V-9969CBFBA4,2026-09-11 18:32:59,transferencia,275.0,aprobado,REF-97B3D9C2
P-12686706A7,V-3CBAA8C8E1,2026-09-11 18:32:59,tarjeta,128.0,aprobado,REF-0A1A5D4C
P-6CBC2ACF8A,V-079A5EC609,2026-09-11 18:32:59,efectivo,420.0,aprobado,REF-C2ED7099
P-C4C1E9FB4A,V-38CBF64859,2026-09-11 18:33:00,transferencia,2280.0,aprobado,REF-AC8BC7D0
P-B51C102D42,V-F1CD0B3138,2026-09-11 18:33:01,vale,72.0,aprobado,REF-8472A42B
P-FC62DCB6D6,V-E6665596C0,2026-09-11 18:33:01,efectivo,220.0,aprobado,REF-BACA0AEB
P-FBC51F8560,V-483D2B3BFE,2026-09-11 18:33:02,efectivo,780.0,aprobado,REF-D2A22F07
P-30F1DFB289,V-B7D72E8BFB,2026-09-11 18:33:03,efectivo,160.0,pendiente,REF-C25C2DD5
P-1437E5C74E,V-7BBF6580B6,2026-09-11 18:33:03,tarjeta,192.0,aprobado,REF-632F3D8B
P-BAA98E8BAC,V-10866AFA52,2026-09-11 18:33:04,tarjeta,84.0,pendiente,REF-59A6853F
P-37728100C5,V-FC9F0D124D,2026-09-11 18:33:05,tarjeta,126.0,pendiente,REF-C10B82C2
P-4FCE4D4DE3,V-B27E6A76F6,2026-09-11 18:33:05,tarjeta,1900.0,pendiente,REF-A396F5B6
P-E15760CAD3,V-FF0EC9593F,2026-09-11 18:33:06,tarjeta,1560.0,aprobado,REF-5C2E5C8E
P-4729B37735,V-67E52D020C,2026-09-11 18:33:06,tarjeta,192.0,aprobado,REF-7592E0CF
P-F3C20C78D7,V-577FE4B775,2026-09-11 18:33:07,efectivo,168.0,aprobado,REF-F165ADAB
P-C830A91ECA,V-E11CE2E3AE,2026-09-11 18:33:08,tarjeta,2280.0,aprobado,REF-9884007A
P-FFDE9B556D,V-AA66AE8B32,2026-09-11 18:33:08,tarjeta,288.0,pendiente,REF-544E81DE
P-8A284F299D,V-2F0DD289A1,2026-09-11 18:33:09,vale,54.0,aprobado,REF-345053D7
P-C5A968C264,V-D24B2DF57D,2026-09-11 18:33:09,vale,2520.0,aprobado,REF-4D7E832E
P-EF4FE658D2,V-989B38CF80,2026-09-11 18:33:10,tarjeta,160.0,aprobado,REF-BC9FB3D3
P-412DD7B16D,V-CC6F7A69BA,2026-09-11 18:33:10,transferencia,2280.0,pendiente,REF-17C6580A
P-FAD3E63165,V-82D194DE37,2026-09-11 18:33:11,vale,64.0,aprobado,REF-91D428FE
P-2C69789D9E,V-0C18CDF49A,2026-09-11 18:33:11,transferencia,288.0,pendiente,REF-7AF07AB9
P-BFEC7A6E43,V-DA883C4A06,2026-09-11 18:33:12,vale,45.0,aprobado,REF-82D861A3
P-476AC5A939,V-333BD2C1AF,2026-09-11 18:33:12,vale,72.0,pendiente,REF-F842DD45
P-74BAFBE01B,V-AD9EE495C9,2026-09-11 18:33:13,tarjeta,2280.0,pendiente,REF-A9F840CC
P-84C7116C98,V-F90EA67C09,2026-09-11 18:33:14,transferencia,380.0,aprobado,REF-B4C692CD
P-9BB921F331,V-D88352E798,2026-09-11 18:33:14,transferencia,126.0,aprobado,REF-CE2086E7
P-39C854A2E5,V-496E208711,2026-09-11 18:33:15,efectivo,84.0,aprobado,REF-9E2C35F6
P-6686BFC32E,V-3E99221678,2026-09-11 18:33:15,vale,840.0,aprobado,REF-208DE1B2
P-4B4747DB99,V-70CA289B41,2026-09-11 18:33:16,tarjeta,240.0,aprobado,REF-9429A6C7
P-6BFA6C2AEC,V-1F2039A388,2026-09-11 18:33:17,tarjeta,1680.0,aprobado,REF-ADE11B21
P-E24EEDC57C,V-837EF93F4E,2026-09-11 18:33:17,tarjeta,96.0,aprobado,REF-B0C3494B
P-72BBA8052D,V-57CDE46ED2,2026-09-11 18:33:18,transferencia,56.0,aprobado,REF-6FA92745
P-21933B0902,V-0B350BC840,2026-09-11 18:33:18,tarjeta,1680.0,aprobado,REF-1B276E38
P-645445F640,V-651FE30D55,2026-09-11 18:33:19,transferencia,760.0,pendiente,REF-4D08F8BF
P-352A930717,V-7F9EFA8380,2026-09-11 18:33:20,tarjeta,96.0,aprobado,REF-241B3017
P-853C07FF8E,V-6AAC85CD46,2026-09-11 18:33:20,tarjeta,252.0,aprobado,REF-CF631126
P-B1DA65318C,V-3179D31E95,2026-09-11 18:33:21,efectivo,840.0,aprobado,REF-B55A9072
P-AA954F44BF,V-BA723ECA4F,2026-09-11 18:33:21,transferencia,42.0,aprobado,REF-D29DEE24
P-9189B2D8D4,V-E84248EF90,2026-09-11 18:33:22,tarjeta,90.0,pendiente,REF-F403E202
P-A69332E034,V-C24FBDBFA2,2026-09-11 18:33:23,efectivo,126.0,pendiente,REF-470F6E51
P-03AFF4C789,V-7924336144,2026-09-11 18:33:23,efectivo,330.0,aprobado,REF-78D20298
P-608D94940E,V-53A0D6D3C5,2026-09-11 18:33:24,vale,840.0,aprobado,REF-33817A3B
P-61031C2119,V-1582CA5600,2026-09-11 18:33:24,efectivo,1260.0,aprobado,REF-DE6CECDC
P-3C7539E4AA,V-29DEB6AF34,2026-09-11 18:33:25,transferencia,1260.0,aprobado,REF-BDD2D526
P-D74FF1E4C2,V-F33436488D,2026-09-11 18:33:26,efectivo,42.0,aprobado,REF-0D70BA53
P-9A707B0CF6,V-8B8698097D,2026-09-11 18:33:26,transferencia,220.0,aprobado,REF-A0A57DDD
P-D832AF2512,V-E7C9C8A1CF,2026-09-11 18:33:27,vale,192.0,aprobado,REF-0B7A19B6
P-670C870189,V-A65ABD9136,2026-09-11 18:33:28,tarjeta,45.0,pendiente,REF-582E5240
P-7779854207,V-7C8E87BDAC,2026-09-11 18:33:28,vale,160.0,aprobado,REF-4A18BAF1
P-28A9F77B1A,V-93F5F23D32,2026-09-11 18:33:28,efectivo,780.0,aprobado,REF-680FE945
P-4EBA40E8A2,V-79842C990E,2026-09-11 18:33:29,tarjeta,1680.0,aprobado,REF-A5D1DD4A
P-D9FE2A1646,V-683BED981D,2026-09-11 18:33:30,vale,275.0,pendiente,REF-E83BE17F
P-65335452FE,V-CE37D5AB35,2026-09-11 18:33:30,efectivo,72.0,aprobado,REF-CEF52C56
P-1C4075532D,V-2E14C17D13,2026-09-11 18:33:31,efectivo,126.0,aprobado,REF-1C3DD61A
P-A16E53E446,V-41A4EA5B7B,2026-09-11 18:33:32,vale,36.0,aprobado,REF-51E1B66B
P-71BD5DBD59,V-F36C89A07C,2026-09-11 18:33:32,tarjeta,2520.0,aprobado,REF-CA26DF21
P-175356F6AB,V-05D8C74E75,2026-09-11 18:33:33,efectivo,45.0,pendiente,REF-D5A076F9
P-19F44FF538,V-C7ECDB308B,2026-09-11 18:33:34,efectivo,54.0,aprobado,REF-EE4A66E9
P-2D9ECDE2C4,V-1431711010,2026-09-11 18:33:34,vale,1260.0,aprobado,REF-B02EF8AC
P-73A50C6A39,V-A1ECFF8B26,2026-09-11 18:33:35,vale,2100.0,pendiente,REF-10A2B53A
P-6CAC5A5898,V-3638C72E47,2026-09-11 18:33:35,transferencia,112.0,aprobado,REF-43D50E59
P-570BE919D8,V-8DD73ED7FF,2026-09-11 18:33:36,efectivo,112.0,pendiente,REF-176CC0B8
P-6E3A314B32,V-29A3830AD4,2026-09-11 18:33:36,vale,18.0,pendiente,REF-2603449D
P-111EEE3B38,V-3A6AC6E149,2026-09-11 18:33:37,efectivo,1260.0,aprobado,REF-7BA33FCD
P-7981DAAA5D,V-D95CA5456C,2026-09-11 18:33:38,efectivo,140.0,aprobado,REF-0A8313F8
P-625E78E0D4,V-2192566F8A,2026-09-11 18:33:38,tarjeta,110.0,aprobado,REF-225B2576
P-68A7529552,V-F515B406A5,2026-09-11 18:33:39,efectivo,165.0,aprobado,REF-8D6CE0E5
P-27F7582797,V-A20D37DBD4,2026-09-11 18:33:39,tarjeta,1140.0,pendiente,REF-A369D58A
P-D61E314FDA,V-02F29EC391,2026-09-11 18:33:40,vale,140.0,aprobado,REF-811BD3ED
P-3BE648DAD7,V-C02347FC79,2026-09-11 18:33:41,vale,64.0,aprobado,REF-A6E19440
P-22F48B30B1,V-698E3A289E,2026-09-11 18:33:41,efectivo,64.0,aprobado,REF-F608670D
P-C8ED0F258D,V-9707222D25,2026-09-11 18:33:42,efectivo,165.0,pendiente,REF-5CAD5FC3
P-917E6098E8,V-5F98AF4038,2026-09-11 18:33:43,transferencia,54.0,aprobado,REF-2DE91F30
P-5B638C90AA,V-E41CB23172,2026-09-11 18:33:44,vale,270.0,pendiente,REF-3D44AEED
P-DC218C6387,V-D77DDB55D6,2026-09-11 18:33:44,vale,54.0,pendiente,REF-53EF1058
P-AE9AC416B9,V-120B30AFB5,2026-09-11 18:33:45,efectivo,180.0,aprobado,REF-1C8E660E
P-9CEF011DAF,V-580D5A24EB,2026-09-11 18:33:45,efectivo,252.0,aprobado,REF-D136276F
P-2A6EA2C2C0,V-5935F90D95,2026-09-11 18:33:46,tarjeta,168.0,aprobado,REF-3055AA99
P-C9806BA3E3,V-F89AC1CA6D,2026-09-11 18:33:47,vale,760.0,aprobado,REF-0055A21A
P-C5B1B163D7,V-00038D1DCB,2026-09-11 18:33:47,vale,168.0,aprobado,REF-52C73CC8
P-C16C8CB72E,V-FB5EC19AE1,2026-09-11 18:33:48,efectivo,252.0,aprobado,REF-5326C7D3
P-D3BD0BAF8A,V-A50B35CC00,2026-09-11 18:33:49,tarjeta,390.0,aprobado,REF-BD2505D9
P-AC39393434,V-AED8E2D053,2026-09-11 18:33:49,vale,144.0,aprobado,REF-A7458227
P-7491C70215,V-81894975E1,2026-09-11 18:33:50,transferencia,275.0,aprobado,REF-40E4C572
P-B906AA6907,V-9BD02F089F,2026-09-11 18:33:51,tarjeta,210.0,pendiente,REF-C640B544
P-8D5ABBC61F,V-C5D11AD1B5,2026-09-11 18:33:51,efectivo,168.0,pendiente,REF-C610F104
P-C9351E0A78,V-5D406E3815,2026-09-11 18:33:52,transferencia,225.0,aprobado,REF-D6E456BD
P-BED66DC327,V-DD9EEAFD02,2026-09-11 18:33:52,efectivo,760.0,aprobado,REF-5A7351B0
P-2C3F8AFBEE,V-D56E3DC1F4,2026-09-11 18:33:53,tarjeta,42.0,aprobado,REF-0705125C
P-3EDB82307F,V-139A0B5CD6,2026-09-11 18:33:53,tarjeta,225.0,aprobado,REF-BA7635D4
P-DC9D6BB9EE,V-01E099F9EF,2026-09-11 18:33:54,transferencia,390.0,aprobado,REF-5AE80DE6
P-36CBA1D625,V-62F0032F9D,2026-09-11 18:33:54,transferencia,288.0,aprobado,REF-3BF3B00A
P-DBBEC8A2EC,V-6BE910591D,2026-09-11 18:33:55,vale,220.0,aprobado,REF-AC40B0EF
P-297B63C9A3,V-6753B4D89C,2026-09-11 18:33:56,transferencia,32.0,aprobado,REF-D7EDE65A
P-4FD09B1F22,V-38FDEEE2B7,2026-09-11 18:33:56,transferencia,72.0,aprobado,REF-EBF5838A
P-49D4224CAC,V-9946EA6359,2026-09-11 18:33:57,vale,840.0,aprobado,REF-FE18EF46
P-B8C71E9291,V-8B3673A2B1,2026-09-11 18:33:57,transferencia,2340.0,aprobado,REF-07B39CBA
P-81E0A02B56,V-1B0B55DF14,2026-09-11 18:33:58,efectivo,108.0,aprobado,REF-6C7395BE
P-08574A765C,V-D9402F3825,2026-09-11 18:33:58,tarjeta,96.0,aprobado,REF-029F3885
P-79BCD3B3FC,V-6769E5E3DA,2026-09-11 18:33:59,tarjeta,210.0,aprobado,REF-8DA54CED
P-4D265399F7,V-C907A8AB02,2026-09-11 18:34:00,efectivo,84.0,aprobado,REF-7FE353AC
P-D0CCD761B6,V-7693BDF108,2026-09-11 18:34:00,efectivo,192.0,pendiente,REF-6C5F027C
P-D8F7CFC741,V-008AA8343E,2026-09-11 18:34:01,efectivo,1520.0,pendiente,REF-A88C9B60
P-D25AD22EA7,V-0474C646E1,2026-09-11 18:34:01,transferencia,108.0,aprobado,REF-08D0AC6B
P-9A070EC848,V-7820314A45,2026-09-11 18:34:02,efectivo,288.0,aprobado,REF-787A9F2C
P-A9FD197D71,V-088AC00C2C,2026-09-11 18:34:02,tarjeta,168.0,aprobado,REF-5CF27285
P-E6227FB7D7,V-CCE9EC90CE,2026-09-11 18:34:03,vale,96.0,aprobado,REF-31F6173F
P-BA3DDB5981,V-E4AA447F02,2026-09-11 18:34:03,efectivo,1950.0,aprobado,REF-078A8CBB
P-E72FC55469,V-16733DBDF6,2026-09-11 18:34:04,efectivo,760.0,pendiente,REF-976C23E0
P-765BACA7DA,V-4A02C148E1,2026-09-11 18:34:05,transferencia,2520.0,aprobado,REF-33CC8652
P-5AA978AB0F,V-8F317B843E,2026-09-11 18:34:05,efectivo,45.0,aprobado,REF-FD0DF39F
P-782A07BBA3,V-C38329F11E,2026-09-11 18:34:06,tarjeta,2520.0,pendiente,REF-74665FFA
P-23C97E28D1,V-70DCF2DEBC,2026-09-11 18:34:06,efectivo,72.0,aprobado,REF-83A2CC0E
P-A7FA025400,V-18967CD5C6,2026-09-11 18:34:07,tarjeta,1170.0,aprobado,REF-0C4F618B
P-8F06143B69,V-5CE824AE9B,2026-09-11 18:34:07,transferencia,56.0,aprobado,REF-5FE46771
P-0A8D5549F2,V-9C599FA946,2026-09-11 18:34:08,vale,2100.0,aprobado,REF-E466F569
P-A64E7A7B3C,V-47A704D9A0,2026-09-11 18:34:09,transferencia,168.0,aprobado,REF-1C62CDA4
P-4619113D17,V-1E67D8A917,2026-09-11 18:34:09,transferencia,45.0,aprobado,REF-29DA8236
P-82B955FCE6,V-53FB4F78D5,2026-09-11 18:34:10,tarjeta,270.0,pendiente,REF-6F8391FC
P-B2B586F19F,V-52CA9C4C22,2026-09-11 18:34:11,vale,32.0,pendiente,REF-B6DB5B53
P-D6C99D02AC,V-AC6E70B39A,2026-09-11 18:34:11,efectivo,2340.0,pendiente,REF-62C4215E
P-D2FD4D6A55,V-F87E2AB04E,2026-09-11 18:34:12,vale,168.0,aprobado,REF-2BF05402
P-752566A287,V-A7E49A1199,2026-09-11 18:34:13,transferencia,96.0,aprobado,REF-BE89827B
P-193FCCE349,V-2CA0A89A6E,2026-09-11 18:34:13,transferencia,55.0,aprobado,REF-E1BEC1C7
P-8CCBE32186,V-A266BCC827,2026-09-11 18:34:14,vale,108.0,aprobado,REF-1245CC6B
P-715E07F7E9,V-E54545F947,2026-09-11 18:34:15,efectivo,90.0,aprobado,REF-229D6AB8
P-7769EFBDDF,V-A6F7F287CF,2026-09-11 18:34:15,tarjeta,165.0,pendiente,REF-1B4E0443
P-897D951119,V-DBB7207FFB,2026-09-11 18:34:16,vale,252.0,aprobado,REF-27845016
P-B59D44E1CB,V-24EC5AA8A5,2026-09-11 18:34:16,vale,275.0,aprobado,REF-20FFEEC0
P-5FDCF78A79,V-3CD1867951,2026-09-11 18:34:16,efectivo,126.0,aprobado,REF-1C26F41E
P-477CE4B80B,V-FC3FC4E0CC,2026-09-11 18:34:17,tarjeta,210.0,aprobado,REF-87486012
P-7C728FE2C7,V-5C5C671FDB,2026-09-11 18:34:17,transferencia,84.0,aprobado,REF-67149BBF
P-557C8A8B7D,V-BB3C13200F,2026-09-11 18:34:18,transferencia,90.0,aprobado,REF-F99AF834
P-668D00A502,V-EC61E9C4A7,2026-09-11 18:34:18,transferencia,1170.0,aprobado,REF-44A0DC3F
P-4723D826C3,V-E3DBC3B616,2026-09-11 18:34:19,vale,140.0,aprobado,REF-C9B862F2
P-7F0A4FDAB5,V-F04D2643A3,2026-09-11 18:34:19,transferencia,42.0,aprobado,REF-2CA4EE50
P-809EBD2CA8,V-043611BC44,2026-09-11 18:34:20,efectivo,1950.0,aprobado,REF-A56774B7
P-5BF3230BA8,V-13B4F4BA48,2026-09-11 18:34:20,transferencia,390.0,aprobado,REF-36FE8924
P-7207967AB8,V-3A57F2948F,2026-09-11 18:34:21,tarjeta,1560.0,aprobado,REF-88BA34A7
P-19DBA01215,V-54E2C793E5,2026-09-11 18:34:21,vale,1900.0,aprobado,REF-DDBE46D6
P-698A143C2F,V-A481DDFB90,2026-09-11 18:34:22,tarjeta,42.0,aprobado,REF-CD996D6B
P-22DF3F713C,V-D6F698F5F6,2026-09-11 18:34:22,tarjeta,56.0,aprobado,REF-48CCB4C2
P-124A5DA374,V-0D57AD995D,2026-09-11 18:34:22,transferencia,380.0,aprobado,REF-15DAEE1C
P-F6ED6A4642,V-F8B3350654,2026-09-11 18:34:23,efectivo,96.0,aprobado,REF-77C73383
P-DECB3D9C36,V-DF30EA8626,2026-09-11 18:34:24,tarjeta,240.0,aprobado,REF-ED874EF1
P-56C448743D,V-DEE4AE3D55,2026-09-11 18:34:24,tarjeta,96.0,aprobado,REF-E350F9BA
P-8191886635,V-B21F72285B,2026-09-11 18:34:25,tarjeta,1520.0,pendiente,REF-3B1756CD
P-FF3B3E3E8C,V-181894E0E8,2026-09-11 18:34:25,vale,1170.0,aprobado,REF-7777CFE9
P-10AB248817,V-6333948F5B,2026-09-11 18:34:26,efectivo,220.0,aprobado,REF-8ECE680F
P-44FB4DFE4E,V-89A5896D10,2026-09-11 18:34:27,tarjeta,2520.0,aprobado,REF-AF6497F9
P-C35468B82F,V-550AF461B8,2026-09-11 18:34:27,efectivo,140.0,pendiente,REF-5645F120
P-EE3EE35A3A,V-7189C0C47B,2026-09-11 18:34:28,efectivo,225.0,pendiente,REF-3F9723D9
P-D87D4AAE90,V-6A4C27DA59,2026-09-11 18:34:28,vale,192.0,aprobado,REF-0B105776
P-A6DB51D5B8,V-6D1FEE6E73,2026-09-11 18:34:29,transferencia,192.0,pendiente,REF-27ECE4F6
P-5AF34510F6,V-E8DCB2A2E7,2026-09-11 18:34:29,efectivo,110.0,aprobado,REF-5FE776EB
P-BF6FD8B9A5,V-2D9A4A759F,2026-09-11 18:34:30,transferencia,36.0,aprobado,REF-B61CCA0E
P-97CBDB891F,V-8613930FE5,2026-09-11 18:34:31,vale,165.0,aprobado,REF-9C2340AF
P-CB66EBB774,V-6FCE258C96,2026-09-11 18:34:31,tarjeta,112.0,aprobado,REF-0C3A4C73
P-B192A3D0DF,V-D583B1B294,2026-09-11 18:34:32,tarjeta,96.0,pendiente,REF-A194E56D
P-074CCC6D8F,V-1D589423B5,2026-09-11 18:34:32,efectivo,48.0,pendiente,REF-0A9BCF12
P-DBB4CED085,V-D40180E6F4,2026-09-11 18:34:33,transferencia,168.0,aprobado,REF-F1637D2B
P-8E54D77FCA,V-68378EF974,2026-09-11 18:34:33,vale,36.0,aprobado,REF-EED1C574
P-6F75E2857D,V-21F2174FFB,2026-09-11 18:34:34,efectivo,135.0,aprobado,REF-B65FFAE2
P-2A9DB70614,V-70228675C4,2026-09-11 18:34:34,transferencia,160.0,aprobado,REF-57F0E3BF
P-D8F584C4A4,V-4198597C73,2026-09-11 18:34:35,transferencia,126.0,aprobado,REF-7A68CA02
P-FE3C1C242C,V-10927706FB,2026-09-11 18:34:36,efectivo,72.0,aprobado,REF-63861CA7
P-88872465E7,V-C8EF3668BB,2026-09-11 18:34:36,vale,180.0,aprobado,REF-F886DDBE
P-722C891706,V-EEC0FCB157,2026-09-11 18:34:37,vale,36.0,aprobado,REF-BEC8B9F0
P-ED0F6B7BEC,V-F2C4721748,2026-09-11 18:34:37,transferencia,84.0,aprobado,REF-2D8D832F
P-036C576560,V-286B15624B,2026-09-11 18:34:38,vale,18.0,pendiente,REF-45BABEA1
P-376D0ABC2D,V-7F73A3FE0F,2026-09-11 18:34:38,vale,64.0,aprobado,REF-5DD4A7BC
P-4837DC8675,V-B9904CBF2E,2026-09-11 18:34:39,tarjeta,390.0,pendiente,REF-FCA446EF
P-EB6C864264,V-4D16F6E5FC,2026-09-11 18:34:39,tarjeta,220.0,aprobado,REF-EB044796
P-CE147933E5,V-A082392262,2026-09-11 18:34:40,tarjeta,420.0,pendiente,REF-3F13E9C7
P-687DAD4CE9,V-1D8BD7D362,2026-09-11 18:34:40,vale,56.0,aprobado,REF-5C23A54D
P-CF832B43F5,V-71384BA556,2026-09-11 18:34:41,efectivo,192.0,aprobado,REF-CCF2B51C
P-B32C1B0DC0,V-F9A7ED6ED7,2026-09-11 18:34:41,efectivo,165.0,aprobado,REF-A2640BC5
P-6D48E23004,V-6C4BECB491,2026-09-11 18:34:42,transferencia,380.0,aprobado,REF-7FBCBB40
P-48FF0AFE12,V-1B4311CFD3,2026-09-11 18:34:42,transferencia,275.0,pendiente,REF-659936C9
P-2B59E16CF5,V-AA355E840F,2026-09-11 18:34:43,transferencia,210.0,pendiente,REF-1E516FFF
P-AF2837762D,V-9A066CA357,2026-09-11 18:34:44,vale,90.0,aprobado,REF-680D6747
P-147EE82499,V-402E501FB4,2026-09-11 18:34:44,efectivo,2100.0,pendiente,REF-32FC1952
P-B7CBA0F9D9,V-77085813E8,2026-09-11 18:34:45,tarjeta,1140.0,aprobado,REF-B2594121
P-67F7AE3604,V-4BC7D97D94,2026-09-11 18:34:45,efectivo,1520.0,aprobado,REF-1CCA9C68
P-364B0FE57D,V-A3AF712428,2026-09-11 18:34:46,transferencia,275.0,aprobado,REF-5900F596
P-31FE848D26,V-FFE109C3F8,2026-09-11 18:34:47,transferencia,90.0,aprobado,REF-35950AA6
P-B9B72EBEBA,V-CB64E9B5B1,2026-09-11 18:34:47,tarjeta,2520.0,aprobado,REF-8944358C
P-B5259894DA,V-1DA7F172F9,2026-09-11 18:34:48,efectivo,84.0,aprobado,REF-00A16D3B
P-7E119F4E14,V-1AD8181D37,2026-09-11 18:34:48,tarjeta,135.0,pendiente,REF-A7374B31
P-EC065B304C,V-4B740077B3,2026-09-11 18:34:49,efectivo,108.0,aprobado,REF-635E5D35
P-5AC3ACB1E4,V-C2D0099A75,2026-09-11 18:34:49,transferencia,140.0,aprobado,REF-2E2A6087
P-1BF2EEDA6B,V-4FB083CFCF,2026-09-11 18:34:50,efectivo,390.0,aprobado,REF-088CCE95
P-6B2E640A62,V-4CA73C4673,2026-09-11 18:34:51,transferencia,112.0,pendiente,REF-D02D8872
P-F795ABD691,V-13E1B94A47,2026-09-11 18:34:51,transferencia,180.0,aprobado,REF-B95F3DE1
P-051A0AA0F5,V-308FA058C3,2026-09-11 18:34:52,transferencia,160.0,aprobado,REF-CAFB5EA1
P-F436E97F51,V-07F4ADE26A,2026-09-11 18:34:52,transferencia,45.0,aprobado,REF-DDB00430
P-81ADE5E8ED,V-340B55ECD6,2026-09-11 18:34:53,vale,140.0,pendiente,REF-C9DE8A88
P-BB25D4328D,V-487C7BE368,2026-09-11 18:34:53,transferencia,330.0,aprobado,REF-FE5935DB
P-274EBFD93F,V-E5A3457089,2026-09-11 18:34:54,transferencia,168.0,aprobado,REF-D6A54C71
P-C1CF1ABDB2,V-D3CC19E797,2026-09-11 18:34:55,vale,108.0,pendiente,REF-E9914B50
P-8C42492ECB,V-173124FA36,2026-09-11 18:34:55,vale,1560.0,aprobado,REF-7116AAB1
P-C91B8AE31B,V-E81934B0A3,2026-09-11 18:34:56,tarjeta,2100.0,aprobado,REF-8A92E2F5
P-CA696802EA,V-500F081B58,2026-09-11 18:34:56,transferencia,90.0,aprobado,REF-1CCD97D8
P-00D11E05CC,V-5F90A1CEC3,2026-09-11 18:34:57,vale,220.0,aprobado,REF-B67EB828
P-0111612DE5,V-94C22EB72C,2026-09-11 18:34:58,vale,18.0,aprobado,REF-2CCCC0DD
P-9C8B6D791A,V-BAB431E0C5,2026-09-11 18:34:58,transferencia,128.0,aprobado,REF-9E36218B
P-4CF2F57A4D,V-09F0CFAB40,2026-09-11 18:34:59,vale,165.0,aprobado,REF-58FEF091
P-8303BCFBBE,V-04758880AF,2026-09-11 18:34:59,transferencia,168.0,pendiente,REF-746EBFC3
P-5477CB683B,V-6C9F8620FD,2026-09-11 18:35:00,tarjeta,1140.0,aprobado,REF-38FC8D5C
P-030A2F1299,V-DE6267A61D,2026-09-11 18:35:01,tarjeta,225.0,aprobado,REF-F8F6E698
P-5AE0136985,V-4025B1251D,2026-09-11 18:35:01,tarjeta,108.0,aprobado,REF-A4D87814
P-432280674A,V-4A00C2BE12,2026-09-11 18:35:02,vale,192.0,aprobado,REF-81ECE321
P-8DEBEFE185,V-9E35A0F5A2,2026-09-11 18:35:02,efectivo,288.0,aprobado,REF-B8490ACF
P-FFE875A48E,V-69593FB19C,2026-09-11 18:35:03,efectivo,90.0,aprobado,REF-B7A5BAFF
P-4ADB2AEC04,V-DBF9046ACB,2026-09-11 18:35:04,tarjeta,56.0,pendiente,REF-77BD5D95
P-B0AF1739E6,V-7C4A92C5C3,2026-09-11 18:35:04,tarjeta,1520.0,aprobado,REF-88AE3909
P-572C8A9B44,V-171CA9FDA5,2026-09-11 18:35:05,tarjeta,2280.0,aprobado,REF-D6E6406C
P-77CA7B0651,V-EAC8E27815,2026-09-11 18:35:05,efectivo,240.0,aprobado,REF-93263003
P-1716C40B31,V-AC7B1E6A8E,2026-09-11 18:35:06,vale,2280.0,pendiente,REF-F7F345FA
P-E306E70DB6,V-46FE4289D9,2026-09-11 18:35:06,tarjeta,1680.0,aprobado,REF-9153143F
P-ED856CEDB3,V-CD156BD908,2026-09-11 18:35:07,efectivo,1170.0,aprobado,REF-06FCF7EE
P-B4720A6C55,V-4871378014,2026-09-11 18:35:08,efectivo,240.0,aprobado,REF-C06767DC
P-293EDFD93C,V-F5AB8000AF,2026-09-11 18:35:08,tarjeta,126.0,pendiente,REF-4310972D
P-E556F8BAA9,V-099A247112,2026-09-11 18:35:09,transferencia,135.0,pendiente,REF-E0187459
P-1A20557E22,V-8B29610C71,2026-09-11 18:35:09,tarjeta,135.0,aprobado,REF-0B49A174
P-D901074753,V-92181586EB,2026-09-11 18:35:10,efectivo,32.0,pendiente,REF-09272D03
P-F03F1E3B98,V-57EBBA581B,2026-09-11 18:35:10,efectivo,1520.0,pendiente,REF-265486C5
P-5159AA24E8,V-E481A6C143,2026-09-11 18:35:11,vale,180.0,aprobado,REF-AE1E5AD5
P-98420163D1,V-CD2233BCB7,2026-09-11 18:35:11,transferencia,110.0,aprobado,REF-94523DDE
P-1D4DD5D5C6,V-10FB7812AB,2026-09-11 18:35:12,tarjeta,270.0,aprobado,REF-9BBAAD59
P-C786B9AD3B,V-1C79E4A5DD,2026-09-11 18:35:13,vale,2520.0,aprobado,REF-CA78C2F3
P-72DDADDBF0,V-DCF467CC56,2026-09-11 18:35:13,tarjeta,2520.0,aprobado,REF-2B354427
P-13E05975E8,V-2E10CD20F9,2026-09-11 18:35:14,transferencia,380.0,aprobado,REF-FCF14614
P-03AA00DB81,V-4F71447B8C,2026-09-11 18:35:14,efectivo,2100.0,pendiente,REF-E3BE8CC6
P-91FB212E4F,V-9C91AF54C8,2026-09-11 18:35:15,tarjeta,72.0,aprobado,REF-ACB47118
P-B91612038A,V-D20E1839BA,2026-09-11 18:35:15,tarjeta,1900.0,aprobado,REF-130569CF
P-971D0E8E89,V-46926C7037,2026-09-11 18:35:16,tarjeta,72.0,aprobado,REF-A54084DE
P-377A2E78EB,V-6D1C066F3B,2026-09-11 18:35:16,tarjeta,110.0,pendiente,REF-D5CA9C98
P-76B266083D,V-225A05B05B,2026-09-11 18:35:17,transferencia,1560.0,aprobado,REF-388D4128
P-06365B68E7,V-C3A183E65B,2026-09-11 18:35:18,vale,45.0,pendiente,REF-A82CA57D
P-315A743AEF,V-4C15F5FF96,2026-09-11 18:35:18,vale,2280.0,aprobado,REF-69743CA0
P-773AB88E48,V-994702A134,2026-09-11 18:35:19,vale,128.0,aprobado,REF-30A45552
P-A48F5F937F,V-959F1A763A,2026-09-11 18:35:20,efectivo,144.0,aprobado,REF-706FF8F5
P-0489F3E047,V-AFB204ED78,2026-09-11 18:35:20,efectivo,1560.0,pendiente,REF-98C2EC48
P-F4D485F8B8,V-56BAA5D888,2026-09-11 18:35:21,tarjeta,54.0,aprobado,REF-C649987D
P-0D3C7248AE,V-BF013AD349,2026-09-11 18:35:22,transferencia,64.0,pendiente,REF-6FAF3F8E
P-B90E1927E0,V-486000B73F,2026-09-11 18:35:22,vale,210.0,aprobado,REF-62BC2F8E
P-CB602ADC1C,V-AEB02B9BAC,2026-09-11 18:35:23,tarjeta,28.0,aprobado,REF-ABDF006D
P-5E1BF75777,V-EBB08D4E52,2026-09-11 18:35:23,vale,96.0,aprobado,REF-3B1CB52A
P-0E8187A086,V-B9E5D50D02,2026-09-11 18:35:24,vale,420.0,aprobado,REF-36291868
P-419E87274B,V-F77B999EAC,2026-09-11 18:35:24,efectivo,126.0,aprobado,REF-8C516342
P-F942ED8DE1,V-8D207DEC2C,2026-09-11 18:35:25,efectivo,90.0,pendiente,REF-5EEEA101
P-E11CE49D8E,V-99C4E40416,2026-09-11 18:35:25,tarjeta,140.0,pendiente,REF-5A9C4349
P-3E6C99514D,V-10D35B4ED0,2026-09-11 18:35:26,vale,96.0,aprobado,REF-4EE180E8
P-2040444A0E,V-CD59528EF7,2026-09-11 18:35:26,vale,2100.0,pendiente,REF-5AB27131
P-C521A8BE51,V-A1FEFF2FB3,2026-09-11 18:35:27,transferencia,2280.0,aprobado,REF-0ED81514
P-230ECAD6E2,V-B536E03CBD,2026-09-11 18:35:27,tarjeta,420.0,aprobado,REF-DA3A9596
P-04AE98A5DE,V-F7C9A44F0A,2026-09-11 18:35:28,transferencia,1260.0,pendiente,REF-B3B3D8FB
P-8AD246F11D,V-17ECD15AC7,2026-09-11 18:35:28,efectivo,1900.0,aprobado,REF-ADD5B6AE
P-01EA94D843,V-0BEFFA1EE4,2026-09-11 18:35:29,vale,1170.0,aprobado,REF-229C611A
P-A7F460BEC2,V-84D52823C3,2026-09-11 18:35:30,vale,135.0,aprobado,REF-9B576EE0
P-E616274F6D,V-64364F8B0F,2026-09-11 18:35:30,efectivo,72.0,aprobado,REF-F8719915
P-AD18025215,V-35ED24AC57,2026-09-11 18:35:31,tarjeta,2100.0,pendiente,REF-A014163A
P-E3578701A2,V-34C04C4D0D,2026-09-11 18:35:31,efectivo,1950.0,aprobado,REF-68618C87
P-6D5909712F,V-4808699E0C,2026-09-11 18:35:32,efectivo,1170.0,aprobado,REF-D247E87F
P-819FFD85B9,V-E0F0313B54,2026-09-11 18:35:33,tarjeta,28.0,aprobado,REF-D8D5A853
P-F5C228F919,V-45FA56C8A9,2026-09-11 18:35:33,efectivo,32.0,aprobado,REF-77FF3356
P-05180D160D,V-6EC18A9978,2026-09-11 18:35:34,tarjeta,1560.0,aprobado,REF-8A6BA0DD
P-0D42515513,V-793FD97033,2026-09-11 18:35:34,tarjeta,45.0,pendiente,REF-12189CAF
P-09C30C9B9C,V-938BD4D8B2,2026-09-11 18:35:35,vale,210.0,aprobado,REF-894FC9BB
P-DB113DC7F0,V-05793E526D,2026-09-11 18:35:35,vale,32.0,aprobado,REF-5CF922C5
P-8265968D58,V-4AF2B66DB2,2026-09-11 18:35:36,efectivo,1170.0,aprobado,REF-1E4E1D8B
P-0D770EDE2D,V-E7347838E8,2026-09-11 18:35:36,efectivo,54.0,aprobado,REF-EC82F555
P-F323453EF8,V-0389A4FAE2,2026-09-11 18:35:37,tarjeta,96.0,pendiente,REF-9C36C210
P-4A0614B550,V-C521753C94,2026-09-11 18:35:38,vale,45.0,aprobado,REF-AF655202
P-4A61CE5B80,V-C72800EC6E,2026-09-11 18:35:38,efectivo,128.0,aprobado,REF-00B10BD7
P-6F76F36B6B,V-346E5D5F12,2026-09-11 18:35:38,transferencia,225.0,aprobado,REF-4C1DB895
P-B643B24730,V-B79F08B9C7,2026-09-11 18:35:39,transferencia,165.0,aprobado,REF-2F36AB1F
P-EC8AC054E3,V-9947A04C4C,2026-09-11 18:35:39,vale,135.0,pendiente,REF-76505A49
P-FB3BBDAD76,V-5C84296256,2026-09-11 18:35:40,transferencia,1140.0,aprobado,REF-73F89C06
P-B672231F93,V-00CD553083,2026-09-11 18:35:41,efectivo,1140.0,aprobado,REF-5055BE62
P-22F6050917,V-A4E787231A,2026-09-11 18:35:41,transferencia,240.0,aprobado,REF-7FBA439A
P-FEE4AADB15,V-3DC7C5D3E7,2026-09-11 18:35:42,tarjeta,96.0,aprobado,REF-FD6D6E87
P-F82D65F9F4,V-2E682991C1,2026-09-11 18:35:42,vale,2280.0,aprobado,REF-62D170B3
P-98886DEB4F,V-44695FF6E2,2026-09-11 18:35:43,efectivo,275.0,aprobado,REF-9081E867
P-2FFAE71467,V-D4D492F509,2026-09-11 18:35:43,efectivo,126.0,aprobado,REF-B66FE4B4
P-7BED10E84C,V-7316B0AF00,2026-09-11 18:35:44,transferencia,160.0,aprobado,REF-F37ACD4A
P-12E63F1054,V-6150AD09DB,2026-09-11 18:35:45,vale,252.0,aprobado,REF-BBD32400
P-0E179773C1,V-3B9BAB7D79,2026-09-11 18:35:45,tarjeta,28.0,aprobado,REF-399670B9
P-28B089D4F4,V-4AADC0C2C8,2026-09-11 18:35:46,tarjeta,760.0,pendiente,REF-4E238689
P-B09D897243,V-6CEC9061BE,2026-09-11 18:35:46,transferencia,1520.0,pendiente,REF-4E30D42E
P-D5AEE13877,V-1BD093BC7B,2026-09-11 18:35:47,efectivo,72.0,aprobado,REF-38B4BA35
P-26B28B574E,V-2DE69D0156,2026-09-11 18:35:48,tarjeta,760.0,aprobado,REF-E236F19D
P-46C2BBB397,V-F6CFCB6C55,2026-09-11 18:35:48,efectivo,135.0,aprobado,REF-7E5373A1
P-90DECBECC5,V-80058FD394,2026-09-11 18:35:49,vale,1170.0,aprobado,REF-36BDBD03
P-1CBC9C28E5,V-98387D84B1,2026-09-11 18:35:50,efectivo,110.0,aprobado,REF-FF8DEEC4
P-A592730133,V-FAA1D39968,2026-09-11 18:35:51,transferencia,780.0,aprobado,REF-015A74E9
P-1803571699,V-6E19B198E1,2026-09-11 18:35:51,efectivo,110.0,aprobado,REF-605AC119
P-19D8DB36C9,V-24D76A911A,2026-09-11 18:35:52,efectivo,90.0,aprobado,REF-B792C82B
P-CCFA03FC1E,V-D42DF1F028,2026-09-11 18:35:52,vale,28.0,aprobado,REF-6AFC1B5B
P-55D46FC000,V-D0690E2FD1,2026-09-11 18:35:53,tarjeta,64.0,aprobado,REF-9D6A2745
P-C017F311C7,V-92BCE9837F,2026-09-11 18:35:54,vale,48.0,aprobado,REF-2F6A19DD
P-3FC95258A5,V-9291E1B0CC,2026-09-11 18:35:54,efectivo,168.0,pendiente,REF-35BB34E4
P-E1E177CDA5,V-ABF0A4D1F4,2026-09-11 18:35:55,transferencia,275.0,pendiente,REF-4F6F4074
P-EB95C0D375,V-FDB629FF51,2026-09-11 18:35:56,transferencia,84.0,pendiente,REF-0A3A2495
P-E696A75440,V-D60CA4AB11,2026-09-11 18:35:56,efectivo,2520.0,pendiente,REF-6B534655
P-15DFB3D72F,V-2A73D700E3,2026-09-11 18:35:57,tarjeta,1140.0,pendiente,REF-7B6D7407
P-35466C7C01,V-AF52639A12,2026-09-11 18:35:58,tarjeta,1260.0,aprobado,REF-C1238119
P-B4F57580E8,V-B1B4FFB1A4,2026-09-11 18:35:58,transferencia,192.0,aprobado,REF-868D316F
P-1655E9693C,V-E37F642DBE,2026-09-11 18:35:58,efectivo,96.0,aprobado,REF-3F001208
P-E7E0DC045F,V-AB0C8FFDBD,2026-09-11 18:35:59,efectivo,192.0,aprobado,REF-2DD822B8
P-87BD5FB467,V-CBC1404E83,2026-09-11 18:36:00,vale,168.0,aprobado,REF-1B3CFCCB
P-0075F61CDA,V-CFFE720599,2026-09-11 18:36:00,transferencia,165.0,aprobado,REF-90DA74DB
P-7E749DD051,V-23B05CEFD5,2026-09-11 18:36:01,vale,160.0,aprobado,REF-3D791E16
P-132F8D40B3,V-97B3F8FE5C,2026-09-11 18:36:01,tarjeta,90.0,aprobado,REF-CE815640
P-AA4638DC9A,V-FC43C76519,2026-09-11 18:36:02,vale,96.0,aprobado,REF-82A0206E
P-0F76BC6967,V-187D1A8440,2026-09-11 18:36:02,transferencia,2340.0,pendiente,REF-AD062A39
P-6730DABA8A,V-96C3581F55,2026-09-11 18:36:03,tarjeta,1560.0,aprobado,REF-AC58EA07
P-5EE6740B6A,V-327AE9B71F,2026-09-11 18:36:03,tarjeta,18.0,aprobado,REF-7CDC2291
P-EC82146386,V-E02EC350AE,2026-09-11 18:36:03,vale,84.0,pendiente,REF-9AAD5276
P-C66A78BCE7,V-8D533F1BD9,2026-09-11 18:36:04,vale,380.0,aprobado,REF-401D99E4
P-562ACC58AD,V-4B5371E98E,2026-09-11 18:36:05,tarjeta,2520.0,aprobado,REF-FBFA3932
P-29DCFAE5F0,V-EBF5C6D089,2026-09-11 18:36:05,transferencia,96.0,aprobado,REF-E594C5B0
P-B6DC534709,V-E8EA4BA42B,2026-09-11 18:36:06,vale,840.0,aprobado,REF-46FDCE13
P-FEFA369C15,V-0EB657E4FF,2026-09-11 18:36:06,efectivo,168.0,aprobado,REF-25AC9467
P-5884E5BBEF,V-05F907C827,2026-09-11 18:36:07,efectivo,210.0,aprobado,REF-AFF8D367
P-1975150DEA,V-6F3A6EA88D,2026-09-11 18:36:07,vale,28.0,aprobado,REF-B240746D
P-2FAF24D2B8,V-6085E75A47,2026-09-11 18:36:08,transferencia,128.0,aprobado,REF-7FC62EF2
P-227246891A,V-621C61916F,2026-09-11 18:36:08,transferencia,192.0,aprobado,REF-D3F7251B
P-3E90A659D8,V-C7BB3802E8,2026-09-11 18:36:09,tarjeta,1140.0,aprobado,REF-5E3902E7
P-C2FF74E6CF,V-DC5F61AC8A,2026-09-11 18:36:10,vale,2340.0,aprobado,REF-7A3A9B5D
P-80CCABB219,V-54F6FDC080,2026-09-11 18:36:10,vale,32.0,aprobado,REF-B750946D
P-A1556F0AAE,V-3D47F489FC,2026-09-11 18:36:11,efectivo,48.0,pendiente,REF-B4D80B85
P-6D1BEDEEBD,V-5137A03B98,2026-09-11 18:36:12,tarjeta,270.0,aprobado,REF-CC3FE425
P-0F64FAE970,V-901E7EA577,2026-09-11 18:36:12,vale,1260.0,pendiente,REF-A1B620F3
P-48D93EA556,V-4F21B4B5C4,2026-09-11 18:36:12,vale,128.0,aprobado,REF-C173F09F
P-F387FFFEB5,V-3F216C7E5A,2026-09-11 18:36:13,tarjeta,160.0,aprobado,REF-8121C6D1
P-546E9C2EA0,V-B709CDA79A,2026-09-11 18:36:13,vale,135.0,aprobado,REF-1A184457
P-DE0BE0D450,V-ECE65704CD,2026-09-11 18:36:14,vale,330.0,pendiente,REF-098DEA3A
P-E795EEC36F,V-C493F264C9,2026-09-11 18:36:14,vale,96.0,aprobado,REF-BD17B3BF
P-DE4162088E,V-40B953E629,2026-09-11 18:36:15,vale,18.0,aprobado,REF-4B14CAD7
P-2610B4AF9F,V-3C4DE8EECC,2026-09-11 18:36:16,vale,84.0,aprobado,REF-415A770C
P-B1AB559CA3,V-23FB8EA083,2026-09-11 18:36:16,transferencia,108.0,aprobado,REF-5846C42C
P-74347E8FC6,V-E5402D2C0C,2026-09-11 18:36:16,transferencia,140.0,pendiente,REF-611FBECF
P-139939653B,V-76FB7939A7,2026-09-11 18:36:17,vale,72.0,aprobado,REF-B3BB407A
P-8BFD40263C,V-CEBDE43D5B,2026-09-11 18:36:17,vale,760.0,pendiente,REF-C31DDB8D
P-AD025713EC,V-885BA33E89,2026-09-11 18:36:18,tarjeta,126.0,pendiente,REF-6EA3C47F
P-6E9A3C90A9,V-77DBAD5956,2026-09-11 18:36:18,transferencia,780.0,aprobado,REF-5197C786
P-4C98336D12,V-DCF408818E,2026-09-11 18:36:19,transferencia,18.0,pendiente,REF-D1870DFB
P-B38BD564B7,V-C672ABFDAD,2026-09-11 18:36:19,efectivo,48.0,aprobado,REF-8690F556
P-F394CAD226,V-214ABD29E1,2026-09-11 18:36:20,vale,1520.0,aprobado,REF-E9869F04
P-9FE391A0B3,V-248D8BAC90,2026-09-11 18:36:20,transferencia,168.0,pendiente,REF-9EDD3E42
P-E17F8C1AC1,V-B00B70D6EC,2026-09-11 18:36:21,efectivo,1520.0,aprobado,REF-5E14D3F1
P-A269114A1D,V-18288EB674,2026-09-11 18:36:21,transferencia,1560.0,aprobado,REF-128334C9
P-3A33D05BE1,V-724111AE1A,2026-09-11 18:36:22,tarjeta,1560.0,aprobado,REF-E06A15D5
P-43EBA21DB5,V-26BB71D0F2,2026-09-11 18:36:23,transferencia,210.0,pendiente,REF-C7F9BA43
P-8E44C6B270,V-E011C62A96,2026-09-11 18:36:23,tarjeta,48.0,aprobado,REF-D1D8695B
P-527F7F8D92,V-175789AD68,2026-09-11 18:36:24,efectivo,1520.0,aprobado,REF-0D9A99AB
P-99A1AD23A2,V-F4AFB6A59B,2026-09-11 18:36:24,vale,135.0,aprobado,REF-EF8AFD1C
P-C67AA399A1,V-52A1247CE0,2026-09-11 18:36:25,vale,330.0,aprobado,REF-8D37A8BC
P-44F77D7BD8,V-12DBEDDD7D,2026-09-11 18:36:25,transferencia,110.0,aprobado,REF-F7CC3989
P-61E7EBA619,V-04018C3DD2,2026-09-11 18:36:26,efectivo,84.0,aprobado,REF-8442B884
P-EDB31A15EA,V-BCE431298E,2026-09-11 18:36:26,vale,48.0,pendiente,REF-E2EE85EA
P-6211A20B62,V-2B78682A00,2026-09-11 18:36:27,transferencia,192.0,aprobado,REF-491FF621
P-F3416E1930,V-1FFBE512DA,2026-09-11 18:36:28,efectivo,72.0,aprobado,REF-F8587540
P-D0C1A2F2B7,V-1719F17378,2026-09-11 18:36:28,efectivo,90.0,aprobado,REF-F0203978
P-536AB0FBDB,V-5BB9D971C8,2026-09-11 18:36:29,efectivo,42.0,aprobado,REF-B06C02C4
P-E225839A21,V-2CADCA242C,2026-09-11 18:36:30,efectivo,192.0,aprobado,REF-658F7004
P-7D02B4770B,V-8EBA1A7934,2026-09-11 18:36:30,transferencia,90.0,aprobado,REF-59BD4E14
P-FBA00C5B44,V-46F70054A0,2026-09-11 18:36:30,transferencia,36.0,pendiente,REF-1F4F518B
P-7548CFB1DA,V-D1004D1A93,2026-09-11 18:36:31,efectivo,192.0,aprobado,REF-1189511B
P-63644E54D1,V-BF5DCE4487,2026-09-11 18:36:31,tarjeta,168.0,pendiente,REF-7A7398C3
P-49D12F2E68,V-FAF8E39653,2026-09-11 18:36:32,tarjeta,140.0,aprobado,REF-6C3D6DAE
P-3E06376BBE,V-A3F17D770C,2026-09-11 18:36:33,efectivo,192.0,pendiente,REF-FCDE8975
P-245F78EBC5,V-82A0F13704,2026-09-11 18:36:33,vale,96.0,aprobado,REF-A2CD10D0
P-965FB136FE,V-C983083CF6,2026-09-11 18:36:33,transferencia,390.0,aprobado,REF-47D3B111
P-E6F326009E,V-78D5F831DD,2026-09-11 18:36:34,efectivo,126.0,pendiente,REF-CF43E2A4
P-FC3BC8C936,V-7405957333,2026-09-11 18:36:34,transferencia,135.0,aprobado,REF-76E69FBE
P-F4BF846782,V-3EB28D0272,2026-09-11 18:36:35,transferencia,18.0,aprobado,REF-394F350F
P-86398010F3,V-2B69C05E3C,2026-09-11 18:36:35,efectivo,56.0,pendiente,REF-2B020839
P-7417102571,V-C66233A824,2026-09-11 18:36:36,vale,48.0,aprobado,REF-EF753474
P-6187EE3F4D,V-59A2F0AF74,2026-09-11 18:36:36,efectivo,96.0,aprobado,REF-ACCDD9E3
P-49C9D3D62F,V-6EE592ACA5,2026-09-11 18:36:37,transferencia,54.0,aprobado,REF-3B215FA5
P-79DE1E07C3,V-3F9F6B7327,2026-09-11 18:36:38,efectivo,160.0,pendiente,REF-8BE476A4
P-82450294DA,V-70B97FC641,2026-09-11 18:36:38,efectivo,28.0,aprobado,REF-65902035
P-4BF28F1C14,V-7863CA1B6C,2026-09-11 18:36:39,efectivo,252.0,aprobado,REF-E4484B30
P-44AE7369BA,V-89A91B2A7E,2026-09-11 18:36:39,transferencia,225.0,aprobado,REF-F918A68E
P-060C1CEED8,V-AD953A3193,2026-09-11 18:36:40,transferencia,96.0,aprobado,REF-1B6C885F
P-D572A88143,V-000A6F2DDD,2026-09-11 18:36:41,transferencia,225.0,aprobado,REF-C1417981
P-CC03F33625,V-6A181F8EFD,2026-09-11 18:36:41,tarjeta,90.0,aprobado,REF-03DCF144
P-1601626E1A,V-E2ADFEFFFC,2026-09-11 18:36:42,tarjeta,1170.0,aprobado,REF-2A659CF8
P-176C024FA6,V-072B417ABC,2026-09-11 18:36:43,vale,90.0,aprobado,REF-55992774
P-B1009E6247,V-EE80261657,2026-09-11 18:36:43,transferencia,112.0,aprobado,REF-1B207FD3
P-55D20545DD,V-80126A1DA9,2026-09-11 18:36:44,efectivo,160.0,aprobado,REF-7E7965DD
P-EE1853FF0F,V-ED63851AE5,2026-09-11 18:36:44,vale,112.0,pendiente,REF-F6D08424
P-DBAE5B20B0,V-FF27F4F764,2026-09-11 18:36:45,efectivo,160.0,aprobado,REF-A99DB720
P-EF8B4093CA,V-5089B1BE09,2026-09-11 18:36:46,tarjeta,192.0,aprobado,REF-8E392600
P-A80A67E1BB,V-220C8C0006,2026-09-11 18:36:46,vale,2100.0,pendiente,REF-362963F2
P-57A924B02C,V-C75CF9FC8E,2026-09-11 18:36:47,vale,54.0,aprobado,REF-2AC9F1AD
P-70AD11E4EB,V-B2078D4EEC,2026-09-11 18:36:48,transferencia,135.0,aprobado,REF-7D8D9C4D
P-C6FFC421BC,V-F9D4813EA4,2026-09-11 18:36:48,efectivo,1680.0,aprobado,REF-6541AB48
P-47C964E8CF,V-EBFFA96431,2026-09-11 18:36:49,transferencia,110.0,aprobado,REF-1E8111E0
P-7168EA766C,V-71C08D313D,2026-09-11 18:36:50,efectivo,192.0,aprobado,REF-D69E97B0
P-D06A71BAEC,V-ECF838DC0B,2026-09-11 18:36:50,efectivo,84.0,pendiente,REF-231EC1AD
P-06CADF3056,V-8A18A4E286,2026-09-11 18:36:51,efectivo,96.0,aprobado,REF-B69D3E0B
P-95D85E31A2,V-A86B97F52C,2026-09-11 18:36:51,transferencia,64.0,aprobado,REF-FA3B8E92
P-082EFA6048,V-F964D2D87A,2026-09-11 18:36:52,efectivo,252.0,pendiente,REF-5CBA9FF2
P-83D1AE5503,V-0FD8898263,2026-09-11 18:36:53,tarjeta,56.0,aprobado,REF-C16875B1
P-E3C968900F,V-82E3A4B02A,2026-09-11 18:36:53,transferencia,110.0,aprobado,REF-FC083592
P-3B35C5FFAC,V-C389AB9ABA,2026-09-11 18:36:54,vale,112.0,aprobado,REF-DAA55DA4
P-775C9F379A,V-85B429AEA9,2026-09-11 18:36:54,transferencia,180.0,aprobado,REF-B011D339
P-8B9A97B2C1,V-4829E9AC43,2026-09-11 18:36:55,vale,270.0,pendiente,REF-846C214E
P-D63A9850F9,V-525167BD19,2026-09-11 18:36:56,tarjeta,45.0,aprobado,REF-27F40B4D
P-65E457EF6E,V-CAD34CB58B,2026-09-11 18:36:56,tarjeta,126.0,aprobado,REF-F8A33A87
P-11CCB18DDA,V-AE7946DC7C,2026-09-11 18:36:57,efectivo,288.0,aprobado,REF-EF81F6E7
P-CF6BD0DF37,V-A71072E654,2026-09-11 18:36:57,vale,760.0,pendiente,REF-322E4B48
P-46B6067782,V-78317BBECD,2026-09-11 18:36:58,efectivo,160.0,pendiente,REF-B0F9EAC7
P-1A7672B545,V-A6CCB2DD11,2026-09-11 18:36:58,efectivo,1140.0,aprobado,REF-40C96CD1
P-C39BF5152B,V-8DE7FC4762,2026-09-11 18:36:59,efectivo,84.0,pendiente,REF-AF394791
P-AD7B329DA8,V-089759BC77,2026-09-11 18:36:59,efectivo,2100.0,pendiente,REF-9ACA0F78
P-E2E7775006,V-B1E0059B6A,2026-09-11 18:37:00,tarjeta,180.0,aprobado,REF-937ECE93
P-B145243263,V-4BC6679247,2026-09-11 18:37:01,vale,1260.0,aprobado,REF-1683ACF0
P-2AB9873E14,V-CAC78FC26E,2026-09-11 18:37:01,vale,1140.0,aprobado,REF-7D44EDF9
P-4093B14BB8,V-7298BEFB14,2026-09-11 18:37:02,efectivo,192.0,aprobado,REF-356391CA
P-5AB241EAD8,V-F79BABEC4C,2026-09-11 18:37:02,tarjeta,1170.0,pendiente,REF-FDEC8654
P-7386A9BA06,V-6E8F635D4E,2026-09-11 18:37:03,efectivo,90.0,aprobado,REF-BB1BEA09
P-5E83AAB596,V-C39411AC71,2026-09-11 18:37:04,vale,28.0,aprobado,REF-D76FEB48
P-7F297403BB,V-6796F0A884,2026-09-11 18:37:05,transferencia,28.0,aprobado,REF-D140996B
P-D8CC7F3C3B,V-90E68BB9CC,2026-09-11 18:37:05,efectivo,1680.0,aprobado,REF-91CDEC3D
P-73A36069D5,V-5BDFC21013,2026-09-11 18:37:06,transferencia,84.0,aprobado,REF-822007DF
P-143091AE30,V-C301AFF64A,2026-09-11 18:37:06,vale,220.0,pendiente,REF-0317AAA5
P-01F5DA9C85,V-5AC25F1F9D,2026-09-11 18:37:07,tarjeta,220.0,aprobado,REF-A20D5D8B
P-E27A0B4E78,V-10148667C5,2026-09-11 18:37:07,vale,84.0,pendiente,REF-182059B7
P-7D9DF53093,V-1C157FEEDE,2026-09-11 18:37:08,efectivo,48.0,aprobado,REF-99CFA628
P-C1E54CA166,V-63B69E741D,2026-09-11 18:37:08,vale,64.0,pendiente,REF-644315A3
P-4F0E737469,V-2DD65645AE,2026-09-11 18:37:09,efectivo,288.0,aprobado,REF-D76A9197
P-303CAACD12,V-4907A9B188,2026-09-11 18:37:09,transferencia,112.0,aprobado,REF-63CF0685
P-2F51E356DB,V-8EF6DBA053,2026-09-11 18:37:10,efectivo,160.0,aprobado,REF-4A9A61F1
P-6716A573FC,V-A2EE5155DB,2026-09-11 18:37:11,efectivo,760.0,aprobado,REF-9C5099F5
P-E52100A32B,V-614323AFD2,2026-09-11 18:37:11,vale,168.0,aprobado,REF-023EFADE
P-5E0AA41571,V-A9E70F20BC,2026-09-11 18:37:12,efectivo,165.0,pendiente,REF-41D11943
P-EBF5D75B01,V-862FA63AAC,2026-09-11 18:37:12,transferencia,288.0,aprobado,REF-8D0E08B8
P-9D732AAFB9,V-BF4611D147,2026-09-11 18:37:13,vale,112.0,aprobado,REF-5E95CDFE
P-268C956744,V-8F4547467E,2026-09-11 18:37:14,efectivo,1260.0,aprobado,REF-AD04AFD1
P-45BF0C57F7,V-2F60FA1FA8,2026-09-11 18:37:14,efectivo,780.0,aprobado,REF-A93F65F2
P-6BDBD5BE63,V-11561933AB,2026-09-11 18:37:15,efectivo,1900.0,pendiente,REF-56382D14
P-FB817A05E1,V-811DDE2878,2026-09-11 18:37:15,efectivo,42.0,aprobado,REF-BBF4CA80
P-55354D88A5,V-490C9D7637,2026-09-11 18:37:16,tarjeta,55.0,pendiente,REF-48ED2279
P-8F26E1D9B1,V-014319F7F2,2026-09-11 18:37:16,tarjeta,1950.0,pendiente,REF-458AD0B2
P-1DA69FD9FE,V-C3AB2A3292,2026-09-11 18:37:17,transferencia,32.0,aprobado,REF-B4483FF0
P-8B7A3B7C1C,V-DE68104864,2026-09-11 18:37:17,vale,275.0,aprobado,REF-57D1208A
P-5C0532159A,V-5542691ABC,2026-09-11 18:37:18,tarjeta,192.0,aprobado,REF-74CA892F
P-DFCF093219,V-30EEC5925D,2026-09-11 18:37:19,tarjeta,140.0,pendiente,REF-867E17AF
P-BE2C23F2CB,V-8A035AD0EC,2026-09-11 18:37:19,transferencia,140.0,aprobado,REF-63EEF5CA
P-0ADFCA678F,V-DDFF4CBDBA,2026-09-11 18:37:20,vale,390.0,aprobado,REF-30EE51DD
P-338FA9123C,V-4894C5E39A,2026-09-11 18:37:21,transferencia,240.0,aprobado,REF-9AD5BE59
P-980AFABFED,V-5BAC03DFD4,2026-09-11 18:37:21,tarjeta,288.0,pendiente,REF-7048F97A
P-A815D32E0E,V-B250500432,2026-09-11 18:37:22,tarjeta,240.0,aprobado,REF-BF721944
P-72C1D7B74E,V-40CA65E82E,2026-09-11 18:37:22,vale,1260.0,pendiente,REF-247269B6
P-5975B58F1E,V-CAD29783C4,2026-09-11 18:37:23,efectivo,390.0,aprobado,REF-E20332D6
P-D9A10E891F,V-89F4596031,2026-09-11 18:37:23,vale,1680.0,pendiente,REF-52D17FDC
P-D442A80551,V-0D62B73704,2026-09-11 18:37:24,efectivo,48.0,aprobado,REF-13E48C8A
P-13532F2C85,V-0B757DBCEB,2026-09-11 18:37:24,vale,192.0,aprobado,REF-F0F5A7B5
P-B7115ED7C3,V-5DC87CEF64,2026-09-11 18:37:25,transferencia,220.0,aprobado,REF-40B2796C
P-90A31F18D4,V-4F96B09EBC,2026-09-11 18:37:25,vale,2340.0,aprobado,REF-82518367
P-534E764AA7,V-4D24C61D98,2026-09-11 18:37:26,transferencia,1680.0,aprobado,REF-10954AB9
P-5EA9C5F264,V-5B052B5BFF,2026-09-11 18:37:27,efectivo,2340.0,pendiente,REF-02968A1C
P-B495C04F37,V-C103C21B9C,2026-09-11 18:37:27,vale,760.0,aprobado,REF-FF6E6B8F
P-361929D221,V-2B78FF5AF1,2026-09-11 18:37:27,efectivo,54.0,aprobado,REF-984F4B5D
P-FA1D833CB0,V-7D1FA2DF44,2026-09-11 18:37:28,vale,252.0,pendiente,REF-976CDAD1
P-6AB565B842,V-D96A0976EB,2026-09-11 18:37:29,tarjeta,45.0,aprobado,REF-5DA11601
P-89D6682D07,V-E2DAD1100F,2026-09-11 18:37:29,tarjeta,240.0,aprobado,REF-E3D997AB
P-C7D6B4EBA1,V-5E4CA6E37F,2026-09-11 18:37:30,transferencia,168.0,aprobado,REF-1E750114
P-789627A910,V-219116D705,2026-09-11 18:37:30,efectivo,84.0,aprobado,REF-0BC8C367
P-7705125641,V-02E282F7BE,2026-09-11 18:37:31,transferencia,225.0,aprobado,REF-11BA8C1B
P-B9EF835F9C,V-133AB8AC6E,2026-09-11 18:37:31,vale,110.0,aprobado,REF-BBC3D744
P-1C11E528B5,V-AAB12C612B,2026-09-11 18:37:32,vale,840.0,aprobado,REF-B0787C27
P-C710607EBA,V-EFD43338F9,2026-09-11 18:37:33,transferencia,270.0,aprobado,REF-B9163A3E
P-579FA27BE6,V-A743C85941,2026-09-11 18:37:33,vale,48.0,aprobado,REF-EE8DDEC8
P-27782129E4,V-A0CBCD109B,2026-09-11 18:37:34,transferencia,192.0,aprobado,REF-C9861D27
P-74A47CA812,V-5E8F0E7530,2026-09-11 18:37:35,efectivo,380.0,pendiente,REF-DD6CB6A9
P-A9580DF3A4,V-E2B7D1C7A1,2026-09-11 18:37:35,efectivo,1680.0,aprobado,REF-4BA6EB56
P-D61620B0B8,V-4422B1047D,2026-09-11 18:37:36,efectivo,1680.0,aprobado,REF-98D2140A
P-457E71A454,V-156FD8B527,2026-09-11 18:37:36,efectivo,55.0,aprobado,REF-EFDA0F77
P-7F68E774F3,V-88BE983155,2026-09-11 18:37:37,efectivo,90.0,pendiente,REF-17F78428
P-528C56C9D9,V-36CF77F2FD,2026-09-11 18:37:38,tarjeta,288.0,aprobado,REF-2B6E493C
P-3854A5C5C9,V-C2A9AA9E6D,2026-09-11 18:37:38,vale,2100.0,aprobado,REF-E30BDEBB
P-C5790A1494,V-65A9BD21DB,2026-09-11 18:37:39,transferencia,126.0,aprobado,REF-02159CFB
P-D4DC9B86D1,V-9391BCF0E2,2026-09-11 18:37:39,efectivo,168.0,pendiente,REF-9C18FD24
P-2399EAF48D,V-4E7A54E9EC,2026-09-11 18:37:40,vale,390.0,pendiente,REF-849E7B8A
P-744A05CA62,V-B883672547,2026-09-11 18:37:40,efectivo,110.0,aprobado,REF-3138C9EC
P-CC6EF769AA,V-B6259F7282,2026-09-11 18:37:41,efectivo,2340.0,aprobado,REF-37ECEACD
P-C3EC4C4977,V-9382888F68,2026-09-11 18:37:41,vale,1140.0,aprobado,REF-E26ACA99
P-32D2821FD8,V-2AEF974676,2026-09-11 18:37:42,tarjeta,128.0,aprobado,REF-38386371
P-D334C9D1E9,V-9DD1B3B698,2026-09-11 18:37:43,tarjeta,1950.0,pendiente,REF-70C3A28E
P-2B075B7DDB,V-9249C6C85D,2026-09-11 18:37:43,vale,288.0,aprobado,REF-070B6621
P-A4AF608961,V-CB8315FA4A,2026-09-11 18:37:44,tarjeta,135.0,aprobado,REF-C7D23DE1
P-0D005D93F6,V-C3EF7B7CE6,2026-09-11 18:37:44,transferencia,112.0,aprobado,REF-5B9AE71C
P-5B9778AB47,V-454E56C04F,2026-09-11 18:37:44,vale,135.0,aprobado,REF-D44232B2
P-F7E6793A92,V-892F134AB2,2026-09-11 18:37:45,tarjeta,18.0,aprobado,REF-F5E5AC5D
P-3666A85825,V-CA2D8F9CB2,2026-09-11 18:37:46,efectivo,144.0,aprobado,REF-69695509
P-A55FA16538,V-CA1AB7DA51,2026-09-11 18:37:46,efectivo,45.0,aprobado,REF-44D8E65E
P-0C88A972A1,V-CEFFF27012,2026-09-11 18:37:47,efectivo,760.0,aprobado,REF-BA880BE1
P-8A58B3E8BD,V-8D4306FB0B,2026-09-11 18:37:47,tarjeta,72.0,aprobado,REF-7D898FD3
P-8C3A76079B,V-BB9FA02E50,2026-09-11 18:37:48,efectivo,55.0,aprobado,REF-1B805DBA
P-E650DB4BB2,V-C8915B3AB8,2026-09-11 18:37:49,vale,165.0,aprobado,REF-1D12A685
P-15FF11AF82,V-24902E8651,2026-09-11 18:37:49,vale,2520.0,pendiente,REF-9DB2BF70
P-6C145C3F8C,V-4B9FD77D47,2026-09-11 18:37:49,vale,168.0,aprobado,REF-923B2348
P-EE4A102A34,V-4C9C39F4B6,2026-09-11 18:37:50,tarjeta,1950.0,aprobado,REF-293A7456
P-A35334FF4F,V-B7947EA13C,2026-09-11 18:37:50,efectivo,84.0,aprobado,REF-D503891A
P-A176636BDB,V-7D04B7E387,2026-09-11 18:37:51,tarjeta,210.0,aprobado,REF-D1DD30FC
P-DC77C86AA0,V-D1A4A2B6C3,2026-09-11 18:37:52,vale,84.0,aprobado,REF-4A123973
P-562B0C21AC,V-451864001A,2026-09-11 18:37:52,efectivo,240.0,pendiente,REF-4EBA1FE5
P-1663D8729F,V-3F6564C815,2026-09-11 18:37:53,tarjeta,168.0,aprobado,REF-8ED51587
P-256DCDD11D,V-0C18C8385A,2026-09-11 18:37:54,tarjeta,220.0,aprobado,REF-011528B6
P-89E74175D2,V-0DDB1D9610,2026-09-11 18:37:54,efectivo,135.0,pendiente,REF-2CB0CF22
P-79F2DBBA85,V-FB99000BDD,2026-09-11 18:37:55,efectivo,1140.0,aprobado,REF-44E32FE8
P-FD9307FD13,V-5889F53927,2026-09-11 18:37:55,transferencia,18.0,aprobado,REF-83F183CA
P-4B123E9047,V-8627396647,2026-09-11 18:37:56,tarjeta,1140.0,aprobado,REF-CD843EA6
P-DE6795B228,V-B7B67BD6FE,2026-09-11 18:37:56,transferencia,240.0,aprobado,REF-1CC2DB8B
P-CB9055108D,V-5AE5A03DCD,2026-09-11 18:37:57,efectivo,96.0,aprobado,REF-D4140C01
P-E05F957981,V-309DD821C0,2026-09-11 18:37:58,transferencia,165.0,aprobado,REF-48A095B5
P-3937CE4226,V-EDC48E7B1C,2026-09-11 18:37:58,vale,275.0,aprobado,REF-B69B8858
P-793D57EA9E,V-3A5BF4518D,2026-09-11 18:37:59,tarjeta,1900.0,aprobado,REF-3BD37360
P-96EB256703,V-F35FDA85E0,2026-09-11 18:38:00,tarjeta,96.0,aprobado,REF-A9484320
P-0234A13433,V-39298A011D,2026-09-11 18:38:00,efectivo,1140.0,aprobado,REF-BD6BB6C7
P-F0A8D97DB9,V-67E4D4B71F,2026-09-11 18:38:01,transferencia,45.0,aprobado,REF-991656E0
P-D21310F99A,V-6CB91E4E6C,2026-09-11 18:38:01,tarjeta,168.0,pendiente,REF-9727316A
P-40F1E4EFB3,V-EE1B45F2EB,2026-09-11 18:38:02,tarjeta,55.0,pendiente,REF-86D31DAF
P-591DB842FF,V-B6E605BDC5,2026-09-11 18:38:02,transferencia,168.0,aprobado,REF-33CCB43E
P-89FF5C8C83,V-B7DF27E70F,2026-09-11 18:38:03,vale,210.0,aprobado,REF-AF5C99AC
P-9E6246E196,V-6507120ED5,2026-09-11 18:38:03,efectivo,1560.0,aprobado,REF-9B60A751
P-09D2EC821B,V-042283B32F,2026-09-11 18:38:04,vale,45.0,aprobado,REF-7B59CC6A
P-A1C9A632B8,V-2A35DD8BD7,2026-09-11 18:38:04,transferencia,240.0,aprobado,REF-F58F2129
P-831A7D1215,V-F69BC8E6C1,2026-09-11 18:38:05,efectivo,288.0,aprobado,REF-677DA63B
P-A402AE8E35,V-2063519506,2026-09-11 18:38:06,transferencia,96.0,aprobado,REF-F98A6E51
P-18CADE3978,V-5DCF0F5E44,2026-09-11 18:38:06,vale,18.0,pendiente,REF-DDF8AEA8
P-C1E2D3EBE3,V-7DBBDAAAA1,2026-09-11 18:38:07,efectivo,240.0,aprobado,REF-E1416B0E
P-2F357197E3,V-D19DB09463,2026-09-11 18:38:07,efectivo,108.0,aprobado,REF-FA43156E
P-53A36715B2,V-D507EB8E1B,2026-09-11 18:38:08,vale,45.0,aprobado,REF-60FE08C3
P-F6A3B8A2A5,V-4D262FB039,2026-09-11 18:38:08,transferencia,84.0,aprobado,REF-3B57FBD0
P-400E2BD921,V-9886C03C4E,2026-09-11 18:38:09,vale,36.0,aprobado,REF-0E0FEB7C
P-94AE0AFFF1,V-D5C013E596,2026-09-11 18:38:09,efectivo,160.0,aprobado,REF-A1D0EBB5
P-E1986CF7CE,V-1E5715446D,2026-09-11 18:38:10,transferencia,28.0,aprobado,REF-4623C9D0
P-124DE12AD4,V-61392531EE,2026-09-11 18:38:11,vale,140.0,pendiente,REF-F198CEB9
P-AA61EF3253,V-A4AB43850B,2026-09-11 18:38:11,tarjeta,1560.0,aprobado,REF-EC186B46
P-146F3683F7,V-89405A3DB6,2026-09-11 18:38:12,efectivo,1520.0,aprobado,REF-99053529
P-8F34E6D348,V-18BD5DC4E9,2026-09-11 18:38:13,tarjeta,28.0,aprobado,REF-04B7367A
P-E29E41F041,V-9C29239B93,2026-09-11 18:38:13,transferencia,330.0,aprobado,REF-0688B684
P-6757F71534,V-76CB3CE514,2026-09-11 18:38:14,vale,1680.0,pendiente,REF-672FF66F
P-E178629F09,V-EF0AF04C6D,2026-09-11 18:38:14,efectivo,240.0,aprobado,REF-871FA046
P-1484492F0D,V-691358BB25,2026-09-11 18:38:15,transferencia,220.0,aprobado,REF-7D78BF8F
P-0C8AFAD28C,V-E780B2266F,2026-09-11 18:38:16,efectivo,84.0,aprobado,REF-C72EEC2E
P-AF3795CD1C,V-30BC8844C1,2026-09-11 18:38:16,transferencia,1140.0,aprobado,REF-72E884E7
P-C146094A2E,V-8E217659F3,2026-09-11 18:38:17,transferencia,2340.0,aprobado,REF-3C3940A0
P-2E542163DB,V-0CCA0ABEE6,2026-09-11 18:38:17,transferencia,135.0,aprobado,REF-50BFAFCE
P-C4DB3CC90E,V-0BD351633D,2026-09-11 18:38:18,vale,72.0,aprobado,REF-531DD57D
P-3EB3308BF7,V-6C4CCA2AB0,2026-09-11 18:38:18,tarjeta,1950.0,aprobado,REF-7A280E6A
P-E92397C8F0,V-7D185BEAB9,2026-09-11 18:38:19,tarjeta,1950.0,aprobado,REF-FC07D752
P-0D88C22B5A,V-304E3A1082,2026-09-11 18:38:20,vale,96.0,pendiente,REF-04200940
P-23568AE6BE,V-8D7DB1373D,2026-09-11 18:38:20,vale,390.0,aprobado,REF-A50B999E
P-C489DD74EC,V-F811634F5A,2026-09-11 18:38:21,efectivo,55.0,aprobado,REF-7C7662D4
P-1B1E5E8690,V-4315168225,2026-09-11 18:38:21,transferencia,240.0,aprobado,REF-9EF25F8C
P-318BC04823,V-C86A727123,2026-09-11 18:38:21,vale,32.0,aprobado,REF-5A0B2661
P-7A572C9392,V-44EA6CC0F0,2026-09-11 18:38:22,transferencia,45.0,aprobado,REF-21044CC0
P-AC8FBF181E,V-752D114F0A,2026-09-11 18:38:22,transferencia,84.0,aprobado,REF-AEC7FAEE
P-9980F73661,V-0B37822F09,2026-09-11 18:38:23,transferencia,220.0,aprobado,REF-E97F30D6
P-55D9573CBA,V-5FE53C38D1,2026-09-11 18:38:24,vale,180.0,aprobado,REF-0218F6D1
P-BCDA668299,V-5D3FE1E93A,2026-09-11 18:38:24,transferencia,1560.0,pendiente,REF-2F161921
P-7092B6142C,V-98B4850A1E,2026-09-11 18:38:25,efectivo,112.0,aprobado,REF-ECED7B9F
P-3B6D527000,V-6A1C804E53,2026-09-11 18:38:25,vale,270.0,aprobado,REF-969DC495
P-B790A86BCD,V-4C50BE4398,2026-09-11 18:38:26,tarjeta,90.0,pendiente,REF-AC458A49
P-DCB6EFEBC8,V-F46D8AEB14,2026-09-11 18:38:27,efectivo,90.0,aprobado,REF-0CBF0649
P-B2E91CAE3D,V-A7519DA936,2026-09-11 18:38:27,efectivo,390.0,pendiente,REF-16E46FD2
P-236AC9ADCC,V-115DFEF207,2026-09-11 18:38:28,efectivo,72.0,pendiente,REF-35C2791F
P-9F94674660,V-A7D8E6A6A5,2026-09-11 18:38:28,tarjeta,1900.0,aprobado,REF-3CA3FD54
P-D60AA571B5,V-BCBF5F4F80,2026-09-11 18:38:29,tarjeta,1140.0,aprobado,REF-BB9F97AD
P-0726666C8E,V-C96584666F,2026-09-11 18:38:29,efectivo,84.0,pendiente,REF-6E1F1D0A
P-8E33DC4874,V-499741692A,2026-09-11 18:38:30,vale,96.0,aprobado,REF-FD54D872
P-6E858811C1,V-D4F8800039,2026-09-11 18:38:31,efectivo,32.0,aprobado,REF-9FB35F6A
P-4A137AC354,V-15D3B8EBB7,2026-09-11 18:38:31,transferencia,275.0,aprobado,REF-56246AE9
P-E0EECF4AE3,V-C142305349,2026-09-11 18:38:32,transferencia,110.0,aprobado,REF-7F1CE589
P-446C03BFFB,V-F6B11F856F,2026-09-11 18:38:32,efectivo,168.0,aprobado,REF-2788B775
P-08BDDD3649,V-41870E961F,2026-09-11 18:38:33,efectivo,180.0,aprobado,REF-93ABD27B
P-E2B453681E,V-48C04D5139,2026-09-11 18:38:33,tarjeta,380.0,aprobado,REF-C20B7499
P-9F268E2924,V-18D3499ECC,2026-09-11 18:38:34,tarjeta,2280.0,pendiente,REF-68026B4A
P-6C0E3570C8,V-E46F0F1FFF,2026-09-11 18:38:34,efectivo,1950.0,pendiente,REF-40D2E074
P-F2A2B21EE8,V-0E4583BBA3,2026-09-11 18:38:35,tarjeta,108.0,aprobado,REF-2AF431C9
P-557D79440E,V-749400FF09,2026-09-11 18:38:36,vale,390.0,aprobado,REF-315A7E37
P-A98D54F98B,V-6694B61B8D,2026-09-11 18:38:36,vale,330.0,aprobado,REF-58D1C4DC
P-BC1FDC365F,V-3186D4EED7,2026-09-11 18:38:37,transferencia,28.0,pendiente,REF-26008E38
P-666097A2EF,V-D04A50D99D,2026-09-11 18:38:37,efectivo,210.0,aprobado,REF-A9BFD60A
P-B769D81774,V-6550A465AD,2026-09-11 18:38:38,vale,42.0,aprobado,REF-6C72A78D
P-40AEFDB468,V-280C22CF14,2026-09-11 18:38:39,tarjeta,55.0,aprobado,REF-4831C6DD
P-2505F08FE2,V-B5AFB9F863,2026-09-11 18:38:39,efectivo,220.0,aprobado,REF-2480F15E
P-F163D0D866,V-69BA0E42FB,2026-09-11 18:38:40,transferencia,252.0,aprobado,REF-6DE1D2D8
P-4D9EF5FE97,V-8A5A280616,2026-09-11 18:38:40,efectivo,252.0,aprobado,REF-216A0508
P-3A57278111,V-31787EF72A,2026-09-11 18:38:41,transferencia,840.0,aprobado,REF-174F17B3
P-FC5C497F33,V-BBBE50C9DE,2026-09-11 18:38:42,efectivo,126.0,pendiente,REF-86A8BDA7
P-99277567EE,V-6500BB23CE,2026-09-11 18:38:42,transferencia,2520.0,aprobado,REF-F2379C02
P-0F4E9E65B9,V-216A25C33B,2026-09-11 18:38:43,efectivo,28.0,pendiente,REF-F2CDFA8C
P-B01D649E2E,V-CB3BBCFCC7,2026-09-11 18:38:43,efectivo,240.0,aprobado,REF-7AF9031D
P-C0EAE66DCB,V-5481426608,2026-09-11 18:38:44,tarjeta,330.0,aprobado,REF-4CF4B0E6
P-E8B51DD83A,V-873EA913B1,2026-09-11 18:38:44,vale,1680.0,aprobado,REF-CE939F3D
P-DCCF17182D,V-70204EDCF8,2026-09-11 18:38:45,transferencia,192.0,aprobado,REF-BB6ABA23
P-095844759E,V-EA701F5E72,2026-09-11 18:38:45,transferencia,2280.0,aprobado,REF-D192EA16
P-84C4B0C0B5,V-8C16FC48CF,2026-09-11 18:38:46,transferencia,168.0,aprobado,REF-BBC6FEDF
P-5DEEC9E59B,V-68D9DAE253,2026-09-11 18:38:47,transferencia,275.0,aprobado,REF-1467FD41
P-B6942C08F1,V-30B44D7F98,2026-09-11 18:38:47,transferencia,108.0,aprobado,REF-5FCC5903
P-DE26DD347A,V-3C46D3F13F,2026-09-11 18:38:48,transferencia,240.0,aprobado,REF-625B1291
P-DDE7FCCA88,V-8388D09A48,2026-09-11 18:38:48,tarjeta,140.0,aprobado,REF-FD4584FA
P-4AA4942FCF,V-E9777EE9A8,2026-09-11 18:38:49,vale,420.0,pendiente,REF-70BE0C2A
P-EE48B0AEBA,V-2C8E1351DD,2026-09-11 18:38:49,tarjeta,140.0,aprobado,REF-E603A9D6
P-549DFC581A,V-116345258A,2026-09-11 18:38:49,vale,760.0,aprobado,REF-432EBBEB
P-E09CEB4B86,V-8DDB9487F7,2026-09-11 18:38:50,efectivo,140.0,aprobado,REF-03FE8F60
P-662EC84B89,V-B503B6989C,2026-09-11 18:38:51,tarjeta,220.0,pendiente,REF-8608748E
P-4FDBB0D840,V-DA648ABAEB,2026-09-11 18:38:51,transferencia,1950.0,aprobado,REF-07C55A90
P-F9A8B4E6E4,V-77D12C19F1,2026-09-11 18:38:52,efectivo,240.0,aprobado,REF-23DFD0AB
P-51F0FA8C01,V-E79284841E,2026-09-11 18:38:52,tarjeta,840.0,aprobado,REF-EF657DAF
P-21BE957E84,V-4175FF13BF,2026-09-11 18:38:53,transferencia,135.0,aprobado,REF-D3D81F1B
P-C30188A8A9,V-46EC169B7E,2026-09-11 18:38:53,tarjeta,108.0,aprobado,REF-C2A0EC9F
P-582323A45D,V-81236EC4F3,2026-09-11 18:38:54,transferencia,1900.0,aprobado,REF-7755672F
P-B77F5A698F,V-87B69AA948,2026-09-11 18:38:55,vale,128.0,aprobado,REF-D3A4BD78
P-C762EAB087,V-B7F4ADF467,2026-09-11 18:38:55,tarjeta,288.0,aprobado,REF-E979B00A
P-5BB4E03CF9,V-EC23C95876,2026-09-11 18:38:56,transferencia,168.0,aprobado,REF-49EA26EE
P-07F6A97D9F,V-566D979AE5,2026-09-11 18:38:56,vale,1140.0,pendiente,REF-D991A7FA
P-9F04876332,V-632324FBA5,2026-09-11 18:38:57,efectivo,1170.0,aprobado,REF-620790EF
P-AD77D0CC95,V-AC4EFC8B2C,2026-09-11 18:38:57,tarjeta,55.0,aprobado,REF-E6609532
P-9B324A6642,V-D32B8B1E54,2026-09-11 18:38:58,efectivo,420.0,aprobado,REF-35D41108
P-F3509D07D4,V-4CACB34F97,2026-09-11 18:38:59,efectivo,270.0,aprobado,REF-6619514E
P-3E130435EC,V-9007AFC5C6,2026-09-11 18:38:59,tarjeta,84.0,aprobado,REF-7688A917
P-CA14BE0AD8,V-797AD3DD80,2026-09-11 18:39:00,transferencia,56.0,pendiente,REF-7D71D7B0
P-B072ED6AC0,V-C2CC50E321,2026-09-11 18:39:00,transferencia,55.0,pendiente,REF-6F168DD4
P-463470B3AE,V-EC54065C2B,2026-09-11 18:39:01,transferencia,28.0,aprobado,REF-7BCD1A57
P-A87A63C9C9,V-D4C930C989,2026-09-11 18:39:01,tarjeta,1140.0,aprobado,REF-818142FE
P-34887AFEF5,V-FA66761AEF,2026-09-11 18:39:01,vale,64.0,aprobado,REF-BB5AC8A8
P-10CD47C2BC,V-DF96B4ECDE,2026-09-11 18:39:02,tarjeta,165.0,aprobado,REF-53D1BD6A
P-60A14B6E4E,V-033239C305,2026-09-11 18:39:03,transferencia,2280.0,aprobado,REF-64FB3A41
P-792E7FEEEB,V-406262A1CA,2026-09-11 18:39:03,transferencia,112.0,pendiente,REF-AA820EE8
P-08C3FC5FF7,V-B4D40BE2AD,2026-09-11 18:39:04,vale,1900.0,pendiente,REF-5B104E95
P-4C063EAA4A,V-E936DF85B1,2026-09-11 18:39:04,transferencia,2340.0,aprobado,REF-C625823F
P-9D2760A042,V-732C82D744,2026-09-11 18:39:05,efectivo,252.0,aprobado,REF-0A529381
P-C468AE750A,V-A90829302A,2026-09-11 18:39:05,transferencia,160.0,aprobado,REF-FD7CE200
P-4BD919AB9F,V-520EB9460C,2026-09-11 18:39:06,transferencia,1900.0,pendiente,REF-8283B028
P-3BC6A1B7B5,V-8E121F1405,2026-09-11 18:39:06,transferencia,135.0,aprobado,REF-3C15FC27
P-3D196FCE70,V-944CD2683A,2026-09-11 18:39:07,vale,144.0,aprobado,REF-32002563
P-C2AC2445EB,V-CEAF96CCE4,2026-09-11 18:39:07,vale,90.0,aprobado,REF-FE6AEEA5
P-6AAB34F64B,V-0896C7686F,2026-09-11 18:39:08,efectivo,840.0,pendiente,REF-B55EB290
P-EDEBFD9A2F,V-98313C51AD,2026-09-11 18:39:08,vale,1520.0,aprobado,REF-686E2E59
P-522A25B5E0,V-C6AEAC0058,2026-09-11 18:39:09,tarjeta,840.0,aprobado,REF-E6CCB7BA
P-2E1E9B1670,V-E59BEEE285,2026-09-11 18:39:09,efectivo,84.0,aprobado,REF-804991DF
P-0FB7F79FF8,V-32D0D516D2,2026-09-11 18:39:10,vale,168.0,pendiente,REF-BDD85274
P-A613BA3BE7,V-3F8A6DCDAD,2026-09-11 18:39:10,vale,1560.0,aprobado,REF-014E4FF0
P-4BC940B6F6,V-3822642E62,2026-09-11 18:39:11,efectivo,55.0,aprobado,REF-1AB4525E
P-EB4C0BC829,V-4B371AEBA0,2026-09-11 18:39:12,tarjeta,36.0,aprobado,REF-46F1181A
P-C2ADA32E0E,V-1FDCF3FC7E,2026-09-11 18:39:13,efectivo,390.0,aprobado,REF-E7D85147
P-27AF7E6681,V-E31FA22C21,2026-09-11 18:39:13,efectivo,1950.0,aprobado,REF-47FE3D80
P-AC70892B35,V-ECAF1866F7,2026-09-11 18:39:13,efectivo,160.0,aprobado,REF-B9BA4693
P-DC8E21CD68,V-719DFD943E,2026-09-11 18:39:14,tarjeta,135.0,aprobado,REF-6A2E24E8
P-BFF5BEC09F,V-F775947BF9,2026-09-11 18:39:14,efectivo,168.0,aprobado,REF-6F74A3B4
P-BE1AC8A009,V-93DE44AB12,2026-09-11 18:39:15,efectivo,1900.0,pendiente,REF-67050399
P-DA6AFF6059,V-C4C34BD04A,2026-09-11 18:39:16,efectivo,160.0,aprobado,REF-1BE35251
P-DBCD012E36,V-FAFBE84017,2026-09-11 18:39:16,vale,220.0,pendiente,REF-0213906C
P-D2E12FB97C,V-4E626626F0,2026-09-11 18:39:17,transferencia,2100.0,aprobado,REF-5E8A4CC6
P-F71177F9A8,V-6D0B25F552,2026-09-11 18:39:17,transferencia,48.0,aprobado,REF-F9B61968
P-1FFC0094FC,V-603A12BD58,2026-09-11 18:39:17,efectivo,32.0,aprobado,REF-127C8571
P-085EAB516B,V-66DBA41ABD,2026-09-11 18:39:18,tarjeta,96.0,aprobado,REF-4E3CB5C4
P-E9B4AEA976,V-660EF2402A,2026-09-11 18:39:19,vale,55.0,aprobado,REF-C4502175
P-19EB1D09D5,V-438858A589,2026-09-11 18:39:19,efectivo,168.0,aprobado,REF-FF44D682
P-7080ABB4DE,V-1F0409908F,2026-09-11 18:39:20,transferencia,760.0,pendiente,REF-9560CA1A
P-1150BA6418,V-B9366F8302,2026-09-11 18:39:20,transferencia,55.0,aprobado,REF-13D607A1
P-63B73D9BA3,V-05AB2D96C4,2026-09-11 18:39:21,tarjeta,18.0,pendiente,REF-241D91EF
P-6B0CC041B6,V-BFA0E33699,2026-09-11 18:39:22,tarjeta,1170.0,pendiente,REF-4B23638F
P-2F9300DF0C,V-2F4A4F9175,2026-09-11 18:39:22,vale,1260.0,aprobado,REF-B5D3EC50
P-C4455921A5,V-82CC2DCA0B,2026-09-11 18:39:23,tarjeta,225.0,pendiente,REF-8747DABC
P-208B3F0A3E,V-3C163F84B8,2026-09-11 18:39:23,efectivo,1260.0,aprobado,REF-C0CEF49C
P-83B9A29447,V-62655C5F85,2026-09-11 18:39:24,transferencia,180.0,aprobado,REF-C6CD8AF7
P-182F43FE91,V-0380A34928,2026-09-11 18:39:24,tarjeta,380.0,aprobado,REF-C7D6FA39
P-E9AE437806,V-72B37A648B,2026-09-11 18:39:25,vale,72.0,pendiente,REF-91405D72
P-4967923FE9,V-B916881396,2026-09-11 18:39:25,tarjeta,90.0,aprobado,REF-10B9301C
P-224EE07902,V-F41EFF2D97,2026-09-11 18:39:26,efectivo,42.0,aprobado,REF-F8A12F2B
P-E6214713B6,V-5990AF0D78,2026-09-11 18:39:26,transferencia,2280.0,aprobado,REF-C6DBD967
P-57B1097C73,V-C5902EDEBB,2026-09-11 18:39:27,vale,192.0,aprobado,REF-5F3B521D
P-F932FAC1EF,V-97F2749896,2026-09-11 18:39:28,efectivo,128.0,pendiente,REF-C67ABC39
P-36D05A268A,V-0F39EDC3E0,2026-09-11 18:39:28,vale,165.0,aprobado,REF-B5472736
P-0571B90ECA,V-C39D46655E,2026-09-11 18:39:28,transferencia,135.0,aprobado,REF-ACB60E4D
P-EF3A94EBB1,V-281AB00184,2026-09-11 18:39:29,efectivo,140.0,aprobado,REF-5A1986A3
P-A316FA4A9C,V-955CF2385A,2026-09-11 18:39:29,transferencia,18.0,aprobado,REF-B5331430
P-D57862716D,V-5131306371,2026-09-11 18:39:30,vale,390.0,aprobado,REF-ED248E31
P-590DA706C7,V-05747736AF,2026-09-11 18:39:31,efectivo,2520.0,aprobado,REF-2B16DDC2
P-E986D52AE5,V-4DF368B5C3,2026-09-11 18:39:31,tarjeta,2280.0,aprobado,REF-004790AF
P-1531BCDAB1,V-4CBA80DA0E,2026-09-11 18:39:32,tarjeta,84.0,aprobado,REF-08ADF645
P-4D04A66401,V-69BE1DDEF0,2026-09-11 18:39:32,tarjeta,42.0,pendiente,REF-4DCB99F3
P-3E98365CA5,V-5C0089AC3E,2026-09-11 18:39:33,tarjeta,270.0,aprobado,REF-143857D4
P-89F9472D91,V-78DCE7927A,2026-09-11 18:39:34,tarjeta,28.0,aprobado,REF-7CC49AFD
P-41B642BDD8,V-F879D35DDC,2026-09-11 18:39:34,transferencia,760.0,aprobado,REF-09F4EB2B
P-BDA6A5C077,V-F8E7EA88C1,2026-09-11 18:39:35,transferencia,32.0,pendiente,REF-2B7E25CF
P-702C4A7BC3,V-7CBD9B817F,2026-09-11 18:39:35,tarjeta,54.0,aprobado,REF-A2862F4F
P-FA4B548007,V-6F9276B564,2026-09-11 18:39:36,efectivo,160.0,aprobado,REF-DFC7B2FF
P-51ED986FEA,V-DE26C9D1B0,2026-09-11 18:39:37,efectivo,96.0,aprobado,REF-000A8EE3
P-AA963A571C,V-190D3100D4,2026-09-11 18:39:38,vale,2100.0,aprobado,REF-85AC3998
P-8336AB00AC,V-85E05DC8ED,2026-09-11 18:39:38,vale,2340.0,aprobado,REF-FD72F85A
P-446B70E315,V-1BD426C425,2026-09-11 18:39:39,vale,90.0,aprobado,REF-75D7E3DF
P-A09EDCF674,V-8FB9CEA4D4,2026-09-11 18:39:39,vale,128.0,pendiente,REF-68DBF8C7
P-CCFEE7A655,V-A2CF89499E,2026-09-11 18:39:40,tarjeta,210.0,aprobado,REF-976A20A1
P-6B5202497E,V-892FDD8AE5,2026-09-11 18:39:40,tarjeta,96.0,aprobado,REF-E56A220B
P-83F1306FA8,V-CF14B1F8E3,2026-09-11 18:39:41,vale,168.0,aprobado,REF-DD89B445
P-AFE3DA1EB2,V-36AB1C3860,2026-09-11 18:39:42,transferencia,192.0,aprobado,REF-89306DA3
P-C1C00F86E2,V-8822B79C2D,2026-09-11 18:39:42,tarjeta,288.0,aprobado,REF-EFC350EA
P-2A9EE9C938,V-0498167976,2026-09-11 18:39:42,tarjeta,165.0,pendiente,REF-ADA3849D
P-580CB49D19,V-0ED9BCE305,2026-09-11 18:39:43,efectivo,36.0,aprobado,REF-84650D8E
P-D39539549B,V-B460769E1F,2026-09-11 18:39:44,transferencia,1140.0,aprobado,REF-03EDA93C
P-7C44CF66D9,V-09C73FED87,2026-09-11 18:39:44,tarjeta,1950.0,aprobado,REF-C2B4F6B9
P-301709D031,V-994F637CE3,2026-09-11 18:39:45,transferencia,96.0,aprobado,REF-D904AAAB
P-61E7467C5D,V-5F6E5F6D3C,2026-09-11 18:39:45,efectivo,780.0,aprobado,REF-CCE5356E
P-17E206E758,V-A7F6C1D10A,2026-09-11 18:39:46,vale,84.0,aprobado,REF-CDEF6251
P-FA2C9B122E,V-61B8D01E8C,2026-09-11 18:39:47,tarjeta,96.0,pendiente,REF-3970A5FF
P-218CC8FDED,V-02FDA96C3D,2026-09-11 18:39:48,transferencia,180.0,aprobado,REF-E64461FA
P-117DDDD36F,V-FDA5E08E57,2026-09-11 18:39:48,tarjeta,1140.0,aprobado,REF-20E9E6AF
P-67237F51EA,V-74853F0C89,2026-09-11 18:39:49,tarjeta,140.0,aprobado,REF-4CE14AA7
P-5257C77225,V-76EABEBDDF,2026-09-11 18:39:49,efectivo,140.0,pendiente,REF-4D753062
P-E231C6362A,V-A4F4B15E65,2026-09-11 18:39:50,vale,28.0,aprobado,REF-6E3796CD
P-830297478A,V-4612192795,2026-09-11 18:39:50,efectivo,760.0,aprobado,REF-D88EA937
P-FAAB0E26C3,V-A2D0515D8B,2026-09-11 18:39:51,transferencia,168.0,aprobado,REF-248E28DA
P-BCB2984F71,V-11DEC5C155,2026-09-11 18:39:51,transferencia,1520.0,aprobado,REF-DDC5075C
P-16BB837E61,V-B068738166,2026-09-11 18:39:52,efectivo,380.0,aprobado,REF-4AFCCA96
P-9F1D46860F,V-064BBA6E7A,2026-09-11 18:39:53,transferencia,2520.0,aprobado,REF-6746978F
P-BF2A4CD37E,V-89896D1E57,2026-09-11 18:39:53,transferencia,1520.0,aprobado,REF-C6165409
P-DC85CF9F72,V-083F28221A,2026-09-11 18:39:54,efectivo,135.0,aprobado,REF-EDD42B67
P-B213327357,V-715EE1F215,2026-09-11 18:39:54,efectivo,56.0,aprobado,REF-B6DEF049
P-1CB0C380B9,V-AAE9F22713,2026-09-11 18:39:55,efectivo,56.0,aprobado,REF-1A352C45
P-64F7FB51FA,V-284F4DED5B,2026-09-11 18:39:56,efectivo,270.0,aprobado,REF-97BF5C4F
P-4D57335E39,V-FD848FD192,2026-09-11 18:39:56,efectivo,180.0,pendiente,REF-3C2085A2
P-BDCE1EEFEF,V-3D6FABC806,2026-09-11 18:39:57,vale,144.0,aprobado,REF-C6069AA4
P-ABDC20EEF4,V-7E6B1E8C03,2026-09-11 18:39:57,tarjeta,54.0,aprobado,REF-AE010FA2
P-287371F9D3,V-FA7FC23AEA,2026-09-11 18:39:58,vale,144.0,aprobado,REF-5713ED2B
P-25D35E4566,V-20BFC18D38,2026-09-11 18:39:58,transferencia,780.0,aprobado,REF-0CEE8873
P-2CCE3A6651,V-531A59A484,2026-09-11 18:39:59,vale,110.0,aprobado,REF-C12526F8
P-BF8F28C44D,V-03E52E931F,2026-09-11 18:40:00,tarjeta,390.0,pendiente,REF-0C9A63CD
P-3FB3BE4F33,V-D6FFDD0F15,2026-09-11 18:40:00,tarjeta,32.0,aprobado,REF-EDDCE83D
P-D4B4E91111,V-CC78B7B896,2026-09-11 18:40:01,efectivo,210.0,aprobado,REF-7ECF7F03
P-08EFE9CBDC,V-4D14BF3A87,2026-09-11 18:40:01,vale,760.0,aprobado,REF-9D0EF82D
P-0FA8E43BED,V-AD9A22E2FF,2026-09-11 18:40:02,tarjeta,240.0,pendiente,REF-00EC34B8
P-F10374B209,V-4CDC9C4B83,2026-09-11 18:40:03,transferencia,168.0,aprobado,REF-8200CC7B
P-A326556412,V-2E4A6AC2A2,2026-09-11 18:40:03,vale,330.0,aprobado,REF-FF3B50D5
P-9241CFF9EF,V-8A15812DEC,2026-09-11 18:40:04,transferencia,390.0,pendiente,REF-14ACCBDB
P-366FC4048E,V-52565A7AF3,2026-09-11 18:40:04,tarjeta,160.0,aprobado,REF-4465FD22
P-A2483645B3,V-193A550C4A,2026-09-11 18:40:05,transferencia,160.0,aprobado,REF-82583B5F
P-A1F4C12FC9,V-1AD382FCC6,2026-09-11 18:40:05,efectivo,270.0,pendiente,REF-288157F2
P-B29D669D0F,V-9B30BFBFB2,2026-09-11 18:40:06,efectivo,64.0,aprobado,REF-4EC56CAD
P-01D935B5F1,V-236B0E5520,2026-09-11 18:40:06,tarjeta,36.0,aprobado,REF-09B21D6F
P-699F3452A5,V-922DF85D14,2026-09-11 18:40:07,tarjeta,90.0,aprobado,REF-E2673D61
P-7608D8F19E,V-00BB4BD6F7,2026-09-11 18:40:07,efectivo,48.0,aprobado,REF-5A27132C
P-5806175F59,V-2002018DCD,2026-09-11 18:40:08,tarjeta,48.0,aprobado,REF-C232F5F7
P-78D687DE9D,V-784A84BA96,2026-09-11 18:40:08,transferencia,126.0,aprobado,REF-970EB8B3
P-D6C203F8CC,V-A13C1B1388,2026-09-11 18:40:09,transferencia,144.0,aprobado,REF-C0695713
P-E2CA516725,V-A11164A1C3,2026-09-11 18:40:09,transferencia,72.0,aprobado,REF-781E8242
P-94B09DD536,V-1597AC2031,2026-09-11 18:40:10,transferencia,140.0,pendiente,REF-C7C3A93C
P-DE6429B6E7,V-298F379BDC,2026-09-11 18:40:10,tarjeta,380.0,pendiente,REF-153AF5DC
P-F7EA404E34,V-E931C68ED8,2026-09-11 18:40:11,efectivo,288.0,aprobado,REF-73E65E40
P-D07BC9905C,V-7D8ED241B7,2026-09-11 18:40:12,efectivo,45.0,aprobado,REF-FC373F3E
P-93DB327A95,V-9983DDC3F6,2026-09-11 18:40:12,vale,840.0,aprobado,REF-E4D97981
P-64E5FFF883,V-39D6799B83,2026-09-11 18:40:12,vale,90.0,aprobado,REF-B5D31419
P-1A562EF941,V-5AA040FDC5,2026-09-11 18:40:13,efectivo,2520.0,pendiente,REF-F1FDD97D
P-2571E8481F,V-6BBD7A5AAF,2026-09-11 18:40:14,tarjeta,2100.0,aprobado,REF-1E84B255
P-B079474C64,V-A7C0BF3CF5,2026-09-11 18:40:14,transferencia,64.0,aprobado,REF-5AB0D558
P-7DCC512C3D,V-8DBE6092F0,2026-09-11 18:40:15,transferencia,840.0,pendiente,REF-86DA0815
P-6F4D7E2C5E,V-EC3816D53F,2026-09-11 18:40:15,tarjeta,1950.0,pendiente,REF-D1413094
P-D195D74558,V-EDC86BCD41,2026-09-11 18:40:16,tarjeta,126.0,aprobado,REF-041F7C51
P-EB2D3EA86B,V-C676A77AF7,2026-09-11 18:40:17,efectivo,96.0,aprobado,REF-D874BA8E
P-CB95FEED28,V-CFC7B0C0FC,2026-09-11 18:40:17,vale,110.0,aprobado,REF-AC6BDB7B
P-047BB6D282,V-0F670347A6,2026-09-11 18:40:18,vale,96.0,aprobado,REF-3141033C
P-F3FEF3D33F,V-04CA53E9B1,2026-09-11 18:40:18,transferencia,840.0,aprobado,REF-2671A35E
P-F8E74524A6,V-06326D3F50,2026-09-11 18:40:19,efectivo,144.0,pendiente,REF-8704E4B0
P-358A248055,V-D0E207B05F,2026-09-11 18:40:20,transferencia,84.0,pendiente,REF-D9B77C2E
P-1C9E5B4503,V-8938631600,2026-09-11 18:40:20,efectivo,420.0,pendiente,REF-08D69DFA
P-4706E9EADC,V-CD3FF61DF5,2026-09-11 18:40:21,efectivo,1560.0,aprobado,REF-CB9D3064
P-00F2A01747,V-1EA02252F0,2026-09-11 18:40:22,efectivo,1140.0,aprobado,REF-D55BE632
P-EF762BE7BF,V-60CFE937D8,2026-09-11 18:40:22,efectivo,252.0,pendiente,REF-F0A5521E
P-3921294915,V-0C28E45F57,2026-09-11 18:40:23,tarjeta,54.0,aprobado,REF-30C29607
P-41BE3CD77B,V-142D15301B,2026-09-11 18:40:24,tarjeta,18.0,aprobado,REF-969E74B2
P-F31DA8A6A7,V-90FF79BEED,2026-09-11 18:40:24,transferencia,270.0,aprobado,REF-32467600
P-997C8BD2A2,V-9246DB2944,2026-09-11 18:40:25,efectivo,2100.0,aprobado,REF-63280715
P-46909DAB69,V-8A45792249,2026-09-11 18:40:25,vale,840.0,pendiente,REF-381B74D6
P-019CFAC582,V-3DA42DEC07,2026-09-11 18:40:26,vale,45.0,aprobado,REF-941EC70C
P-524556F8D7,V-30CB31DB27,2026-09-11 18:40:26,transferencia,140.0,aprobado,REF-63BC3CC4
P-D16D9D7E39,V-A1074DB3E9,2026-09-11 18:40:27,vale,55.0,pendiente,REF-F52E9ED1
P-94F4A7B81D,V-760D25BC8C,2026-09-11 18:40:27,efectivo,760.0,aprobado,REF-805AD248
P-2728276A64,V-85EBA15FC7,2026-09-11 18:40:28,efectivo,1140.0,pendiente,REF-40FE81C8
P-3A693F7D13,V-2E1316D5AA,2026-09-11 18:40:28,tarjeta,2280.0,aprobado,REF-7BCF502E
P-2A135315A4,V-11D7438E91,2026-09-11 18:40:29,efectivo,1140.0,pendiente,REF-0DB78156
P-B2432D8E1D,V-EA594F9255,2026-09-11 18:40:30,transferencia,192.0,aprobado,REF-5F1563BD
P-7765BBB82B,V-4DAD6D153B,2026-09-11 18:40:30,tarjeta,1900.0,aprobado,REF-F9646D28
P-3646CC8811,V-2D27ED4E9D,2026-09-11 18:40:31,vale,420.0,aprobado,REF-6F9DD918
P-3DDB0DA161,V-02C0D4484B,2026-09-11 18:40:32,efectivo,96.0,aprobado,REF-0E942DA1
P-7CEFAEC31D,V-6EDF5D444B,2026-09-11 18:40:32,tarjeta,2520.0,aprobado,REF-223D25FF
P-6AB60C06EF,V-5F66CEC3C5,2026-09-11 18:40:33,vale,220.0,aprobado,REF-3EF500EF
P-7B73D0B563,V-1E92E81AAF,2026-09-11 18:40:34,efectivo,28.0,aprobado,REF-5BAB332F
P-FFA5894225,V-DF93E5C7E6,2026-09-11 18:40:34,vale,168.0,aprobado,REF-3F5FEDD5
P-7705037561,V-68A57CF65C,2026-09-11 18:40:34,efectivo,55.0,aprobado,REF-D2085369
P-7B6B726287,V-73AF7105B5,2026-09-11 18:40:35,transferencia,1680.0,pendiente,REF-B5C08BEE
P-AD645D00FA,V-0C1CE2F703,2026-09-11 18:40:35,tarjeta,420.0,aprobado,REF-227F6608
P-6512F4C7EE,V-95C7ACD93E,2026-09-11 18:40:36,tarjeta,96.0,pendiente,REF-1803AEEB
P-3ADC00B87A,V-45EDEE3287,2026-09-11 18:40:37,vale,64.0,aprobado,REF-C646A375
P-339C14EC4A,V-B852E91C3F,2026-09-11 18:40:37,vale,1140.0,pendiente,REF-AD5A59EF
P-CAB54902A1,V-8F6A4CC62C,2026-09-11 18:40:38,efectivo,180.0,pendiente,REF-93C741A9
P-60D9E4DFD7,V-DB834A4B61,2026-09-11 18:40:38,vale,288.0,aprobado,REF-8916FCA6
P-76DC03FDFB,V-D42747A08C,2026-09-11 18:40:39,vale,1950.0,aprobado,REF-55324565
P-C98C245F74,V-F2A4EDEBB3,2026-09-11 18:40:40,efectivo,128.0,aprobado,REF-FAEA19BA
P-CDD6B6233C,V-19CE852DA8,2026-09-11 18:40:40,transferencia,160.0,aprobado,REF-D1427415
P-6F51E89C3B,V-5BEE088E00,2026-09-11 18:40:41,vale,18.0,aprobado,REF-B50D655C
P-778DA82C96,V-07CA09A669,2026-09-11 18:40:41,efectivo,252.0,aprobado,REF-3A6E0906
P-9078C44CA0,V-91533944DA,2026-09-11 18:40:42,transferencia,108.0,aprobado,REF-4F52B10A
P-C1F5E09370,V-3189A7285F,2026-09-11 18:40:42,transferencia,110.0,aprobado,REF-EC736EDD
P-6EB32F216D,V-82A2C4CD32,2026-09-11 18:40:43,tarjeta,126.0,aprobado,REF-375AFBD3
P-56F295F8C0,V-4CD1B5ECBA,2026-09-11 18:40:43,efectivo,288.0,aprobado,REF-AD220A9B
P-3F5CDEB30C,V-E83F598F26,2026-09-11 18:40:44,vale,380.0,aprobado,REF-56CA61D3
P-487AB44D36,V-019F2F1355,2026-09-11 18:40:45,efectivo,56.0,pendiente,REF-5D011311
P-D6FB6F3831,V-CAB79B122C,2026-09-11 18:40:46,efectivo,128.0,aprobado,REF-A38C33EE
P-AB6BC54F5D,V-4F998BAAE9,2026-09-11 18:40:46,vale,96.0,aprobado,REF-53244BC8
P-462150A7F6,V-DF2CEA32D2,2026-09-11 18:40:47,vale,2520.0,pendiente,REF-323CD67A
P-ABFB6D2447,V-9A164571C5,2026-09-11 18:40:47,transferencia,780.0,aprobado,REF-6A1007BE
P-0733AD2B48,V-566FEFACF3,2026-09-11 18:40:48,vale,390.0,pendiente,REF-91BD6981
P-47F2FE877A,V-78E4DDD75C,2026-09-11 18:40:48,efectivo,165.0,pendiente,REF-D6560D17
P-D67E687FC7,V-6A8738BFF0,2026-09-11 18:40:49,tarjeta,32.0,aprobado,REF-047739EB
P-1686D572CF,V-6766FE3CD4,2026-09-11 18:40:50,efectivo,1680.0,aprobado,REF-5EFE7E76
P-3E1327D738,V-60BEB98119,2026-09-11 18:40:50,transferencia,840.0,aprobado,REF-7D938662
P-0DF7F6B200,V-478FFCBDC2,2026-09-11 18:40:51,tarjeta,126.0,aprobado,REF-FCAAA086
P-2945195168,V-4F410FB2C1,2026-09-11 18:40:52,tarjeta,42.0,aprobado,REF-9DCFF9EF
P-151FE6F831,V-399D01B213,2026-09-11 18:40:52,transferencia,36.0,aprobado,REF-9B549D58
P-7BEB6B10C6,V-567B8A5816,2026-09-11 18:40:53,vale,1260.0,pendiente,REF-AE9F8DAA
P-89760CD3A2,V-C5ABC7895C,2026-09-11 18:40:53,efectivo,1900.0,aprobado,REF-ABF4BEBB
P-F6B939B477,V-E8B5ED0C7A,2026-09-11 18:40:54,tarjeta,1680.0,pendiente,REF-14BADEB7
P-1D11BBDABE,V-86536474AE,2026-09-11 18:40:55,tarjeta,380.0,aprobado,REF-6A4396FB
P-AAC17D8F1A,V-A559DDDE93,2026-09-11 18:40:55,transferencia,84.0,aprobado,REF-14607665
P-8991AE1A82,V-8219FD221B,2026-09-11 18:40:56,tarjeta,252.0,aprobado,REF-0719E13E
P-A8EFA62980,V-95199D6C1D,2026-09-11 18:40:57,tarjeta,110.0,pendiente,REF-D6A1E47F
P-A991175C3B,V-5F83D2BDB8,2026-09-11 18:40:57,tarjeta,1680.0,aprobado,REF-41232668
P-8028F67B56,V-ECB522E9DB,2026-09-11 18:40:57,vale,760.0,pendiente,REF-CD9F6E60
P-452CDFD382,V-E149D78864,2026-09-11 18:40:58,vale,144.0,aprobado,REF-8C124E3C
P-993542ACE1,V-E1DF256D7D,2026-09-11 18:40:59,vale,48.0,aprobado,REF-CD1B0E00
P-996D8DA481,V-C4A6B350C9,2026-09-11 18:40:59,tarjeta,252.0,aprobado,REF-723C6362
P-76DAFCDB55,V-D0511C291C,2026-09-11 18:41:00,vale,84.0,aprobado,REF-C413770C
P-FB4D661518,V-F3E2A0EB9A,2026-09-11 18:41:00,vale,225.0,pendiente,REF-5767014A
P-4DBB708CB5,V-7C502352BC,2026-09-11 18:41:01,vale,32.0,aprobado,REF-62FB3479
P-0AC48A63F1,V-DB8676D4A1,2026-09-11 18:41:02,vale,192.0,aprobado,REF-D6DEFEED
P-E2971404C6,V-DAE5CB6B78,2026-09-11 18:41:02,transferencia,2520.0,aprobado,REF-8ECAEA20
P-2AEAEB98E1,V-CCAF9F3968,2026-09-11 18:41:03,transferencia,110.0,pendiente,REF-8E396CCA
P-2EAD79B4E8,V-91FE3FD223,2026-09-11 18:41:03,efectivo,225.0,aprobado,REF-88FEE8D9
P-E6C3786934,V-6C3C70B5EA,2026-09-11 18:41:04,vale,760.0,aprobado,REF-DFCCA33F
P-151023AC74,V-CE51D3BED1,2026-09-11 18:41:04,efectivo,288.0,aprobado,REF-CECE3EAB
P-9C51D3E6B8,V-FD2D9E37CD,2026-09-11 18:41:05,efectivo,288.0,pendiente,REF-8FFC4F71
P-DE31E24793,V-59C6F2405E,2026-09-11 18:41:05,efectivo,2520.0,pendiente,REF-E6EA72F7
P-A72C38672A,V-5AA2402F60,2026-09-11 18:41:06,vale,96.0,pendiente,REF-3F6DE558
P-6FD539D232,V-0491E444BE,2026-09-11 18:41:07,vale,180.0,aprobado,REF-0E458C48
P-5634AD9FA7,V-3D39CD0D43,2026-09-11 18:41:07,vale,1520.0,aprobado,REF-CDDC15FC
P-1952BB7641,V-6013CB8C41,2026-09-11 18:41:08,tarjeta,112.0,aprobado,REF-D5A7F834
P-696A270743,V-C10BFD0C95,2026-09-11 18:41:08,efectivo,220.0,aprobado,REF-5815F830
P-81FE661651,V-7DCE5AA617,2026-09-11 18:41:09,efectivo,90.0,aprobado,REF-3762DE09
P-9C5782B270,V-59D644E77A,2026-09-11 18:41:09,tarjeta,270.0,aprobado,REF-42526446
P-8F736961AA,V-DF1C8967BC,2026-09-11 18:41:10,efectivo,108.0,aprobado,REF-AED8FEFD
P-EA497B8F07,V-99FB277019,2026-09-11 18:41:10,vale,48.0,aprobado,REF-CD24BA35
P-B598C9BE7E,V-649017AAA5,2026-09-11 18:41:11,efectivo,18.0,pendiente,REF-E1F93FDF
P-A3CC62E869,V-AE7538BA24,2026-09-11 18:41:11,transferencia,32.0,pendiente,REF-86A8F4A5
P-BC62E9A7D6,V-8A8BB028ED,2026-09-11 18:41:11,efectivo,210.0,aprobado,REF-B0E50E06
P-C16F57C689,V-80D97F21AE,2026-09-11 18:41:12,transferencia,126.0,pendiente,REF-159E71A5
P-6C8898D72A,V-F23DE0930E,2026-09-11 18:41:13,tarjeta,18.0,aprobado,REF-197C79D7
P-F18D7847B3,V-97ED99194C,2026-09-11 18:41:14,efectivo,42.0,aprobado,REF-2FB3F2B3
P-50D723BBB5,V-A3684B621A,2026-09-11 18:41:14,vale,144.0,aprobado,REF-34397F8C
P-D274F16EFA,V-5A044CA614,2026-09-11 18:41:15,vale,128.0,pendiente,REF-BD668D40
P-F6BDAC0532,V-516A0DB504,2026-09-11 18:41:15,vale,54.0,aprobado,REF-835A43CD
P-65FC804A40,V-EA36889156,2026-09-11 18:41:16,tarjeta,112.0,aprobado,REF-CE40C25D
P-C03AE3E02C,V-CA1A938BF7,2026-09-11 18:41:17,vale,220.0,aprobado,REF-051EBAF1
P-A1EF1FAF35,V-263E033F93,2026-09-11 18:41:17,tarjeta,180.0,aprobado,REF-8DB3C92B
P-17EDDDD55A,V-9109CEBF49,2026-09-11 18:41:18,transferencia,390.0,aprobado,REF-B90F7889
P-CAAC4A05F1,V-25781C163B,2026-09-11 18:41:19,vale,64.0,aprobado,REF-4A5D3A47
P-284F510742,V-01DCD46B54,2026-09-11 18:41:19,transferencia,1950.0,aprobado,REF-99784306
P-D8B0C34F5A,V-3363C9C959,2026-09-11 18:41:20,vale,1170.0,aprobado,REF-86D7CF1C
P-D904F96C95,V-FA4BF86E49,2026-09-11 18:41:20,efectivo,90.0,pendiente,REF-DBA6B61C
P-8E22106F86,V-69F4F3373C,2026-09-11 18:41:20,transferencia,55.0,aprobado,REF-8230ACC7
P-0FF8C53355,V-4AEF3E9030,2026-09-11 18:41:21,tarjeta,32.0,aprobado,REF-3000422A
P-EAF293A3EE,V-81CD1A946F,2026-09-11 18:41:22,tarjeta,840.0,aprobado,REF-E0D765C5
P-91D46DD0B3,V-5042EC92D7,2026-09-11 18:41:22,vale,72.0,aprobado,REF-E1D6D823
P-88B5A025A5,V-5ACB5FB172,2026-09-11 18:41:23,tarjeta,126.0,aprobado,REF-5FDEADF7
P-2AC80B2EEF,V-408426FCD7,2026-09-11 18:41:23,transferencia,84.0,pendiente,REF-F6468DB8
P-50B95BE22D,V-35B57A4DFA,2026-09-11 18:41:24,tarjeta,54.0,aprobado,REF-510509B1
P-BDC62E5130,V-E0E5D2A83D,2026-09-11 18:41:25,transferencia,48.0,aprobado,REF-B0610CB4
P-62343A24B3,V-9B1B01964B,2026-09-11 18:41:25,transferencia,1260.0,aprobado,REF-054650A1
P-7410315A2A,V-AD7D51C503,2026-09-11 18:41:26,efectivo,2100.0,aprobado,REF-B8800036
P-F25D7DEACA,V-81B3FDA88B,2026-09-11 18:41:26,vale,1170.0,aprobado,REF-EB4E2854
P-1107D7033B,V-52A6F7F9BC,2026-09-11 18:41:27,transferencia,210.0,pendiente,REF-D7228B39
P-BB9027C6F9,V-55C62940E9,2026-09-11 18:41:28,efectivo,36.0,aprobado,REF-3BACBC6F
P-B12FCEA63B,V-9C7916D3DC,2026-09-11 18:41:28,vale,275.0,aprobado,REF-31A4DE25
P-6F385F6911,V-A89DC8C559,2026-09-11 18:41:29,tarjeta,270.0,aprobado,REF-1C52B2A2
P-0622F75BF3,V-44D38E50EE,2026-09-11 18:41:29,efectivo,1950.0,pendiente,REF-858AA3E7
P-288CC99964,V-CC0361AF17,2026-09-11 18:41:30,vale,90.0,aprobado,REF-280DEBCD
P-FF58813DAD,V-A9631FD468,2026-09-11 18:41:30,tarjeta,1260.0,pendiente,REF-F0046482
P-FF874BBE80,V-C64EAB0818,2026-09-11 18:41:31,vale,144.0,aprobado,REF-4FAFB35C
P-74FA37016B,V-2C6BD1EB58,2026-09-11 18:41:31,tarjeta,144.0,aprobado,REF-ECEB6954
P-BABF0C9B3A,V-A3774F0EB1,2026-09-11 18:41:32,efectivo,270.0,aprobado,REF-D54B22F5
P-35E31BC218,V-879303FF91,2026-09-11 18:41:33,efectivo,1520.0,aprobado,REF-84D24BC8
P-478906A784,V-50F19BEDB8,2026-09-11 18:41:33,efectivo,252.0,aprobado,REF-2C2472A1
P-73A1328864,V-FCF3270486,2026-09-11 18:41:34,vale,110.0,aprobado,REF-67035787
P-611E6F4528,V-91BDE587E6,2026-09-11 18:41:34,efectivo,840.0,aprobado,REF-80D91B7F
P-8E766AA0D6,V-E72F248A27,2026-09-11 18:41:35,tarjeta,840.0,aprobado,REF-5C832D07
P-4725AF6059,V-724C75109C,2026-09-11 18:41:35,tarjeta,270.0,aprobado,REF-AD567161
P-12EA8ADC07,V-8588FFA0B3,2026-09-11 18:41:36,vale,420.0,aprobado,REF-E0260FD3
P-4708667DE9,V-0E526CA1DF,2026-09-11 18:41:36,tarjeta,140.0,pendiente,REF-FBA9F138
P-348F650CC5,V-6135F70F33,2026-09-11 18:41:37,transferencia,1560.0,aprobado,REF-6EA9675F
P-948A097C2D,V-AD88615A18,2026-09-11 18:41:38,vale,36.0,aprobado,REF-27BFCE0F
P-452427F2C1,V-F2920A2044,2026-09-11 18:41:38,vale,54.0,pendiente,REF-C57F84E6
P-D82243C32B,V-32A229A045,2026-09-11 18:41:39,tarjeta,252.0,pendiente,REF-B50DBBD4
P-BCA98EA978,V-A1CFD53850,2026-09-11 18:41:39,tarjeta,32.0,aprobado,REF-32A724B5
P-4BECA843F3,V-8FF9573970,2026-09-11 18:41:40,transferencia,2100.0,aprobado,REF-35ECE25E
P-AB626BCA69,V-85A228C374,2026-09-11 18:41:40,efectivo,1680.0,aprobado,REF-C5AAC3FE
P-BAA65B6AC2,V-FD5EB9E67F,2026-09-11 18:41:41,vale,2100.0,pendiente,REF-566821DD
P-017F31E95E,V-537EE149E1,2026-09-11 18:41:41,tarjeta,32.0,aprobado,REF-CF3B5C7D
P-0FC00530EE,V-AA806C1A35,2026-09-11 18:41:42,transferencia,90.0,aprobado,REF-736345FA
P-342B1F68E7,V-0B07045B5B,2026-09-11 18:41:42,tarjeta,2520.0,aprobado,REF-7CFDC485
P-AF6FC9208B,V-BD79FEB46E,2026-09-11 18:41:43,tarjeta,390.0,pendiente,REF-19A96AEC
P-DAAD6CE548,V-0479D15D2B,2026-09-11 18:41:44,vale,180.0,pendiente,REF-53B5F291
P-09E3183A92,V-C56A972028,2026-09-11 18:41:44,transferencia,330.0,aprobado,REF-34131F09
P-7EB5825ECC,V-D7F06F155C,2026-09-11 18:41:45,tarjeta,135.0,aprobado,REF-14DB7F6E
P-82235399A4,V-C1960246C8,2026-09-11 18:41:45,efectivo,380.0,aprobado,REF-05ECB0E9
P-446A140803,V-D597E793AA,2026-09-11 18:41:46,tarjeta,2280.0,aprobado,REF-D3D43D92
P-B8DB097049,V-6F8FD560B0,2026-09-11 18:41:46,tarjeta,112.0,aprobado,REF-180D2886
P-25C234C988,V-BA090E4D07,2026-09-11 18:41:47,vale,780.0,aprobado,REF-29BA344F
P-03FDAAB636,V-749CEDA20F,2026-09-11 18:41:48,efectivo,1560.0,aprobado,REF-A820CB36
P-68941EDB9A,V-389E4E071D,2026-09-11 18:41:48,tarjeta,1170.0,aprobado,REF-53565975
P-414DDCF6E1,V-C498568E3C,2026-09-11 18:41:49,efectivo,1520.0,aprobado,REF-22943676
P-70285F3B7E,V-DB9FC6BBC0,2026-09-11 18:41:50,efectivo,760.0,aprobado,REF-8752D794
P-4C937088A5,V-77EA7F9E58,2026-09-11 18:41:50,efectivo,108.0,aprobado,REF-481714A9
P-68D3491870,V-D16AF51BFA,2026-09-11 18:41:50,efectivo,2520.0,aprobado,REF-EB214CD5
P-7C7FE3978E,V-3C7A7FCF1C,2026-09-11 18:41:51,efectivo,275.0,aprobado,REF-B83144C3
P-971BFDA758,V-3B9D9FDC20,2026-09-11 18:41:52,tarjeta,1140.0,aprobado,REF-A9F0E551
P-B7B04E6A7B,V-59D4767FA9,2026-09-11 18:41:52,tarjeta,42.0,aprobado,REF-A206FC2B
P-0193FE0438,V-A6AD110372,2026-09-11 18:41:53,transferencia,165.0,pendiente,REF-FFB17F76
P-4B3DD86834,V-FE9B104F0E,2026-09-11 18:41:53,vale,1260.0,aprobado,REF-E091F465
P-60EF454BD6,V-6DDB6ECAF4,2026-09-11 18:41:54,vale,42.0,aprobado,REF-B07DB7A0
P-2F8E692222,V-E74CB54DB0,2026-09-11 18:41:54,tarjeta,110.0,pendiente,REF-25814E3D
P-05617E60A6,V-5332299F1C,2026-09-11 18:41:55,efectivo,180.0,aprobado,REF-4063EC01
P-E69C9448D2,V-56535CEFC5,2026-09-11 18:41:56,tarjeta,2340.0,aprobado,REF-9841EB8B
P-4B16A246AC,V-78FF1F8B2E,2026-09-11 18:41:57,transferencia,2100.0,pendiente,REF-DD34EF48
P-41F4DFE510,V-59EDF8A1AC,2026-09-11 18:41:57,efectivo,42.0,aprobado,REF-3EBB284B
P-7B77F4D75C,V-703BD1B218,2026-09-11 18:41:58,transferencia,140.0,aprobado,REF-5C05F54A
P-CF0BB06F1C,V-2FFBFBA631,2026-09-11 18:41:58,efectivo,1560.0,aprobado,REF-F423C9F1
P-C2B81597D6,V-F01C8BA1F6,2026-09-11 18:41:59,vale,1520.0,aprobado,REF-2660E4E1
P-114401CBF1,V-095CA0EAE8,2026-09-11 18:42:00,tarjeta,55.0,aprobado,REF-7374E53E
P-6DF60F41DE,V-FD888EBA02,2026-09-11 18:42:00,transferencia,168.0,aprobado,REF-C60C40F9
P-3EBBDA6A69,V-5B035CD3BC,2026-09-11 18:42:01,transferencia,96.0,pendiente,REF-9C280052
P-B9A90CB012,V-CF023D79A7,2026-09-11 18:42:02,vale,84.0,aprobado,REF-959E7084
P-4DF2CF9CB7,V-D0EDD39278,2026-09-11 18:42:02,efectivo,2280.0,pendiente,REF-599A0212
P-CE088C3DD9,V-57F9DF14F7,2026-09-11 18:42:03,transferencia,48.0,aprobado,REF-6020BF75
P-9698CDCCD7,V-4E848970A6,2026-09-11 18:42:03,vale,180.0,pendiente,REF-21D8FEB4
P-739E656C42,V-78422987B8,2026-09-11 18:42:04,vale,330.0,aprobado,REF-47B01CFD
P-69E6946E7D,V-B3F3ADA641,2026-09-11 18:42:04,efectivo,32.0,aprobado,REF-95A8996D
P-D55693EAFE,V-C6D07DF8C9,2026-09-11 18:42:05,efectivo,288.0,pendiente,REF-B1412532
P-5D7C224463,V-884B7BB6C7,2026-09-11 18:42:05,tarjeta,84.0,pendiente,REF-0F9B418C
P-8F1B6270C1,V-659C299CF3,2026-09-11 18:42:06,transferencia,2280.0,aprobado,REF-4F9F3E7C
P-0833D6E9A1,V-BA785D4BD0,2026-09-11 18:42:07,tarjeta,225.0,aprobado,REF-33199CC2
P-9961A2CEDA,V-00B2134D42,2026-09-11 18:42:07,vale,140.0,aprobado,REF-9DAE7981
P-70454BBDBC,V-6128104912,2026-09-11 18:42:08,vale,1680.0,pendiente,REF-7063F1F3
P-D1AA567E76,V-CBF25D9E2D,2026-09-11 18:42:09,efectivo,96.0,aprobado,REF-F0B05950
P-C1E7D6A6FF,V-E992F38855,2026-09-11 18:42:09,transferencia,1950.0,aprobado,REF-1458D26A
P-0CA9E35DC7,V-D888E8F2D8,2026-09-11 18:42:10,tarjeta,18.0,pendiente,REF-5A4FD149
P-AB7AB25DD5,V-BF31450FDE,2026-09-11 18:42:10,tarjeta,760.0,pendiente,REF-6FCA8A2B
P-0D83DA096E,V-CC8C1ACFB6,2026-09-11 18:42:11,transferencia,55.0,aprobado,REF-3E154866
P-0ACA0E4D21,V-A8044C698D,2026-09-11 18:42:11,efectivo,192.0,aprobado,REF-CA35E0AD
P-A1232008D3,V-840FF4E8D6,2026-09-11 18:42:12,transferencia,1170.0,aprobado,REF-A13B9089
P-861660E875,V-385377BF56,2026-09-11 18:42:12,tarjeta,36.0,pendiente,REF-7339A7E5
P-88140FAC8C,V-0E808EA840,2026-09-11 18:42:13,tarjeta,1560.0,pendiente,REF-78485FE8
P-B76EB63A2D,V-40C03517BB,2026-09-11 18:42:13,efectivo,390.0,aprobado,REF-80F1DF0A
P-89C569AE6E,V-A3BEA25D13,2026-09-11 18:42:14,vale,380.0,pendiente,REF-37CECD84
P-7A94A7D72C,V-BFD49B016E,2026-09-11 18:42:15,transferencia,2520.0,aprobado,REF-5FCB0C60
P-FA9041332E,V-9A23A8055C,2026-09-11 18:42:15,efectivo,126.0,pendiente,REF-953E4CAE
P-714E3D2996,V-16AF7C659D,2026-09-11 18:42:16,vale,45.0,aprobado,REF-482A68A1
P-79B6771BF2,V-1EB65F6AB8,2026-09-11 18:42:16,tarjeta,96.0,pendiente,REF-91CF18DE
P-C536F8D704,V-77C5E2119C,2026-09-11 18:42:17,tarjeta,48.0,aprobado,REF-9A160C43
P-5BF3C62F8A,V-3791A644C2,2026-09-11 18:42:18,tarjeta,160.0,aprobado,REF-F4F07CB4
P-B8C259B791,V-1B812405F8,2026-09-11 18:42:18,efectivo,54.0,aprobado,REF-5F2529D8
P-8FBB4D7087,V-95B6A06B94,2026-09-11 18:42:19,efectivo,55.0,pendiente,REF-CA273C4E
P-89B95211C3,V-8CABBF22C9,2026-09-11 18:42:19,tarjeta,128.0,aprobado,REF-6F8752A9
P-8EC27D22DC,V-B4C0AEE4B9,2026-09-11 18:42:20,vale,126.0,pendiente,REF-41769DEC
P-410FA3249C,V-D0DC89972A,2026-09-11 18:42:20,vale,168.0,aprobado,REF-18E49A6B
P-3C97AF07DD,V-08E71BF4D3,2026-09-11 18:42:21,transferencia,168.0,aprobado,REF-56D767AF
P-51C9EF60E8,V-C234C8E2A4,2026-09-11 18:42:21,transferencia,780.0,aprobado,REF-06EBA39D
P-EFE8B1A86A,V-2EA7306109,2026-09-11 18:42:22,efectivo,760.0,aprobado,REF-33D9EEF3
P-C51BD48019,V-2282C044FC,2026-09-11 18:42:22,efectivo,2280.0,aprobado,REF-B27C9860
P-F812FCF441,V-7458A23011,2026-09-11 18:42:23,tarjeta,96.0,pendiente,REF-F01D1DDB
P-B593886E01,V-AD1F6CEEFB,2026-09-11 18:42:24,transferencia,1170.0,aprobado,REF-FA758C7C
P-49F7FF1E3F,V-B848BDABEB,2026-09-11 18:42:24,transferencia,2520.0,pendiente,REF-99149D7C
P-E406E36540,V-6FB591891A,2026-09-11 18:42:25,transferencia,2520.0,pendiente,REF-57EBE6A4
P-84D6DF9212,V-BB603E56FD,2026-09-11 18:42:26,efectivo,168.0,pendiente,REF-78DC576B
P-8E2A8B758B,V-57D25293EB,2026-09-11 18:42:26,vale,1680.0,aprobado,REF-AF1A34E7
P-3A6B34A81F,V-A9EB7FCAF2,2026-09-11 18:42:27,transferencia,135.0,pendiente,REF-F03FC8FB
P-6064F0BC72,V-D9AB510D23,2026-09-11 18:42:28,tarjeta,108.0,aprobado,REF-E8DFA260
P-FE837F2641,V-282017ECFC,2026-09-11 18:42:28,tarjeta,225.0,aprobado,REF-CBF145D4
P-73FC2092C6,V-883A1E1C8E,2026-09-11 18:42:29,tarjeta,1260.0,aprobado,REF-9FA4CF2D
P-83512E082E,V-5CABE4925D,2026-09-11 18:42:30,tarjeta,56.0,aprobado,REF-D1AAF700
P-B5750D41BB,V-3A2FF05FF5,2026-09-11 18:42:30,tarjeta,1950.0,aprobado,REF-1B02CAF9
P-DA8C3DB1C2,V-5D4CA2AB8B,2026-09-11 18:42:31,efectivo,128.0,aprobado,REF-A25496F3
P-25365051EA,V-F0F6BD1875,2026-09-11 18:42:32,transferencia,180.0,aprobado,REF-BE364630
P-31028BFECF,V-FD2050E217,2026-09-11 18:42:32,vale,96.0,aprobado,REF-2755CC34
P-60B2A30F47,V-927C398A70,2026-09-11 18:42:32,vale,1950.0,aprobado,REF-122D2E3E
P-3E0BBBBD0E,V-F7E024C80C,2026-09-11 18:42:33,vale,84.0,pendiente,REF-F7968639
P-310CBA08DF,V-47932BF603,2026-09-11 18:42:34,tarjeta,1900.0,aprobado,REF-0A6267A7
P-BECDDA4447,V-D6865B6F74,2026-09-11 18:42:34,vale,45.0,pendiente,REF-10DC3E30
P-4057F4A73D,V-58A7A7F01F,2026-09-11 18:42:35,transferencia,28.0,aprobado,REF-315E49EC
P-1EE877FC09,V-0D608B67AD,2026-09-11 18:42:36,tarjeta,2520.0,pendiente,REF-6CE2C9EF
P-2D81C08818,V-C85730A4C6,2026-09-11 18:42:36,tarjeta,192.0,aprobado,REF-49597741
P-F88913017D,V-6BED214C9D,2026-09-11 18:42:37,vale,128.0,aprobado,REF-BCD66658
P-6C9B1133D1,V-7EDBAB3635,2026-09-11 18:42:37,vale,1260.0,aprobado,REF-4E2D4B91
P-A82D842B5A,V-82B5ABB1AE,2026-09-11 18:42:38,efectivo,18.0,pendiente,REF-0395C298
P-944A0AFD19,V-0C8C923C29,2026-09-11 18:42:38,tarjeta,210.0,aprobado,REF-0AC7A708
P-8E54BD14D3,V-9CAB5F075D,2026-09-11 18:42:39,transferencia,270.0,aprobado,REF-FB6CD961
P-AE5ACF3A8C,V-6F8294FF84,2026-09-11 18:42:40,transferencia,45.0,aprobado,REF-EB6A3A73
P-D6BD4DDFD3,V-883FF715E1,2026-09-11 18:42:40,vale,180.0,aprobado,REF-8A8928EC
P-DDB724CB80,V-9FDC64B461,2026-09-11 18:42:41,tarjeta,128.0,aprobado,REF-D27FAE14
P-F55C1BE837,V-D360CF4FB1,2026-09-11 18:42:41,vale,168.0,aprobado,REF-9C498AA6
P-3D254EF5DB,V-72DD40E30A,2026-09-11 18:42:42,vale,270.0,aprobado,REF-DDE7456D
P-A5DC05B64F,V-3DAF7B4906,2026-09-11 18:42:43,vale,1680.0,aprobado,REF-EFDE0EB2
P-24E148B222,V-2E76C87757,2026-09-11 18:42:43,vale,225.0,aprobado,REF-FC1C8B26
P-5975568FD3,V-1B7DD41988,2026-09-11 18:42:44,efectivo,840.0,aprobado,REF-7FB28C21
P-1CD2A7BCDD,V-392089DAF7,2026-09-11 18:42:45,transferencia,760.0,aprobado,REF-29E6429F
P-158D888C0B,V-9A5AD4B713,2026-09-11 18:42:45,tarjeta,32.0,aprobado,REF-14762644
P-E67081A743,V-7F140D8813,2026-09-11 18:42:46,vale,192.0,pendiente,REF-64A84EC8
P-7B45848276,V-B3368C93D6,2026-09-11 18:42:46,vale,210.0,aprobado,REF-DADF405D
P-B416788626,V-DB8E1BD2FE,2026-09-11 18:42:47,efectivo,54.0,pendiente,REF-C787DDB3
P-F941A6A0A4,V-987718A3EB,2026-09-11 18:42:47,tarjeta,240.0,pendiente,REF-FB4B1AEA
P-C6C75649CB,V-91ECC4D3A9,2026-09-11 18:42:48,vale,112.0,aprobado,REF-C493B88D
P-9AF6EE4238,V-414B94676D,2026-09-11 18:42:48,efectivo,45.0,pendiente,REF-AB81D098
P-A22CABE1CA,V-81D28A4260,2026-09-11 18:42:49,vale,56.0,pendiente,REF-91C9D7C8
P-F2723AAE39,V-23423DE853,2026-09-11 18:42:50,transferencia,210.0,aprobado,REF-C107CF53
P-E3B7A45584,V-19193DF513,2026-09-11 18:42:50,tarjeta,168.0,aprobado,REF-961D58F4
P-CA8EC1D2C9,V-13FC543563,2026-09-11 18:42:51,efectivo,252.0,aprobado,REF-D0C4B25F
P-C382122623,V-5A8CF00C23,2026-09-11 18:42:51,efectivo,180.0,aprobado,REF-D3A3FE6E
P-DBAEA935A8,V-01E85666E5,2026-09-11 18:42:52,transferencia,192.0,aprobado,REF-BCF183BA
P-4681D48F7E,V-EF872545D5,2026-09-11 18:42:53,tarjeta,28.0,aprobado,REF-6CA552E1
P-CC6ADAAC34,V-2214C986FF,2026-09-11 18:42:54,vale,84.0,aprobado,REF-6D17D6F4
P-E06F3AFD87,V-834237DF2F,2026-09-11 18:42:54,efectivo,2520.0,aprobado,REF-D8AE178A
P-EE3A0B0559,V-844BACC55D,2026-09-11 18:42:55,efectivo,760.0,pendiente,REF-9ED0993B
P-9CD52B3132,V-9E3C78B613,2026-09-11 18:42:55,efectivo,140.0,pendiente,REF-36CE6A36
P-CE7F4D6513,V-D064D6CD75,2026-09-11 18:42:56,efectivo,90.0,aprobado,REF-2AE1FF31
P-B4EDC01898,V-74E9E7E36E,2026-09-11 18:42:56,transferencia,108.0,aprobado,REF-A6D463AB
P-EE3DDA32EC,V-CFF5750E0A,2026-09-11 18:42:57,transferencia,288.0,pendiente,REF-1876FEDC
P-75CDB96773,V-8937248FCE,2026-09-11 18:42:57,vale,2520.0,aprobado,REF-1966016A
P-0906537E96,V-3D7BC9B859,2026-09-11 18:42:58,transferencia,210.0,aprobado,REF-63883570
P-DA156CAC38,V-4A9A887132,2026-09-11 18:42:59,transferencia,55.0,aprobado,REF-F2594AD0
P-1FFB9BDB63,V-E1397B3EE9,2026-09-11 18:42:59,efectivo,1170.0,pendiente,REF-41611F2C
P-3B9368B74A,V-864AA5922E,2026-09-11 18:43:00,tarjeta,840.0,aprobado,REF-E3150968
P-6416D20D64,V-85BA283044,2026-09-11 18:43:00,tarjeta,54.0,aprobado,REF-A464614B
P-1173C67F31,V-89987BFA3B,2026-09-11 18:43:01,vale,380.0,aprobado,REF-8505543E
P-2EAFA68E3C,V-149BF0FC1A,2026-09-11 18:43:02,vale,112.0,aprobado,REF-CA0A019A
P-1DB1303E5F,V-2505514D1A,2026-09-11 18:43:02,vale,1950.0,aprobado,REF-26985657
P-02EB02D6A6,V-90B6101B3D,2026-09-11 18:43:03,efectivo,144.0,aprobado,REF-E951AF49
P-D9B126A0C6,V-228B8515B1,2026-09-11 18:43:04,efectivo,110.0,aprobado,REF-6365D4CB
P-C57EEC6DAD,V-2551E8912B,2026-09-11 18:43:04,tarjeta,760.0,aprobado,REF-ED4666B4
P-2C3589AF52,V-5715B33822,2026-09-11 18:43:05,vale,96.0,aprobado,REF-80A5A661
P-F9AFA877FE,V-9E6DEBAE5F,2026-09-11 18:43:05,efectivo,1680.0,aprobado,REF-5C5E6087
P-44A5446029,V-23A2B67BE2,2026-09-11 18:43:06,efectivo,160.0,pendiente,REF-4DD663B8
P-8A74EE6C39,V-0E63D241C9,2026-09-11 18:43:06,efectivo,72.0,pendiente,REF-E909BDE9
P-94D326F2CB,V-5F8C3639CE,2026-09-11 18:43:07,efectivo,2280.0,aprobado,REF-3584E62F
P-61F6B19018,V-020A08BEB1,2026-09-11 18:43:07,tarjeta,72.0,aprobado,REF-97DDB152
P-F3A6BDB7D6,V-18474390FB,2026-09-11 18:43:08,transferencia,64.0,aprobado,REF-E5E5470C
P-F3C65D12D9,V-A6E09401DA,2026-09-11 18:43:08,transferencia,380.0,aprobado,REF-C19139E1
P-98ECCA849D,V-91D75AFA53,2026-09-11 18:43:09,vale,54.0,aprobado,REF-4CEAF713
P-D7FC9FC0BC,V-0923A214AB,2026-09-11 18:43:09,efectivo,1520.0,aprobado,REF-30A1DA5F
P-5DE6B3C58D,V-0283AD21B2,2026-09-11 18:43:10,tarjeta,225.0,aprobado,REF-44CD409E
P-5943226727,V-39680C56AF,2026-09-11 18:43:11,vale,126.0,pendiente,REF-7873EB0F
P-C3436B7AA4,V-A7598AD18F,2026-09-11 18:43:11,transferencia,192.0,aprobado,REF-39621735
P-3BED441FE3,V-7ADE56E131,2026-09-11 18:43:12,vale,165.0,aprobado,REF-6C5F9FE7
P-052641D702,V-02D911214F,2026-09-11 18:43:12,tarjeta,252.0,pendiente,REF-9E2466DB
P-4B231D0F2D,V-26332E4A70,2026-09-11 18:43:13,vale,135.0,aprobado,REF-5270AF53
P-F33A771B86,V-2D3CE03A43,2026-09-11 18:43:14,tarjeta,54.0,aprobado,REF-168613B4
P-586EDC456F,V-396DF41571,2026-09-11 18:43:14,vale,165.0,aprobado,REF-6A4D4089
P-5B2FB4B3AE,V-2E1060419F,2026-09-11 18:43:15,vale,1170.0,aprobado,REF-A2BA505A
P-94FA80EDD3,V-8564FB095C,2026-09-11 18:43:15,tarjeta,96.0,aprobado,REF-3F27AAA4
P-E046BCBED9,V-24E634661A,2026-09-11 18:43:16,vale,252.0,aprobado,REF-495643EF
P-B3F60F2BAD,V-DB77FABF92,2026-09-11 18:43:17,efectivo,220.0,aprobado,REF-2E621511
P-4421919F18,V-83D56CD147,2026-09-11 18:43:17,tarjeta,90.0,aprobado,REF-379C0622
P-5B92DE4322,V-C48EC7598C,2026-09-11 18:43:18,efectivo,330.0,pendiente,REF-E18BF50B
P-CC7F71E1B8,V-65676B5E22,2026-09-11 18:43:18,transferencia,1520.0,pendiente,REF-1802C6C9
P-8D81D67A10,V-85D01DB876,2026-09-11 18:43:18,tarjeta,90.0,aprobado,REF-CA4EA288
P-F8674D9052,V-D281872A76,2026-09-11 18:43:19,vale,54.0,pendiente,REF-2AFB1CC3
P-94BDDFE766,V-387485239D,2026-09-11 18:43:19,efectivo,90.0,pendiente,REF-087E6C75
P-1BF2F7AA3A,V-49C3CB1F40,2026-09-11 18:43:20,efectivo,56.0,aprobado,REF-8878F97C
P-02F59A39E8,V-0E6798DCB4,2026-09-11 18:43:20,vale,168.0,aprobado,REF-09B1BF3C
P-784E8E83FA,V-714EAACF4B,2026-09-11 18:43:21,transferencia,36.0,pendiente,REF-43A26AE3
P-B67F415D5B,V-7077D26890,2026-09-11 18:43:21,efectivo,2520.0,pendiente,REF-6085D60A
P-D052C8EBA1,V-2639037626,2026-09-11 18:43:21,vale,1260.0,aprobado,REF-2E01E22E
P-C84F26820F,V-18C34E1CE6,2026-09-11 18:43:22,transferencia,192.0,pendiente,REF-342FC908
P-87FA46D013,V-02124C12D9,2026-09-11 18:43:23,transferencia,110.0,aprobado,REF-AEDA6AD0
P-091C640511,V-680DD31B5F,2026-09-11 18:43:23,transferencia,2340.0,pendiente,REF-0DFF85DD
P-443B5654C9,V-568B00A646,2026-09-11 18:43:24,vale,18.0,aprobado,REF-6BBAC3B2
P-A74A69BC49,V-86838B8419,2026-09-11 18:43:25,vale,180.0,aprobado,REF-946FCBAA
P-7ADB28F3DD,V-DAFC371F24,2026-09-11 18:43:25,vale,252.0,aprobado,REF-050CF534
P-F75E776F30,V-DFBF0FF7E3,2026-09-11 18:43:26,tarjeta,128.0,pendiente,REF-1018B2DA
P-EF5B8F0DFE,V-33185BDDC1,2026-09-11 18:43:27,tarjeta,54.0,aprobado,REF-5A1C0B55
P-14B92904D1,V-F029EEF52E,2026-09-11 18:43:27,vale,275.0,aprobado,REF-3757A84E
P-4702628E5B,V-18E6CDD2E6,2026-09-11 18:43:28,tarjeta,288.0,aprobado,REF-4113AF09
P-D0D0CA37A2,V-31C47F22CA,2026-09-11 18:43:28,tarjeta,192.0,aprobado,REF-78B00E35
P-EDEE264A73,V-98BACBC637,2026-09-11 18:43:29,vale,144.0,aprobado,REF-96065B12
P-25435C39BA,V-2A81FC4834,2026-09-11 18:43:30,vale,135.0,aprobado,REF-967FE5D2
P-D396377E73,V-6A55E24ED9,2026-09-11 18:43:30,transferencia,18.0,aprobado,REF-251FFA35
P-AF44F1EAFC,V-02C2DE793F,2026-09-11 18:43:31,transferencia,160.0,aprobado,REF-7B6FBE71
P-54D1B80BC0,V-61B6AECC5C,2026-09-11 18:43:31,transferencia,1560.0,pendiente,REF-964658AB
P-28F9992EEE,V-94677CFCC9,2026-09-11 18:43:32,transferencia,225.0,aprobado,REF-EC4F1A4A
P-C7FD52C68A,V-17CAD6960D,2026-09-11 18:43:33,transferencia,2100.0,aprobado,REF-F7840124
P-C629D9BE53,V-72765CE4C4,2026-09-11 18:43:33,vale,288.0,aprobado,REF-A5D62A17
P-3745E81147,V-93B415CA54,2026-09-11 18:43:34,efectivo,108.0,aprobado,REF-29160056
P-875B29CA7E,V-3388AE7E9E,2026-09-11 18:43:34,efectivo,126.0,aprobado,REF-6AFE9F1A
P-DDC11D7748,V-8B709CE76E,2026-09-11 18:43:34,tarjeta,90.0,pendiente,REF-6701E830
P-48451F8891,V-20B076FC65,2026-09-11 18:43:35,tarjeta,28.0,pendiente,REF-9ACDB588
P-A8F4CB3129,V-F55B09CB02,2026-09-11 18:43:36,transferencia,270.0,aprobado,REF-4A300E2F
P-049427037D,V-ED340FEF51,2026-09-11 18:43:36,transferencia,45.0,pendiente,REF-BC069C7A
P-52933129B1,V-CA0BD1FC95,2026-09-11 18:43:37,vale,840.0,aprobado,REF-2A19BC17
P-E6D77B9335,V-171DC5389C,2026-09-11 18:43:38,efectivo,1680.0,pendiente,REF-36AD3D11
P-14D903C6EB,V-6CCD890CED,2026-09-11 18:43:38,tarjeta,96.0,aprobado,REF-8F8B7A1C
P-238148865F,V-F2E164533A,2026-09-11 18:43:39,efectivo,18.0,aprobado,REF-205485C7
P-A853AB2643,V-EE09A1FDD6,2026-09-11 18:43:39,vale,140.0,pendiente,REF-E153F68B
P-66E81ED621,V-B85CC9B980,2026-09-11 18:43:40,efectivo,420.0,pendiente,REF-2D9CA2AD
P-BC480A7D62,V-BDBDD1D549,2026-09-11 18:43:41,tarjeta,48.0,aprobado,REF-8AD836FF
P-3A95E0A206,V-1B40D42711,2026-09-11 18:43:41,efectivo,64.0,aprobado,REF-F80AA99F
P-D6D46057DE,V-2B537955A7,2026-09-11 18:43:42,vale,1140.0,aprobado,REF-82071E06
P-62FD200C0B,V-415F32C07D,2026-09-11 18:43:42,vale,1260.0,aprobado,REF-0CAD2571
P-976E87F791,V-5635619B34,2026-09-11 18:43:43,efectivo,64.0,aprobado,REF-40CD64DF
P-0BCDA33488,V-AD86D2204F,2026-09-11 18:43:44,vale,42.0,aprobado,REF-2F33A3DA
P-910DAC57F1,V-B02E701034,2026-09-11 18:43:44,tarjeta,165.0,aprobado,REF-88F694D6
P-ABD1CDDA5E,V-52F3B99A46,2026-09-11 18:43:45,transferencia,32.0,pendiente,REF-3D6E598A
P-DE1E6DD2B9,V-8CFF5DDE69,2026-09-11 18:43:45,transferencia,108.0,aprobado,REF-F222491B
P-4E3575C1ED,V-E724D02CAA,2026-09-11 18:43:46,vale,72.0,pendiente,REF-7F063899
P-12AE4E8CBB,V-225E207D72,2026-09-11 18:43:47,tarjeta,1900.0,aprobado,REF-C3BB4FD7
P-F3446C158F,V-06A9304B2B,2026-09-11 18:43:47,tarjeta,144.0,aprobado,REF-FF0CB77F
P-83F2D7FF22,V-9564D20CB8,2026-09-11 18:43:48,vale,126.0,aprobado,REF-FB5AE6B1
P-CD318018A4,V-C3D86C0AA4,2026-09-11 18:43:49,vale,390.0,pendiente,REF-F9D89107
P-9B0CCE7DE1,V-330FBC5652,2026-09-11 18:43:49,tarjeta,18.0,aprobado,REF-DF839694
P-AC9FDDE691,V-29DFC96FB8,2026-09-11 18:43:50,tarjeta,96.0,aprobado,REF-B2F87DDC
P-95C63754D1,V-B0959C696C,2026-09-11 18:43:51,efectivo,135.0,aprobado,REF-1AB7A8AC
P-E0F37F781E,V-A07681AE2B,2026-09-11 18:43:51,transferencia,220.0,aprobado,REF-5DE3693C
P-859962205B,V-AA2EE4A6F8,2026-09-11 18:43:52,tarjeta,240.0,aprobado,REF-5BE88072
P-692FCEC311,V-8A56E20E19,2026-09-11 18:43:53,transferencia,140.0,aprobado,REF-11F755A3
P-B97B5D4AC8,V-512636A67B,2026-09-11 18:43:53,transferencia,210.0,aprobado,REF-F8A7A378
P-B1179065DC,V-B095097E7C,2026-09-11 18:43:54,vale,270.0,aprobado,REF-99FBCD54
P-E5CB0BAB92,V-AB7CDE3BD7,2026-09-11 18:43:54,efectivo,2280.0,pendiente,REF-42AABE86
P-D808444565,V-18AA9ED963,2026-09-11 18:43:55,tarjeta,2520.0,pendiente,REF-0E66AD7C
P-63D69A0661,V-5C27025C42,2026-09-11 18:43:56,efectivo,84.0,pendiente,REF-A5090347
P-5621F7A868,V-7D69D5246D,2026-09-11 18:43:56,tarjeta,126.0,pendiente,REF-F9603088
P-B6B9DCC4C4,V-EA3AF7F7EB,2026-09-11 18:43:57,tarjeta,96.0,aprobado,REF-373F4B08
P-1C8A5AA92A,V-15BF13A11B,2026-09-11 18:43:58,efectivo,96.0,aprobado,REF-A6614D2A
P-8D3B5ED76C,V-A5BF6FF3C9,2026-09-11 18:43:58,efectivo,380.0,aprobado,REF-1B320A30
P-FC934096BD,V-63BF3D58E1,2026-09-11 18:43:59,transferencia,2520.0,aprobado,REF-C142DC7F
P-DAEF875B6A,V-E7018A8C26,2026-09-11 18:44:00,tarjeta,128.0,pendiente,REF-027B18A7
P-39411C8597,V-3CED31FB4D,2026-09-11 18:44:00,efectivo,108.0,pendiente,REF-31453319
P-025A818B5D,V-7C7F72C3A7,2026-09-11 18:44:01,transferencia,96.0,aprobado,REF-372227C3
P-327216C10A,V-A33034CE16,2026-09-11 18:44:01,transferencia,96.0,aprobado,REF-CAA2F476
P-B693326D00,V-050BC4A5D5,2026-09-11 18:44:02,vale,128.0,aprobado,REF-B9BD03CD
P-4483949996,V-807DEC86F7,2026-09-11 18:44:02,vale,48.0,pendiente,REF-E05FCA97
P-E65E32933A,V-B9B10D2E45,2026-09-11 18:44:03,vale,1260.0,aprobado,REF-2233305F
P-DC18175284,V-C82F59D787,2026-09-11 18:44:03,efectivo,112.0,aprobado,REF-1CDC1F77
P-64C6FCBB8F,V-A70BC2860D,2026-09-11 18:44:04,efectivo,168.0,aprobado,REF-1D6AE71A
P-F184811149,V-978B84E12B,2026-09-11 18:44:05,transferencia,1900.0,aprobado,REF-478941AC
P-8378FE998E,V-6B10714C9C,2026-09-11 18:44:05,efectivo,275.0,pendiente,REF-B5733561
P-6985886BA7,V-2B23E60BD1,2026-09-11 18:44:06,transferencia,90.0,aprobado,REF-3A141F42
P-FCF3C05A0C,V-787A4E9553,2026-09-11 18:44:07,transferencia,240.0,aprobado,REF-AD953C94
P-1285E2D75C,V-3DD5D58B39,2026-09-11 18:44:08,transferencia,90.0,aprobado,REF-A303D78D
P-F19C521764,V-25E8A006A8,2026-09-11 18:44:08,vale,1900.0,aprobado,REF-C6721DEB
P-5B6A00D5C6,V-2BF7A7FC02,2026-09-11 18:44:09,efectivo,96.0,aprobado,REF-4E571CA2
P-1185063EA6,V-79527C0FB9,2026-09-11 18:44:09,transferencia,168.0,aprobado,REF-4559AD1E
P-776CA16B81,V-7BA8E1FA92,2026-09-11 18:44:09,efectivo,380.0,aprobado,REF-BC85CCA5
P-DCA1F6D867,V-BF92DA0BC1,2026-09-11 18:44:10,efectivo,55.0,aprobado,REF-D94B34FA
P-B9BEF65BC4,V-78FB382FFA,2026-09-11 18:44:10,tarjeta,1520.0,pendiente,REF-7ECFC5B8
P-48990F57FE,V-9783E309F2,2026-09-11 18:44:11,transferencia,128.0,aprobado,REF-E5B1B0E2
P-C4403F7F24,V-844885EAEF,2026-09-11 18:44:12,transferencia,1950.0,aprobado,REF-B2DB16CF
P-106E725FFC,V-D6816EC715,2026-09-11 18:44:13,efectivo,288.0,aprobado,REF-0B373C6C
P-8FA14D5556,V-A2DF152149,2026-09-11 18:44:13,tarjeta,168.0,aprobado,REF-156E56A4
P-76D91F3F33,V-E96C23792F,2026-09-11 18:44:13,tarjeta,180.0,pendiente,REF-1D0FEED9
P-71BA4B7699,V-B4E076FF1F,2026-09-11 18:44:14,vale,55.0,pendiente,REF-BF8A2262
P-311B37EB9A,V-F2E5EFF20C,2026-09-11 18:44:15,efectivo,56.0,aprobado,REF-19D41A07
P-93519A7C30,V-7D1F8B5F40,2026-09-11 18:44:15,efectivo,45.0,aprobado,REF-1E659F4F
P-3552F3DA6C,V-2336969D61,2026-09-11 18:44:16,tarjeta,780.0,aprobado,REF-5D29115C
P-A5877B0EE3,V-D87FA69323,2026-09-11 18:44:17,transferencia,165.0,pendiente,REF-C0B51454
P-638BB8D993,V-280CDE1138,2026-09-11 18:44:17,vale,168.0,aprobado,REF-CA9AD097
P-700F70074B,V-9650243E82,2026-09-11 18:44:18,transferencia,168.0,aprobado,REF-7B918C49
P-C47A525B6F,V-9BBFE60086,2026-09-11 18:44:18,transferencia,2280.0,aprobado,REF-A785A272
P-B9D293CF79,V-263B6E32C1,2026-09-11 18:44:19,tarjeta,72.0,aprobado,REF-56AA0FE7
P-B0559F221A,V-1C703DF14E,2026-09-11 18:44:19,transferencia,64.0,pendiente,REF-12638AFC
P-D114EE5F22,V-AC2B7ABD53,2026-09-11 18:44:20,transferencia,420.0,aprobado,REF-DA7B0BD5
P-FD021CECE9,V-C76D903799,2026-09-11 18:44:21,vale,330.0,pendiente,REF-C94DE4B0
P-AC484D5C3C,V-E5C88716BD,2026-09-11 18:44:21,transferencia,36.0,aprobado,REF-06C11A50
P-B992E6CFA8,V-D77F715948,2026-09-11 18:44:22,transferencia,42.0,aprobado,REF-C16D6E98
P-C8D179B21C,V-BAC3EA3EA0,2026-09-11 18:44:23,transferencia,96.0,aprobado,REF-CD712BA7
P-21F70399B4,V-C8A33684EB,2026-09-11 18:44:23,transferencia,2280.0,aprobado,REF-88572182
P-EDF273B7F0,V-1C228C251D,2026-09-11 18:44:23,vale,135.0,aprobado,REF-B469A61E
P-D09E0FAC15,V-2C3CA25EAE,2026-09-11 18:44:24,vale,1900.0,aprobado,REF-1BC1315E
P-8CF3FD7F43,V-DAE7D4E064,2026-09-11 18:44:25,vale,180.0,aprobado,REF-099B4384
P-6E3855374E,V-020978CE50,2026-09-11 18:44:25,tarjeta,225.0,aprobado,REF-6FA1B666
P-5DA532CCA5,V-1AF9374EC0,2026-09-11 18:44:26,tarjeta,45.0,aprobado,REF-04B26B33
P-AA18FCFEF6,V-4E1696CAC7,2026-09-11 18:44:26,efectivo,55.0,aprobado,REF-D3491573
P-02F9428C48,V-78CEB23FC1,2026-09-11 18:44:27,efectivo,780.0,aprobado,REF-03F0209A
P-F2EA28B1DC,V-409789191B,2026-09-11 18:44:28,efectivo,45.0,aprobado,REF-423E1E3F
P-45B2010767,V-BDE25C38CC,2026-09-11 18:44:28,efectivo,55.0,aprobado,REF-611373EA
P-F37943A645,V-0D54926996,2026-09-11 18:44:29,efectivo,18.0,aprobado,REF-719C14C4
P-47A907377B,V-92510A1433,2026-09-11 18:44:30,vale,126.0,pendiente,REF-CF9302CB
P-51D5CFC6F2,V-1224FCAB44,2026-09-11 18:44:30,vale,1950.0,pendiente,REF-FE93C3D8
P-D3E28C6FEB,V-3D1592EAC4,2026-09-11 18:44:31,transferencia,168.0,aprobado,REF-BF81145D
P-C117E9B9B3,V-32EC88C591,2026-09-11 18:44:31,tarjeta,275.0,aprobado,REF-A0516FD2
P-BA2B2144EE,V-3BD40FB2DA,2026-09-11 18:44:32,efectivo,2280.0,pendiente,REF-5BCDE885
P-B8E6658602,V-96DA9E8CB3,2026-09-11 18:44:33,tarjeta,55.0,aprobado,REF-E2A454E2
P-BF4D03E241,V-E9512D3630,2026-09-11 18:44:33,transferencia,42.0,aprobado,REF-FF61DE10
P-B86E94F765,V-73CA2FBF4E,2026-09-11 18:44:34,transferencia,168.0,aprobado,REF-ADC5265E
P-98E1CEBEC1,V-48C7BEB35E,2026-09-11 18:44:35,tarjeta,135.0,aprobado,REF-6EB93AEC
P-EEF1EF418B,V-0C564523FF,2026-09-11 18:44:36,tarjeta,2280.0,pendiente,REF-0BEBA03D
P-D62562A790,V-54ED98372D,2026-09-11 18:44:36,transferencia,1680.0,aprobado,REF-560ED768
P-A4849F4B0E,V-843715330B,2026-09-11 18:44:37,tarjeta,1560.0,aprobado,REF-E45633DE
P-A745BA8D60,V-5C46A233CE,2026-09-11 18:44:38,efectivo,1950.0,pendiente,REF-4B0924D2
P-AA629A151E,V-B4A5809DA2,2026-09-11 18:44:38,tarjeta,140.0,aprobado,REF-C257A95E
P-5FFFBB6911,V-A5E16D78F9,2026-09-11 18:44:39,vale,90.0,aprobado,REF-9FF8D004
P-62B216FD72,V-5B4F439147,2026-09-11 18:44:39,transferencia,90.0,aprobado,REF-663A6FF7
P-6057DDBD85,V-8AE9E7F8DA,2026-09-11 18:44:40,transferencia,45.0,aprobado,REF-1CF39A58
P-710CBBF9DC,V-7E8BD7B7B1,2026-09-11 18:44:41,transferencia,140.0,aprobado,REF-7B0DF764
P-19BA220836,V-504E4C52B2,2026-09-11 18:44:41,transferencia,160.0,pendiente,REF-906A17CA
P-38E3960D1D,V-93C89F2FE7,2026-09-11 18:44:42,efectivo,275.0,aprobado,REF-08C75E50
P-3B3E7460FD,V-E451CEBAFF,2026-09-11 18:44:42,transferencia,128.0,aprobado,REF-B56F3C60
P-C4629BF69F,V-746C5BA3AA,2026-09-11 18:44:43,efectivo,210.0,aprobado,REF-1FA9ACA8
P-82F3026443,V-379DF93DC8,2026-09-11 18:44:43,vale,18.0,aprobado,REF-B5E49BA4
P-50B1795193,V-D9082FB400,2026-09-11 18:44:44,tarjeta,192.0,pendiente,REF-6C1FF74F
P-C6BACC13D4,V-B5F45C2E12,2026-09-11 18:44:44,tarjeta,55.0,aprobado,REF-7DE67149
P-92F58F1F66,V-55C4A3091C,2026-09-11 18:44:45,tarjeta,2100.0,aprobado,REF-6F3B02B5
P-018CFCF771,V-0C31135E66,2026-09-11 18:44:46,vale,420.0,aprobado,REF-86C29A8D
P-FC9D7104BC,V-220FBED414,2026-09-11 18:44:46,tarjeta,225.0,aprobado,REF-AD4B9B27
P-6FB9B600C8,V-E005791A0A,2026-09-11 18:44:47,tarjeta,2340.0,pendiente,REF-C8047F44
P-260A3BBBB9,V-C767E9C274,2026-09-11 18:44:47,efectivo,168.0,pendiente,REF-CEE1F781
P-3E849BABF3,V-B9107772B0,2026-09-11 18:44:48,efectivo,90.0,aprobado,REF-41B21A6E
P-3A83707BCA,V-A45C22D3B3,2026-09-11 18:44:48,transferencia,380.0,aprobado,REF-4EDFAD3D
P-329F07CCDE,V-71A5F7A470,2026-09-11 18:44:49,tarjeta,165.0,aprobado,REF-AFE7139A
P-0E88563F10,V-398F94E73E,2026-09-11 18:44:49,efectivo,32.0,aprobado,REF-B5C0C916
P-C63E7E7DBA,V-0FFC6A88F7,2026-09-11 18:44:50,efectivo,1140.0,pendiente,REF-BC328F87
P-55216B4D4B,V-B1ECBB2972,2026-09-11 18:44:51,vale,220.0,aprobado,REF-C3CAF538
P-6F3A2D0C6F,V-7C740C6386,2026-09-11 18:44:51,efectivo,18.0,aprobado,REF-75671076
P-387FB34D83,V-7E5AEA954A,2026-09-11 18:44:52,efectivo,165.0,aprobado,REF-DE052D24
P-BC7E2A6D9D,V-EA0C80F752,2026-09-11 18:44:52,efectivo,192.0,aprobado,REF-65B64FD2
P-BBC0D2EFA0,V-990719CDAF,2026-09-11 18:44:53,transferencia,192.0,pendiente,REF-75D7F873
P-31E6ACCB44,V-1EE500AF60,2026-09-11 18:44:53,efectivo,90.0,aprobado,REF-432159F8
P-5EF5484237,V-889D473973,2026-09-11 18:44:54,transferencia,110.0,aprobado,REF-930AA3C7
P-5D91CE0192,V-22193BA6C0,2026-09-11 18:44:55,tarjeta,144.0,aprobado,REF-2911D608
P-03631440D5,V-93B8401369,2026-09-11 18:44:55,tarjeta,760.0,aprobado,REF-CD8DA374
P-F7E34A33F0,V-05BB6D3D0B,2026-09-11 18:44:55,transferencia,45.0,aprobado,REF-59032863
P-11D493D595,V-A59EE69DF5,2026-09-11 18:44:56,efectivo,96.0,aprobado,REF-E9508A95
P-0411C01010,V-40C307FD42,2026-09-11 18:44:57,tarjeta,90.0,pendiente,REF-ABB270A5
P-5EC6BC189D,V-C46A88F0CD,2026-09-11 18:44:57,efectivo,96.0,pendiente,REF-9324A38B
P-7A77A4EA0D,V-B21BBB3224,2026-09-11 18:44:58,vale,90.0,aprobado,REF-2A9C0BB1
P-7CC78C438D,V-34F06531BF,2026-09-11 18:44:58,transferencia,144.0,aprobado,REF-61E659D0
P-044C8614EA,V-6C1E5682A2,2026-09-11 18:44:59,efectivo,96.0,aprobado,REF-B1EA4516
P-196B96686D,V-0604022B80,2026-09-11 18:45:00,efectivo,288.0,aprobado,REF-273F7CA0
P-0356C7D144,V-F870D42820,2026-09-11 18:45:00,vale,780.0,aprobado,REF-B7024C91
P-33DA1A2F58,V-34EE49FC3F,2026-09-11 18:45:01,efectivo,108.0,aprobado,REF-31B07CA3
P-1C85E3F3AC,V-DD3FD4B6E6,2026-09-11 18:45:02,tarjeta,54.0,aprobado,REF-AF5E1809
P-A80131F122,V-919BF7A24E,2026-09-11 18:45:02,tarjeta,1560.0,aprobado,REF-918A2BD8
P-D1314A95CB,V-FE46B64FBA,2026-09-11 18:45:03,vale,270.0,pendiente,REF-057FDA2C
P-59AD0350E6,V-76B5586A05,2026-09-11 18:45:03,efectivo,2340.0,aprobado,REF-C22D32D1
P-EA098D2015,V-E97FDCCFDF,2026-09-11 18:45:04,tarjeta,1170.0,aprobado,REF-5127717C
P-9146253D0F,V-27E2161906,2026-09-11 18:45:04,efectivo,780.0,aprobado,REF-27730EC8
P-4CF40C89F4,V-B46007FDCD,2026-09-11 18:45:05,tarjeta,275.0,aprobado,REF-0522CBC8
P-2FA0F80654,V-CBBA5CD6C6,2026-09-11 18:45:05,vale,140.0,aprobado,REF-BF37C88A
P-4E9371119E,V-507453963A,2026-09-11 18:45:06,efectivo,180.0,aprobado,REF-48CFE068
P-47ABB6F0FE,V-5AAFDF6F50,2026-09-11 18:45:07,efectivo,45.0,aprobado,REF-C1A12065
P-47FF54B94A,V-B5110EBAB3,2026-09-11 18:45:07,vale,240.0,pendiente,REF-D5CD8766
P-6BA3437626,V-CBC246C28D,2026-09-11 18:45:08,tarjeta,36.0,aprobado,REF-0D675F53
P-8C75FC18FF,V-DDCC9D7EF9,2026-09-11 18:45:08,tarjeta,760.0,pendiente,REF-B757225C
P-A3740C35E5,V-DEA5A2ECDA,2026-09-11 18:45:09,efectivo,128.0,aprobado,REF-6CE2472F
P-C993CBAEAC,V-8170F66008,2026-09-11 18:45:09,tarjeta,225.0,aprobado,REF-BE2DA124
P-F5603FAF5A,V-682811D8CD,2026-09-11 18:45:10,vale,108.0,aprobado,REF-3A67F59B
P-EBB6490669,V-A98B6AF427,2026-09-11 18:45:11,vale,210.0,aprobado,REF-14966CCD
P-A824A1C8FD,V-8FEE5AD34E,2026-09-11 18:45:11,transferencia,112.0,aprobado,REF-0517AA7F
P-86DBAB4217,V-DCCE55D448,2026-09-11 18:45:12,efectivo,128.0,aprobado,REF-C9C722E4
P-B87C09F7D0,V-AD1EFB2B8F,2026-09-11 18:45:13,tarjeta,180.0,aprobado,REF-370AB054
P-EDA82B3BB5,V-411844DA7F,2026-09-11 18:45:13,efectivo,90.0,aprobado,REF-408C4078
P-17D3D24249,V-796B4058BB,2026-09-11 18:45:14,transferencia,54.0,aprobado,REF-736BCB6D
P-46EDBD0BD3,V-AF3F35421F,2026-09-11 18:45:14,tarjeta,144.0,aprobado,REF-C99D7E5B
P-125E3CBDD8,V-758BE21888,2026-09-11 18:45:15,efectivo,760.0,aprobado,REF-B59E1B23
P-658610F91F,V-7A0DE1A70B,2026-09-11 18:45:16,transferencia,1680.0,aprobado,REF-97809DEA
P-3800E1ED16,V-068F575B81,2026-09-11 18:45:16,vale,240.0,aprobado,REF-C6F46DAB
P-F371CDC4FA,V-94C51E72B3,2026-09-11 18:45:17,transferencia,275.0,aprobado,REF-84307602
P-3D62684C45,V-658E9DFEAA,2026-09-11 18:45:17,efectivo,90.0,aprobado,REF-4FCA5064
P-A0004C7D20,V-8263586690,2026-09-11 18:45:18,vale,1560.0,aprobado,REF-558B08AF
P-5C03FD7E25,V-7A690905E0,2026-09-11 18:45:18,tarjeta,2280.0,aprobado,REF-792C0973
P-6804FF51F6,V-12D323E46F,2026-09-11 18:45:19,transferencia,90.0,aprobado,REF-C37869E6
P-C1FA563203,V-CAE1663BBF,2026-09-11 18:45:19,vale,275.0,aprobado,REF-48D36EBE
P-ABE9A5E04A,V-286124811B,2026-09-11 18:45:20,efectivo,1900.0,aprobado,REF-6655F7A8
P-3944C69D3A,V-BB8C0637F7,2026-09-11 18:45:21,transferencia,1900.0,aprobado,REF-1CF7A9C0
P-41B57919A9,V-34707A779F,2026-09-11 18:45:21,vale,2100.0,pendiente,REF-F4A7ADCB
P-932A907BC5,V-A628D67909,2026-09-11 18:45:22,vale,192.0,aprobado,REF-8EA27721
P-2E6E9C3E27,V-7D4C82B441,2026-09-11 18:45:22,transferencia,160.0,pendiente,REF-5DB2401F
P-1F5A166F87,V-494689CB9F,2026-09-11 18:45:23,efectivo,1680.0,pendiente,REF-B65D0063
P-80C66DF4C1,V-E7F80789EF,2026-09-11 18:45:24,vale,165.0,aprobado,REF-1388EDCD
P-85ACE40A0B,V-D188931710,2026-09-11 18:45:25,tarjeta,112.0,pendiente,REF-E1810B56
P-10EF4B980F,V-589E31D0ED,2026-09-11 18:45:25,efectivo,56.0,pendiente,REF-887671BD
P-5DD63ACD2A,V-6DA012965B,2026-09-11 18:45:26,transferencia,18.0,aprobado,REF-BF104D13
P-B8821B636F,V-B2D8852918,2026-09-11 18:45:26,efectivo,1520.0,aprobado,REF-C5F6CD6A
P-988D382240,V-95B6B209EC,2026-09-11 18:45:27,transferencia,126.0,aprobado,REF-6A72B1FF
P-97619257F4,V-68A66D1D67,2026-09-11 18:45:28,transferencia,144.0,aprobado,REF-9BCF8C75
P-87170033CB,V-DB324930ED,2026-09-11 18:45:28,efectivo,252.0,aprobado,REF-83C563C8
P-0C6F657E63,V-1510105310,2026-09-11 18:45:29,vale,2280.0,pendiente,REF-95F3F9E8
P-1A1967F86A,V-E6C1914305,2026-09-11 18:45:29,tarjeta,168.0,pendiente,REF-8848CB35
P-5572DACB9B,V-928CC2B61E,2026-09-11 18:45:30,efectivo,55.0,pendiente,REF-D2CD34EF
P-7F14763533,V-3AE6D21461,2026-09-11 18:45:30,vale,270.0,aprobado,REF-1DA0B063
P-D35DA90A8E,V-93154EA511,2026-09-11 18:45:31,efectivo,270.0,aprobado,REF-D5FA7AC0
P-578C6DE12F,V-48A1C84576,2026-09-11 18:45:32,tarjeta,390.0,pendiente,REF-F1A388FE
P-620345FEFE,V-A26BACF9F7,2026-09-11 18:45:32,tarjeta,84.0,aprobado,REF-C9CC3025
P-4E74C71AC4,V-60B4C8DB20,2026-09-11 18:45:33,transferencia,48.0,aprobado,REF-CE266E30
P-8E3D88E0E0,V-E9AD25AD71,2026-09-11 18:45:33,transferencia,270.0,aprobado,REF-BA26495D
P-80DCD21F1B,V-9F4090FAA8,2026-09-11 18:45:34,vale,180.0,aprobado,REF-465566E9
P-50B18FF698,V-AA0E128C67,2026-09-11 18:45:34,transferencia,2100.0,pendiente,REF-9BE22360
P-C90423F89D,V-E01118369B,2026-09-11 18:45:35,vale,144.0,aprobado,REF-DC75023F
P-F75FCFA48A,V-0F118C68D7,2026-09-11 18:45:35,tarjeta,390.0,aprobado,REF-30095157
P-47C8C34536,V-1C6B45B796,2026-09-11 18:45:36,transferencia,84.0,aprobado,REF-231ABE26
P-5CBD4A9649,V-0A2B868A92,2026-09-11 18:45:36,transferencia,180.0,aprobado,REF-6D61B2D6
P-9D064F6D6B,V-146CC94AF5,2026-09-11 18:45:37,efectivo,84.0,aprobado,REF-EB384095
P-1A1ED68B3A,V-629889E277,2026-09-11 18:45:37,vale,1950.0,aprobado,REF-6EE5DBD8
P-22E59BB029,V-F8B93E0A1E,2026-09-11 18:45:38,efectivo,240.0,pendiente,REF-80318E86
P-74EBE18822,V-09A6CAC8D7,2026-09-11 18:45:38,tarjeta,192.0,aprobado,REF-81F06E7B
P-E2891BCFF2,V-EBD2DB2845,2026-09-11 18:45:39,efectivo,168.0,aprobado,REF-01C00E00
P-48F9FA90C8,V-3B5CD0DDA7,2026-09-11 18:45:40,efectivo,330.0,pendiente,REF-454DE124
P-340114BBDD,V-2DD8BAE948,2026-09-11 18:45:40,efectivo,168.0,aprobado,REF-BBEB8857
P-1200B414E1,V-410C57D067,2026-09-11 18:45:41,tarjeta,165.0,pendiente,REF-0941E378
P-4F579D4859,V-BEC4E76298,2026-09-11 18:45:42,efectivo,180.0,pendiente,REF-85C4120A
P-E97D8A22C9,V-07B3F55BF8,2026-09-11 18:45:42,efectivo,126.0,aprobado,REF-2FA959D9
P-6E4E434C4F,V-1B21116A92,2026-09-11 18:45:43,transferencia,48.0,pendiente,REF-F495F800
P-658ED78F89,V-9449CBFBE5,2026-09-11 18:45:43,efectivo,108.0,aprobado,REF-E88424AB
P-0BC2533F88,V-8D201E2C04,2026-09-11 18:45:44,transferencia,55.0,aprobado,REF-08ABD730
P-F191D7D6A8,V-15FE7F964D,2026-09-11 18:45:44,efectivo,96.0,pendiente,REF-FF64BDDE
P-AC05B517C5,V-AF6C374F64,2026-09-11 18:45:45,transferencia,90.0,aprobado,REF-597240F0
P-82780506DD,V-6EDA7DD8FA,2026-09-11 18:45:46,efectivo,380.0,pendiente,REF-8CFA7335
P-7C87F2F185,V-7FBDB1DF1B,2026-09-11 18:45:46,efectivo,84.0,pendiente,REF-1565CA78
P-904809AE63,V-B76031E9E8,2026-09-11 18:45:47,vale,288.0,aprobado,REF-C59EEE0B
P-29F3195EAB,V-496B23A614,2026-09-11 18:45:47,efectivo,1560.0,aprobado,REF-44351739
P-35D835A977,V-B55DFA7AC8,2026-09-11 18:45:48,efectivo,90.0,pendiente,REF-F5BE4597
P-EDD854C01F,V-EDC95E44FB,2026-09-11 18:45:48,vale,840.0,aprobado,REF-6616D64F
P-76C53EE347,V-92CEA5EA9A,2026-09-11 18:45:49,transferencia,110.0,pendiente,REF-1D068210
P-8012E41175,V-B003502C26,2026-09-11 18:45:49,efectivo,270.0,aprobado,REF-8EEDFCF3
P-089C0978B4,V-1413E6AF23,2026-09-11 18:45:50,vale,2520.0,pendiente,REF-1E4E081E
P-65D802F1CA,V-D511B242D8,2026-09-11 18:45:51,tarjeta,96.0,pendiente,REF-BD16196C
P-331DA9E5ED,V-181D2C9D9D,2026-09-11 18:45:51,efectivo,54.0,aprobado,REF-EDF0E330
P-F821A797AF,V-CD0B3C1608,2026-09-11 18:45:52,efectivo,780.0,aprobado,REF-0B6AA258
P-C4550A9DE3,V-66180E3D4A,2026-09-11 18:45:52,efectivo,96.0,aprobado,REF-798A7607
P-E3611FDB3E,V-5C0F595816,2026-09-11 18:45:53,transferencia,112.0,aprobado,REF-98CA0CC7
P-F5D116BFA2,V-BAC5CD4FF1,2026-09-11 18:45:54,vale,1260.0,aprobado,REF-99885005
P-0D22880CF8,V-FADE0BA58E,2026-09-11 18:45:54,tarjeta,36.0,aprobado,REF-75F1EC58
P-A45A303AD8,V-8273F16D94,2026-09-11 18:45:55,efectivo,96.0,pendiente,REF-9A1CAEF7
P-C10B68FFD0,V-C3050345B1,2026-09-11 18:45:55,efectivo,168.0,aprobado,REF-F6B20B55
P-75F86B0CBE,V-CDBA17070F,2026-09-11 18:45:56,tarjeta,1520.0,aprobado,REF-1C70315F
P-05315929FA,V-88E8462388,2026-09-11 18:45:56,efectivo,84.0,pendiente,REF-623ED37C
P-7C0DA6FD7C,V-70F75360D3,2026-09-11 18:45:57,vale,140.0,aprobado,REF-66EF56F5
P-2039BCE5F2,V-D17061B1F1,2026-09-11 18:45:57,vale,128.0,aprobado,REF-D18CA5F1
P-B5B870A70A,V-760D7C127F,2026-09-11 18:45:58,efectivo,225.0,pendiente,REF-5E6DA9E3
P-83EBE64208,V-30730E9611,2026-09-11 18:45:58,transferencia,1140.0,aprobado,REF-B24D3974
P-1F210279AD,V-11CD752F5C,2026-09-11 18:45:58,tarjeta,2100.0,aprobado,REF-344CC4A6
P-FD1603D48D,V-A5BE3B9CA4,2026-09-11 18:45:59,vale,96.0,aprobado,REF-0DBFB4D1
P-01EC074955,V-A7A256969F,2026-09-11 18:46:00,transferencia,1950.0,pendiente,REF-B498E040
P-82AEC6E9D8,V-D6432DEB7E,2026-09-11 18:46:01,transferencia,96.0,aprobado,REF-50DD6459
P-C5D2A5D561,V-D3877F0916,2026-09-11 18:46:01,efectivo,380.0,aprobado,REF-68AB4F61
P-30AA2DA0F0,V-B643E38D07,2026-09-11 18:46:02,tarjeta,2280.0,aprobado,REF-28BB9BC8
P-F5769C57FF,V-6A9D1A83A6,2026-09-11 18:46:02,transferencia,126.0,aprobado,REF-4876DF92
P-DD2CAD9080,V-DD6EC303EE,2026-09-11 18:46:03,vale,390.0,pendiente,REF-043DC492
P-10ECE67C6A,V-BFEB6CD7B8,2026-09-11 18:46:03,transferencia,45.0,aprobado,REF-ABC7CEC3
P-938610ECF6,V-B2DBBFDD76,2026-09-11 18:46:04,tarjeta,252.0,aprobado,REF-B4B08779
P-46823EB8ED,V-08339C89A0,2026-09-11 18:46:05,transferencia,96.0,aprobado,REF-7E7D38CE
P-B4B49B43E8,V-D1D3CE242D,2026-09-11 18:46:06,transferencia,90.0,aprobado,REF-7CD50A92
P-0E917AD73F,V-FD6C5CF2EC,2026-09-11 18:46:06,vale,168.0,aprobado,REF-1C531687
P-3E90869F85,V-47064F2B8C,2026-09-11 18:46:06,efectivo,1140.0,aprobado,REF-B2184AA3
P-9A4A66AFCA,V-14C61A0F4D,2026-09-11 18:46:07,transferencia,165.0,aprobado,REF-1007971A
P-2F6F9F7CC1,V-9AC9C137AE,2026-09-11 18:46:08,tarjeta,144.0,aprobado,REF-EC2DD522
P-DFF110EB20,V-AAC0BF51B6,2026-09-11 18:46:08,transferencia,72.0,aprobado,REF-4D3101A2
P-FDBFB831A5,V-C5A1583621,2026-09-11 18:46:08,vale,1900.0,aprobado,REF-20041999
P-2FE74EBA83,V-0B108EA5B3,2026-09-11 18:46:09,vale,28.0,aprobado,REF-445793B4
P-BE458E3B1F,V-31675C300D,2026-09-11 18:46:10,vale,84.0,aprobado,REF-1D3BE88E
P-33107CA7EB,V-BF3E4C2D53,2026-09-11 18:46:10,transferencia,18.0,aprobado,REF-C50A3410
P-990E560A43,V-9FA6FD0F3F,2026-09-11 18:46:11,tarjeta,96.0,aprobado,REF-7D034340
P-68F3E57A8D,V-717B208098,2026-09-11 18:46:11,efectivo,36.0,aprobado,REF-745239E8
P-0B91E89A51,V-CE778D06D9,2026-09-11 18:46:12,efectivo,420.0,aprobado,REF-76904D53
P-8C32D1D749,V-70B3454328,2026-09-11 18:46:12,tarjeta,112.0,aprobado,REF-600193A8
P-23B4D0EDCB,V-1E06B48FE9,2026-09-11 18:46:13,efectivo,45.0,aprobado,REF-740D74A3
P-586CCAD71F,V-D57DB86BBC,2026-09-11 18:46:14,transferencia,112.0,aprobado,REF-09C14389
P-8B3E42747F,V-2C32164609,2026-09-11 18:46:14,vale,180.0,pendiente,REF-E1AB107A
P-8B7619FD93,V-D0580B7845,2026-09-11 18:46:15,transferencia,225.0,pendiente,REF-20FE6B92
P-0934B95C3D,V-A5492A4FA3,2026-09-11 18:46:15,vale,18.0,aprobado,REF-4FB24520
P-C9EE122E10,V-BCB2267233,2026-09-11 18:46:16,efectivo,390.0,aprobado,REF-471CE74B
P-FF97A51857,V-98B7A5FFAE,2026-09-11 18:46:17,tarjeta,28.0,aprobado,REF-2B5A63DB
P-D27086D3F8,V-D80F828822,2026-09-11 18:46:17,tarjeta,56.0,aprobado,REF-8BABFF11
P-C807E80FE3,V-5BA3EC69B4,2026-09-11 18:46:18,vale,240.0,aprobado,REF-C460877B
P-96F70145A5,V-97D427EC56,2026-09-11 18:46:18,vale,90.0,aprobado,REF-43CEC547
P-3FD99F707A,V-D28D9684C3,2026-09-11 18:46:19,efectivo,1950.0,aprobado,REF-BA6BC987
P-9AA2FDDCEA,V-802B8DA4EE,2026-09-11 18:46:20,transferencia,72.0,aprobado,REF-532ADE5B
P-A5B45D7369,V-1FABA04EB6,2026-09-11 18:46:20,transferencia,128.0,aprobado,REF-DEBA1CCA
P-C78D487B10,V-A12C7C7955,2026-09-11 18:46:21,tarjeta,110.0,aprobado,REF-58D83851
P-7C64F61CAA,V-AE92A0FD1F,2026-09-11 18:46:21,transferencia,192.0,aprobado,REF-51336843
P-0ECB964346,V-CA64331DBB,2026-09-11 18:46:22,tarjeta,168.0,aprobado,REF-20AB97AE
P-A2A45108BC,V-298578509D,2026-09-11 18:46:22,efectivo,168.0,aprobado,REF-47D3485D
P-F0A8D17B4B,V-E6E775C40C,2026-09-11 18:46:23,transferencia,1260.0,pendiente,REF-BEB706CD
P-C5819446A8,V-BF5A394991,2026-09-11 18:46:24,transferencia,45.0,aprobado,REF-AEA5621F
P-F248E83650,V-4EB94C23E8,2026-09-11 18:46:24,efectivo,225.0,aprobado,REF-4E25C21F
P-F6AF80391C,V-6357CB52A3,2026-09-11 18:46:25,vale,160.0,pendiente,REF-FC3D6EE8
P-13CC3CE213,V-FADB02EBD5,2026-09-11 18:46:25,tarjeta,288.0,aprobado,REF-5BC054BC
P-52BC825B52,V-0CACEFB9B3,2026-09-11 18:46:26,vale,48.0,pendiente,REF-FE68869F
P-6E0D3FDFFF,V-99BA779216,2026-09-11 18:46:27,efectivo,380.0,aprobado,REF-C956D996
P-1BF9FFFA50,V-E516E6F1A9,2026-09-11 18:46:27,vale,126.0,aprobado,REF-66291952
P-A3EBCAC9B7,V-DCCFB41A89,2026-09-11 18:46:28,transferencia,220.0,aprobado,REF-48314D65
P-E08FBA3156,V-1D5B48450D,2026-09-11 18:46:28,vale,1680.0,pendiente,REF-CF69D384
P-B9B843F4AE,V-F65512E49D,2026-09-11 18:46:29,tarjeta,1140.0,aprobado,REF-EC2381AE
P-FA2E44E429,V-9FFA977AD3,2026-09-11 18:46:29,transferencia,420.0,aprobado,REF-D1EC8902
P-15265F6560,V-C189228864,2026-09-11 18:46:30,efectivo,252.0,aprobado,REF-3BF1DB54
P-CABDBC3320,V-CE097784F3,2026-09-11 18:46:30,efectivo,1520.0,pendiente,REF-F6182EE3
P-B51FEA8E68,V-BDD2D438EF,2026-09-11 18:46:31,tarjeta,90.0,pendiente,REF-2E45474E
P-AD56D0E691,V-F4DF9C167F,2026-09-11 18:46:31,transferencia,72.0,pendiente,REF-E6FCAD1D
P-796C34AE47,V-838AB10218,2026-09-11 18:46:32,tarjeta,210.0,aprobado,REF-2CF94D9B
P-892CD728C9,V-C6B07A0817,2026-09-11 18:46:33,transferencia,90.0,aprobado,REF-D64A6E0F
P-1869D11514,V-94063DD623,2026-09-11 18:46:33,vale,90.0,aprobado,REF-DA47CBB2
P-58861CFFC2,V-8659DA25B0,2026-09-11 18:46:34,efectivo,252.0,aprobado,REF-393E82D6
P-C42519A879,V-C9480EF951,2026-09-11 18:46:34,tarjeta,126.0,pendiente,REF-A5565F57
P-FB0E13055B,V-00BBB515A3,2026-09-11 18:46:35,tarjeta,1900.0,aprobado,REF-B4AABAE8
P-D403E5F52E,V-33AF0EB2ED,2026-09-11 18:46:35,vale,36.0,aprobado,REF-F7F8BC90
P-599B0AF5A0,V-8EF423B4DE,2026-09-11 18:46:36,tarjeta,760.0,aprobado,REF-1EE71490
P-4CB04B0003,V-6013BA36A7,2026-09-11 18:46:36,vale,160.0,aprobado,REF-63CCE2EC
P-9D45B51BC7,V-E90F65B0FA,2026-09-11 18:46:37,vale,1260.0,aprobado,REF-974ACC79
P-A39144B31E,V-0B91BB7250,2026-09-11 18:46:38,tarjeta,45.0,pendiente,REF-2CFCAEB7
P-9A2E23A992,V-5FE709BBF9,2026-09-11 18:46:38,efectivo,288.0,pendiente,REF-DF59A6C8
P-50C0345CE6,V-012F40DF78,2026-09-11 18:46:39,efectivo,380.0,aprobado,REF-352091E9
P-65B5D22DDA,V-11999E0D08,2026-09-11 18:46:39,efectivo,1560.0,aprobado,REF-1DD0EB63
P-0641509B5A,V-7A5C8C9270,2026-09-11 18:46:40,efectivo,330.0,aprobado,REF-97E8069E
P-DCC223382A,V-C77979FF78,2026-09-11 18:46:40,transferencia,36.0,pendiente,REF-93EC293A
P-F8C152686A,V-97F3E819E3,2026-09-11 18:46:41,vale,1950.0,aprobado,REF-459808A1
P-1BA654B0B2,V-18B9BB18C9,2026-09-11 18:46:41,transferencia,126.0,aprobado,REF-61BDFC68
P-225C333831,V-2650703C78,2026-09-11 18:46:42,tarjeta,2520.0,aprobado,REF-3B8AD07F
P-F1A3CA21DC,V-FA98F82425,2026-09-11 18:46:42,efectivo,165.0,pendiente,REF-9FB739C1
P-41A9BB8FCA,V-589F88255C,2026-09-11 18:46:43,vale,108.0,pendiente,REF-0CE67C76
P-EA3E0CAF12,V-E824AA9054,2026-09-11 18:46:43,vale,1900.0,pendiente,REF-6D0C1DD9
P-087E0D8FE7,V-14CAA31571,2026-09-11 18:46:44,vale,2100.0,pendiente,REF-253CAACF
P-734C4D52C5,V-3582124C72,2026-09-11 18:46:44,efectivo,225.0,aprobado,REF-9517D804
P-20D2BA82E3,V-49A0F81344,2026-09-11 18:46:45,efectivo,168.0,aprobado,REF-6D0A15BB
P-4ABF569900,V-4F3F3DE6A0,2026-09-11 18:46:46,tarjeta,225.0,aprobado,REF-D3C356E5
P-BC294828DD,V-EFFAB00E93,2026-09-11 18:46:46,vale,1520.0,aprobado,REF-B087864C
P-E17C7CDE2C,V-270937C314,2026-09-11 18:46:47,transferencia,32.0,pendiente,REF-F95C5247
P-CCF6237DB8,V-85441AD9DC,2026-09-11 18:46:48,transferencia,390.0,pendiente,REF-F12F8DBA
P-D51E77E3A3,V-CE4B7FC46B,2026-09-11 18:46:48,efectivo,2280.0,pendiente,REF-05E92DD0
P-1B698C1976,V-193D378328,2026-09-11 18:46:49,transferencia,32.0,aprobado,REF-931118F7
P-153C9B3C8C,V-D7BF958447,2026-09-11 18:46:50,tarjeta,126.0,aprobado,REF-7118949E
P-1B8F439F3C,V-C7C4D9B197,2026-09-11 18:46:50,efectivo,160.0,aprobado,REF-3BEEED95
P-1B8CFA3AD4,V-7D20BB7DFF,2026-09-11 18:46:50,tarjeta,760.0,aprobado,REF-E51A5393
P-437200579A,V-D69AF8F80D,2026-09-11 18:46:51,vale,270.0,aprobado,REF-541349A7
P-C702634028,V-627A104AEF,2026-09-11 18:46:52,transferencia,64.0,aprobado,REF-B1F90960
P-CB1097302E,V-2DF176DDF1,2026-09-11 18:46:52,efectivo,55.0,aprobado,REF-FF84D3FD
P-516E22A5E4,V-B06A8A7C51,2026-09-11 18:46:53,transferencia,220.0,pendiente,REF-F4680189
P-F7E508748C,V-AB597D51D1,2026-09-11 18:46:54,transferencia,140.0,aprobado,REF-47F825EA
P-49AB18CB09,V-91E5F1A27D,2026-09-11 18:46:54,tarjeta,380.0,aprobado,REF-1E1A2874
P-30FCD849BC,V-7757B3205E,2026-09-11 18:46:55,tarjeta,275.0,pendiente,REF-69EC825C
P-95CBFB8E4C,V-9038882309,2026-09-11 18:46:56,tarjeta,110.0,aprobado,REF-9957466A
P-87432C2243,V-A53875EC63,2026-09-11 18:46:56,tarjeta,1680.0,pendiente,REF-3B4D5E56
P-7D3A1186F8,V-17F3C74980,2026-09-11 18:46:57,vale,45.0,aprobado,REF-F45B2D59
P-045991F4FA,V-DA24B5FDD3,2026-09-11 18:46:58,transferencia,1900.0,aprobado,REF-C9DD5C7A
P-E7AC399986,V-3A45F511C1,2026-09-11 18:46:58,transferencia,1950.0,aprobado,REF-20A09CE5
P-51CC3562F7,V-A74E24B1B7,2026-09-11 18:46:59,tarjeta,1680.0,aprobado,REF-FE879341
P-B1E46C43AC,V-6AF6DC94FB,2026-09-11 18:47:00,vale,54.0,aprobado,REF-4739979B
P-A71392DB2F,V-BFB7330108,2026-09-11 18:47:00,efectivo,18.0,aprobado,REF-6B2F87BE
P-93527FB0B7,V-FE6341708B,2026-09-11 18:47:01,efectivo,144.0,aprobado,REF-235A4AE8
P-ECDFFB639E,V-EB8F523EF8,2026-09-11 18:47:02,tarjeta,135.0,pendiente,REF-10990A76
P-9ED7865AD2,V-F7C92EACC4,2026-09-11 18:47:02,tarjeta,1140.0,aprobado,REF-2F414951
P-A99A5E3BAE,V-110A9B0239,2026-09-11 18:47:03,transferencia,180.0,pendiente,REF-BBFDDB98
P-B7BFA52D4A,V-897C782FB9,2026-09-11 18:47:04,vale,380.0,pendiente,REF-11B302E1
P-326E475A6E,V-4B01B2BBA6,2026-09-11 18:47:04,vale,144.0,aprobado,REF-8EFAD0A0
P-41793D1CC9,V-6210ED2EDB,2026-09-11 18:47:05,tarjeta,84.0,aprobado,REF-76B6E387
P-B71903F7C5,V-948B6CDB36,2026-09-11 18:47:05,vale,192.0,pendiente,REF-C3577576
P-0FE4AB2EE3,V-8B42383695,2026-09-11 18:47:06,tarjeta,168.0,aprobado,REF-AA841EA8
P-F929260CD5,V-6ED95D520F,2026-09-11 18:47:06,transferencia,55.0,pendiente,REF-0C26ACEB
P-82C36F833F,V-D2E592E054,2026-09-11 18:47:06,efectivo,380.0,aprobado,REF-DCE60F50
P-802186A1C6,V-B547030617,2026-09-11 18:47:07,efectivo,56.0,aprobado,REF-B5DB1B74
P-A490F51E61,V-9ECC893E39,2026-09-11 18:47:08,vale,160.0,aprobado,REF-79885AA2
P-6BB9132959,V-619CDAC472,2026-09-11 18:47:08,transferencia,760.0,aprobado,REF-396CF941
P-3654B0C570,V-EB6477B581,2026-09-11 18:47:09,vale,275.0,aprobado,REF-4B742481
P-870F9004C6,V-3BBF458A82,2026-09-11 18:47:09,vale,1560.0,aprobado,REF-EBB3DDB9
P-5FFB893B66,V-AFFD7AE5CC,2026-09-11 18:47:10,tarjeta,90.0,pendiente,REF-37DF781C
P-B2D4336BF2,V-1F937BAE67,2026-09-11 18:47:11,efectivo,1560.0,aprobado,REF-4F8B6609
P-A979753803,V-6EF6E00060,2026-09-11 18:47:12,transferencia,96.0,aprobado,REF-A17C58E4
P-A0C31EEA9D,V-67867B00ED,2026-09-11 18:47:13,transferencia,84.0,aprobado,REF-C16F4E23
P-E356A766A5,V-65A481157B,2026-09-11 18:47:13,transferencia,54.0,aprobado,REF-86AE0123
P-BD017B2A36,V-520DF3BBAF,2026-09-11 18:47:14,transferencia,54.0,aprobado,REF-1610A683
P-09D0BEADCC,V-3FC776005D,2026-09-11 18:47:15,efectivo,165.0,pendiente,REF-768D3EDB
P-E10B7D869B,V-96234180BE,2026-09-11 18:47:15,tarjeta,760.0,aprobado,REF-72BA67FB
P-83775DC99C,V-2A5AF74E55,2026-09-11 18:47:16,tarjeta,1260.0,aprobado,REF-B07A6BD5
P-86D652DD9A,V-091D39DF5C,2026-09-11 18:47:16,tarjeta,32.0,pendiente,REF-84ED0B5D
P-8B0D9CC321,V-BF5297D996,2026-09-11 18:47:17,transferencia,135.0,aprobado,REF-334A6B19
P-38B6E8B32B,V-D9F77EF76D,2026-09-11 18:47:18,efectivo,168.0,aprobado,REF-C05E9383
P-86DA5619A9,V-EDB683E736,2026-09-11 18:47:18,tarjeta,72.0,aprobado,REF-399CC492
P-6DAE058116,V-B436C2013C,2026-09-11 18:47:19,transferencia,144.0,aprobado,REF-7C902EEA
P-B9160A917E,V-E8BD1BCB97,2026-09-11 18:47:19,transferencia,1170.0,aprobado,REF-8CC4A0AB
P-F60CF3BA5D,V-0705330E23,2026-09-11 18:47:20,vale,108.0,pendiente,REF-5F5EE946
P-1832D698E7,V-1E1D3C99CF,2026-09-11 18:47:21,transferencia,1680.0,aprobado,REF-D36938FC
P-8B878CB43F,V-5AFFBED44F,2026-09-11 18:47:21,transferencia,1140.0,pendiente,REF-531646E0
P-B975D53B10,V-38A09EC63A,2026-09-11 18:47:22,vale,2100.0,pendiente,REF-FA3B4A76
P-9A176D907A,V-EFE6DF795D,2026-09-11 18:47:22,vale,48.0,pendiente,REF-E2CD2DAD
P-7FCD5E26D8,V-84434E6797,2026-09-11 18:47:23,efectivo,144.0,pendiente,REF-8A941529
P-C3620C699F,V-271D6BB4A3,2026-09-11 18:47:24,transferencia,840.0,pendiente,REF-CF7D2375
P-BCBEAB3D92,V-892061CBD5,2026-09-11 18:47:24,transferencia,390.0,aprobado,REF-AC2B3391
P-6949D8A052,V-591759D5A2,2026-09-11 18:47:25,transferencia,168.0,aprobado,REF-3680173B
P-324BDFAA5A,V-232C17A908,2026-09-11 18:47:25,vale,144.0,aprobado,REF-E3B02B78
P-B86E6F4FC3,V-908F6A84FB,2026-09-11 18:47:26,efectivo,90.0,aprobado,REF-99CC91D1
P-44421B1F71,V-F3C85291B9,2026-09-11 18:47:26,tarjeta,210.0,aprobado,REF-EF799378
P-420B96CB4E,V-A8A8DCDE77,2026-09-11 18:47:27,tarjeta,42.0,aprobado,REF-2FD3895A
P-C4E1C6A542,V-682D7460E1,2026-09-11 18:47:27,transferencia,840.0,pendiente,REF-76FBE88E
P-DF25F1E30E,V-110350A689,2026-09-11 18:47:28,efectivo,180.0,pendiente,REF-49441EC6
P-ED023B6757,V-EF98A8F270,2026-09-11 18:47:28,tarjeta,45.0,aprobado,REF-F3FA30D8
P-C812B7197D,V-62F1C76C58,2026-09-11 18:47:29,transferencia,140.0,pendiente,REF-8E8E419A
P-5CAE72D17F,V-3C44BCC319,2026-09-11 18:47:30,tarjeta,1680.0,pendiente,REF-4571AB47
P-65E65F7A7E,V-45A1CE7658,2026-09-11 18:47:30,efectivo,168.0,aprobado,REF-BCBE5170
P-391B14687F,V-DE210E9D31,2026-09-11 18:47:31,vale,192.0,aprobado,REF-EEB78F5D
P-C3C3711BFC,V-F0933BD985,2026-09-11 18:47:32,tarjeta,2280.0,aprobado,REF-BE6556FE
P-FD769591B2,V-6488B20B5C,2026-09-11 18:47:32,tarjeta,128.0,aprobado,REF-72AE1BFE
P-34D93CC013,V-ADC1B4E885,2026-09-11 18:47:32,vale,1520.0,aprobado,REF-FE928E16
P-64093EE4AC,V-01AA14B3E2,2026-09-11 18:47:33,vale,180.0,aprobado,REF-9F725F63
P-03D9D537FB,V-A7F575C5DD,2026-09-11 18:47:34,transferencia,240.0,aprobado,REF-630219CF
P-174C87CF0A,V-8F07701EB3,2026-09-11 18:47:34,tarjeta,165.0,pendiente,REF-B57827E4
P-22EF45651D,V-3369616B7F,2026-09-11 18:47:35,transferencia,36.0,aprobado,REF-4C0F81D7
P-E58DF741B0,V-0AFEA83FCD,2026-09-11 18:47:35,vale,54.0,aprobado,REF-77C64428
P-FE332C9DF6,V-BCD51DF7D8,2026-09-11 18:47:36,transferencia,220.0,aprobado,REF-1E135BEB
P-99A8268D98,V-F8EB884FA2,2026-09-11 18:47:36,vale,390.0,aprobado,REF-6F94CDD1
P-B79E72B838,V-639B00783F,2026-09-11 18:47:37,efectivo,420.0,aprobado,REF-4C4B99B2
P-586C7C7B6D,V-306D8A3FA9,2026-09-11 18:47:37,efectivo,55.0,aprobado,REF-3E8ED116
P-4D384E8E66,V-4A77305831,2026-09-11 18:47:38,efectivo,192.0,aprobado,REF-6EC07936
P-D2D0D809BA,V-FA97AD5801,2026-09-11 18:47:38,transferencia,225.0,aprobado,REF-418ADE1C
P-4CE2664D9C,V-CDD8394166,2026-09-11 18:47:39,vale,48.0,pendiente,REF-16D709AB
P-2A26F4FB69,V-32F5AC7707,2026-09-11 18:47:40,transferencia,380.0,aprobado,REF-11A9B6FD
P-56D90AD3EC,V-524B0C66C0,2026-09-11 18:47:41,vale,84.0,aprobado,REF-F9747205
P-ED1215FEBC,V-33FFF14273,2026-09-11 18:47:41,efectivo,54.0,pendiente,REF-946C465C
P-AADBCD5131,V-4CE73599DE,2026-09-11 18:47:42,efectivo,160.0,aprobado,REF-56FEEB51
P-C53E82ACF8,V-8F67BA4410,2026-09-11 18:47:43,efectivo,220.0,aprobado,REF-D58D544C
P-3A0625A531,V-03E552FD87,2026-09-11 18:47:43,efectivo,55.0,aprobado,REF-3EDFFC88
P-21DAD00BA9,V-CD67080B02,2026-09-11 18:47:44,tarjeta,64.0,aprobado,REF-5F20E5CD
P-E6E9D611F6,V-92FF272A0C,2026-09-11 18:47:44,transferencia,1520.0,aprobado,REF-F45F3D6D
P-D1A8ECA28F,V-C584945BAD,2026-09-11 18:47:45,tarjeta,420.0,aprobado,REF-713B4611
P-6B833B8EC9,V-3D5F18FB6E,2026-09-11 18:47:45,transferencia,1560.0,pendiente,REF-126B4B38
P-6E6AC4831C,V-8F10C10AE0,2026-09-11 18:47:46,vale,128.0,aprobado,REF-D64D2646
P-3087646C83,V-7CC09B7573,2026-09-11 18:47:46,efectivo,1950.0,pendiente,REF-EEC88D3B
P-4D30DE420A,V-3D18B0448E,2026-09-11 18:47:47,tarjeta,90.0,pendiente,REF-3ED4D09F
P-9846108673,V-8B35B055AD,2026-09-11 18:47:47,transferencia,54.0,aprobado,REF-37DEE57B
P-A717AA0A70,V-1EBA9299FF,2026-09-11 18:47:48,efectivo,225.0,aprobado,REF-D010F3C1
P-12B92E1EE7,V-DF750339BF,2026-09-11 18:47:48,vale,420.0,aprobado,REF-796F2C8B
P-D4B3519642,V-C5AB57F26E,2026-09-11 18:47:49,vale,2340.0,aprobado,REF-ABE4EC0B
P-362FB2EF40,V-C1881A5CA8,2026-09-11 18:47:49,vale,36.0,aprobado,REF-FC959DC3
P-ED8C1330E0,V-1E90F42847,2026-09-11 18:47:50,vale,210.0,aprobado,REF-69C0E2CB
P-410D089AF1,V-244F938244,2026-09-11 18:47:50,transferencia,64.0,aprobado,REF-277D4212
P-6AA46FD204,V-99B26E494C,2026-09-11 18:47:51,efectivo,240.0,pendiente,REF-3375F1BD
P-2ED786CD0B,V-35993FE974,2026-09-11 18:47:52,tarjeta,330.0,aprobado,REF-36FF237E
P-93A6BCAC70,V-F396C1D173,2026-09-11 18:47:52,transferencia,275.0,aprobado,REF-3E2385E6
P-616CF04CDA,V-EAECDF7D2B,2026-09-11 18:47:53,efectivo,380.0,aprobado,REF-57807DC8
P-99091202C3,V-A349E8C7D7,2026-09-11 18:47:53,tarjeta,64.0,aprobado,REF-38C14565
P-AEA790722E,V-206F578686,2026-09-11 18:47:54,transferencia,1950.0,pendiente,REF-4B4E05C0
P-C28652A423,V-16844ACD67,2026-09-11 18:47:54,transferencia,32.0,aprobado,REF-9361F963
P-C6EB5F8DC5,V-C8C803F8B2,2026-09-11 18:47:55,transferencia,1170.0,aprobado,REF-42CE93CD
P-8C9020D77D,V-30597F5A6F,2026-09-11 18:47:56,transferencia,780.0,aprobado,REF-89951E00
P-89D26EB6C5,V-B79DEE08A6,2026-09-11 18:47:56,transferencia,840.0,aprobado,REF-51C68856
P-39B73D61C5,V-94A64C5625,2026-09-11 18:47:57,transferencia,112.0,pendiente,REF-6766E300
P-9B7A6FB643,V-B5D41F2CA4,2026-09-11 18:47:57,tarjeta,144.0,aprobado,REF-755FD8EA
P-F663A1BDF7,V-A9986FEB41,2026-09-11 18:47:58,tarjeta,135.0,aprobado,REF-590C3FEA
P-691DCF3FBF,V-05558656F1,2026-09-11 18:47:59,vale,180.0,pendiente,REF-0CA37B58
P-B95FCA8442,V-4B68DD2AE0,2026-09-11 18:47:59,efectivo,55.0,aprobado,REF-3426DEFF
P-FC7C344470,V-B46051AE31,2026-09-11 18:48:00,transferencia,180.0,pendiente,REF-D4C33479
P-FA1439A26E,V-E10D7D2AA4,2026-09-11 18:48:00,efectivo,90.0,pendiente,REF-24FCCDDB
P-F248CDCC60,V-1A905CCD3C,2026-09-11 18:48:01,efectivo,180.0,aprobado,REF-5E6994A1
P-C66801A763,V-EC8E54C36C,2026-09-11 18:48:02,transferencia,275.0,aprobado,REF-721EBB06
P-74AF32F9EF,V-441499831B,2026-09-11 18:48:02,efectivo,840.0,pendiente,REF-E1594B4D
P-1B866AC998,V-DEC71BD960,2026-09-11 18:48:03,vale,32.0,pendiente,REF-0FAA8507
P-C6A7ED02EF,V-3E1434E85F,2026-09-11 18:48:03,tarjeta,140.0,aprobado,REF-4F2812D5
P-3E42D47175,V-B6D6C492C3,2026-09-11 18:48:04,transferencia,165.0,aprobado,REF-EC9494A7
P-4B0F485EF9,V-ED0A287081,2026-09-11 18:48:04,efectivo,288.0,pendiente,REF-8B3234D9
P-107D74BDFE,V-9BD6964305,2026-09-11 18:48:05,efectivo,108.0,aprobado,REF-3AE10A60
P-FE14B06C34,V-F45BE69F0F,2026-09-11 18:48:05,transferencia,56.0,pendiente,REF-F69F7A8B
P-27689A9798,V-E490BA6040,2026-09-11 18:48:06,transferencia,1520.0,aprobado,REF-E855AE66
P-A57F2045FC,V-264577A8BB,2026-09-11 18:48:07,efectivo,840.0,aprobado,REF-29C36AC1
P-A42FE9D2C2,V-E4FF4DE2CC,2026-09-11 18:48:07,tarjeta,780.0,pendiente,REF-BC58A0D8
P-F525D066EC,V-EFDC6F50DB,2026-09-11 18:48:08,vale,390.0,aprobado,REF-87250D9F
P-C59A798141,V-7313B4B389,2026-09-11 18:48:08,tarjeta,54.0,aprobado,REF-F0155370
P-28B03D70E4,V-B47E89E3D3,2026-09-11 18:48:09,efectivo,168.0,pendiente,REF-E2480845
P-3F1427F9CE,V-33A272ADB1,2026-09-11 18:48:09,tarjeta,380.0,aprobado,REF-D3E7DCEE
P-BE113DF943,V-BF2C4E73EB,2026-09-11 18:48:10,tarjeta,140.0,aprobado,REF-AD50F47D
P-B3FC969253,V-DE048076C2,2026-09-11 18:48:11,transferencia,90.0,pendiente,REF-E31050A3
P-66F264D0F0,V-7BC47D7B89,2026-09-11 18:48:11,tarjeta,420.0,pendiente,REF-0DF75183
P-806A0CF207,V-3DE0F7457E,2026-09-11 18:48:12,vale,112.0,aprobado,REF-A4051916
P-4CF4D9CF9C,V-595B823DEE,2026-09-11 18:48:13,efectivo,54.0,aprobado,REF-EB80DA62
P-2BD381E3CA,V-60842C6A41,2026-09-11 18:48:13,efectivo,32.0,aprobado,REF-41836887
P-67A5DEB7E3,V-A7601CC58C,2026-09-11 18:48:14,tarjeta,780.0,aprobado,REF-E06DB357
P-1DD7A19581,V-4841E4434A,2026-09-11 18:48:14,vale,64.0,aprobado,REF-B1BCA9F3
P-0688A7C742,V-01FBB87AA1,2026-09-11 18:48:15,transferencia,64.0,pendiente,REF-44435EF5
P-8E51411F17,V-D44F4F0633,2026-09-11 18:48:16,transferencia,1680.0,aprobado,REF-1A0C200C
P-8801EEF309,V-05558F8A46,2026-09-11 18:48:16,efectivo,1260.0,aprobado,REF-9B004DBB
P-56362E646D,V-EBEAEBBF23,2026-09-11 18:48:16,efectivo,168.0,pendiente,REF-6C2C63AF
P-54106450C0,V-A811984ACD,2026-09-11 18:48:17,transferencia,96.0,aprobado,REF-C69BAD11
P-470B47A9A5,V-6EE1385BF1,2026-09-11 18:48:18,transferencia,760.0,pendiente,REF-0B05DD88
P-DB64049031,V-D89B74FD5C,2026-09-11 18:48:18,efectivo,180.0,aprobado,REF-553E7982
P-F42DE13EFD,V-01C5E4DA68,2026-09-11 18:48:19,vale,1260.0,pendiente,REF-5172E93E
P-A43ABA6D1C,V-F75ACFDC2F,2026-09-11 18:48:20,efectivo,760.0,pendiente,REF-C77E0606
P-3FCE9506E2,V-3FBC2C212A,2026-09-11 18:48:20,tarjeta,168.0,aprobado,REF-2885D7A6
P-0CE9B826B2,V-5806480D6E,2026-09-11 18:48:21,transferencia,270.0,aprobado,REF-A29580AE
P-E208B1AC9F,V-1C3C0A0029,2026-09-11 18:48:21,efectivo,2100.0,pendiente,REF-DBB0A0D6
P-EF2D1258A5,V-2312295582,2026-09-11 18:48:22,transferencia,1680.0,aprobado,REF-CECB4EDA
P-884F3C4EBB,V-D359D22716,2026-09-11 18:48:22,vale,270.0,aprobado,REF-873B1700
P-1C44230152,V-F1C4E0AF13,2026-09-11 18:48:23,tarjeta,144.0,aprobado,REF-B1D7170B
P-8C297CC6D8,V-8A0804E90D,2026-09-11 18:48:23,vale,2520.0,aprobado,REF-70B92618
P-50425E299A,V-9817929D3E,2026-09-11 18:48:24,vale,45.0,aprobado,REF-01886D9B
P-348662AB88,V-C7F7D2DBF8,2026-09-11 18:48:24,vale,108.0,aprobado,REF-07729BA9
P-D79D1FA736,V-E83D89A595,2026-09-11 18:48:25,transferencia,2280.0,aprobado,REF-C8BBB911
P-1F7A20F9A6,V-93B9C330DD,2026-09-11 18:48:25,tarjeta,42.0,pendiente,REF-BAC0340A
P-84617DE721,V-22C27553AD,2026-09-11 18:48:26,tarjeta,192.0,aprobado,REF-FFDC8F1D
P-49033B6F03,V-8366F35254,2026-09-11 18:48:27,vale,1950.0,pendiente,REF-30A4846E
P-078EDA0F4D,V-1D5A4F0959,2026-09-11 18:48:27,vale,48.0,aprobado,REF-89E9F775
P-37C1DA69A5,V-EE5409CAD4,2026-09-11 18:48:28,transferencia,2520.0,aprobado,REF-100B6A95
P-5C785D4429,V-1A65C0C4C4,2026-09-11 18:48:28,efectivo,270.0,pendiente,REF-6FF9070D
P-26C12DD47C,V-CB25B765D0,2026-09-11 18:48:29,vale,760.0,aprobado,REF-204164EE
P-8268E15E74,V-E6B541A9CC,2026-09-11 18:48:29,efectivo,168.0,aprobado,REF-B7FE8BC8
P-8505C70BDF,V-45247E40A7,2026-09-11 18:48:30,transferencia,780.0,aprobado,REF-99903B91
P-FB2BD5DFCC,V-7B9D072905,2026-09-11 18:48:31,efectivo,240.0,aprobado,REF-69647C6D
P-757697A190,V-69DBB20683,2026-09-11 18:48:31,transferencia,210.0,aprobado,REF-54187351
P-2AA2F680A7,V-DEDA4C856E,2026-09-11 18:48:32,transferencia,84.0,pendiente,REF-E22F7C22
P-FBC1589141,V-DDCD30793D,2026-09-11 18:48:33,efectivo,72.0,aprobado,REF-614611F1
P-11A92E27B6,V-B11F4B7180,2026-09-11 18:48:33,vale,1170.0,pendiente,REF-5AA4DDE2
P-4CB4961DE7,V-D325832069,2026-09-11 18:48:34,efectivo,108.0,aprobado,REF-CB7DDE31
P-0C2B00DAD2,V-A9D5DD791D,2026-09-11 18:48:34,tarjeta,2520.0,aprobado,REF-239AB4AA
P-76E142D170,V-E9D26B9F00,2026-09-11 18:48:35,transferencia,64.0,aprobado,REF-859FBBDF
P-24E7886C03,V-8F986CAFBA,2026-09-11 18:48:35,tarjeta,1680.0,aprobado,REF-2793EA1A
P-BA7AB73FE1,V-981DB24935,2026-09-11 18:48:36,transferencia,380.0,pendiente,REF-0D574611
P-533F1FCDE8,V-C48B4C7EF0,2026-09-11 18:48:37,transferencia,1140.0,aprobado,REF-4C59B3BA
P-555ECCCAA6,V-2EFDA5CE78,2026-09-11 18:48:37,vale,112.0,pendiente,REF-25AA9AC8
P-C1B144A109,V-605D0A3312,2026-09-11 18:48:38,vale,1560.0,aprobado,REF-C15289AD
P-38FE5F0D6B,V-642000AB02,2026-09-11 18:48:38,transferencia,380.0,aprobado,REF-BCCAF76B
P-EBEED18EBC,V-D05EAB2861,2026-09-11 18:48:39,efectivo,252.0,aprobado,REF-82EA0368
P-BF69E177B4,V-1369454B7E,2026-09-11 18:48:39,efectivo,108.0,aprobado,REF-FF5278F8
P-A63389DF1D,V-8D82CA3BB8,2026-09-11 18:48:40,tarjeta,168.0,aprobado,REF-8630CB5E
P-74F406046D,V-4C1E0CC76B,2026-09-11 18:48:40,vale,55.0,aprobado,REF-9827CBA7
P-219AAA559D,V-270B8A4DFB,2026-09-11 18:48:41,tarjeta,180.0,aprobado,REF-64577848
P-33EA35263D,V-9BCFBA13C4,2026-09-11 18:48:42,tarjeta,32.0,aprobado,REF-A5740A58
P-EAFE8C6EF9,V-16B407B744,2026-09-11 18:48:42,tarjeta,144.0,aprobado,REF-A5F91FF7
P-61E37D473F,V-76A603E810,2026-09-11 18:48:43,efectivo,240.0,pendiente,REF-087FAAA4
P-05D3DA923E,V-0E47CC5BEB,2026-09-11 18:48:44,tarjeta,390.0,pendiente,REF-3DE5178B
P-423ECF5426,V-6B1C69F924,2026-09-11 18:48:44,transferencia,380.0,aprobado,REF-DA94921A
P-07F5858FB7,V-93908EB02B,2026-09-11 18:48:45,transferencia,108.0,aprobado,REF-7FB936D7
P-DD7E8C51A3,V-E23B5BB4F1,2026-09-11 18:48:45,transferencia,45.0,aprobado,REF-5ECE543D
P-2470D9B14C,V-145A559D0C,2026-09-11 18:48:46,vale,225.0,pendiente,REF-9BBF231D
P-351297512C,V-880F9E14B3,2026-09-11 18:48:47,efectivo,110.0,aprobado,REF-179A24A4
P-7A084D9028,V-A0340933EB,2026-09-11 18:48:47,efectivo,64.0,aprobado,REF-40AD1C53
P-59D59594DC,V-CEDCBC89E7,2026-09-11 18:48:48,vale,28.0,aprobado,REF-4866F965
P-AE95CAE29B,V-5926D0DD96,2026-09-11 18:48:49,transferencia,2280.0,aprobado,REF-10BBFC4E
P-3E1F581C89,V-2E5892C482,2026-09-11 18:48:49,vale,2520.0,aprobado,REF-D897F39C
P-6463DFAE97,V-ED36B22B21,2026-09-11 18:48:50,efectivo,112.0,aprobado,REF-1B77FAF1
P-59CC79B4DC,V-5FF7F52D7E,2026-09-11 18:48:50,efectivo,84.0,aprobado,REF-EC8C393A
P-B5A3B74FAA,V-FB09527C07,2026-09-11 18:48:51,tarjeta,108.0,pendiente,REF-57B32290
P-77F9A76BDD,V-D62004413A,2026-09-11 18:48:51,efectivo,1900.0,aprobado,REF-D3CA3C90
P-0C1A981F30,V-FB13799E2B,2026-09-11 18:48:52,tarjeta,1260.0,aprobado,REF-BD519564
P-EC74621051,V-E0E4B3A04A,2026-09-11 18:48:52,tarjeta,330.0,aprobado,REF-740AC77A
P-785AB8CED1,V-2073B4A3F3,2026-09-11 18:48:53,vale,2520.0,aprobado,REF-74EBD623
P-AD599684FF,V-206243655B,2026-09-11 18:48:54,transferencia,96.0,aprobado,REF-53D9187A
P-6BBA13D58A,V-4B50F36536,2026-09-11 18:48:54,vale,165.0,aprobado,REF-FD803040
P-EB1E2AF9AC,V-35A9445175,2026-09-11 18:48:55,vale,135.0,aprobado,REF-96A4653A
P-CF3FE6751E,V-E05A06658A,2026-09-11 18:48:55,tarjeta,760.0,aprobado,REF-A2051066
P-52A184DE95,V-54D882409C,2026-09-11 18:48:56,efectivo,240.0,aprobado,REF-973F1B4C
P-F44DE0EC0B,V-30DAA9223A,2026-09-11 18:48:57,tarjeta,330.0,aprobado,REF-82B29B6B
P-E67CDD159B,V-F2068E4635,2026-09-11 18:48:57,vale,45.0,pendiente,REF-9BEDE9BE
P-07EA3FE778,V-D63ADCE149,2026-09-11 18:48:58,tarjeta,45.0,pendiente,REF-A934A599
P-F7F50C503F,V-E7B7D0F55A,2026-09-11 18:48:59,efectivo,1140.0,pendiente,REF-F04F4621
P-78B5309DE5,V-5C8BFF4A37,2026-09-11 18:48:59,efectivo,84.0,aprobado,REF-54CE5690
P-0B0BF9B81B,V-9436E7434B,2026-09-11 18:49:00,tarjeta,288.0,aprobado,REF-16E46B35
P-10EF6EC439,V-F61BD9AE46,2026-09-11 18:49:01,vale,270.0,pendiente,REF-7AAD4A42
P-B1F82861A3,V-F97C39C419,2026-09-11 18:49:01,tarjeta,18.0,aprobado,REF-6858CAC5
P-4130E529F5,V-A1C7FB6391,2026-09-11 18:49:02,vale,240.0,aprobado,REF-114C972C
P-73C4E6B3C1,V-777B433D15,2026-09-11 18:49:02,tarjeta,126.0,aprobado,REF-7A208772
P-A98CC8D6CA,V-AAA5D49056,2026-09-11 18:49:03,tarjeta,128.0,pendiente,REF-E42BA3DE
P-3EB4E4CD82,V-40D776CB3A,2026-09-11 18:49:04,vale,380.0,aprobado,REF-6B6E6397
P-B6BEB45FBD,V-0D73293EAE,2026-09-11 18:49:04,transferencia,110.0,aprobado,REF-8E68E513
P-92E6AC96EF,V-9754A6BAF0,2026-09-11 18:49:05,efectivo,192.0,pendiente,REF-ECF276A4
P-86B13CC494,V-08D367ECA6,2026-09-11 18:49:05,vale,2100.0,pendiente,REF-EA91D896
P-9B73356D29,V-25BCC6DC1E,2026-09-11 18:49:06,tarjeta,135.0,pendiente,REF-7A54E94F
P-8D3A95B621,V-3B71323638,2026-09-11 18:49:06,tarjeta,1950.0,aprobado,REF-ACCFE189
P-71B98C1F96,V-E344C923BC,2026-09-11 18:49:07,tarjeta,2100.0,pendiente,REF-F55A5CC3
P-8CA57E1B7B,V-BDBED5A492,2026-09-11 18:49:07,vale,1560.0,aprobado,REF-79F8C994
P-FD147C1A93,V-C1231A4153,2026-09-11 18:49:08,tarjeta,32.0,aprobado,REF-E026A468
P-AEA35C3B98,V-DDE3A1D710,2026-09-11 18:49:09,transferencia,90.0,aprobado,REF-1FBB7343
P-AF89451A7F,V-EB3C7AC76C,2026-09-11 18:49:09,transferencia,1170.0,aprobado,REF-AAEBB60E
P-662F9C8BDD,V-6117E99276,2026-09-11 18:49:10,efectivo,36.0,aprobado,REF-A5647799
P-0EB10792E0,V-C0516A20D3,2026-09-11 18:49:11,tarjeta,780.0,aprobado,REF-32178AE4
P-412CED1725,V-22ACC44CD4,2026-09-11 18:49:11,tarjeta,2100.0,aprobado,REF-0F52B530
P-00F0D219EB,V-C45D3621B3,2026-09-11 18:49:11,vale,1520.0,pendiente,REF-E84AD25C
P-99902647C0,V-9FF7C65273,2026-09-11 18:49:12,transferencia,55.0,aprobado,REF-2B8236E4
P-4E307756DB,V-D79E0219BC,2026-09-11 18:49:13,vale,160.0,aprobado,REF-9B2D5A20
P-B15EFBBD00,V-4A9D425EC8,2026-09-11 18:49:13,efectivo,840.0,aprobado,REF-F2A61554
P-00072E7231,V-EFA92C21DB,2026-09-11 18:49:14,vale,140.0,pendiente,REF-9E20A6E6
P-B599E6BCE9,V-78C04ECD14,2026-09-11 18:49:14,transferencia,180.0,aprobado,REF-D727BA8C
P-036DE9317D,V-2395A0BC26,2026-09-11 18:49:15,efectivo,160.0,aprobado,REF-39A28A2B
P-55E1CDF435,V-16255272AE,2026-09-11 18:49:15,vale,168.0,pendiente,REF-206FFE26
P-FC84A2ED37,V-DF149EEE8D,2026-09-11 18:49:16,tarjeta,90.0,aprobado,REF-CDE4F1E1
P-BC83A7A78D,V-5C8F75F42E,2026-09-11 18:49:17,vale,225.0,aprobado,REF-823026E8
P-D6823EEF15,V-FBAD9B4943,2026-09-11 18:49:18,tarjeta,760.0,aprobado,REF-0CCF08A9
P-E85FF9EA3C,V-B9F9D1C7A2,2026-09-11 18:49:18,tarjeta,135.0,aprobado,REF-6649C937
P-5F6705D8F0,V-BB23E00C41,2026-09-11 18:49:19,efectivo,84.0,aprobado,REF-6E3A96A2
P-5AF1DAE994,V-FA539F2788,2026-09-11 18:49:20,vale,1560.0,aprobado,REF-A677EDC9
P-681C7B62C6,V-C600D2E4B1,2026-09-11 18:49:20,tarjeta,1950.0,aprobado,REF-602B259C
P-4E546390B3,V-C17BFA9519,2026-09-11 18:49:21,tarjeta,1140.0,aprobado,REF-5DAD71FD
P-389723BF6D,V-9C491B0BEB,2026-09-11 18:49:22,vale,1260.0,aprobado,REF-CB3900A9
P-7F3FB66DF2,V-CF0DA2BA96,2026-09-11 18:49:22,efectivo,840.0,aprobado,REF-8FA947FD
P-1E02158538,V-360434AD57,2026-09-11 18:49:23,tarjeta,140.0,aprobado,REF-96C0E7B0
P-F133089790,V-2AFB647405,2026-09-11 18:49:23,vale,165.0,aprobado,REF-82DCE428
P-2E2F9BCF40,V-5BD715074D,2026-09-11 18:49:24,tarjeta,1140.0,aprobado,REF-C8822F4C
P-30C2327F8A,V-BFAB09B6C3,2026-09-11 18:49:25,efectivo,42.0,pendiente,REF-BCEAAD6E
P-C03597417D,V-A6AA80F927,2026-09-11 18:49:25,vale,48.0,pendiente,REF-08C0F185
P-58B1BD0CC6,V-47ED4D03BA,2026-09-11 18:49:26,tarjeta,96.0,aprobado,REF-87089B8E
P-56A53FD4A2,V-4C0B175453,2026-09-11 18:49:26,vale,180.0,aprobado,REF-3E70E866
P-C8D6DE0DB6,V-0D50197F1A,2026-09-11 18:49:27,tarjeta,36.0,aprobado,REF-6D0D23E8
P-7D3F7966F2,V-FF4A986559,2026-09-11 18:49:27,tarjeta,1170.0,aprobado,REF-4285C456
P-703A0A775E,V-603841C960,2026-09-11 18:49:28,tarjeta,144.0,aprobado,REF-EB3D8370
P-AA7385BF63,V-C5E41E1B4E,2026-09-11 18:49:28,efectivo,84.0,aprobado,REF-13A45AD3
P-1EA6146A75,V-793D38DCCC,2026-09-11 18:49:29,tarjeta,112.0,pendiente,REF-35F75D40
P-B03B222869,V-99D8B32525,2026-09-11 18:49:30,vale,1900.0,aprobado,REF-0350284C
P-8128765F5A,V-C599B16E53,2026-09-11 18:49:30,tarjeta,192.0,aprobado,REF-A607C882
P-9825153E02,V-C288026F7D,2026-09-11 18:49:31,tarjeta,168.0,aprobado,REF-8B1E81FC
P-8A0628574A,V-C0355491BB,2026-09-11 18:49:32,transferencia,140.0,aprobado,REF-C227A7E2
P-71CD6C8CA0,V-46BB5AC9E4,2026-09-11 18:49:32,transferencia,84.0,aprobado,REF-6BEF4BF8
P-08DE07AB2A,V-24F7E094D8,2026-09-11 18:49:33,tarjeta,760.0,aprobado,REF-EC9BE962
P-3C1FFD8EA2,V-DE0FFA2B3B,2026-09-11 18:49:34,transferencia,760.0,aprobado,REF-F3FD4D52
P-673B79359E,V-86235EA3D8,2026-09-11 18:49:34,tarjeta,840.0,aprobado,REF-0FE003E3
P-E5DF2F003C,V-812B13C3A9,2026-09-11 18:49:35,transferencia,2340.0,aprobado,REF-7CB27509
P-0BC3BE74B2,V-318BD7E110,2026-09-11 18:49:35,tarjeta,2520.0,pendiente,REF-D9219C8F
P-7AFD7CDC5E,V-09AB1A472C,2026-09-11 18:49:36,transferencia,330.0,aprobado,REF-94332B00
P-98C5D22574,V-0AAA9D1642,2026-09-11 18:49:37,transferencia,168.0,aprobado,REF-7FB07F70
P-E77B294C4E,V-FB6058F15E,2026-09-11 18:49:37,efectivo,84.0,aprobado,REF-37DE2B54
P-1C296BDA4A,V-40CBAE981B,2026-09-11 18:49:38,tarjeta,54.0,aprobado,REF-E50E7CF8
P-D7EB480A70,V-330723B14C,2026-09-11 18:49:39,transferencia,1950.0,pendiente,REF-0EEF9AA8
P-DB6FA922D1,V-7EF579EBAC,2026-09-11 18:49:39,transferencia,144.0,aprobado,REF-B5D89131
P-E41C697847,V-D1D596600A,2026-09-11 18:49:40,transferencia,760.0,aprobado,REF-91455EDD
P-00AF8E1CD9,V-C56E09CE95,2026-09-11 18:49:40,transferencia,96.0,pendiente,REF-AEBC94DE
P-CEE6AFA3E8,V-876F34FE1D,2026-09-11 18:49:41,tarjeta,180.0,aprobado,REF-ED5CC452
P-6252DE5C68,V-7D43D9DAEF,2026-09-11 18:49:41,vale,220.0,aprobado,REF-5EB52FEE
P-096663BFF7,V-4790DB9EE8,2026-09-11 18:49:42,tarjeta,84.0,aprobado,REF-52336396
P-F8850B335F,V-FFBBD069F7,2026-09-11 18:49:42,efectivo,1900.0,aprobado,REF-B232DA3B
P-830D7C7025,V-36242A5AB8,2026-09-11 18:49:43,efectivo,84.0,pendiente,REF-F1313F58
P-155ADFFCB1,V-9DD6E7F0D5,2026-09-11 18:49:44,transferencia,840.0,aprobado,REF-206AA4F2
P-946F2C311F,V-238763CAC6,2026-09-11 18:49:44,vale,180.0,pendiente,REF-6462B396
P-7290FE64E0,V-BFA6EA4A77,2026-09-11 18:49:45,vale,1170.0,aprobado,REF-6125ACF0
P-23D253E82A,V-0DC76728A3,2026-09-11 18:49:45,efectivo,54.0,aprobado,REF-CAF3D662
P-55C1942765,V-C197A41A50,2026-09-11 18:49:46,tarjeta,90.0,aprobado,REF-CA49DA37
P-8A4496E848,V-B3DD646F90,2026-09-11 18:49:46,efectivo,192.0,aprobado,REF-0D71DAD2
P-D3237785D4,V-E14C149CE6,2026-09-11 18:49:47,tarjeta,270.0,aprobado,REF-811AABCD
P-9EEA0B2BCB,V-ED3751D5A1,2026-09-11 18:49:47,tarjeta,210.0,aprobado,REF-972454EC
P-44C276CBC4,V-B30BCF12E3,2026-09-11 18:49:48,vale,275.0,aprobado,REF-2596AA37
P-3A04C44413,V-2D7393974E,2026-09-11 18:49:49,vale,225.0,aprobado,REF-0C57E56D
P-209A1398A7,V-F3C319CB87,2026-09-11 18:49:49,vale,72.0,pendiente,REF-334AB3D2
P-F64FD33C57,V-5CCF271C3D,2026-09-11 18:49:50,transferencia,2520.0,aprobado,REF-AE1D8097
P-315E3AD66B,V-D630B1522C,2026-09-11 18:49:50,efectivo,48.0,aprobado,REF-EC3A1D23
P-82C0FAAF8E,V-55639BF66E,2026-09-11 18:49:51,transferencia,2520.0,aprobado,REF-9976A86B
P-A954A206B9,V-2F007BB7F9,2026-09-11 18:49:51,tarjeta,225.0,aprobado,REF-722FA72A
P-7475DF0304,V-39E2447FCB,2026-09-11 18:49:52,vale,390.0,aprobado,REF-FC96F5AB
P-F3B48CF251,V-8E5F94B7D5,2026-09-11 18:49:53,tarjeta,84.0,pendiente,REF-2F9AB976
P-6E59B2362A,V-CC23B67086,2026-09-11 18:49:53,transferencia,56.0,aprobado,REF-02DD1A41
P-DDBCD783C4,V-2BA1D0BD31,2026-09-11 18:49:54,tarjeta,64.0,pendiente,REF-BBED90F3
P-796A6A13C7,V-EA5AB1FBD6,2026-09-11 18:49:54,transferencia,192.0,pendiente,REF-BBB29264
P-81409F23A4,V-5C50E62A04,2026-09-11 18:49:55,vale,330.0,aprobado,REF-E32637C8
P-F31DF1BCF8,V-53BD300EED,2026-09-11 18:49:55,transferencia,168.0,aprobado,REF-6C19377B
P-8A1CA525EF,V-1410455782,2026-09-11 18:49:56,transferencia,2280.0,aprobado,REF-5F5F2E50
P-FC8FF8D328,V-BC9419C1CA,2026-09-11 18:49:57,efectivo,1950.0,aprobado,REF-B3B9D5D1
P-8319AE8899,V-9EA7D765FC,2026-09-11 18:49:57,efectivo,32.0,pendiente,REF-F6C942C3
P-B697765EBD,V-CB55145BCC,2026-09-11 18:49:58,transferencia,128.0,aprobado,REF-EF776C31
P-53D4533EF9,V-CDEA0EC41D,2026-09-11 18:49:59,transferencia,42.0,aprobado,REF-670F7431
P-89ABA0EAED,V-47FB9BD751,2026-09-11 18:49:59,tarjeta,168.0,pendiente,REF-4D47C98F
P-1B9FD0FF4D,V-328299A093,2026-09-11 18:50:00,transferencia,225.0,aprobado,REF-FBBF5323
P-5ACE54EA96,V-1396D64955,2026-09-11 18:50:01,tarjeta,90.0,aprobado,REF-C13309F0
P-BE29AF9ADF,V-118D522AC6,2026-09-11 18:50:02,vale,96.0,pendiente,REF-464A8A55
P-4B120493A4,V-C164A91741,2026-09-11 18:50:02,transferencia,252.0,aprobado,REF-575EE649
P-533A9DD1F6,V-88792FACF1,2026-09-11 18:50:03,transferencia,1560.0,aprobado,REF-C6A42EE0
P-A69BB48F9D,V-C1FB5294A6,2026-09-11 18:50:03,efectivo,110.0,aprobado,REF-F4189E27
P-65B4C06681,V-812479EFE6,2026-09-11 18:50:04,tarjeta,140.0,aprobado,REF-2B2E3DE8
P-D0F440686D,V-180766951B,2026-09-11 18:50:05,vale,220.0,pendiente,REF-552B7367
P-32D1AA0875,V-10DC715D8B,2026-09-11 18:50:05,efectivo,168.0,aprobado,REF-77795B40
P-8C38EEF190,V-DDF4983AE0,2026-09-11 18:50:06,efectivo,288.0,aprobado,REF-F37FDB18
P-4C6E527EE5,V-AE323B7489,2026-09-11 18:50:06,efectivo,840.0,aprobado,REF-6B087EBA
P-8B95CCA6EC,V-C698035097,2026-09-11 18:50:07,vale,380.0,pendiente,REF-CBC8F1D4
P-2034A284D9,V-77D30B745C,2026-09-11 18:50:07,efectivo,220.0,aprobado,REF-8B471A53
P-FDBE05216E,V-F01056FC64,2026-09-11 18:50:08,efectivo,1900.0,aprobado,REF-82468AAB
P-7087DF321E,V-1B1B2BE911,2026-09-11 18:50:09,tarjeta,180.0,aprobado,REF-8859994D
P-C3E3898E91,V-4833C7CD4E,2026-09-11 18:50:09,tarjeta,180.0,aprobado,REF-E06D0BBB
P-BDB06E47B8,V-1355B244C5,2026-09-11 18:50:10,efectivo,275.0,aprobado,REF-E8C1AC39
P-517C2ECA3B,V-E92CE7A551,2026-09-11 18:50:11,efectivo,390.0,aprobado,REF-F8EEEE31
P-2E5DC9EAED,V-9C0335892C,2026-09-11 18:50:11,transferencia,1950.0,aprobado,REF-5EFDB0F4
P-15BCED3BF1,V-7F65D89810,2026-09-11 18:50:11,tarjeta,780.0,aprobado,REF-11260579
P-3BEFD9F5F9,V-2E209767FC,2026-09-11 18:50:12,efectivo,1950.0,aprobado,REF-949F0729
P-055C6EB588,V-25B727DA24,2026-09-11 18:50:13,vale,56.0,pendiente,REF-91BEDCF5
P-1CD5E2ED22,V-EA40773EBB,2026-09-11 18:50:13,tarjeta,1950.0,aprobado,REF-2949A868
P-A565992000,V-BD75F1F1EA,2026-09-11 18:50:13,tarjeta,330.0,aprobado,REF-E731C4C6
P-87A5B4E9CA,V-E1F8C6EED8,2026-09-11 18:50:14,transferencia,1680.0,pendiente,REF-145285A1
P-251DB0C88F,V-06BBD8CE88,2026-09-11 18:50:15,vale,1260.0,pendiente,REF-9D71462C
P-54A1AC6D03,V-89067C522A,2026-09-11 18:50:15,tarjeta,192.0,aprobado,REF-F5BC4A5C
P-0B81BCDA2C,V-C2F176A431,2026-09-11 18:50:16,vale,96.0,aprobado,REF-42B8075C
P-ACB11413E6,V-89B50DA5FD,2026-09-11 18:50:16,vale,330.0,pendiente,REF-83688FFE
P-04E42D8003,V-D58D4B9187,2026-09-11 18:50:17,vale,28.0,pendiente,REF-C4646DDB
P-3725FAF8D9,V-9A60A341B0,2026-09-11 18:50:18,transferencia,112.0,aprobado,REF-E0A9C1BD
P-E842EB95AA,V-DC83994CED,2026-09-11 18:50:18,vale,390.0,aprobado,REF-B7A8DAA1
P-75B01534D8,V-91E4CA951F,2026-09-11 18:50:19,efectivo,64.0,pendiente,REF-6C47AD5F
P-8D07353C30,V-D99C48F8AB,2026-09-11 18:50:19,vale,2340.0,aprobado,REF-21257C3C
P-0E92C6C02F,V-B45631B981,2026-09-11 18:50:20,tarjeta,1680.0,aprobado,REF-6DC6B5F0
P-727F2C8309,V-700B7E165B,2026-09-11 18:50:21,vale,140.0,aprobado,REF-116E1EF4
P-DA8E339721,V-BDB470239C,2026-09-11 18:50:21,vale,1950.0,pendiente,REF-0DBA7FD5
P-4195B13E8A,V-B30714B797,2026-09-11 18:50:22,vale,48.0,aprobado,REF-206206C5
P-9825BFD3E4,V-36278ABD12,2026-09-11 18:50:23,transferencia,180.0,aprobado,REF-89FD73F1
P-0AA45884F6,V-E05725019F,2026-09-11 18:50:23,tarjeta,780.0,aprobado,REF-96949910
P-397CD9C0B7,V-C825C292B6,2026-09-11 18:50:24,transferencia,140.0,pendiente,REF-7C86A8B8
P-008D3BA568,V-8DF13A79D4,2026-09-11 18:50:25,tarjeta,192.0,aprobado,REF-FD223105
P-D369533387,V-8A5951F6FF,2026-09-11 18:50:25,tarjeta,144.0,aprobado,REF-B418AD88
P-CEC59901BA,V-018A520528,2026-09-11 18:50:25,efectivo,288.0,aprobado,REF-DE5C21E1
P-C915CE1934,V-6A166B4327,2026-09-11 18:50:26,vale,32.0,aprobado,REF-2CF63338
P-F6DE6EA9C0,V-A97DFD1230,2026-09-11 18:50:26,vale,112.0,pendiente,REF-51F99CCD
P-4A659263CF,V-8FBAFADD0C,2026-09-11 18:50:27,efectivo,168.0,aprobado,REF-BC3EB8F1
P-79DB59DB31,V-69E3B398BB,2026-09-11 18:50:28,transferencia,48.0,pendiente,REF-8D98D13D
P-A9BC174D35,V-43BA019351,2026-09-11 18:50:28,vale,2280.0,pendiente,REF-DF16D8B0
P-7B73393C85,V-18C5CF7939,2026-09-11 18:50:29,tarjeta,90.0,aprobado,REF-6B089FBC
P-C4CFA41E53,V-C1D8917557,2026-09-11 18:50:30,efectivo,160.0,aprobado,REF-19BD150C
P-FBC7AC1B65,V-92F10D7F25,2026-09-11 18:50:30,vale,55.0,aprobado,REF-0695170D
P-54C227276D,V-1D035B6E28,2026-09-11 18:50:31,efectivo,780.0,aprobado,REF-9B588791
P-E5E52F8310,V-D9CBF7A7C9,2026-09-11 18:50:31,efectivo,2100.0,aprobado,REF-B49F1659
P-5A471ABD0F,V-D0CBA15D32,2026-09-11 18:50:32,transferencia,1560.0,aprobado,REF-6D82E477
P-8265F9575A,V-38C4133C57,2026-09-11 18:50:33,vale,780.0,pendiente,REF-742AB742
P-7238835710,V-08BA8AFD99,2026-09-11 18:50:33,transferencia,42.0,aprobado,REF-493F119D
P-CA057FB6ED,V-636EB88BCE,2026-09-11 18:50:34,tarjeta,225.0,aprobado,REF-101B598A
P-911FC8C2D2,V-B30B7B8CED,2026-09-11 18:50:35,tarjeta,1900.0,aprobado,REF-CAE9BE7E
P-74053B61A4,V-2C7A02F31F,2026-09-11 18:50:35,efectivo,140.0,aprobado,REF-78DD21ED
P-DC797AFBA7,V-7E4B0775D2,2026-09-11 18:50:36,vale,126.0,aprobado,REF-39F806CC
P-C297322E01,V-2A90A45DBD,2026-09-11 18:50:36,transferencia,1680.0,pendiente,REF-1FDCCE8F
P-8EAFE3E591,V-9F43A57FAE,2026-09-11 18:50:37,efectivo,1520.0,pendiente,REF-4CA826E1
P-2823E784DC,V-065F7E2026,2026-09-11 18:50:37,tarjeta,84.0,aprobado,REF-F4384CC9
P-714D87BBF8,V-888D2FCD21,2026-09-11 18:50:38,tarjeta,140.0,aprobado,REF-41E64A10
P-CE510EAF46,V-8E4CD8B7E7,2026-09-11 18:50:39,tarjeta,45.0,aprobado,REF-7F632479
P-6073FB6C0D,V-CAB2885B78,2026-09-11 18:50:39,tarjeta,180.0,aprobado,REF-FF20985B
P-F4E589B1F5,V-EC5F650514,2026-09-11 18:50:40,vale,1140.0,aprobado,REF-B8E0C88C
P-A3735417A5,V-8A12EE0C92,2026-09-11 18:50:40,efectivo,72.0,pendiente,REF-04FB1DFA
P-C2B28891BB,V-25B3DD4454,2026-09-11 18:50:41,vale,54.0,aprobado,REF-AAC52199
P-1C311CCEE2,V-9AE853B1DC,2026-09-11 18:50:41,tarjeta,84.0,aprobado,REF-343CEC2C
P-90788EBD40,V-A385FC2AA9,2026-09-11 18:50:42,efectivo,84.0,pendiente,REF-B38436C1
P-1694789A73,V-089993FF4E,2026-09-11 18:50:42,efectivo,45.0,pendiente,REF-06DC56E7
P-6D32E407CE,V-CEE0AE2B28,2026-09-11 18:50:43,transferencia,55.0,aprobado,REF-A56401DE
P-4A16DDF5BA,V-E0DED7B936,2026-09-11 18:50:44,transferencia,2100.0,pendiente,REF-42EDF710
P-60F5F878CB,V-3E7E069D0E,2026-09-11 18:50:45,efectivo,168.0,aprobado,REF-C4D06B31
P-EABE8E5B0A,V-AB4D357536,2026-09-11 18:50:45,tarjeta,275.0,aprobado,REF-F6EB387D
P-C89161A158,V-5B46F9206B,2026-09-11 18:50:46,tarjeta,56.0,aprobado,REF-10F00EDC
P-238D1746D8,V-42D99B5936,2026-09-11 18:50:47,transferencia,275.0,aprobado,REF-630925E7
P-7A49814392,V-63266E6BD3,2026-09-11 18:50:47,transferencia,275.0,pendiente,REF-E09E3BBF
P-8246DE6C6E,V-BF89B8B96D,2026-09-11 18:50:48,transferencia,2280.0,aprobado,REF-5B3DD07B
P-5A9C984E59,V-0A43F753D3,2026-09-11 18:50:49,transferencia,168.0,aprobado,REF-A9A911CF
P-7A2130C8DE,V-A60D5047FA,2026-09-11 18:50:49,efectivo,126.0,aprobado,REF-4E6392A0
P-DCEDE22C84,V-DF1C40A587,2026-09-11 18:50:50,tarjeta,36.0,pendiente,REF-46326E3C
P-EC0614705E,V-81E9722543,2026-09-11 18:50:50,vale,128.0,aprobado,REF-7962D39A
P-CA909F5297,V-263432F49F,2026-09-11 18:50:51,efectivo,2520.0,aprobado,REF-98ED1853
P-DAF8A52D1A,V-711269B6C7,2026-09-11 18:50:52,tarjeta,1560.0,aprobado,REF-4EB1E2D8
P-BA86C4FFB5,V-49608BB79B,2026-09-11 18:50:52,vale,1260.0,aprobado,REF-4866C179
P-4E4D18B1CB,V-062A735622,2026-09-11 18:50:53,vale,54.0,aprobado,REF-5C9A762B
P-ABB1843693,V-2E22F43D2E,2026-09-11 18:50:54,transferencia,55.0,aprobado,REF-627D1F77
P-A67A03DEB2,V-16BC4B83D6,2026-09-11 18:50:54,transferencia,840.0,pendiente,REF-0F7F3742
P-C1C63D7613,V-9FFF14DF24,2026-09-11 18:50:55,tarjeta,270.0,aprobado,REF-BE7DD6F9
P-5E593DBD7D,V-541D0D777D,2026-09-11 18:50:55,tarjeta,84.0,aprobado,REF-6AAF63D0
P-D4FB7424BE,V-1F07FF7DBE,2026-09-11 18:50:56,transferencia,270.0,aprobado,REF-EC680B9C
P-1CAAFFEF24,V-6DA139BFD3,2026-09-11 18:50:56,transferencia,28.0,aprobado,REF-503D6D9E
P-F1FF1DC9F0,V-22706234FA,2026-09-11 18:50:57,efectivo,90.0,aprobado,REF-2085B325
P-22D991EC53,V-69A916A5AB,2026-09-11 18:50:57,transferencia,390.0,aprobado,REF-1D324252
P-00E9BC713E,V-71A4256E7B,2026-09-11 18:50:58,vale,2280.0,pendiente,REF-08358DBD
P-716D2C9352,V-9F69A7219A,2026-09-11 18:50:58,tarjeta,90.0,aprobado,REF-26989E2B
P-51ACA33935,V-AE1EAC3E53,2026-09-11 18:50:59,efectivo,160.0,aprobado,REF-0FD0A0BD
P-AB14BEDF26,V-C7F09B379E,2026-09-11 18:51:00,vale,252.0,pendiente,REF-6BB0FF89
P-A9F6FB59AC,V-A96C14D73E,2026-09-11 18:51:00,transferencia,140.0,aprobado,REF-FB263D70
P-CE2FCB3E3E,V-A37B86A86D,2026-09-11 18:51:01,transferencia,840.0,aprobado,REF-B7A8DF26
P-68FBD024E2,V-13A9D72325,2026-09-11 18:51:01,tarjeta,144.0,aprobado,REF-CF32B3C9
P-1B1DC1D2A9,V-02CC08788F,2026-09-11 18:51:01,transferencia,56.0,aprobado,REF-7221E2D6
P-12D2025CE3,V-B52739D0BE,2026-09-11 18:51:02,efectivo,275.0,aprobado,REF-4EE52AF6
P-E2B2E217C5,V-CC1B615987,2026-09-11 18:51:03,transferencia,42.0,aprobado,REF-D963B444
P-82AF1E45EE,V-86586FA7A8,2026-09-11 18:51:03,efectivo,84.0,aprobado,REF-1B1D60EE
P-BB75A92D9D,V-6E6D09BD1D,2026-09-11 18:51:04,vale,112.0,pendiente,REF-D8CAC8EE
P-247C522FD8,V-8915269FC7,2026-09-11 18:51:04,tarjeta,168.0,pendiente,REF-AE734204
P-43609D4EF6,V-33881999C2,2026-09-11 18:51:05,efectivo,1140.0,pendiente,REF-AE307854
P-A7B2F47FA9,V-6CF2CB88FF,2026-09-11 18:51:05,transferencia,380.0,pendiente,REF-A883F704
P-5462967984,V-411DBFCB33,2026-09-11 18:51:06,tarjeta,36.0,aprobado,REF-428372E4
P-0504DD0F76,V-AFDF4577CB,2026-09-11 18:51:06,transferencia,2100.0,pendiente,REF-18B08B27
P-CA6999B8C6,V-1045ED7ED3,2026-09-11 18:51:07,tarjeta,252.0,aprobado,REF-4CCAE7FD
P-EEDA301522,V-4581F53393,2026-09-11 18:51:07,efectivo,420.0,aprobado,REF-B3A87E71
P-89FA3C1890,V-98A687E76F,2026-09-11 18:51:08,efectivo,168.0,pendiente,REF-97AA8B86
P-EAFECF5566,V-545B2EF1B6,2026-09-11 18:51:09,vale,168.0,aprobado,REF-1AAFE0A0
P-433692D53D,V-D7A8DF8088,2026-09-11 18:51:09,tarjeta,1260.0,aprobado,REF-39D78AA9
P-48D4212BB7,V-E1981AFCEF,2026-09-11 18:51:10,efectivo,84.0,aprobado,REF-76CF81BD
P-0D031C06CA,V-A8DD0CCEE9,2026-09-11 18:51:10,transferencia,1680.0,aprobado,REF-5CD39E74
P-A690413EBF,V-B5D403CB96,2026-09-11 18:51:11,efectivo,84.0,aprobado,REF-B4C43651
P-1540A97F06,V-8DFBAFEFBA,2026-09-11 18:51:11,vale,55.0,pendiente,REF-A8C2C16D
P-6F11E2623A,V-E4A7C26413,2026-09-11 18:51:12,tarjeta,56.0,pendiente,REF-160D9DDC
P-E32429E111,V-EE2E1BAAFC,2026-09-11 18:51:13,tarjeta,1950.0,aprobado,REF-F4CFF3B4
P-E9FD37C701,V-F6B9520AB6,2026-09-11 18:51:13,efectivo,108.0,aprobado,REF-F8B122C3
P-81BBFBA2AE,V-9C40682494,2026-09-11 18:51:14,efectivo,54.0,pendiente,REF-5F32050E
P-03B5808D92,V-4AB346D6AF,2026-09-11 18:51:15,transferencia,168.0,pendiente,REF-FA667D44
P-10CDD30D1A,V-87D086A7E1,2026-09-11 18:51:15,vale,126.0,pendiente,REF-D3E54FDA
P-E08B96869B,V-5DAC622041,2026-09-11 18:51:16,efectivo,180.0,aprobado,REF-4F3E8175
P-3A58A9D66D,V-F9699D0165,2026-09-11 18:51:17,efectivo,210.0,aprobado,REF-E3348960
P-906BC5AEEC,V-74524F8DBA,2026-09-11 18:51:17,efectivo,84.0,aprobado,REF-2D7C51B5
P-2E3844D58E,V-F8ED889250,2026-09-11 18:51:18,vale,32.0,aprobado,REF-F96B4CAD
P-8B8D0CF101,V-0E4B3BBD9F,2026-09-11 18:51:19,efectivo,840.0,aprobado,REF-BEC22E3A
P-647FAC3265,V-BD74F0D29B,2026-09-11 18:51:19,vale,840.0,aprobado,REF-59F2119B
P-81824D1552,V-692917A24E,2026-09-11 18:51:20,tarjeta,165.0,pendiente,REF-1FF93255
P-2C2CE3E615,V-E996DD1825,2026-09-11 18:51:20,efectivo,45.0,aprobado,REF-5EED9843
P-FE3112A0B3,V-960BA6BD9C,2026-09-11 18:51:21,tarjeta,45.0,aprobado,REF-E58A0C7B
P-D7E7370D0A,V-01724A856B,2026-09-11 18:51:22,tarjeta,1950.0,pendiente,REF-D9B7495C
P-85943CD3FB,V-B87251B4EC,2026-09-11 18:51:22,vale,96.0,aprobado,REF-F8E62E26
P-EC2A2CF0B3,V-08A0723462,2026-09-11 18:51:23,vale,84.0,pendiente,REF-13521728
P-7AFB26FDA7,V-85DC5C4136,2026-09-11 18:51:23,transferencia,380.0,aprobado,REF-6AD2ABAA
P-32E26516D1,V-593B5006AD,2026-09-11 18:51:24,tarjeta,1260.0,aprobado,REF-A2C6B7DC
P-B176358131,V-9052370789,2026-09-11 18:51:25,transferencia,225.0,aprobado,REF-7181B6B5
P-13890630B2,V-5AB7E0D7AE,2026-09-11 18:51:25,transferencia,90.0,aprobado,REF-8C6AEC6B
P-E4C3D168FD,V-2052FB220A,2026-09-11 18:51:26,efectivo,42.0,aprobado,REF-12AF2E42
P-2D59F5188A,V-3CAD9D09E8,2026-09-11 18:51:26,transferencia,165.0,aprobado,REF-ADCEF9AA
P-7F688DE914,V-358D9707E4,2026-09-11 18:51:27,transferencia,380.0,aprobado,REF-DE6208EB
P-F9C504E937,V-6B1A50E664,2026-09-11 18:51:27,vale,144.0,pendiente,REF-F47B1FFA
P-A7180D3853,V-03520112A9,2026-09-11 18:51:28,vale,110.0,pendiente,REF-A3BA20E7
P-5D50B71728,V-992806F913,2026-09-11 18:51:28,vale,144.0,pendiente,REF-41153152
P-D988DEA0E0,V-FAB1E95CF5,2026-09-11 18:51:29,efectivo,90.0,aprobado,REF-8C59D04F
P-3D7BD87C5B,V-AA6D8C398F,2026-09-11 18:51:29,tarjeta,2280.0,pendiente,REF-4913707F
P-B8D9C87DBD,V-BFF7790BCF,2026-09-11 18:51:30,vale,1170.0,aprobado,REF-2A66EC9C
P-AA90535BE6,V-D0C027EEAE,2026-09-11 18:51:31,tarjeta,126.0,pendiente,REF-BA4C8963
P-3D76506201,V-6F3016F7F2,2026-09-11 18:51:32,vale,42.0,pendiente,REF-EDCE2A30
P-79B45CD1B7,V-191E599BD4,2026-09-11 18:51:32,transferencia,760.0,pendiente,REF-617248AE
P-1E44E0A1CD,V-156103427E,2026-09-11 18:51:33,tarjeta,390.0,aprobado,REF-B719CC6A
P-4FFB6DC340,V-520BDB45EF,2026-09-11 18:51:34,tarjeta,165.0,aprobado,REF-07C71499
P-E7F53ACAC2,V-F60B860DF8,2026-09-11 18:51:34,efectivo,252.0,aprobado,REF-1B31894D
P-B6573F5604,V-CBE864B7A4,2026-09-11 18:51:35,vale,168.0,pendiente,REF-18568D96
P-06A6A36FCC,V-7CFA0FFABA,2026-09-11 18:51:35,tarjeta,84.0,aprobado,REF-DC3FCB47
P-6E74EB4AB5,V-E72FC2B582,2026-09-11 18:51:36,transferencia,840.0,pendiente,REF-C10BF0C8
P-037D0D26D0,V-7187DA82B3,2026-09-11 18:51:36,tarjeta,840.0,pendiente,REF-D27AFCC2
