[consumer] Iniciando consumer unico de Obelie.
[consumer] Conectado a 127.0.0.1:9092. Topics: ventas, clientes, pagos, inventario
[consumer] inventario.csv += 10 (total sesion=10) particion=1 offset=310
[consumer] clientes.csv += 10 (total sesion=10) particion=2 offset=328
[consumer] ventas.csv += 10 (total sesion=10) particion=1 offset=394
[consumer] pagos.csv += 10 (total sesion=10) particion=1 offset=394
[consumer] inventario.csv += 10 (total sesion=20) particion=0 offset=470
[consumer] pagos.csv += 10 (total sesion=20) particion=2 offset=364
[consumer] ventas.csv += 10 (total sesion=20) particion=2 offset=364
[consumer] clientes.csv += 10 (total sesion=20) particion=0 offset=325
[consumer] inventario.csv += 10 (total sesion=30) particion=1 offset=316
[consumer] ventas.csv += 10 (total sesion=30) particion=2 offset=369
[consumer] pagos.csv += 10 (total sesion=30) particion=2 offset=369
[consumer] clientes.csv += 10 (total sesion=30) particion=1 offset=345
[consumer] inventario.csv += 10 (total sesion=40) particion=1 offset=318
[consumer] clientes.csv += 10 (total sesion=40) particion=0 offset=330
[consumer] pagos.csv += 10 (total sesion=40) particion=0 offset=385
[consumer] ventas.csv += 10 (total sesion=40) particion=0 offset=385
[consumer] inventario.csv += 10 (total sesion=50) particion=2 offset=343
[consumer] pagos.csv += 10 (total sesion=50) particion=0 offset=390
[consumer] ventas.csv += 10 (total sesion=50) particion=0 offset=390
[consumer] clientes.csv += 10 (total sesion=50) particion=2 offset=342
[consumer] inventario.csv += 10 (total sesion=60) particion=2 offset=346
[consumer] pagos.csv += 10 (total sesion=60) particion=2 offset=377
[consumer] ventas.csv += 10 (total sesion=60) particion=2 offset=377
[consumer] clientes.csv += 10 (total sesion=60) particion=2 offset=349
[consumer] inventario.csv += 10 (total sesion=70) particion=1 offset=326
[consumer] pagos.csv += 10 (total sesion=70) particion=0 offset=398
[consumer] ventas.csv += 10 (total sesion=70) particion=0 offset=398
[consumer] clientes.csv += 10 (total sesion=70) particion=1 offset=355
[consumer] inventario.csv += 10 (total sesion=80) particion=0 offset=498
[consumer] pagos.csv += 10 (total sesion=80) particion=2 offset=386
[consumer] ventas.csv += 10 (total sesion=80) particion=2 offset=386
[consumer] clientes.csv += 10 (total sesion=80) particion=1 offset=357
[consumer] inventario.csv += 10 (total sesion=90) particion=1 offset=330
[consumer] ventas.csv += 10 (total sesion=90) particion=0 offset=401
[consumer] pagos.csv += 10 (total sesion=90) particion=0 offset=401
[consumer] clientes.csv += 10 (total sesion=90) particion=0 offset=346
[consumer] ventas.csv += 10 (total sesion=100) particion=1 offset=422
[consumer] pagos.csv += 10 (total sesion=100) particion=1 offset=422
[consumer] inventario.csv += 10 (total sesion=100) particion=0 offset=509
[consumer] pagos.csv += 10 (total sesion=110) particion=2 offset=397
[consumer] ventas.csv += 10 (total sesion=110) particion=2 offset=397
[consumer] clientes.csv += 10 (total sesion=100) particion=1 offset=367
[consumer] inventario.csv += 10 (total sesion=110) particion=0 offset=511
[consumer] ventas.csv += 10 (total sesion=120) particion=0 offset=409
[consumer] pagos.csv += 10 (total sesion=120) particion=0 offset=409
[consumer] inventario.csv += 10 (total sesion=120) particion=1 offset=338
[consumer] clientes.csv += 10 (total sesion=110) particion=2 offset=363
[consumer] inventario.csv += 10 (total sesion=130) particion=0 offset=520
[consumer] clientes.csv += 10 (total sesion=120) particion=1 offset=372
[consumer] ventas.csv += 10 (total sesion=130) particion=0 offset=413
[consumer] pagos.csv += 10 (total sesion=130) particion=0 offset=413
[consumer] inventario.csv += 10 (total sesion=140) particion=1 offset=347
[consumer] pagos.csv += 10 (total sesion=140) particion=2 offset=409
[consumer] ventas.csv += 10 (total sesion=140) particion=2 offset=409
[consumer] clientes.csv += 10 (total sesion=130) particion=0 offset=359
[consumer] inventario.csv += 10 (total sesion=150) particion=2 offset=373
[consumer] ventas.csv += 10 (total sesion=150) particion=2 offset=410
[consumer] pagos.csv += 10 (total sesion=150) particion=2 offset=410
[consumer] clientes.csv += 10 (total sesion=140) particion=0 offset=363
[consumer] inventario.csv += 10 (total sesion=160) particion=0 offset=530
[consumer] pagos.csv += 10 (total sesion=160) particion=0 offset=426
[consumer] ventas.csv += 10 (total sesion=160) particion=0 offset=426
[consumer] clientes.csv += 10 (total sesion=150) particion=1 offset=384
[consumer] inventario.csv += 10 (total sesion=170) particion=2 offset=380
[consumer] ventas.csv += 10 (total sesion=170) particion=1 offset=444
[consumer] pagos.csv += 10 (total sesion=170) particion=1 offset=444
[consumer] clientes.csv += 10 (total sesion=160) particion=0 offset=370
[consumer] inventario.csv += 10 (total sesion=180) particion=2 offset=383
[consumer] pagos.csv += 10 (total sesion=180) particion=2 offset=416
[consumer] ventas.csv += 10 (total sesion=180) particion=2 offset=416
[consumer] clientes.csv += 10 (total sesion=170) particion=2 offset=382
[consumer] inventario.csv += 10 (total sesion=190) particion=0 offset=542
[consumer] pagos.csv += 10 (total sesion=190) particion=2 offset=418
[consumer] ventas.csv += 10 (total sesion=190) particion=2 offset=418
[consumer] clientes.csv += 10 (total sesion=180) particion=1 offset=396
[consumer] inventario.csv += 10 (total sesion=200) particion=2 offset=396
[consumer] ventas.csv += 10 (total sesion=200) particion=2 offset=421
[consumer] pagos.csv += 10 (total sesion=200) particion=2 offset=421
[consumer] clientes.csv += 10 (total sesion=190) particion=0 offset=380
[consumer] inventario.csv += 10 (total sesion=210) particion=1 offset=359
[consumer] ventas.csv += 10 (total sesion=210) particion=2 offset=427
[consumer] pagos.csv += 10 (total sesion=210) particion=2 offset=427
[consumer] clientes.csv += 10 (total sesion=200) particion=1 offset=402
[consumer] inventario.csv += 10 (total sesion=220) particion=2 offset=403
[consumer] pagos.csv += 10 (total sesion=220) particion=2 offset=431
[consumer] ventas.csv += 10 (total sesion=220) particion=2 offset=431
[consumer] clientes.csv += 10 (total sesion=210) particion=2 offset=394
[consumer] inventario.csv += 10 (total sesion=230) particion=0 offset=554
[consumer] pagos.csv += 10 (total sesion=230) particion=2 offset=436
[consumer] ventas.csv += 10 (total sesion=230) particion=2 offset=436
[consumer] clientes.csv += 10 (total sesion=220) particion=2 offset=396
[consumer] inventario.csv += 10 (total sesion=240) particion=2 offset=409
[consumer] pagos.csv += 10 (total sesion=240) particion=0 offset=456
[consumer] ventas.csv += 10 (total sesion=240) particion=0 offset=456
[consumer] inventario.csv += 10 (total sesion=250) particion=2 offset=413
[consumer] ventas.csv += 10 (total sesion=250) particion=0 offset=464
[consumer] pagos.csv += 10 (total sesion=250) particion=0 offset=464
[consumer] clientes.csv += 10 (total sesion=230) particion=2 offset=399
[consumer] inventario.csv += 10 (total sesion=260) particion=0 offset=565
[consumer] pagos.csv += 10 (total sesion=260) particion=1 offset=466
[consumer] ventas.csv += 10 (total sesion=260) particion=1 offset=466
[consumer] clientes.csv += 10 (total sesion=240) particion=1 offset=419
[consumer] inventario.csv += 10 (total sesion=270) particion=2 offset=418
[consumer] ventas.csv += 10 (total sesion=270) particion=1 offset=470
[consumer] pagos.csv += 10 (total sesion=270) particion=1 offset=470
[consumer] clientes.csv += 10 (total sesion=250) particion=0 offset=398
[consumer] inventario.csv += 10 (total sesion=280) particion=0 offset=570
[consumer] ventas.csv += 10 (total sesion=280) particion=0 offset=479
[consumer] pagos.csv += 10 (total sesion=280) particion=0 offset=479
[consumer] clientes.csv += 10 (total sesion=260) particion=0 offset=402
[consumer] inventario.csv += 10 (total sesion=290) particion=1 offset=387
[consumer] ventas.csv += 10 (total sesion=290) particion=1 offset=475
[consumer] pagos.csv += 10 (total sesion=290) particion=1 offset=475
[consumer] clientes.csv += 10 (total sesion=270) particion=1 offset=428
[consumer] inventario.csv += 10 (total sesion=300) particion=0 offset=581
[consumer] ventas.csv += 10 (total sesion=300) particion=1 offset=479
[consumer] pagos.csv += 10 (total sesion=300) particion=1 offset=479
[consumer] clientes.csv += 10 (total sesion=280) particion=2 offset=412
[consumer] ventas.csv += 10 (total sesion=310) particion=1 offset=483
[consumer] pagos.csv += 10 (total sesion=310) particion=1 offset=483
[consumer] inventario.csv += 10 (total sesion=310) particion=0 offset=586
[consumer] clientes.csv += 10 (total sesion=290) particion=1 offset=435
[consumer] inventario.csv += 10 (total sesion=320) particion=1 offset=396
[consumer] pagos.csv += 10 (total sesion=320) particion=1 offset=488
[consumer] ventas.csv += 10 (total sesion=320) particion=1 offset=488
[consumer] clientes.csv += 10 (total sesion=300) particion=0 offset=417
[consumer] ventas.csv += 10 (total sesion=330) particion=1 offset=492
[consumer] pagos.csv += 10 (total sesion=330) particion=1 offset=492
[consumer] inventario.csv += 10 (total sesion=330) particion=1 offset=401
[consumer] inventario.csv += 10 (total sesion=340) particion=2 offset=435
[consumer] pagos.csv += 10 (total sesion=340) particion=0 offset=498
[consumer] ventas.csv += 10 (total sesion=340) particion=0 offset=498
[consumer] clientes.csv += 10 (total sesion=310) particion=0 offset=423
[consumer] inventario.csv += 10 (total sesion=350) particion=2 offset=438
[consumer] pagos.csv += 10 (total sesion=350) particion=1 offset=501
[consumer] ventas.csv += 10 (total sesion=350) particion=1 offset=501
[consumer] clientes.csv += 10 (total sesion=320) particion=1 offset=444
[consumer] ventas.csv += 10 (total sesion=360) particion=2 offset=472
[consumer] pagos.csv += 10 (total sesion=360) particion=2 offset=472
[consumer] inventario.csv += 10 (total sesion=360) particion=2 offset=441
[consumer] clientes.csv += 10 (total sesion=330) particion=1 offset=449
[consumer] inventario.csv += 10 (total sesion=370) particion=0 offset=609
[consumer] ventas.csv += 10 (total sesion=370) particion=1 offset=508
[consumer] pagos.csv += 10 (total sesion=370) particion=1 offset=508
[consumer] clientes.csv += 10 (total sesion=340) particion=2 offset=428
[consumer] inventario.csv += 10 (total sesion=380) particion=1 offset=417
[consumer] ventas.csv += 10 (total sesion=380) particion=1 offset=511
[consumer] pagos.csv += 10 (total sesion=380) particion=1 offset=511
[consumer] clientes.csv += 10 (total sesion=350) particion=2 offset=432
[consumer] inventario.csv += 10 (total sesion=390) particion=0 offset=619
[consumer] ventas.csv += 10 (total sesion=390) particion=0 offset=513
[consumer] pagos.csv += 10 (total sesion=390) particion=0 offset=513
[consumer] pagos.csv += 10 (total sesion=400) particion=2 offset=487
[consumer] ventas.csv += 10 (total sesion=400) particion=2 offset=487
[consumer] inventario.csv += 10 (total sesion=400) particion=2 offset=451
[consumer] clientes.csv += 10 (total sesion=360) particion=2 offset=436
[consumer] inventario.csv += 10 (total sesion=410) particion=0 offset=627
[consumer] pagos.csv += 10 (total sesion=410) particion=0 offset=519
[consumer] ventas.csv += 10 (total sesion=410) particion=0 offset=519
[consumer] clientes.csv += 10 (total sesion=370) particion=0 offset=447
[consumer] pagos.csv += 10 (total sesion=420) particion=0 offset=524
[consumer] ventas.csv += 10 (total sesion=420) particion=0 offset=524
[consumer] inventario.csv += 10 (total sesion=420) particion=1 offset=426
[consumer] clientes.csv += 10 (total sesion=380) particion=2 offset=445
[consumer] ventas.csv += 10 (total sesion=430) particion=2 offset=499
[consumer] pagos.csv += 10 (total sesion=430) particion=2 offset=499
[consumer] inventario.csv += 10 (total sesion=430) particion=2 offset=464
[consumer] clientes.csv += 10 (total sesion=390) particion=1 offset=463
[consumer] ventas.csv += 10 (total sesion=440) particion=2 offset=502
[consumer] pagos.csv += 10 (total sesion=440) particion=2 offset=502
[consumer] inventario.csv += 10 (total sesion=440) particion=1 offset=433
[consumer] clientes.csv += 10 (total sesion=400) particion=1 offset=467
[consumer] ventas.csv += 10 (total sesion=450) particion=2 offset=507
[consumer] pagos.csv += 10 (total sesion=450) particion=2 offset=507
[consumer] inventario.csv += 10 (total sesion=450) particion=0 offset=643
[consumer] clientes.csv += 10 (total sesion=410) particion=2 offset=453
[consumer] pagos.csv += 10 (total sesion=460) particion=0 offset=535
[consumer] ventas.csv += 10 (total sesion=460) particion=0 offset=535
[consumer] inventario.csv += 10 (total sesion=460) particion=1 offset=439
[consumer] pagos.csv += 10 (total sesion=470) particion=0 offset=538
[consumer] ventas.csv += 10 (total sesion=470) particion=0 offset=538
[consumer] clientes.csv += 10 (total sesion=420) particion=2 offset=457
[consumer] inventario.csv += 10 (total sesion=470) particion=2 offset=471
[consumer] ventas.csv += 10 (total sesion=480) particion=1 offset=540
[consumer] pagos.csv += 10 (total sesion=480) particion=1 offset=540
[consumer] inventario.csv += 10 (total sesion=480) particion=0 offset=656
[consumer] clientes.csv += 10 (total sesion=430) particion=2 offset=464
[consumer] ventas.csv += 10 (total sesion=490) particion=1 offset=545
[consumer] pagos.csv += 10 (total sesion=490) particion=1 offset=545
[consumer] inventario.csv += 10 (total sesion=490) particion=2 offset=477
[consumer] clientes.csv += 10 (total sesion=440) particion=2 offset=467
[consumer] pagos.csv += 10 (total sesion=500) particion=1 offset=549
[consumer] ventas.csv += 10 (total sesion=500) particion=1 offset=549
[consumer] inventario.csv += 10 (total sesion=500) particion=1 offset=456
[consumer] clientes.csv += 10 (total sesion=450) particion=1 offset=482
[consumer] pagos.csv += 10 (total sesion=510) particion=0 offset=555
[consumer] ventas.csv += 10 (total sesion=510) particion=0 offset=555
[consumer] inventario.csv += 10 (total sesion=510) particion=2 offset=484
[consumer] clientes.csv += 10 (total sesion=460) particion=1 offset=486
[consumer] pagos.csv += 10 (total sesion=520) particion=0 offset=559
[consumer] ventas.csv += 10 (total sesion=520) particion=0 offset=559
[consumer] inventario.csv += 10 (total sesion=520) particion=1 offset=461
[consumer] clientes.csv += 10 (total sesion=470) particion=1 offset=490
[consumer] ventas.csv += 10 (total sesion=530) particion=2 offset=530
[consumer] pagos.csv += 10 (total sesion=530) particion=2 offset=530
[consumer] inventario.csv += 10 (total sesion=530) particion=1 offset=464
[consumer] pagos.csv += 10 (total sesion=540) particion=2 offset=533
[consumer] ventas.csv += 10 (total sesion=540) particion=2 offset=533
[consumer] clientes.csv += 10 (total sesion=480) particion=2 offset=481
[consumer] inventario.csv += 10 (total sesion=540) particion=1 offset=467
[consumer] ventas.csv += 10 (total sesion=550) particion=0 offset=566
[consumer] pagos.csv += 10 (total sesion=550) particion=0 offset=566
[consumer] inventario.csv += 10 (total sesion=550) particion=0 offset=677
[consumer] clientes.csv += 10 (total sesion=490) particion=2 offset=486
[consumer] ventas.csv += 10 (total sesion=560) particion=0 offset=569
[consumer] pagos.csv += 10 (total sesion=560) particion=0 offset=569
[consumer] inventario.csv += 10 (total sesion=560) particion=0 offset=683
[consumer] clientes.csv += 10 (total sesion=500) particion=1 offset=503
[consumer] pagos.csv += 10 (total sesion=570) particion=1 offset=575
[consumer] ventas.csv += 10 (total sesion=570) particion=1 offset=575
[consumer] inventario.csv += 10 (total sesion=570) particion=1 offset=474
[consumer] clientes.csv += 10 (total sesion=510) particion=2 offset=490
[consumer] pagos.csv += 10 (total sesion=580) particion=0 offset=576
[consumer] ventas.csv += 10 (total sesion=580) particion=0 offset=576
[consumer] inventario.csv += 10 (total sesion=580) particion=2 offset=509
[consumer] clientes.csv += 10 (total sesion=520) particion=2 offset=494
[consumer] ventas.csv += 10 (total sesion=590) particion=0 offset=578
[consumer] pagos.csv += 10 (total sesion=590) particion=0 offset=578
[consumer] inventario.csv += 10 (total sesion=590) particion=2 offset=515
[consumer] clientes.csv += 10 (total sesion=530) particion=2 offset=495
[consumer] ventas.csv += 10 (total sesion=600) particion=1 offset=589
[consumer] pagos.csv += 10 (total sesion=600) particion=1 offset=589
[consumer] inventario.csv += 10 (total sesion=600) particion=1 offset=482
[consumer] clientes.csv += 10 (total sesion=540) particion=1 offset=521
[consumer] ventas.csv += 10 (total sesion=610) particion=0 offset=582
[consumer] pagos.csv += 10 (total sesion=610) particion=0 offset=582
[consumer] inventario.csv += 10 (total sesion=610) particion=0 offset=704
[consumer] clientes.csv += 10 (total sesion=550) particion=1 offset=526
[consumer] ventas.csv += 10 (total sesion=620) particion=1 offset=598
[consumer] pagos.csv += 10 (total sesion=620) particion=1 offset=598
[consumer] inventario.csv += 10 (total sesion=620) particion=0 offset=711
[consumer] clientes.csv += 10 (total sesion=560) particion=0 offset=503
[consumer] pagos.csv += 10 (total sesion=630) particion=0 offset=587
[consumer] ventas.csv += 10 (total sesion=630) particion=0 offset=587
[consumer] inventario.csv += 10 (total sesion=630) particion=0 offset=718
[consumer] ventas.csv += 10 (total sesion=640) particion=2 offset=562
[consumer] pagos.csv += 10 (total sesion=640) particion=2 offset=562
[consumer] clientes.csv += 10 (total sesion=570) particion=0 offset=505
[consumer] inventario.csv += 10 (total sesion=640) particion=1 offset=490
[consumer] pagos.csv += 10 (total sesion=650) particion=1 offset=610
[consumer] ventas.csv += 10 (total sesion=650) particion=1 offset=610
[consumer] clientes.csv += 10 (total sesion=580) particion=2 offset=507
[consumer] inventario.csv += 10 (total sesion=650) particion=0 offset=724
[consumer] ventas.csv += 10 (total sesion=660) particion=1 offset=614
[consumer] pagos.csv += 10 (total sesion=660) particion=1 offset=614
[consumer] inventario.csv += 10 (total sesion=660) particion=2 offset=533
[consumer] clientes.csv += 10 (total sesion=590) particion=0 offset=512
[consumer] inventario.csv += 10 (total sesion=670) particion=1 offset=500
[consumer] pagos.csv += 10 (total sesion=670) particion=2 offset=578
[consumer] ventas.csv += 10 (total sesion=670) particion=2 offset=578
[consumer] clientes.csv += 10 (total sesion=600) particion=1 offset=543
[consumer] inventario.csv += 10 (total sesion=680) particion=2 offset=540
[consumer] ventas.csv += 10 (total sesion=680) particion=2 offset=585
[consumer] pagos.csv += 10 (total sesion=680) particion=2 offset=585
[consumer] clientes.csv += 10 (total sesion=610) particion=0 offset=517
[consumer] inventario.csv += 10 (total sesion=690) particion=1 offset=507
[consumer] ventas.csv += 10 (total sesion=690) particion=1 offset=621
[consumer] pagos.csv += 10 (total sesion=690) particion=1 offset=621
[consumer] clientes.csv += 10 (total sesion=620) particion=2 offset=526
[consumer] inventario.csv += 10 (total sesion=700) particion=2 offset=544
[consumer] pagos.csv += 10 (total sesion=700) particion=0 offset=607
[consumer] ventas.csv += 10 (total sesion=700) particion=0 offset=607
[consumer] clientes.csv += 10 (total sesion=630) particion=2 offset=530
[consumer] inventario.csv += 10 (total sesion=710) particion=0 offset=743
[consumer] ventas.csv += 10 (total sesion=710) particion=1 offset=628
[consumer] pagos.csv += 10 (total sesion=710) particion=1 offset=628
[consumer] inventario.csv += 10 (total sesion=720) particion=0 offset=751
[consumer] clientes.csv += 10 (total sesion=640) particion=1 offset=554
[consumer] ventas.csv += 10 (total sesion=720) particion=0 offset=612
[consumer] pagos.csv += 10 (total sesion=720) particion=0 offset=612
[consumer] inventario.csv += 10 (total sesion=730) particion=1 offset=519
[consumer] clientes.csv += 10 (total sesion=650) particion=2 offset=537
[consumer] pagos.csv += 10 (total sesion=730) particion=0 offset=617
[consumer] ventas.csv += 10 (total sesion=730) particion=0 offset=617
[consumer] inventario.csv += 10 (total sesion=740) particion=1 offset=522
[consumer] pagos.csv += 10 (total sesion=740) particion=1 offset=638
[consumer] ventas.csv += 10 (total sesion=740) particion=1 offset=638
[consumer] clientes.csv += 10 (total sesion=660) particion=0 offset=533
[consumer] inventario.csv += 10 (total sesion=750) particion=2 offset=558
[consumer] pagos.csv += 10 (total sesion=750) particion=0 offset=624
[consumer] ventas.csv += 10 (total sesion=750) particion=0 offset=624
[consumer] clientes.csv += 10 (total sesion=670) particion=0 offset=535
[consumer] inventario.csv += 10 (total sesion=760) particion=2 offset=564
[consumer] ventas.csv += 10 (total sesion=760) particion=1 offset=647
[consumer] pagos.csv += 10 (total sesion=760) particion=1 offset=647
[consumer] clientes.csv += 10 (total sesion=680) particion=0 offset=539
[consumer] inventario.csv += 10 (total sesion=770) particion=0 offset=770
[consumer] ventas.csv += 10 (total sesion=770) particion=0 offset=631
[consumer] pagos.csv += 10 (total sesion=770) particion=0 offset=631
[consumer] clientes.csv += 10 (total sesion=690) particion=1 offset=568
[consumer] inventario.csv += 10 (total sesion=780) particion=1 offset=535
[consumer] pagos.csv += 10 (total sesion=780) particion=2 offset=611
[consumer] ventas.csv += 10 (total sesion=780) particion=2 offset=611
[consumer] clientes.csv += 10 (total sesion=700) particion=0 offset=544
[consumer] inventario.csv += 10 (total sesion=790) particion=2 offset=573
[consumer] ventas.csv += 10 (total sesion=790) particion=0 offset=640
[consumer] pagos.csv += 10 (total sesion=790) particion=0 offset=640
[consumer] clientes.csv += 10 (total sesion=710) particion=2 offset=562
[consumer] pagos.csv += 10 (total sesion=800) particion=2 offset=619
[consumer] ventas.csv += 10 (total sesion=800) particion=2 offset=619
[consumer] inventario.csv += 10 (total sesion=800) particion=0 offset=778
[consumer] inventario.csv += 10 (total sesion=810) particion=0 offset=782
[consumer] clientes.csv += 10 (total sesion=720) particion=1 offset=578
[consumer] pagos.csv += 10 (total sesion=810) particion=1 offset=661
[consumer] ventas.csv += 10 (total sesion=810) particion=1 offset=661
[consumer] inventario.csv += 10 (total sesion=820) particion=2 offset=578
[consumer] pagos.csv += 10 (total sesion=820) particion=2 offset=625
[consumer] ventas.csv += 10 (total sesion=820) particion=2 offset=625
[consumer] clientes.csv += 10 (total sesion=730) particion=1 offset=582
[consumer] inventario.csv += 10 (total sesion=830) particion=0 offset=790
[consumer] pagos.csv += 10 (total sesion=830) particion=0 offset=653
[consumer] ventas.csv += 10 (total sesion=830) particion=0 offset=653
[consumer] clientes.csv += 10 (total sesion=740) particion=0 offset=558
[consumer] pagos.csv += 10 (total sesion=840) particion=1 offset=672
[consumer] ventas.csv += 10 (total sesion=840) particion=1 offset=672
[consumer] inventario.csv += 10 (total sesion=840) particion=1 offset=560
[consumer] clientes.csv += 10 (total sesion=750) particion=1 offset=590
[consumer] ventas.csv += 10 (total sesion=850) particion=1 offset=676
[consumer] pagos.csv += 10 (total sesion=850) particion=1 offset=676
[consumer] inventario.csv += 10 (total sesion=850) particion=1 offset=564
[consumer] clientes.csv += 10 (total sesion=760) particion=1 offset=593
[consumer] pagos.csv += 10 (total sesion=860) particion=1 offset=681
[consumer] ventas.csv += 10 (total sesion=860) particion=1 offset=681
[consumer] inventario.csv += 10 (total sesion=860) particion=2 offset=587
[consumer] clientes.csv += 10 (total sesion=770) particion=2 offset=584
[consumer] ventas.csv += 10 (total sesion=870) particion=1 offset=687
[consumer] pagos.csv += 10 (total sesion=870) particion=1 offset=687
[consumer] inventario.csv += 10 (total sesion=870) particion=0 offset=803
[consumer] clientes.csv += 10 (total sesion=780) particion=2 offset=588
[consumer] ventas.csv += 10 (total sesion=880) particion=2 offset=640
[consumer] pagos.csv += 10 (total sesion=880) particion=2 offset=640
[consumer] inventario.csv += 10 (total sesion=880) particion=1 offset=576
[consumer] clientes.csv += 10 (total sesion=790) particion=2 offset=594
[consumer] ventas.csv += 10 (total sesion=890) particion=0 offset=671
[consumer] pagos.csv += 10 (total sesion=890) particion=0 offset=671
[consumer] inventario.csv += 10 (total sesion=890) particion=0 offset=809
[consumer] ventas.csv += 10 (total sesion=900) particion=2 offset=649
[consumer] pagos.csv += 10 (total sesion=900) particion=2 offset=649
[consumer] clientes.csv += 10 (total sesion=800) particion=2 offset=597
[consumer] inventario.csv += 10 (total sesion=900) particion=0 offset=817
[consumer] pagos.csv += 10 (total sesion=910) particion=0 offset=680
[consumer] ventas.csv += 10 (total sesion=910) particion=0 offset=680
[consumer] clientes.csv += 10 (total sesion=810) particion=1 offset=606
[consumer] inventario.csv += 10 (total sesion=910) particion=0 offset=820
[consumer] pagos.csv += 10 (total sesion=920) particion=2 offset=654
[consumer] ventas.csv += 10 (total sesion=920) particion=2 offset=654
[consumer] clientes.csv += 10 (total sesion=820) particion=0 offset=585
[consumer] inventario.csv += 10 (total sesion=920) particion=2 offset=605
[consumer] pagos.csv += 10 (total sesion=930) particion=2 offset=658
[consumer] ventas.csv += 10 (total sesion=930) particion=2 offset=658
[consumer] inventario.csv += 10 (total sesion=930) particion=1 offset=589
[consumer] clientes.csv += 10 (total sesion=830) particion=1 offset=610
[consumer] pagos.csv += 10 (total sesion=940) particion=1 offset=707
[consumer] ventas.csv += 10 (total sesion=940) particion=1 offset=707
[consumer] inventario.csv += 10 (total sesion=940) particion=2 offset=612
[consumer] clientes.csv += 10 (total sesion=840) particion=2 offset=610
[consumer] pagos.csv += 10 (total sesion=950) particion=2 offset=668
[consumer] ventas.csv += 10 (total sesion=950) particion=2 offset=668
[consumer] inventario.csv += 10 (total sesion=950) particion=0 offset=837
[consumer] clientes.csv += 10 (total sesion=850) particion=0 offset=598
[consumer] ventas.csv += 10 (total sesion=960) particion=2 offset=672
[consumer] pagos.csv += 10 (total sesion=960) particion=2 offset=672
[consumer] inventario.csv += 10 (total sesion=960) particion=0 offset=841
[consumer] clientes.csv += 10 (total sesion=860) particion=2 offset=617
[consumer] pagos.csv += 10 (total sesion=970) particion=0 offset=700
[consumer] ventas.csv += 10 (total sesion=970) particion=0 offset=700
[consumer] inventario.csv += 10 (total sesion=970) particion=2 offset=619
[consumer] clientes.csv += 10 (total sesion=870) particion=1 offset=618
[consumer] pagos.csv += 10 (total sesion=980) particion=0 offset=703
[consumer] ventas.csv += 10 (total sesion=980) particion=0 offset=703
[consumer] inventario.csv += 10 (total sesion=980) particion=1 offset=606
[consumer] pagos.csv += 10 (total sesion=990) particion=1 offset=723
[consumer] ventas.csv += 10 (total sesion=990) particion=1 offset=723
[consumer] clientes.csv += 10 (total sesion=880) particion=2 offset=628
[consumer] inventario.csv += 10 (total sesion=990) particion=0 offset=853
[consumer] pagos.csv += 10 (total sesion=1000) particion=1 offset=724
[consumer] ventas.csv += 10 (total sesion=1000) particion=1 offset=724
[consumer] clientes.csv += 10 (total sesion=890) particion=0 offset=609
[consumer] inventario.csv += 10 (total sesion=1000) particion=2 offset=628
[consumer] ventas.csv += 10 (total sesion=1010) particion=1 offset=729
[consumer] pagos.csv += 10 (total sesion=1010) particion=1 offset=729
[consumer] clientes.csv += 10 (total sesion=900) particion=1 offset=625
[consumer] inventario.csv += 10 (total sesion=1010) particion=1 offset=613
[consumer] ventas.csv += 10 (total sesion=1020) particion=0 offset=720
[consumer] pagos.csv += 10 (total sesion=1020) particion=0 offset=720
[consumer] inventario.csv += 10 (total sesion=1020) particion=1 offset=618
[consumer] clientes.csv += 10 (total sesion=910) particion=1 offset=628
[consumer] pagos.csv += 10 (total sesion=1030) particion=2 offset=689
[consumer] ventas.csv += 10 (total sesion=1030) particion=2 offset=689
[consumer] inventario.csv += 10 (total sesion=1030) particion=1 offset=620
[consumer] clientes.csv += 10 (total sesion=920) particion=2 offset=643
[consumer] ventas.csv += 10 (total sesion=1040) particion=2 offset=695
[consumer] pagos.csv += 10 (total sesion=1040) particion=2 offset=695
[consumer] inventario.csv += 10 (total sesion=1040) particion=2 offset=644
[consumer] clientes.csv += 10 (total sesion=930) particion=2 offset=645
[consumer] pagos.csv += 10 (total sesion=1050) particion=1 offset=741
[consumer] ventas.csv += 10 (total sesion=1050) particion=1 offset=741
[consumer] inventario.csv += 10 (total sesion=1050) particion=1 offset=624
[consumer] clientes.csv += 10 (total sesion=940) particion=2 offset=647
[consumer] pagos.csv += 10 (total sesion=1060) particion=0 offset=731
[consumer] ventas.csv += 10 (total sesion=1060) particion=0 offset=731
[consumer] inventario.csv += 10 (total sesion=1060) particion=1 offset=627
[consumer] clientes.csv += 10 (total sesion=950) particion=0 offset=636
[consumer] pagos.csv += 10 (total sesion=1070) particion=1 offset=745
[consumer] ventas.csv += 10 (total sesion=1070) particion=1 offset=745
[consumer] inventario.csv += 10 (total sesion=1070) particion=2 offset=656
[consumer] clientes.csv += 10 (total sesion=960) particion=0 offset=640
[consumer] pagos.csv += 10 (total sesion=1080) particion=2 offset=711
[consumer] ventas.csv += 10 (total sesion=1080) particion=2 offset=711
[consumer] inventario.csv += 10 (total sesion=1080) particion=2 offset=660
[consumer] ventas.csv += 10 (total sesion=1090) particion=2 offset=716
[consumer] pagos.csv += 10 (total sesion=1090) particion=2 offset=716
[consumer] inventario.csv += 10 (total sesion=1090) particion=2 offset=662
[consumer] clientes.csv += 10 (total sesion=970) particion=1 offset=643
[consumer] inventario.csv += 10 (total sesion=1100) particion=0 offset=894
[consumer] ventas.csv += 10 (total sesion=1100) particion=0 offset=748
[consumer] pagos.csv += 10 (total sesion=1100) particion=0 offset=748
[consumer] clientes.csv += 10 (total sesion=980) particion=0 offset=649
[consumer] inventario.csv += 10 (total sesion=1110) particion=2 offset=667
[consumer] ventas.csv += 10 (total sesion=1110) particion=0 offset=750
[consumer] pagos.csv += 10 (total sesion=1110) particion=0 offset=750
[consumer] clientes.csv += 10 (total sesion=990) particion=1 offset=652
[consumer] inventario.csv += 10 (total sesion=1120) particion=0 offset=901
[consumer] pagos.csv += 10 (total sesion=1120) particion=2 offset=724
[consumer] ventas.csv += 10 (total sesion=1120) particion=2 offset=724
[consumer] clientes.csv += 10 (total sesion=1000) particion=2 offset=663
[consumer] ventas.csv += 10 (total sesion=1130) particion=2 offset=727
[consumer] inventario.csv += 10 (total sesion=1130) particion=2 offset=673
[consumer] pagos.csv += 10 (total sesion=1130) particion=2 offset=727
[consumer] clientes.csv += 10 (total sesion=1010) particion=1 offset=655
[consumer] pagos.csv += 10 (total sesion=1140) particion=2 offset=730
[consumer] ventas.csv += 10 (total sesion=1140) particion=2 offset=730
[consumer] inventario.csv += 10 (total sesion=1140) particion=0 offset=913
[consumer] clientes.csv += 10 (total sesion=1020) particion=1 offset=659
[consumer] pagos.csv += 10 (total sesion=1150) particion=1 offset=770
[consumer] ventas.csv += 10 (total sesion=1150) particion=1 offset=770
[consumer] inventario.csv += 10 (total sesion=1150) particion=2 offset=676
[consumer] clientes.csv += 10 (total sesion=1030) particion=2 offset=681
[consumer] pagos.csv += 10 (total sesion=1160) particion=1 offset=775
[consumer] ventas.csv += 10 (total sesion=1160) particion=1 offset=775
[consumer] inventario.csv += 10 (total sesion=1160) particion=0 offset=924
[consumer] clientes.csv += 10 (total sesion=1040) particion=1 offset=662
[consumer] pagos.csv += 10 (total sesion=1170) particion=1 offset=780
[consumer] ventas.csv += 10 (total sesion=1170) particion=1 offset=780
[consumer] inventario.csv += 10 (total sesion=1170) particion=2 offset=682
[consumer] clientes.csv += 10 (total sesion=1050) particion=2 offset=688
[consumer] pagos.csv += 10 (total sesion=1180) particion=0 offset=777
[consumer] ventas.csv += 10 (total sesion=1180) particion=0 offset=777
[consumer] inventario.csv += 10 (total sesion=1180) particion=2 offset=684
[consumer] pagos.csv += 10 (total sesion=1190) particion=2 offset=744
[consumer] ventas.csv += 10 (total sesion=1190) particion=2 offset=744
[consumer] clientes.csv += 10 (total sesion=1060) particion=0 offset=673
[consumer] inventario.csv += 10 (total sesion=1190) particion=0 offset=937
[consumer] ventas.csv += 10 (total sesion=1200) particion=0 offset=782
[consumer] pagos.csv += 10 (total sesion=1200) particion=0 offset=782
[consumer] clientes.csv += 10 (total sesion=1070) particion=0 offset=677
[consumer] inventario.csv += 10 (total sesion=1200) particion=2 offset=692
[consumer] inventario.csv += 10 (total sesion=1210) particion=2 offset=697
[consumer] pagos.csv += 10 (total sesion=1210) particion=2 offset=751
[consumer] ventas.csv += 10 (total sesion=1210) particion=2 offset=751
[consumer] clientes.csv += 10 (total sesion=1080) particion=0 offset=682
[consumer] inventario.csv += 10 (total sesion=1220) particion=0 offset=950
[consumer] pagos.csv += 10 (total sesion=1220) particion=2 offset=753
[consumer] ventas.csv += 10 (total sesion=1220) particion=2 offset=753
[consumer] clientes.csv += 10 (total sesion=1090) particion=2 offset=697
[consumer] inventario.csv += 10 (total sesion=1230) particion=1 offset=668
[consumer] ventas.csv += 10 (total sesion=1230) particion=0 offset=794
[consumer] pagos.csv += 10 (total sesion=1230) particion=0 offset=794
[consumer] clientes.csv += 10 (total sesion=1100) particion=0 offset=689
[consumer] inventario.csv += 10 (total sesion=1240) particion=2 offset=708
[consumer] pagos.csv += 10 (total sesion=1240) particion=1 offset=802
[consumer] ventas.csv += 10 (total sesion=1240) particion=1 offset=802
[consumer] clientes.csv += 10 (total sesion=1110) particion=1 offset=691
[consumer] pagos.csv += 10 (total sesion=1250) particion=2 offset=762
[consumer] ventas.csv += 10 (total sesion=1250) particion=2 offset=762
[consumer] inventario.csv += 10 (total sesion=1250) particion=1 offset=672
[consumer] clientes.csv += 10 (total sesion=1120) particion=2 offset=707
[consumer] pagos.csv += 10 (total sesion=1260) particion=0 offset=805
[consumer] ventas.csv += 10 (total sesion=1260) particion=0 offset=805
[consumer] inventario.csv += 10 (total sesion=1260) particion=0 offset=967
[consumer] clientes.csv += 10 (total sesion=1130) particion=0 offset=698
[consumer] ventas.csv += 10 (total sesion=1270) particion=0 offset=806
[consumer] pagos.csv += 10 (total sesion=1270) particion=0 offset=806
[consumer] inventario.csv += 10 (total sesion=1270) particion=0 offset=970
[consumer] pagos.csv += 10 (total sesion=1280) particion=0 offset=810
[consumer] ventas.csv += 10 (total sesion=1280) particion=0 offset=810
[consumer] clientes.csv += 10 (total sesion=1140) particion=1 offset=700
[consumer] inventario.csv += 10 (total sesion=1280) particion=0 offset=975
[consumer] ventas.csv += 10 (total sesion=1290) particion=1 offset=818
[consumer] pagos.csv += 10 (total sesion=1290) particion=1 offset=818
[consumer] clientes.csv += 10 (total sesion=1150) particion=1 offset=703
[consumer] inventario.csv += 10 (total sesion=1290) particion=1 offset=686
[consumer] ventas.csv += 10 (total sesion=1300) particion=1 offset=820
[consumer] pagos.csv += 10 (total sesion=1300) particion=1 offset=820
[consumer] inventario.csv += 10 (total sesion=1300) particion=2 offset=725
[consumer] clientes.csv += 10 (total sesion=1160) particion=0 offset=708
[consumer] ventas.csv += 10 (total sesion=1310) particion=2 offset=788
[consumer] pagos.csv += 10 (total sesion=1310) particion=2 offset=788
[consumer] inventario.csv += 10 (total sesion=1310) particion=0 offset=989
[consumer] clientes.csv += 10 (total sesion=1170) particion=1 offset=710
[consumer] pagos.csv += 10 (total sesion=1320) particion=1 offset=829
[consumer] ventas.csv += 10 (total sesion=1320) particion=1 offset=829
[consumer] inventario.csv += 10 (total sesion=1320) particion=2 offset=730
[consumer] clientes.csv += 10 (total sesion=1180) particion=2 offset=728
[consumer] ventas.csv += 10 (total sesion=1330) particion=1 offset=832
[consumer] pagos.csv += 10 (total sesion=1330) particion=1 offset=832
[consumer] inventario.csv += 10 (total sesion=1330) particion=0 offset=999
[consumer] clientes.csv += 10 (total sesion=1190) particion=1 offset=715
[consumer] pagos.csv += 10 (total sesion=1340) particion=2 offset=798
[consumer] ventas.csv += 10 (total sesion=1340) particion=2 offset=798
[consumer] inventario.csv += 10 (total sesion=1340) particion=2 offset=734
[consumer] clientes.csv += 10 (total sesion=1200) particion=2 offset=738
[consumer] ventas.csv += 10 (total sesion=1350) particion=1 offset=838
[consumer] pagos.csv += 10 (total sesion=1350) particion=1 offset=838
[consumer] inventario.csv += 10 (total sesion=1350) particion=2 offset=740
[consumer] clientes.csv += 10 (total sesion=1210) particion=0 offset=722
[consumer] pagos.csv += 10 (total sesion=1360) particion=2 offset=805
[consumer] ventas.csv += 10 (total sesion=1360) particion=2 offset=805
[consumer] inventario.csv += 10 (total sesion=1360) particion=1 offset=704
[consumer] clientes.csv += 10 (total sesion=1220) particion=1 offset=724
[consumer] pagos.csv += 10 (total sesion=1370) particion=2 offset=809
[consumer] ventas.csv += 10 (total sesion=1370) particion=2 offset=809
[consumer] inventario.csv += 10 (total sesion=1370) particion=2 offset=747
[consumer] pagos.csv += 10 (total sesion=1380) particion=1 offset=850
[consumer] ventas.csv += 10 (total sesion=1380) particion=1 offset=850
[consumer] clientes.csv += 10 (total sesion=1230) particion=0 offset=732
[consumer] inventario.csv += 10 (total sesion=1380) particion=1 offset=712
[consumer] ventas.csv += 10 (total sesion=1390) particion=2 offset=813
[consumer] pagos.csv += 10 (total sesion=1390) particion=2 offset=813
[consumer] clientes.csv += 10 (total sesion=1240) particion=0 offset=737
[consumer] inventario.csv += 10 (total sesion=1390) particion=0 offset=1020
[consumer] pagos.csv += 10 (total sesion=1400) particion=1 offset=857
[consumer] ventas.csv += 10 (total sesion=1400) particion=1 offset=857
[consumer] inventario.csv += 10 (total sesion=1400) particion=0 offset=1023
[consumer] clientes.csv += 10 (total sesion=1250) particion=1 offset=728
[consumer] pagos.csv += 10 (total sesion=1410) particion=0 offset=850
[consumer] ventas.csv += 10 (total sesion=1410) particion=0 offset=850
[consumer] inventario.csv += 10 (total sesion=1410) particion=0 offset=1026
[consumer] clientes.csv += 10 (total sesion=1260) particion=0 offset=748
[consumer] ventas.csv += 10 (total sesion=1420) particion=2 offset=819
[consumer] pagos.csv += 10 (total sesion=1420) particion=2 offset=819
[consumer] inventario.csv += 10 (total sesion=1420) particion=2 offset=763
[consumer] clientes.csv += 10 (total sesion=1270) particion=0 offset=751
[consumer] pagos.csv += 10 (total sesion=1430) particion=1 offset=867
[consumer] ventas.csv += 10 (total sesion=1430) particion=1 offset=867
[consumer] inventario.csv += 10 (total sesion=1430) particion=2 offset=768
[consumer] ventas.csv += 10 (total sesion=1440) particion=0 offset=859
[consumer] pagos.csv += 10 (total sesion=1440) particion=0 offset=859
[consumer] clientes.csv += 10 (total sesion=1280) particion=1 offset=738
[consumer] inventario.csv += 10 (total sesion=1440) particion=1 offset=728
[consumer] ventas.csv += 10 (total sesion=1450) particion=2 offset=835
[consumer] pagos.csv += 10 (total sesion=1450) particion=2 offset=835
[consumer] clientes.csv += 10 (total sesion=1290) particion=2 offset=764
[consumer] inventario.csv += 10 (total sesion=1450) particion=2 offset=776
[consumer] ventas.csv += 10 (total sesion=1460) particion=1 offset=878
[consumer] pagos.csv += 10 (total sesion=1460) particion=1 offset=878
[consumer] clientes.csv += 10 (total sesion=1300) particion=1 offset=743
[consumer] inventario.csv += 10 (total sesion=1460) particion=1 offset=735
[consumer] pagos.csv += 10 (total sesion=1470) particion=0 offset=867
[consumer] ventas.csv += 10 (total sesion=1470) particion=0 offset=867
[consumer] clientes.csv += 10 (total sesion=1310) particion=2 offset=775
[consumer] inventario.csv += 10 (total sesion=1470) particion=0 offset=1045
[consumer] pagos.csv += 10 (total sesion=1480) particion=0 offset=872
[consumer] ventas.csv += 10 (total sesion=1480) particion=0 offset=872
[consumer] clientes.csv += 10 (total sesion=1320) particion=0 offset=765
[consumer] inventario.csv += 10 (total sesion=1480) particion=1 offset=742
[consumer] ventas.csv += 10 (total sesion=1490) particion=1 offset=887
[consumer] pagos.csv += 10 (total sesion=1490) particion=1 offset=887
[consumer] clientes.csv += 10 (total sesion=1330) particion=1 offset=757
[consumer] inventario.csv += 10 (total sesion=1490) particion=2 offset=793
[consumer] ventas.csv += 10 (total sesion=1500) particion=1 offset=891
[consumer] pagos.csv += 10 (total sesion=1500) particion=1 offset=891
[consumer] inventario.csv += 10 (total sesion=1500) particion=2 offset=796
[consumer] clientes.csv += 10 (total sesion=1340) particion=0 offset=772
[consumer] ventas.csv += 10 (total sesion=1510) particion=1 offset=897
[consumer] pagos.csv += 10 (total sesion=1510) particion=1 offset=897
[consumer] inventario.csv += 10 (total sesion=1510) particion=2 offset=800
[consumer] clientes.csv += 10 (total sesion=1350) particion=0 offset=776
[consumer] pagos.csv += 10 (total sesion=1520) particion=2 offset=857
[consumer] ventas.csv += 10 (total sesion=1520) particion=2 offset=857
[consumer] inventario.csv += 10 (total sesion=1520) particion=0 offset=1060
[consumer] pagos.csv += 10 (total sesion=1530) particion=1 offset=907
[consumer] ventas.csv += 10 (total sesion=1530) particion=1 offset=907
[consumer] clientes.csv += 10 (total sesion=1360) particion=0 offset=779
[consumer] inventario.csv += 10 (total sesion=1530) particion=1 offset=760
[consumer] pagos.csv += 10 (total sesion=1540) particion=0 offset=883
[consumer] ventas.csv += 10 (total sesion=1540) particion=0 offset=883
[consumer] clientes.csv += 10 (total sesion=1370) particion=1 offset=772
[consumer] inventario.csv += 10 (total sesion=1540) particion=0 offset=1066
[consumer] pagos.csv += 10 (total sesion=1550) particion=0 offset=886
[consumer] ventas.csv += 10 (total sesion=1550) particion=0 offset=886
[consumer] clientes.csv += 10 (total sesion=1380) particion=0 offset=785
[consumer] inventario.csv += 10 (total sesion=1550) particion=0 offset=1069
[consumer] ventas.csv += 10 (total sesion=1560) particion=1 offset=917
[consumer] pagos.csv += 10 (total sesion=1560) particion=1 offset=917
[consumer] clientes.csv += 10 (total sesion=1390) particion=1 offset=779
[consumer] inventario.csv += 10 (total sesion=1560) particion=1 offset=767
[consumer] ventas.csv += 10 (total sesion=1570) particion=1 offset=923
[consumer] pagos.csv += 10 (total sesion=1570) particion=1 offset=923
[consumer] inventario.csv += 10 (total sesion=1570) particion=1 offset=770
[consumer] clientes.csv += 10 (total sesion=1400) particion=0 offset=791
[consumer] pagos.csv += 10 (total sesion=1580) particion=0 offset=900
[consumer] ventas.csv += 10 (total sesion=1580) particion=0 offset=900
[consumer] inventario.csv += 10 (total sesion=1580) particion=2 offset=823
[consumer] clientes.csv += 10 (total sesion=1410) particion=1 offset=783
[consumer] pagos.csv += 10 (total sesion=1590) particion=0 offset=906
[consumer] ventas.csv += 10 (total sesion=1590) particion=0 offset=906
[consumer] inventario.csv += 10 (total sesion=1590) particion=2 offset=826
[consumer] clientes.csv += 10 (total sesion=1420) particion=1 offset=785
[consumer] pagos.csv += 10 (total sesion=1600) particion=0 offset=909
[consumer] ventas.csv += 10 (total sesion=1600) particion=0 offset=909
[consumer] inventario.csv += 10 (total sesion=1600) particion=0 offset=1089
[consumer] clientes.csv += 10 (total sesion=1430) particion=0 offset=802
[consumer] ventas.csv += 10 (total sesion=1610) particion=0 offset=911
[consumer] pagos.csv += 10 (total sesion=1610) particion=0 offset=911
[consumer] inventario.csv += 10 (total sesion=1610) particion=0 offset=1092
[consumer] ventas.csv += 10 (total sesion=1620) particion=2 offset=888
[consumer] pagos.csv += 10 (total sesion=1620) particion=2 offset=888
[consumer] clientes.csv += 10 (total sesion=1440) particion=0 offset=808
[consumer] inventario.csv += 10 (total sesion=1620) particion=0 offset=1096
[consumer] ventas.csv += 10 (total sesion=1630) particion=1 offset=942
[consumer] pagos.csv += 10 (total sesion=1630) particion=1 offset=942
[consumer] clientes.csv += 10 (total sesion=1450) particion=2 offset=821
[consumer] inventario.csv += 10 (total sesion=1630) particion=1 offset=788
[consumer] ventas.csv += 10 (total sesion=1640) particion=1 offset=945
[consumer] pagos.csv += 10 (total sesion=1640) particion=1 offset=945
[consumer] clientes.csv += 10 (total sesion=1460) particion=0 offset=814
[consumer] inventario.csv += 10 (total sesion=1640) particion=2 offset=841
[consumer] ventas.csv += 10 (total sesion=1650) particion=1 offset=951
[consumer] pagos.csv += 10 (total sesion=1650) particion=1 offset=951
[consumer] inventario.csv += 10 (total sesion=1650) particion=2 offset=847
[consumer] clientes.csv += 10 (total sesion=1470) particion=0 offset=815
[consumer] pagos.csv += 10 (total sesion=1660) particion=0 offset=922
[consumer] ventas.csv += 10 (total sesion=1660) particion=0 offset=922
[consumer] inventario.csv += 10 (total sesion=1660) particion=0 offset=1114
[consumer] clientes.csv += 10 (total sesion=1480) particion=0 offset=820
[consumer] pagos.csv += 10 (total sesion=1670) particion=2 offset=908
[consumer] ventas.csv += 10 (total sesion=1670) particion=2 offset=908
[consumer] inventario.csv += 10 (total sesion=1670) particion=0 offset=1118
[consumer] ventas.csv += 10 (total sesion=1680) particion=1 offset=960
[consumer] pagos.csv += 10 (total sesion=1680) particion=1 offset=960
[consumer] clientes.csv += 10 (total sesion=1490) particion=1 offset=808
[consumer] inventario.csv += 10 (total sesion=1680) particion=2 offset=859
[consumer] pagos.csv += 10 (total sesion=1690) particion=1 offset=964
[consumer] ventas.csv += 10 (total sesion=1690) particion=1 offset=964
[consumer] clientes.csv += 10 (total sesion=1500) particion=2 offset=840
[consumer] inventario.csv += 10 (total sesion=1690) particion=0 offset=1125
[consumer] pagos.csv += 10 (total sesion=1700) particion=2 offset=917
[consumer] ventas.csv += 10 (total sesion=1700) particion=2 offset=917
[consumer] inventario.csv += 10 (total sesion=1700) particion=2 offset=864
[consumer] clientes.csv += 10 (total sesion=1510) particion=1 offset=811
[consumer] ventas.csv += 10 (total sesion=1710) particion=2 offset=919
[consumer] pagos.csv += 10 (total sesion=1710) particion=2 offset=919
[consumer] inventario.csv += 10 (total sesion=1710) particion=2 offset=868
[consumer] clientes.csv += 10 (total sesion=1520) particion=1 offset=814
[consumer] pagos.csv += 10 (total sesion=1720) particion=0 offset=942
[consumer] ventas.csv += 10 (total sesion=1720) particion=0 offset=942
[consumer] inventario.csv += 10 (total sesion=1720) particion=2 offset=873
[consumer] pagos.csv += 10 (total sesion=1730) particion=0 offset=946
[consumer] ventas.csv += 10 (total sesion=1730) particion=0 offset=946
[consumer] clientes.csv += 10 (total sesion=1530) particion=1 offset=816
[consumer] inventario.csv += 10 (total sesion=1730) particion=0 offset=1137
[consumer] ventas.csv += 10 (total sesion=1740) particion=0 offset=949
[consumer] pagos.csv += 10 (total sesion=1740) particion=0 offset=949
[consumer] clientes.csv += 10 (total sesion=1540) particion=2 offset=856
[consumer] inventario.csv += 10 (total sesion=1740) particion=0 offset=1142
[consumer] pagos.csv += 10 (total sesion=1750) particion=1 offset=984
[consumer] ventas.csv += 10 (total sesion=1750) particion=1 offset=984
[consumer] clientes.csv += 10 (total sesion=1550) particion=1 offset=823
[consumer] inventario.csv += 10 (total sesion=1750) particion=0 offset=1147
[consumer] ventas.csv += 10 (total sesion=1760) particion=2 offset=937
[consumer] pagos.csv += 10 (total sesion=1760) particion=2 offset=937
[consumer] clientes.csv += 10 (total sesion=1560) particion=1 offset=829
[consumer] inventario.csv += 10 (total sesion=1760) particion=0 offset=1152
[consumer] pagos.csv += 10 (total sesion=1770) particion=1 offset=990
[consumer] ventas.csv += 10 (total sesion=1770) particion=1 offset=990
[consumer] clientes.csv += 10 (total sesion=1570) particion=2 offset=866
[consumer] inventario.csv += 10 (total sesion=1770) particion=1 offset=825
[consumer] pagos.csv += 10 (total sesion=1780) particion=0 offset=959
[consumer] ventas.csv += 10 (total sesion=1780) particion=0 offset=959
[consumer] clientes.csv += 10 (total sesion=1580) particion=0 offset=852
[consumer] inventario.csv += 10 (total sesion=1780) particion=1 offset=828
[consumer] ventas.csv += 10 (total sesion=1790) particion=2 offset=951
[consumer] pagos.csv += 10 (total sesion=1790) particion=2 offset=951
[consumer] clientes.csv += 10 (total sesion=1590) particion=1 offset=839
[consumer] inventario.csv += 10 (total sesion=1790) particion=0 offset=1160
[consumer] pagos.csv += 10 (total sesion=1800) particion=1 offset=1002
[consumer] ventas.csv += 10 (total sesion=1800) particion=1 offset=1002
[consumer] clientes.csv += 10 (total sesion=1600) particion=0 offset=860
[consumer] inventario.csv += 10 (total sesion=1800) particion=0 offset=1166
[consumer] pagos.csv += 10 (total sesion=1810) particion=1 offset=1008
[consumer] ventas.csv += 10 (total sesion=1810) particion=1 offset=1008
[consumer] inventario.csv += 10 (total sesion=1810) particion=0 offset=1169
[consumer] clientes.csv += 10 (total sesion=1610) particion=1 offset=844
[consumer] pagos.csv += 10 (total sesion=1820) particion=1 offset=1012
[consumer] ventas.csv += 10 (total sesion=1820) particion=1 offset=1012
[consumer] inventario.csv += 10 (total sesion=1820) particion=2 offset=907
[consumer] clientes.csv += 10 (total sesion=1620) particion=1 offset=849
[consumer] pagos.csv += 10 (total sesion=1830) particion=2 offset=966
[consumer] ventas.csv += 10 (total sesion=1830) particion=2 offset=966
[consumer] inventario.csv += 10 (total sesion=1830) particion=2 offset=911
[consumer] clientes.csv += 10 (total sesion=1630) particion=1 offset=852
[consumer] ventas.csv += 10 (total sesion=1840) particion=0 offset=970
[consumer] pagos.csv += 10 (total sesion=1840) particion=0 offset=970
[consumer] inventario.csv += 10 (total sesion=1840) particion=0 offset=1181
[consumer] clientes.csv += 10 (total sesion=1640) particion=2 offset=889
[consumer] ventas.csv += 10 (total sesion=1850) particion=1 offset=1022
[consumer] pagos.csv += 10 (total sesion=1850) particion=1 offset=1022
[consumer] inventario.csv += 10 (total sesion=1850) particion=2 offset=916
[consumer] clientes.csv += 10 (total sesion=1650) particion=1 offset=857
[consumer] pagos.csv += 10 (total sesion=1860) particion=2 offset=977
[consumer] ventas.csv += 10 (total sesion=1860) particion=2 offset=977
[consumer] inventario.csv += 10 (total sesion=1860) particion=0 offset=1190
[consumer] pagos.csv += 10 (total sesion=1870) particion=0 offset=980
[consumer] ventas.csv += 10 (total sesion=1870) particion=0 offset=980
[consumer] clientes.csv += 10 (total sesion=1660) particion=2 offset=895
[consumer] inventario.csv += 10 (total sesion=1870) particion=0 offset=1196
[consumer] ventas.csv += 10 (total sesion=1880) particion=2 offset=986
[consumer] pagos.csv += 10 (total sesion=1880) particion=2 offset=986
[consumer] clientes.csv += 10 (total sesion=1670) particion=0 offset=882
[consumer] inventario.csv += 10 (total sesion=1880) particion=0 offset=1199
[consumer] ventas.csv += 10 (total sesion=1890) particion=1 offset=1036
[consumer] pagos.csv += 10 (total sesion=1890) particion=1 offset=1036
[consumer] inventario.csv += 10 (total sesion=1890) particion=0 offset=1204
[consumer] clientes.csv += 10 (total sesion=1680) particion=0 offset=883
[consumer] pagos.csv += 10 (total sesion=1900) particion=0 offset=987
[consumer] ventas.csv += 10 (total sesion=1900) particion=0 offset=987
[consumer] inventario.csv += 10 (total sesion=1900) particion=0 offset=1206
[consumer] clientes.csv += 10 (total sesion=1690) particion=0 offset=884
[consumer] pagos.csv += 10 (total sesion=1910) particion=0 offset=988
[consumer] ventas.csv += 10 (total sesion=1910) particion=0 offset=988
[consumer] inventario.csv += 10 (total sesion=1910) particion=2 offset=932
[consumer] clientes.csv += 10 (total sesion=1700) particion=1 offset=882
[consumer] pagos.csv += 10 (total sesion=1920) particion=2 offset=1004
[consumer] ventas.csv += 10 (total sesion=1920) particion=2 offset=1004
[consumer] inventario.csv += 10 (total sesion=1920) particion=2 offset=935
[consumer] clientes.csv += 10 (total sesion=1710) particion=0 offset=889
[consumer] pagos.csv += 10 (total sesion=1930) particion=0 offset=995
[consumer] ventas.csv += 10 (total sesion=1930) particion=0 offset=995
[consumer] inventario.csv += 10 (total sesion=1930) particion=2 offset=941
[consumer] clientes.csv += 10 (total sesion=1720) particion=0 offset=892
[consumer] pagos.csv += 10 (total sesion=1940) particion=0 offset=1002
[consumer] ventas.csv += 10 (total sesion=1940) particion=0 offset=1002
[consumer] inventario.csv += 10 (total sesion=1940) particion=2 offset=945
[consumer] ventas.csv += 10 (total sesion=1950) particion=2 offset=1014
[consumer] pagos.csv += 10 (total sesion=1950) particion=2 offset=1014
[consumer] clientes.csv += 10 (total sesion=1730) particion=1 offset=893
[consumer] inventario.csv += 10 (total sesion=1950) particion=0 offset=1221
[consumer] pagos.csv += 10 (total sesion=1960) particion=2 offset=1019
[consumer] ventas.csv += 10 (total sesion=1960) particion=2 offset=1019
[consumer] clientes.csv += 10 (total sesion=1740) particion=2 offset=918
[consumer] inventario.csv += 10 (total sesion=1960) particion=0 offset=1227
[consumer] ventas.csv += 10 (total sesion=1970) particion=0 offset=1010
[consumer] pagos.csv += 10 (total sesion=1970) particion=0 offset=1010
[consumer] clientes.csv += 10 (total sesion=1750) particion=1 offset=897
[consumer] inventario.csv += 10 (total sesion=1970) particion=0 offset=1232
[consumer] pagos.csv += 10 (total sesion=1980) particion=0 offset=1013
[consumer] ventas.csv += 10 (total sesion=1980) particion=0 offset=1013
[consumer] inventario.csv += 10 (total sesion=1980) particion=2 offset=955
[consumer] clientes.csv += 10 (total sesion=1760) particion=0 offset=909
[consumer] pagos.csv += 10 (total sesion=1990) particion=1 offset=1062
[consumer] ventas.csv += 10 (total sesion=1990) particion=1 offset=1062
[consumer] clientes.csv += 10 (total sesion=1770) particion=1 offset=904
[consumer] inventario.csv += 10 (total sesion=1990) particion=2 offset=960
[consumer] ventas.csv += 10 (total sesion=2000) particion=0 offset=1021
[consumer] pagos.csv += 10 (total sesion=2000) particion=0 offset=1021
[consumer] inventario.csv += 10 (total sesion=2000) particion=1 offset=892
[consumer] clientes.csv += 10 (total sesion=1780) particion=1 offset=907
[consumer] pagos.csv += 10 (total sesion=2010) particion=1 offset=1071
[consumer] ventas.csv += 10 (total sesion=2010) particion=1 offset=1071
[consumer] clientes.csv += 10 (total sesion=1790) particion=1 offset=910
[consumer] inventario.csv += 10 (total sesion=2010) particion=0 offset=1244
[consumer] ventas.csv += 10 (total sesion=2020) particion=2 offset=1035
[consumer] pagos.csv += 10 (total sesion=2020) particion=2 offset=1035
[consumer] inventario.csv += 10 (total sesion=2020) particion=0 offset=1248
[consumer] clientes.csv += 10 (total sesion=1800) particion=0 offset=924
[consumer] pagos.csv += 10 (total sesion=2030) particion=0 offset=1034
[consumer] ventas.csv += 10 (total sesion=2030) particion=0 offset=1034
[consumer] inventario.csv += 10 (total sesion=2030) particion=0 offset=1255
[consumer] clientes.csv += 10 (total sesion=1810) particion=0 offset=927
[consumer] ventas.csv += 10 (total sesion=2040) particion=0 offset=1037
[consumer] pagos.csv += 10 (total sesion=2040) particion=0 offset=1037
[consumer] inventario.csv += 10 (total sesion=2040) particion=1 offset=903
[consumer] clientes.csv += 10 (total sesion=1820) particion=1 offset=918
[consumer] pagos.csv += 10 (total sesion=2050) particion=1 offset=1086
[consumer] ventas.csv += 10 (total sesion=2050) particion=1 offset=1086
[consumer] inventario.csv += 10 (total sesion=2050) particion=0 offset=1265
[consumer] ventas.csv += 10 (total sesion=2060) particion=0 offset=1042
[consumer] pagos.csv += 10 (total sesion=2060) particion=0 offset=1042
[consumer] clientes.csv += 10 (total sesion=1830) particion=0 offset=934
[consumer] inventario.csv += 10 (total sesion=2060) particion=2 offset=978
[consumer] ventas.csv += 10 (total sesion=2070) particion=2 offset=1049
[consumer] pagos.csv += 10 (total sesion=2070) particion=2 offset=1049
[consumer] clientes.csv += 10 (total sesion=1840) particion=2 offset=953
[consumer] inventario.csv += 10 (total sesion=2070) particion=0 offset=1272
[consumer] pagos.csv += 10 (total sesion=2080) particion=2 offset=1055
[consumer] ventas.csv += 10 (total sesion=2080) particion=2 offset=1055
[consumer] clientes.csv += 10 (total sesion=1850) particion=1 offset=928
[consumer] inventario.csv += 10 (total sesion=2080) particion=1 offset=917
[consumer] pagos.csv += 10 (total sesion=2090) particion=2 offset=1059
[consumer] ventas.csv += 10 (total sesion=2090) particion=2 offset=1059
[consumer] clientes.csv += 10 (total sesion=1860) particion=2 offset=959
[consumer] inventario.csv += 10 (total sesion=2090) particion=0 offset=1279
[consumer] ventas.csv += 10 (total sesion=2100) particion=1 offset=1104
[consumer] pagos.csv += 10 (total sesion=2100) particion=1 offset=1104
[consumer] clientes.csv += 10 (total sesion=1870) particion=2 offset=963
[consumer] inventario.csv += 10 (total sesion=2100) particion=1 offset=922
[consumer] pagos.csv += 10 (total sesion=2110) particion=0 offset=1054
[consumer] ventas.csv += 10 (total sesion=2110) particion=0 offset=1054
[consumer] clientes.csv += 10 (total sesion=1880) particion=2 offset=966
[consumer] inventario.csv += 10 (total sesion=2110) particion=1 offset=927
[consumer] ventas.csv += 10 (total sesion=2120) particion=1 offset=1112
[consumer] pagos.csv += 10 (total sesion=2120) particion=1 offset=1112
[consumer] inventario.csv += 10 (total sesion=2120) particion=1 offset=933
[consumer] clientes.csv += 10 (total sesion=1890) particion=1 offset=943
[consumer] pagos.csv += 10 (total sesion=2130) particion=0 offset=1060
[consumer] ventas.csv += 10 (total sesion=2130) particion=0 offset=1060
[consumer] clientes.csv += 10 (total sesion=1900) particion=2 offset=974
[consumer] ventas.csv += 10 (total sesion=2140) particion=2 offset=1077
[consumer] pagos.csv += 10 (total sesion=2140) particion=2 offset=1077
[consumer] inventario.csv += 10 (total sesion=2130) particion=2 offset=1001
[consumer] pagos.csv += 10 (total sesion=2150) particion=2 offset=1082
[consumer] ventas.csv += 10 (total sesion=2150) particion=2 offset=1082
[consumer] inventario.csv += 10 (total sesion=2140) particion=1 offset=940
[consumer] clientes.csv += 10 (total sesion=1910) particion=1 offset=950
[consumer] pagos.csv += 10 (total sesion=2160) particion=2 offset=1085
[consumer] ventas.csv += 10 (total sesion=2160) particion=2 offset=1085
[consumer] inventario.csv += 10 (total sesion=2150) particion=0 offset=1298
[consumer] clientes.csv += 10 (total sesion=1920) particion=0 offset=961
[consumer] ventas.csv += 10 (total sesion=2170) particion=2 offset=1090
[consumer] pagos.csv += 10 (total sesion=2170) particion=2 offset=1090
[consumer] inventario.csv += 10 (total sesion=2160) particion=0 offset=1303
[consumer] clientes.csv += 10 (total sesion=1930) particion=0 offset=965
[consumer] pagos.csv += 10 (total sesion=2180) particion=2 offset=1093
[consumer] ventas.csv += 10 (total sesion=2180) particion=2 offset=1093
[consumer] inventario.csv += 10 (total sesion=2170) particion=0 offset=1311
[consumer] clientes.csv += 10 (total sesion=1940) particion=1 offset=959
[consumer] ventas.csv += 10 (total sesion=2190) particion=1 offset=1136
[consumer] pagos.csv += 10 (total sesion=2190) particion=1 offset=1136
[consumer] inventario.csv += 10 (total sesion=2180) particion=0 offset=1319
[consumer] clientes.csv += 10 (total sesion=1950) particion=0 offset=972
[consumer] ventas.csv += 10 (total sesion=2200) particion=1 offset=1141
[consumer] pagos.csv += 10 (total sesion=2200) particion=1 offset=1141
[consumer] inventario.csv += 10 (total sesion=2190) particion=0 offset=1324
[consumer] clientes.csv += 10 (total sesion=1960) particion=0 offset=976
[consumer] pagos.csv += 10 (total sesion=2210) particion=2 offset=1099
[consumer] ventas.csv += 10 (total sesion=2210) particion=2 offset=1099
[consumer] inventario.csv += 10 (total sesion=2200) particion=0 offset=1328
[consumer] ventas.csv += 10 (total sesion=2220) particion=1 offset=1152
[consumer] pagos.csv += 10 (total sesion=2220) particion=1 offset=1152
[consumer] clientes.csv += 10 (total sesion=1970) particion=2 offset=999
[consumer] inventario.csv += 10 (total sesion=2210) particion=0 offset=1333
[consumer] pagos.csv += 10 (total sesion=2230) particion=1 offset=1156
[consumer] ventas.csv += 10 (total sesion=2230) particion=1 offset=1156
[consumer] clientes.csv += 10 (total sesion=1980) particion=1 offset=969
[consumer] inventario.csv += 10 (total sesion=2220) particion=2 offset=1020
[consumer] pagos.csv += 10 (total sesion=2240) particion=1 offset=1164
[consumer] ventas.csv += 10 (total sesion=2240) particion=1 offset=1164
[consumer] clientes.csv += 10 (total sesion=1990) particion=1 offset=972
[consumer] inventario.csv += 10 (total sesion=2230) particion=0 offset=1341
[consumer] pagos.csv += 10 (total sesion=2250) particion=0 offset=1095
[consumer] ventas.csv += 10 (total sesion=2250) particion=0 offset=1095
[consumer] inventario.csv += 10 (total sesion=2240) particion=1 offset=965
[consumer] clientes.csv += 10 (total sesion=2000) particion=1 offset=977
[consumer] ventas.csv += 10 (total sesion=2260) particion=2 offset=1110
[consumer] pagos.csv += 10 (total sesion=2260) particion=2 offset=1110
[consumer] inventario.csv += 10 (total sesion=2250) particion=0 offset=1350
[consumer] clientes.csv += 10 (total sesion=2010) particion=0 offset=991
[consumer] ventas.csv += 10 (total sesion=2270) particion=0 offset=1102
[consumer] pagos.csv += 10 (total sesion=2270) particion=0 offset=1102
[consumer] inventario.csv += 10 (total sesion=2260) particion=1 offset=973
[consumer] clientes.csv += 10 (total sesion=2020) particion=2 offset=1017
[consumer] ventas.csv += 10 (total sesion=2280) particion=1 offset=1176
[consumer] pagos.csv += 10 (total sesion=2280) particion=1 offset=1176
[consumer] inventario.csv += 10 (total sesion=2270) particion=2 offset=1036
[consumer] clientes.csv += 10 (total sesion=2030) particion=2 offset=1019
[consumer] pagos.csv += 10 (total sesion=2290) particion=1 offset=1181
[consumer] ventas.csv += 10 (total sesion=2290) particion=1 offset=1181
[consumer] inventario.csv += 10 (total sesion=2280) particion=1 offset=978
[consumer] ventas.csv += 10 (total sesion=2300) particion=1 offset=1186
[consumer] pagos.csv += 10 (total sesion=2300) particion=1 offset=1186
[consumer] clientes.csv += 10 (total sesion=2040) particion=2 offset=1025
[consumer] inventario.csv += 10 (total sesion=2290) particion=2 offset=1043
[consumer] pagos.csv += 10 (total sesion=2310) particion=2 offset=1123
[consumer] ventas.csv += 10 (total sesion=2310) particion=2 offset=1123
[consumer] clientes.csv += 10 (total sesion=2050) particion=0 offset=1007
[consumer] inventario.csv += 10 (total sesion=2300) particion=2 offset=1047
[consumer] ventas.csv += 10 (total sesion=2320) particion=2 offset=1127
[consumer] pagos.csv += 10 (total sesion=2320) particion=2 offset=1127
[consumer] clientes.csv += 10 (total sesion=2060) particion=0 offset=1009
[consumer] inventario.csv += 10 (total sesion=2310) particion=0 offset=1370
[consumer] pagos.csv += 10 (total sesion=2330) particion=0 offset=1123
[consumer] ventas.csv += 10 (total sesion=2330) particion=0 offset=1123
[consumer] clientes.csv += 10 (total sesion=2070) particion=0 offset=1013
[consumer] inventario.csv += 10 (total sesion=2320) particion=1 offset=990
[consumer] pagos.csv += 10 (total sesion=2340) particion=1 offset=1200
[consumer] ventas.csv += 10 (total sesion=2340) particion=1 offset=1200
[consumer] inventario.csv += 10 (total sesion=2330) particion=0 offset=1377
[consumer] clientes.csv += 10 (total sesion=2080) particion=0 offset=1015
[consumer] pagos.csv += 10 (total sesion=2350) particion=0 offset=1130
[consumer] ventas.csv += 10 (total sesion=2350) particion=0 offset=1130
[consumer] inventario.csv += 10 (total sesion=2340) particion=0 offset=1382
[consumer] clientes.csv += 10 (total sesion=2090) particion=1 offset=1003
[consumer] pagos.csv += 10 (total sesion=2360) particion=2 offset=1137
[consumer] ventas.csv += 10 (total sesion=2360) particion=2 offset=1137
[consumer] inventario.csv += 10 (total sesion=2350) particion=0 offset=1387
[consumer] pagos.csv += 10 (total sesion=2370) particion=1 offset=1210
[consumer] ventas.csv += 10 (total sesion=2370) particion=1 offset=1210
[consumer] clientes.csv += 10 (total sesion=2100) particion=1 offset=1009
[consumer] inventario.csv += 10 (total sesion=2360) particion=1 offset=1003
[consumer] ventas.csv += 10 (total sesion=2380) particion=1 offset=1211
[consumer] pagos.csv += 10 (total sesion=2380) particion=1 offset=1211
[consumer] clientes.csv += 10 (total sesion=2110) particion=1 offset=1011
[consumer] inventario.csv += 10 (total sesion=2370) particion=2 offset=1065
[consumer] ventas.csv += 10 (total sesion=2390) particion=2 offset=1147
[consumer] pagos.csv += 10 (total sesion=2390) particion=2 offset=1147
[consumer] clientes.csv += 10 (total sesion=2120) particion=0 offset=1032
[consumer] inventario.csv += 10 (total sesion=2380) particion=2 offset=1068
[consumer] ventas.csv += 10 (total sesion=2400) particion=2 offset=1153
[consumer] pagos.csv += 10 (total sesion=2400) particion=2 offset=1153
[consumer] clientes.csv += 10 (total sesion=2130) particion=0 offset=1034
[consumer] inventario.csv += 10 (total sesion=2390) particion=2 offset=1072
[consumer] pagos.csv += 10 (total sesion=2410) particion=1 offset=1221
[consumer] ventas.csv += 10 (total sesion=2410) particion=1 offset=1221
[consumer] inventario.csv += 10 (total sesion=2400) particion=0 offset=1409
[consumer] clientes.csv += 10 (total sesion=2140) particion=2 offset=1058
[consumer] ventas.csv += 10 (total sesion=2420) particion=0 offset=1157
[consumer] pagos.csv += 10 (total sesion=2420) particion=0 offset=1157
[consumer] inventario.csv += 10 (total sesion=2410) particion=1 offset=1015
[consumer] clientes.csv += 10 (total sesion=2150) particion=2 offset=1063
[consumer] pagos.csv += 10 (total sesion=2430) particion=0 offset=1159
[consumer] ventas.csv += 10 (total sesion=2430) particion=0 offset=1159
[consumer] inventario.csv += 10 (total sesion=2420) particion=0 offset=1418
[consumer] clientes.csv += 10 (total sesion=2160) particion=1 offset=1025
[consumer] ventas.csv += 10 (total sesion=2440) particion=2 offset=1169
[consumer] pagos.csv += 10 (total sesion=2440) particion=2 offset=1169
[consumer] inventario.csv += 10 (total sesion=2430) particion=2 offset=1082
[consumer] clientes.csv += 10 (total sesion=2170) particion=1 offset=1029
[consumer] pagos.csv += 10 (total sesion=2450) particion=2 offset=1172
[consumer] ventas.csv += 10 (total sesion=2450) particion=2 offset=1172
[consumer] inventario.csv += 10 (total sesion=2440) particion=0 offset=1428
[consumer] clientes.csv += 10 (total sesion=2180) particion=0 offset=1046
[consumer] pagos.csv += 10 (total sesion=2460) particion=0 offset=1169
[consumer] ventas.csv += 10 (total sesion=2460) particion=0 offset=1169
[consumer] inventario.csv += 10 (total sesion=2450) particion=2 offset=1090
[consumer] ventas.csv += 10 (total sesion=2470) particion=0 offset=1175
[consumer] pagos.csv += 10 (total sesion=2470) particion=0 offset=1175
[consumer] clientes.csv += 10 (total sesion=2190) particion=2 offset=1079
[consumer] inventario.csv += 10 (total sesion=2460) particion=2 offset=1092
[consumer] pagos.csv += 10 (total sesion=2480) particion=2 offset=1181
[consumer] ventas.csv += 10 (total sesion=2480) particion=2 offset=1181
[consumer] clientes.csv += 10 (total sesion=2200) particion=1 offset=1038
[consumer] inventario.csv += 10 (total sesion=2470) particion=0 offset=1443
[consumer] pagos.csv += 10 (total sesion=2490) particion=0 offset=1179
[consumer] ventas.csv += 10 (total sesion=2490) particion=0 offset=1179
[consumer] clientes.csv += 10 (total sesion=2210) particion=1 offset=1043
[consumer] inventario.csv += 10 (total sesion=2480) particion=1 offset=1036
[consumer] ventas.csv += 10 (total sesion=2500) particion=0 offset=1182
[consumer] pagos.csv += 10 (total sesion=2500) particion=0 offset=1182
[consumer] inventario.csv += 10 (total sesion=2490) particion=2 offset=1097
[consumer] clientes.csv += 10 (total sesion=2220) particion=1 offset=1045
[consumer] ventas.csv += 10 (total sesion=2510) particion=0 offset=1187
[consumer] pagos.csv += 10 (total sesion=2510) particion=0 offset=1187
[consumer] inventario.csv += 10 (total sesion=2500) particion=1 offset=1047
[consumer] clientes.csv += 10 (total sesion=2230) particion=2 offset=1093
[consumer] ventas.csv += 10 (total sesion=2520) particion=2 offset=1196
[consumer] pagos.csv += 10 (total sesion=2520) particion=2 offset=1196
[consumer] inventario.csv += 10 (total sesion=2510) particion=0 offset=1454
[consumer] ventas.csv += 10 (total sesion=2530) particion=2 offset=1199
[consumer] pagos.csv += 10 (total sesion=2530) particion=2 offset=1199
[consumer] clientes.csv += 10 (total sesion=2240) particion=1 offset=1050
[consumer] inventario.csv += 10 (total sesion=2520) particion=0 offset=1460
[consumer] pagos.csv += 10 (total sesion=2540) particion=1 offset=1257
[consumer] ventas.csv += 10 (total sesion=2540) particion=1 offset=1257
[consumer] clientes.csv += 10 (total sesion=2250) particion=0 offset=1073
[consumer] inventario.csv += 10 (total sesion=2530) particion=1 offset=1055
[consumer] pagos.csv += 10 (total sesion=2550) particion=1 offset=1263
[consumer] ventas.csv += 10 (total sesion=2550) particion=1 offset=1263
[consumer] clientes.csv += 10 (total sesion=2260) particion=0 offset=1079
[consumer] inventario.csv += 10 (total sesion=2540) particion=1 offset=1061
[consumer] ventas.csv += 10 (total sesion=2560) particion=2 offset=1210
[consumer] pagos.csv += 10 (total sesion=2560) particion=2 offset=1210
[consumer] clientes.csv += 10 (total sesion=2270) particion=1 offset=1057
[consumer] inventario.csv += 10 (total sesion=2550) particion=2 offset=1115
[consumer] ventas.csv += 10 (total sesion=2570) particion=0 offset=1206
[consumer] pagos.csv += 10 (total sesion=2570) particion=0 offset=1206
[consumer] clientes.csv += 10 (total sesion=2280) particion=1 offset=1063
[consumer] inventario.csv += 10 (total sesion=2560) particion=1 offset=1067
[consumer] ventas.csv += 10 (total sesion=2580) particion=1 offset=1273
[consumer] pagos.csv += 10 (total sesion=2580) particion=1 offset=1273
[consumer] clientes.csv += 10 (total sesion=2290) particion=1 offset=1065
[consumer] inventario.csv += 10 (total sesion=2570) particion=0 offset=1477
[consumer] ventas.csv += 10 (total sesion=2590) particion=2 offset=1219
[consumer] pagos.csv += 10 (total sesion=2590) particion=2 offset=1219
[consumer] inventario.csv += 10 (total sesion=2580) particion=2 offset=1119
[consumer] pagos.csv += 10 (total sesion=2600) particion=1 offset=1279
[consumer] ventas.csv += 10 (total sesion=2600) particion=1 offset=1279
[consumer] clientes.csv += 10 (total sesion=2300) particion=1 offset=1070
[consumer] inventario.csv += 10 (total sesion=2590) particion=2 offset=1122
[consumer] pagos.csv += 10 (total sesion=2610) particion=2 offset=1228
[consumer] ventas.csv += 10 (total sesion=2610) particion=2 offset=1228
[consumer] clientes.csv += 10 (total sesion=2310) particion=1 offset=1073
[consumer] ventas.csv += 10 (total sesion=2620) particion=1 offset=1289
[consumer] pagos.csv += 10 (total sesion=2620) particion=1 offset=1289
[consumer] inventario.csv += 10 (total sesion=2600) particion=1 offset=1085
[consumer] clientes.csv += 10 (total sesion=2320) particion=0 offset=1104
[consumer] pagos.csv += 10 (total sesion=2630) particion=1 offset=1291
[consumer] ventas.csv += 10 (total sesion=2630) particion=1 offset=1291
[consumer] inventario.csv += 10 (total sesion=2610) particion=1 offset=1089
[consumer] clientes.csv += 10 (total sesion=2330) particion=0 offset=1107
[consumer] ventas.csv += 10 (total sesion=2640) particion=0 offset=1224
[consumer] pagos.csv += 10 (total sesion=2640) particion=0 offset=1224
[consumer] inventario.csv += 10 (total sesion=2620) particion=2 offset=1132
[consumer] ventas.csv += 10 (total sesion=2650) particion=1 offset=1297
[consumer] pagos.csv += 10 (total sesion=2650) particion=1 offset=1297
[consumer] clientes.csv += 10 (total sesion=2340) particion=1 offset=1082
[consumer] inventario.csv += 10 (total sesion=2630) particion=0 offset=1501
[consumer] ventas.csv += 10 (total sesion=2660) particion=0 offset=1233
[consumer] pagos.csv += 10 (total sesion=2660) particion=0 offset=1233
[consumer] clientes.csv += 10 (total sesion=2350) particion=2 offset=1124
[consumer] inventario.csv += 10 (total sesion=2640) particion=0 offset=1505
[consumer] ventas.csv += 10 (total sesion=2670) particion=0 offset=1237
[consumer] pagos.csv += 10 (total sesion=2670) particion=0 offset=1237
[consumer] inventario.csv += 10 (total sesion=2650) particion=2 offset=1140
[consumer] clientes.csv += 10 (total sesion=2360) particion=0 offset=1119
[consumer] pagos.csv += 10 (total sesion=2680) particion=2 offset=1252
[consumer] ventas.csv += 10 (total sesion=2680) particion=2 offset=1252
[consumer] inventario.csv += 10 (total sesion=2660) particion=0 offset=1515
[consumer] clientes.csv += 10 (total sesion=2370) particion=0 offset=1123
[consumer] pagos.csv += 10 (total sesion=2690) particion=1 offset=1312
[consumer] ventas.csv += 10 (total sesion=2690) particion=1 offset=1312
[consumer] inventario.csv += 10 (total sesion=2670) particion=2 offset=1145
[consumer] clientes.csv += 10 (total sesion=2380) particion=0 offset=1127
[consumer] ventas.csv += 10 (total sesion=2700) particion=1 offset=1317
[consumer] pagos.csv += 10 (total sesion=2700) particion=1 offset=1317
[consumer] inventario.csv += 10 (total sesion=2680) particion=0 offset=1525
[consumer] clientes.csv += 10 (total sesion=2390) particion=0 offset=1132
[consumer] inventario.csv += 10 (total sesion=2690) particion=0 offset=1530
[consumer] ventas.csv += 10 (total sesion=2710) particion=0 offset=1247
[consumer] pagos.csv += 10 (total sesion=2710) particion=0 offset=1247
[consumer] clientes.csv += 10 (total sesion=2400) particion=2 offset=1138
[consumer] pagos.csv += 10 (total sesion=2720) particion=1 offset=1325
[consumer] ventas.csv += 10 (total sesion=2720) particion=1 offset=1325
[consumer] inventario.csv += 10 (total sesion=2700) particion=2 offset=1153
[consumer] clientes.csv += 10 (total sesion=2410) particion=1 offset=1108
[consumer] pagos.csv += 10 (total sesion=2730) particion=1 offset=1328
[consumer] ventas.csv += 10 (total sesion=2730) particion=1 offset=1328
[consumer] inventario.csv += 10 (total sesion=2710) particion=0 offset=1538
[consumer] pagos.csv += 10 (total sesion=2740) particion=2 offset=1275
[consumer] ventas.csv += 10 (total sesion=2740) particion=2 offset=1275
[consumer] clientes.csv += 10 (total sesion=2420) particion=1 offset=1112
[consumer] inventario.csv += 10 (total sesion=2720) particion=2 offset=1159
[consumer] clientes.csv += 10 (total sesion=2430) particion=0 offset=1143
[consumer] pagos.csv += 10 (total sesion=2750) particion=0 offset=1261
[consumer] ventas.csv += 10 (total sesion=2750) particion=0 offset=1261
[consumer] inventario.csv += 10 (total sesion=2730) particion=1 offset=1121
[consumer] ventas.csv += 10 (total sesion=2760) particion=1 offset=1336
[consumer] pagos.csv += 10 (total sesion=2760) particion=1 offset=1336
[consumer] clientes.csv += 10 (total sesion=2440) particion=2 offset=1153
[consumer] inventario.csv += 10 (total sesion=2740) particion=0 offset=1551
[consumer] ventas.csv += 10 (total sesion=2770) particion=2 offset=1283
[consumer] pagos.csv += 10 (total sesion=2770) particion=2 offset=1283
[consumer] inventario.csv += 10 (total sesion=2750) particion=1 offset=1128
[consumer] clientes.csv += 10 (total sesion=2450) particion=0 offset=1148
[consumer] ventas.csv += 10 (total sesion=2780) particion=1 offset=1343
[consumer] pagos.csv += 10 (total sesion=2780) particion=1 offset=1343
[consumer] inventario.csv += 10 (total sesion=2760) particion=1 offset=1131
[consumer] clientes.csv += 10 (total sesion=2460) particion=1 offset=1125
[consumer] pagos.csv += 10 (total sesion=2790) particion=2 offset=1290
[consumer] ventas.csv += 10 (total sesion=2790) particion=2 offset=1290
[consumer] inventario.csv += 10 (total sesion=2770) particion=0 offset=1565
[consumer] clientes.csv += 10 (total sesion=2470) particion=0 offset=1155
[consumer] pagos.csv += 10 (total sesion=2800) particion=2 offset=1292
[consumer] ventas.csv += 10 (total sesion=2800) particion=2 offset=1292
[consumer] inventario.csv += 10 (total sesion=2780) particion=2 offset=1172
[consumer] clientes.csv += 10 (total sesion=2480) particion=2 offset=1165
[consumer] ventas.csv += 10 (total sesion=2810) particion=2 offset=1297
[consumer] pagos.csv += 10 (total sesion=2810) particion=2 offset=1297
[consumer] inventario.csv += 10 (total sesion=2790) particion=1 offset=1136
[consumer] clientes.csv += 10 (total sesion=2490) particion=2 offset=1169
[consumer] pagos.csv += 10 (total sesion=2820) particion=1 offset=1359
[consumer] ventas.csv += 10 (total sesion=2820) particion=1 offset=1359
[consumer] inventario.csv += 10 (total sesion=2800) particion=1 offset=1137
[consumer] ventas.csv += 10 (total sesion=2830) particion=0 offset=1286
[consumer] pagos.csv += 10 (total sesion=2830) particion=0 offset=1286
[consumer] clientes.csv += 10 (total sesion=2500) particion=1 offset=1144
[consumer] inventario.csv += 10 (total sesion=2810) particion=1 offset=1140
[consumer] pagos.csv += 10 (total sesion=2840) particion=2 offset=1305
[consumer] ventas.csv += 10 (total sesion=2840) particion=2 offset=1305
[consumer] clientes.csv += 10 (total sesion=2510) particion=0 offset=1162
[consumer] inventario.csv += 10 (total sesion=2820) particion=0 offset=1589
[consumer] pagos.csv += 10 (total sesion=2850) particion=0 offset=1292
[consumer] ventas.csv += 10 (total sesion=2850) particion=0 offset=1292
[consumer] clientes.csv += 10 (total sesion=2520) particion=1 offset=1152
[consumer] inventario.csv += 10 (total sesion=2830) particion=0 offset=1594
[consumer] ventas.csv += 10 (total sesion=2860) particion=2 offset=1314
[consumer] pagos.csv += 10 (total sesion=2860) particion=2 offset=1314
[consumer] inventario.csv += 10 (total sesion=2840) particion=0 offset=1598
[consumer] clientes.csv += 10 (total sesion=2530) particion=2 offset=1185
[consumer] pagos.csv += 10 (total sesion=2870) particion=1 offset=1372
[consumer] ventas.csv += 10 (total sesion=2870) particion=1 offset=1372
[consumer] inventario.csv += 10 (total sesion=2850) particion=2 offset=1191
[consumer] clientes.csv += 10 (total sesion=2540) particion=1 offset=1157
[consumer] ventas.csv += 10 (total sesion=2880) particion=1 offset=1377
[consumer] pagos.csv += 10 (total sesion=2880) particion=1 offset=1377
[consumer] inventario.csv += 10 (total sesion=2860) particion=0 offset=1609
[consumer] clientes.csv += 10 (total sesion=2550) particion=0 offset=1174
[consumer] ventas.csv += 10 (total sesion=2890) particion=1 offset=1383
[consumer] pagos.csv += 10 (total sesion=2890) particion=1 offset=1383
[consumer] inventario.csv += 10 (total sesion=2870) particion=0 offset=1611
[consumer] ventas.csv += 10 (total sesion=2900) particion=0 offset=1309
[consumer] pagos.csv += 10 (total sesion=2900) particion=0 offset=1309
[consumer] clientes.csv += 10 (total sesion=2560) particion=2 offset=1193
[consumer] inventario.csv += 10 (total sesion=2880) particion=2 offset=1201
[consumer] pagos.csv += 10 (total sesion=2910) particion=1 offset=1389
[consumer] ventas.csv += 10 (total sesion=2910) particion=1 offset=1389
[consumer] clientes.csv += 10 (total sesion=2570) particion=2 offset=1198
[consumer] inventario.csv += 10 (total sesion=2890) particion=1 offset=1163
[consumer] ventas.csv += 10 (total sesion=2920) particion=1 offset=1393
[consumer] pagos.csv += 10 (total sesion=2920) particion=1 offset=1393
[consumer] clientes.csv += 10 (total sesion=2580) particion=2 offset=1201
[consumer] inventario.csv += 10 (total sesion=2900) particion=0 offset=1623
[consumer] ventas.csv += 10 (total sesion=2930) particion=0 offset=1319
[consumer] pagos.csv += 10 (total sesion=2930) particion=0 offset=1319
[consumer] clientes.csv += 10 (total sesion=2590) particion=2 offset=1204
[consumer] inventario.csv += 10 (total sesion=2910) particion=2 offset=1210
[consumer] ventas.csv += 10 (total sesion=2940) particion=1 offset=1396
[consumer] pagos.csv += 10 (total sesion=2940) particion=1 offset=1396
[consumer] inventario.csv += 10 (total sesion=2920) particion=2 offset=1213
[consumer] clientes.csv += 10 (total sesion=2600) particion=2 offset=1207
[consumer] pagos.csv += 10 (total sesion=2950) particion=1 offset=1399
[consumer] ventas.csv += 10 (total sesion=2950) particion=1 offset=1399
[consumer] inventario.csv += 10 (total sesion=2930) particion=0 offset=1637
[consumer] clientes.csv += 10 (total sesion=2610) particion=2 offset=1209
[consumer] pagos.csv += 10 (total sesion=2960) particion=2 offset=1344
[consumer] ventas.csv += 10 (total sesion=2960) particion=2 offset=1344
[consumer] inventario.csv += 10 (total sesion=2940) particion=1 offset=1174
[consumer] clientes.csv += 10 (total sesion=2620) particion=0 offset=1196
[consumer] pagos.csv += 10 (total sesion=2970) particion=0 offset=1334
[consumer] ventas.csv += 10 (total sesion=2970) particion=0 offset=1334
[consumer] inventario.csv += 10 (total sesion=2950) particion=0 offset=1645
[consumer] clientes.csv += 10 (total sesion=2630) particion=1 offset=1194
[consumer] pagos.csv += 10 (total sesion=2980) particion=2 offset=1349
[consumer] ventas.csv += 10 (total sesion=2980) particion=2 offset=1349
[consumer] inventario.csv += 10 (total sesion=2960) particion=2 offset=1231
[consumer] clientes.csv += 10 (total sesion=2640) particion=0 offset=1201
[consumer] pagos.csv += 10 (total sesion=2990) particion=1 offset=1413
[consumer] ventas.csv += 10 (total sesion=2990) particion=1 offset=1413
[consumer] inventario.csv += 10 (total sesion=2970) particion=2 offset=1236
[consumer] ventas.csv += 10 (total sesion=3000) particion=1 offset=1419
[consumer] pagos.csv += 10 (total sesion=3000) particion=1 offset=1419
[consumer] clientes.csv += 10 (total sesion=2650) particion=0 offset=1208
[consumer] inventario.csv += 10 (total sesion=2980) particion=1 offset=1181
[consumer] ventas.csv += 10 (total sesion=3010) particion=2 offset=1360
[consumer] pagos.csv += 10 (total sesion=3010) particion=2 offset=1360
[consumer] clientes.csv += 10 (total sesion=2660) particion=0 offset=1212
[consumer] inventario.csv += 10 (total sesion=2990) particion=0 offset=1661
[consumer] ventas.csv += 10 (total sesion=3020) particion=0 offset=1345
[consumer] pagos.csv += 10 (total sesion=3020) particion=0 offset=1345
[consumer] clientes.csv += 10 (total sesion=2670) particion=2 offset=1224
[consumer] inventario.csv += 10 (total sesion=3000) particion=1 offset=1187
[consumer] ventas.csv += 10 (total sesion=3030) particion=1 offset=1431
[consumer] pagos.csv += 10 (total sesion=3030) particion=1 offset=1431
[consumer] clientes.csv += 10 (total sesion=2680) particion=2 offset=1226
[consumer] inventario.csv += 10 (total sesion=3010) particion=0 offset=1668
[consumer] pagos.csv += 10 (total sesion=3040) particion=0 offset=1352
[consumer] ventas.csv += 10 (total sesion=3040) particion=0 offset=1352
[consumer] clientes.csv += 10 (total sesion=2690) particion=0 offset=1222
[consumer] inventario.csv += 10 (total sesion=3020) particion=0 offset=1672
[consumer] pagos.csv += 10 (total sesion=3050) particion=2 offset=1374
[consumer] ventas.csv += 10 (total sesion=3050) particion=2 offset=1374
[consumer] inventario.csv += 10 (total sesion=3030) particion=2 offset=1254
[consumer] clientes.csv += 10 (total sesion=2700) particion=1 offset=1215
[consumer] pagos.csv += 10 (total sesion=3060) particion=0 offset=1359
[consumer] ventas.csv += 10 (total sesion=3060) particion=0 offset=1359
[consumer] inventario.csv += 10 (total sesion=3040) particion=0 offset=1679
[consumer] clientes.csv += 10 (total sesion=2710) particion=2 offset=1240
[consumer] pagos.csv += 10 (total sesion=3070) particion=1 offset=1447
[consumer] ventas.csv += 10 (total sesion=3070) particion=1 offset=1447
[consumer] inventario.csv += 10 (total sesion=3050) particion=1 offset=1208
[consumer] clientes.csv += 10 (total sesion=2720) particion=0 offset=1232
[consumer] pagos.csv += 10 (total sesion=3080) particion=0 offset=1362
[consumer] ventas.csv += 10 (total sesion=3080) particion=0 offset=1362
[consumer] inventario.csv += 10 (total sesion=3060) particion=2 offset=1261
[consumer] clientes.csv += 10 (total sesion=2730) particion=1 offset=1225
[consumer] pagos.csv += 10 (total sesion=3090) particion=2 offset=1388
[consumer] ventas.csv += 10 (total sesion=3090) particion=2 offset=1388
[consumer] inventario.csv += 10 (total sesion=3070) particion=1 offset=1213
[consumer] clientes.csv += 10 (total sesion=2740) particion=0 offset=1239
[consumer] pagos.csv += 10 (total sesion=3100) particion=0 offset=1372
[consumer] ventas.csv += 10 (total sesion=3100) particion=0 offset=1372
[consumer] inventario.csv += 10 (total sesion=3080) particion=2 offset=1268
[consumer] ventas.csv += 10 (total sesion=3110) particion=2 offset=1394
[consumer] pagos.csv += 10 (total sesion=3110) particion=2 offset=1394
[consumer] clientes.csv += 10 (total sesion=2750) particion=2 offset=1248
[consumer] inventario.csv += 10 (total sesion=3090) particion=1 offset=1221
[consumer] clientes.csv += 10 (total sesion=2760) particion=2 offset=1251
[consumer] ventas.csv += 10 (total sesion=3120) particion=2 offset=1399
[consumer] pagos.csv += 10 (total sesion=3120) particion=2 offset=1399
[consumer] inventario.csv += 10 (total sesion=3100) particion=2 offset=1273
[consumer] ventas.csv += 10 (total sesion=3130) particion=0 offset=1380
[consumer] pagos.csv += 10 (total sesion=3130) particion=0 offset=1380
[consumer] clientes.csv += 10 (total sesion=2770) particion=1 offset=1240
[consumer] inventario.csv += 10 (total sesion=3110) particion=2 offset=1278
[consumer] ventas.csv += 10 (total sesion=3140) particion=2 offset=1409
[consumer] pagos.csv += 10 (total sesion=3140) particion=2 offset=1409
[consumer] clientes.csv += 10 (total sesion=2780) particion=1 offset=1248
[consumer] inventario.csv += 10 (total sesion=3120) particion=2 offset=1281
[consumer] pagos.csv += 10 (total sesion=3150) particion=0 offset=1388
[consumer] ventas.csv += 10 (total sesion=3150) particion=0 offset=1388
[consumer] clientes.csv += 10 (total sesion=2790) particion=2 offset=1258
[consumer] inventario.csv += 10 (total sesion=3130) particion=0 offset=1711
[consumer] ventas.csv += 10 (total sesion=3160) particion=2 offset=1416
[consumer] pagos.csv += 10 (total sesion=3160) particion=2 offset=1416
[consumer] clientes.csv += 10 (total sesion=2800) particion=1 offset=1254
[consumer] inventario.csv += 10 (total sesion=3140) particion=0 offset=1715
[consumer] ventas.csv += 10 (total sesion=3170) particion=0 offset=1392
[consumer] pagos.csv += 10 (total sesion=3170) particion=0 offset=1392
[consumer] inventario.csv += 10 (total sesion=3150) particion=0 offset=1718
[consumer] clientes.csv += 10 (total sesion=2810) particion=0 offset=1263
[consumer] pagos.csv += 10 (total sesion=3180) particion=2 offset=1422
[consumer] ventas.csv += 10 (total sesion=3180) particion=2 offset=1422
[consumer] inventario.csv += 10 (total sesion=3160) particion=2 offset=1291
[consumer] clientes.csv += 10 (total sesion=2820) particion=2 offset=1264
[consumer] ventas.csv += 10 (total sesion=3190) particion=2 offset=1427
[consumer] pagos.csv += 10 (total sesion=3190) particion=2 offset=1427
[consumer] inventario.csv += 10 (total sesion=3170) particion=0 offset=1730
[consumer] clientes.csv += 10 (total sesion=2830) particion=1 offset=1268
[consumer] pagos.csv += 10 (total sesion=3200) particion=2 offset=1432
[consumer] ventas.csv += 10 (total sesion=3200) particion=2 offset=1432
[consumer] inventario.csv += 10 (total sesion=3180) particion=0 offset=1736
[consumer] ventas.csv += 10 (total sesion=3210) particion=1 offset=1492
[consumer] pagos.csv += 10 (total sesion=3210) particion=1 offset=1492
[consumer] clientes.csv += 10 (total sesion=2840) particion=1 offset=1274
[consumer] inventario.csv += 10 (total sesion=3190) particion=0 offset=1739
[consumer] ventas.csv += 10 (total sesion=3220) particion=2 offset=1435
[consumer] pagos.csv += 10 (total sesion=3220) particion=2 offset=1435
[consumer] clientes.csv += 10 (total sesion=2850) particion=1 offset=1278
[consumer] inventario.csv += 10 (total sesion=3200) particion=1 offset=1257
[consumer] ventas.csv += 10 (total sesion=3230) particion=1 offset=1498
[consumer] pagos.csv += 10 (total sesion=3230) particion=1 offset=1498
[consumer] clientes.csv += 10 (total sesion=2860) particion=1 offset=1280
[consumer] inventario.csv += 10 (total sesion=3210) particion=0 offset=1749
[consumer] pagos.csv += 10 (total sesion=3240) particion=0 offset=1416
[consumer] ventas.csv += 10 (total sesion=3240) particion=0 offset=1416
[consumer] clientes.csv += 10 (total sesion=2870) particion=2 offset=1276
[consumer] inventario.csv += 10 (total sesion=3220) particion=1 offset=1260
[consumer] pagos.csv += 10 (total sesion=3250) particion=0 offset=1420
[consumer] ventas.csv += 10 (total sesion=3250) particion=0 offset=1420
[consumer] inventario.csv += 10 (total sesion=3230) particion=2 offset=1303
[consumer] clientes.csv += 10 (total sesion=2880) particion=2 offset=1279
[consumer] ventas.csv += 10 (total sesion=3260) particion=1 offset=1504
[consumer] pagos.csv += 10 (total sesion=3260) particion=1 offset=1504
[consumer] inventario.csv += 10 (total sesion=3240) particion=2 offset=1308
[consumer] clientes.csv += 10 (total sesion=2890) particion=0 offset=1291
[consumer] ventas.csv += 10 (total sesion=3270) particion=0 offset=1428
[consumer] pagos.csv += 10 (total sesion=3270) particion=0 offset=1428
[consumer] inventario.csv += 10 (total sesion=3250) particion=2 offset=1314
[consumer] clientes.csv += 10 (total sesion=2900) particion=0 offset=1296
[consumer] ventas.csv += 10 (total sesion=3280) particion=0 offset=1429
[consumer] pagos.csv += 10 (total sesion=3280) particion=0 offset=1429
[consumer] inventario.csv += 10 (total sesion=3260) particion=0 offset=1773
[consumer] ventas.csv += 10 (total sesion=3290) particion=2 offset=1458
[consumer] pagos.csv += 10 (total sesion=3290) particion=2 offset=1458
[consumer] clientes.csv += 10 (total sesion=2910) particion=0 offset=1300
[consumer] inventario.csv += 10 (total sesion=3270) particion=2 offset=1323
[consumer] ventas.csv += 10 (total sesion=3300) particion=2 offset=1463
[consumer] pagos.csv += 10 (total sesion=3300) particion=2 offset=1463
[consumer] clientes.csv += 10 (total sesion=2920) particion=0 offset=1305
[consumer] inventario.csv += 10 (total sesion=3280) particion=2 offset=1325
[consumer] pagos.csv += 10 (total sesion=3310) particion=0 offset=1436
[consumer] ventas.csv += 10 (total sesion=3310) particion=0 offset=1436
[consumer] clientes.csv += 10 (total sesion=2930) particion=0 offset=1307
[consumer] inventario.csv += 10 (total sesion=3290) particion=2 offset=1328
[consumer] pagos.csv += 10 (total sesion=3320) particion=1 offset=1529
[consumer] ventas.csv += 10 (total sesion=3320) particion=1 offset=1529
[consumer] clientes.csv += 10 (total sesion=2940) particion=0 offset=1310
[consumer] inventario.csv += 10 (total sesion=3300) particion=2 offset=1333
[consumer] ventas.csv += 10 (total sesion=3330) particion=1 offset=1532
[consumer] pagos.csv += 10 (total sesion=3330) particion=1 offset=1532
[consumer] inventario.csv += 10 (total sesion=3310) particion=1 offset=1281
[consumer] clientes.csv += 10 (total sesion=2950) particion=0 offset=1313
[consumer] ventas.csv += 10 (total sesion=3340) particion=2 offset=1475
[consumer] pagos.csv += 10 (total sesion=3340) particion=2 offset=1475
[consumer] inventario.csv += 10 (total sesion=3320) particion=0 offset=1794
[consumer] clientes.csv += 10 (total sesion=2960) particion=1 offset=1319
[consumer] pagos.csv += 10 (total sesion=3350) particion=2 offset=1477
[consumer] ventas.csv += 10 (total sesion=3350) particion=2 offset=1477
[consumer] inventario.csv += 10 (total sesion=3330) particion=0 offset=1802
[consumer] pagos.csv += 10 (total sesion=3360) particion=0 offset=1455
[consumer] ventas.csv += 10 (total sesion=3360) particion=0 offset=1455
[consumer] clientes.csv += 10 (total sesion=2970) particion=1 offset=1321
[consumer] inventario.csv += 10 (total sesion=3340) particion=0 offset=1806
[consumer] ventas.csv += 10 (total sesion=3370) particion=1 offset=1548
[consumer] pagos.csv += 10 (total sesion=3370) particion=1 offset=1548
[consumer] clientes.csv += 10 (total sesion=2980) particion=0 offset=1321
[consumer] inventario.csv += 10 (total sesion=3350) particion=0 offset=1810
[consumer] ventas.csv += 10 (total sesion=3380) particion=1 offset=1552
[consumer] pagos.csv += 10 (total sesion=3380) particion=1 offset=1552
[consumer] clientes.csv += 10 (total sesion=2990) particion=2 offset=1313
[consumer] inventario.csv += 10 (total sesion=3360) particion=2 offset=1354
[consumer] ventas.csv += 10 (total sesion=3390) particion=0 offset=1464
[consumer] pagos.csv += 10 (total sesion=3390) particion=0 offset=1464
[consumer] clientes.csv += 10 (total sesion=3000) particion=0 offset=1328
[consumer] pagos.csv += 10 (total sesion=3400) particion=1 offset=1560
[consumer] ventas.csv += 10 (total sesion=3400) particion=1 offset=1560
[consumer] inventario.csv += 10 (total sesion=3370) particion=0 offset=1818
[consumer] clientes.csv += 10 (total sesion=3010) particion=1 offset=1331
[consumer] pagos.csv += 10 (total sesion=3410) particion=1 offset=1565
[consumer] ventas.csv += 10 (total sesion=3410) particion=1 offset=1565
[consumer] inventario.csv += 10 (total sesion=3380) particion=2 offset=1361
[consumer] inventario.csv += 10 (total sesion=3390) particion=1 offset=1297
[consumer] clientes.csv += 10 (total sesion=3020) particion=1 offset=1336
[consumer] pagos.csv += 10 (total sesion=3420) particion=0 offset=1477
[consumer] ventas.csv += 10 (total sesion=3420) particion=0 offset=1477
[consumer] inventario.csv += 10 (total sesion=3400) particion=0 offset=1831
[consumer] clientes.csv += 10 (total sesion=3030) particion=0 offset=1338
[consumer] ventas.csv += 10 (total sesion=3430) particion=1 offset=1569
[consumer] pagos.csv += 10 (total sesion=3430) particion=1 offset=1569
[consumer] inventario.csv += 10 (total sesion=3410) particion=2 offset=1372
[consumer] pagos.csv += 10 (total sesion=3440) particion=0 offset=1482
[consumer] ventas.csv += 10 (total sesion=3440) particion=0 offset=1482
[consumer] clientes.csv += 10 (total sesion=3040) particion=0 offset=1342
[consumer] inventario.csv += 10 (total sesion=3420) particion=2 offset=1379
[consumer] ventas.csv += 10 (total sesion=3450) particion=1 offset=1581
[consumer] pagos.csv += 10 (total sesion=3450) particion=1 offset=1581
[consumer] clientes.csv += 10 (total sesion=3050) particion=2 offset=1335
[consumer] inventario.csv += 10 (total sesion=3430) particion=2 offset=1383
[consumer] ventas.csv += 10 (total sesion=3460) particion=1 offset=1583
[consumer] pagos.csv += 10 (total sesion=3460) particion=1 offset=1583
[consumer] clientes.csv += 10 (total sesion=3060) particion=2 offset=1340
[consumer] inventario.csv += 10 (total sesion=3440) particion=1 offset=1306
[consumer] pagos.csv += 10 (total sesion=3470) particion=2 offset=1507
[consumer] ventas.csv += 10 (total sesion=3470) particion=2 offset=1507
[consumer] clientes.csv += 10 (total sesion=3070) particion=1 offset=1354
[consumer] inventario.csv += 10 (total sesion=3450) particion=0 offset=1848
[consumer] ventas.csv += 10 (total sesion=3480) particion=1 offset=1591
[consumer] pagos.csv += 10 (total sesion=3480) particion=1 offset=1591
[consumer] clientes.csv += 10 (total sesion=3080) particion=1 offset=1359
[consumer] inventario.csv += 10 (total sesion=3460) particion=2 offset=1391
[consumer] pagos.csv += 10 (total sesion=3490) particion=0 offset=1504
[consumer] ventas.csv += 10 (total sesion=3490) particion=0 offset=1504
[consumer] inventario.csv += 10 (total sesion=3470) particion=0 offset=1861
[consumer] clientes.csv += 10 (total sesion=3090) particion=0 offset=1353
[consumer] ventas.csv += 10 (total sesion=3500) particion=0 offset=1506
[consumer] pagos.csv += 10 (total sesion=3500) particion=0 offset=1506
[consumer] inventario.csv += 10 (total sesion=3480) particion=1 offset=1319
[consumer] clientes.csv += 10 (total sesion=3100) particion=0 offset=1358
[consumer] ventas.csv += 10 (total sesion=3510) particion=1 offset=1607
[consumer] pagos.csv += 10 (total sesion=3510) particion=1 offset=1607
[consumer] inventario.csv += 10 (total sesion=3490) particion=1 offset=1322
[consumer] clientes.csv += 10 (total sesion=3110) particion=1 offset=1370
[consumer] ventas.csv += 10 (total sesion=3520) particion=1 offset=1613
[consumer] pagos.csv += 10 (total sesion=3520) particion=1 offset=1613
[consumer] inventario.csv += 10 (total sesion=3500) particion=0 offset=1869
[consumer] clientes.csv += 10 (total sesion=3120) particion=1 offset=1373
[consumer] pagos.csv += 10 (total sesion=3530) particion=1 offset=1616
[consumer] ventas.csv += 10 (total sesion=3530) particion=1 offset=1616
[consumer] inventario.csv += 10 (total sesion=3510) particion=0 offset=1874
[consumer] pagos.csv += 10 (total sesion=3540) particion=2 offset=1526
[consumer] ventas.csv += 10 (total sesion=3540) particion=2 offset=1526
[consumer] clientes.csv += 10 (total sesion=3130) particion=2 offset=1361
[consumer] inventario.csv += 10 (total sesion=3520) particion=0 offset=1879
[consumer] ventas.csv += 10 (total sesion=3550) particion=1 offset=1624
[consumer] pagos.csv += 10 (total sesion=3550) particion=1 offset=1624
[consumer] clientes.csv += 10 (total sesion=3140) particion=0 offset=1370
[consumer] inventario.csv += 10 (total sesion=3530) particion=0 offset=1881
[consumer] pagos.csv += 10 (total sesion=3560) particion=0 offset=1523
[consumer] ventas.csv += 10 (total sesion=3560) particion=0 offset=1523
[consumer] clientes.csv += 10 (total sesion=3150) particion=2 offset=1369
[consumer] inventario.csv += 10 (total sesion=3540) particion=1 offset=1338
[consumer] ventas.csv += 10 (total sesion=3570) particion=0 offset=1527
[consumer] pagos.csv += 10 (total sesion=3570) particion=0 offset=1527
[consumer] inventario.csv += 10 (total sesion=3550) particion=2 offset=1418
[consumer] clientes.csv += 10 (total sesion=3160) particion=1 offset=1385
[consumer] ventas.csv += 10 (total sesion=3580) particion=2 offset=1538
[consumer] pagos.csv += 10 (total sesion=3580) particion=2 offset=1538
[consumer] inventario.csv += 10 (total sesion=3560) particion=0 offset=1891
[consumer] clientes.csv += 10 (total sesion=3170) particion=0 offset=1381
[consumer] ventas.csv += 10 (total sesion=3590) particion=2 offset=1541
[consumer] pagos.csv += 10 (total sesion=3590) particion=2 offset=1541
[consumer] inventario.csv += 10 (total sesion=3570) particion=1 offset=1348
[consumer] clientes.csv += 10 (total sesion=3180) particion=0 offset=1384
[consumer] pagos.csv += 10 (total sesion=3600) particion=1 offset=1637
[consumer] ventas.csv += 10 (total sesion=3600) particion=1 offset=1637
[consumer] inventario.csv += 10 (total sesion=3580) particion=2 offset=1427
[consumer] pagos.csv += 10 (total sesion=3610) particion=2 offset=1546
[consumer] ventas.csv += 10 (total sesion=3610) particion=2 offset=1546
[consumer] clientes.csv += 10 (total sesion=3190) particion=0 offset=1389
[consumer] inventario.csv += 10 (total sesion=3590) particion=2 offset=1430
[consumer] pagos.csv += 10 (total sesion=3620) particion=0 offset=1548
[consumer] ventas.csv += 10 (total sesion=3620) particion=0 offset=1548
[consumer] clientes.csv += 10 (total sesion=3200) particion=0 offset=1395
[consumer] inventario.csv += 10 (total sesion=3600) particion=2 offset=1435
[consumer] pagos.csv += 10 (total sesion=3630) particion=2 offset=1553
[consumer] ventas.csv += 10 (total sesion=3630) particion=2 offset=1553
[consumer] clientes.csv += 10 (total sesion=3210) particion=2 offset=1389
[consumer] inventario.csv += 10 (total sesion=3610) particion=0 offset=1911
[consumer] pagos.csv += 10 (total sesion=3640) particion=1 offset=1649
[consumer] ventas.csv += 10 (total sesion=3640) particion=1 offset=1649
[consumer] clientes.csv += 10 (total sesion=3220) particion=1 offset=1400
[consumer] inventario.csv += 10 (total sesion=3620) particion=0 offset=1916
[consumer] ventas.csv += 10 (total sesion=3650) particion=0 offset=1556
[consumer] pagos.csv += 10 (total sesion=3650) particion=0 offset=1556
[consumer] clientes.csv += 10 (total sesion=3230) particion=0 offset=1403
