[2026-09-11 18:13:49,979] INFO Registered kafka:type=kafka.Log4jController MBean (kafka.utils.Log4jControllerRegistration$)
[2026-09-11 18:13:50,228] INFO Setting -D jdk.tls.rejectClientInitiatedRenegotiation=true to disable client-initiated TLS renegotiation (org.apache.zookeeper.common.X509Util)
[2026-09-11 18:13:50,231] INFO RemoteLogManagerConfig values: 
	log.local.retention.bytes = -2
	log.local.retention.ms = -2
	remote.fetch.max.wait.ms = 500
	remote.log.index.file.cache.total.size.bytes = 1073741824
	remote.log.manager.copier.thread.pool.size = 10
	remote.log.manager.copy.max.bytes.per.second = 9223372036854775807
	remote.log.manager.copy.quota.window.num = 11
	remote.log.manager.copy.quota.window.size.seconds = 1
	remote.log.manager.expiration.thread.pool.size = 10
	remote.log.manager.fetch.max.bytes.per.second = 9223372036854775807
	remote.log.manager.fetch.quota.window.num = 11
	remote.log.manager.fetch.quota.window.size.seconds = 1
	remote.log.manager.task.interval.ms = 30000
	remote.log.manager.task.retry.backoff.max.ms = 30000
	remote.log.manager.task.retry.backoff.ms = 500
	remote.log.manager.task.retry.jitter = 0.2
	remote.log.manager.thread.pool.size = 10
	remote.log.metadata.custom.metadata.max.bytes = 128
	remote.log.metadata.manager.class.name = org.apache.kafka.server.log.remote.metadata.storage.TopicBasedRemoteLogMetadataManager
	remote.log.metadata.manager.class.path = null
	remote.log.metadata.manager.impl.prefix = rlmm.config.
	remote.log.metadata.manager.listener.name = null
	remote.log.reader.max.pending.tasks = 100
	remote.log.reader.threads = 10
	remote.log.storage.manager.class.name = null
	remote.log.storage.manager.class.path = null
	remote.log.storage.manager.impl.prefix = rsm.config.
	remote.log.storage.system.enable = false
 (org.apache.kafka.server.log.remote.storage.RemoteLogManagerConfig)
[2026-09-11 18:13:50,383] INFO RemoteLogManagerConfig values: 
	log.local.retention.bytes = -2
	log.local.retention.ms = -2
	remote.fetch.max.wait.ms = 500
	remote.log.index.file.cache.total.size.bytes = 1073741824
	remote.log.manager.copier.thread.pool.size = 10
	remote.log.manager.copy.max.bytes.per.second = 9223372036854775807
	remote.log.manager.copy.quota.window.num = 11
	remote.log.manager.copy.quota.window.size.seconds = 1
	remote.log.manager.expiration.thread.pool.size = 10
	remote.log.manager.fetch.max.bytes.per.second = 9223372036854775807
	remote.log.manager.fetch.quota.window.num = 11
	remote.log.manager.fetch.quota.window.size.seconds = 1
	remote.log.manager.task.interval.ms = 30000
	remote.log.manager.task.retry.backoff.max.ms = 30000
	remote.log.manager.task.retry.backoff.ms = 500
	remote.log.manager.task.retry.jitter = 0.2
	remote.log.manager.thread.pool.size = 10
	remote.log.metadata.custom.metadata.max.bytes = 128
	remote.log.metadata.manager.class.name = org.apache.kafka.server.log.remote.metadata.storage.TopicBasedRemoteLogMetadataManager
	remote.log.metadata.manager.class.path = null
	remote.log.metadata.manager.impl.prefix = rlmm.config.
	remote.log.metadata.manager.listener.name = null
	remote.log.reader.max.pending.tasks = 100
	remote.log.reader.threads = 10
	remote.log.storage.manager.class.name = null
	remote.log.storage.manager.class.path = null
	remote.log.storage.manager.impl.prefix = rsm.config.
	remote.log.storage.system.enable = false
 (org.apache.kafka.server.log.remote.storage.RemoteLogManagerConfig)
[2026-09-11 18:13:50,389] INFO RemoteLogManagerConfig values: 
	log.local.retention.bytes = -2
	log.local.retention.ms = -2
	remote.fetch.max.wait.ms = 500
	remote.log.index.file.cache.total.size.bytes = 1073741824
	remote.log.manager.copier.thread.pool.size = 10
	remote.log.manager.copy.max.bytes.per.second = 9223372036854775807
	remote.log.manager.copy.quota.window.num = 11
	remote.log.manager.copy.quota.window.size.seconds = 1
	remote.log.manager.expiration.thread.pool.size = 10
	remote.log.manager.fetch.max.bytes.per.second = 9223372036854775807
	remote.log.manager.fetch.quota.window.num = 11
	remote.log.manager.fetch.quota.window.size.seconds = 1
	remote.log.manager.task.interval.ms = 30000
	remote.log.manager.task.retry.backoff.max.ms = 30000
	remote.log.manager.task.retry.backoff.ms = 500
	remote.log.manager.task.retry.jitter = 0.2
	remote.log.manager.thread.pool.size = 10
	remote.log.metadata.custom.metadata.max.bytes = 128
	remote.log.metadata.manager.class.name = org.apache.kafka.server.log.remote.metadata.storage.TopicBasedRemoteLogMetadataManager
	remote.log.metadata.manager.class.path = null
	remote.log.metadata.manager.impl.prefix = rlmm.config.
	remote.log.metadata.manager.listener.name = null
	remote.log.reader.max.pending.tasks = 100
	remote.log.reader.threads = 10
	remote.log.storage.manager.class.name = null
	remote.log.storage.manager.class.path = null
	remote.log.storage.manager.impl.prefix = rsm.config.
	remote.log.storage.system.enable = false
 (org.apache.kafka.server.log.remote.storage.RemoteLogManagerConfig)
[2026-09-11 18:13:50,430] INFO [ControllerServer id=1] Starting controller (kafka.server.ControllerServer)
[2026-09-11 18:13:50,432] INFO RemoteLogManagerConfig values: 
	log.local.retention.bytes = -2
	log.local.retention.ms = -2
	remote.fetch.max.wait.ms = 500
	remote.log.index.file.cache.total.size.bytes = 1073741824
	remote.log.manager.copier.thread.pool.size = 10
	remote.log.manager.copy.max.bytes.per.second = 9223372036854775807
	remote.log.manager.copy.quota.window.num = 11
	remote.log.manager.copy.quota.window.size.seconds = 1
	remote.log.manager.expiration.thread.pool.size = 10
	remote.log.manager.fetch.max.bytes.per.second = 9223372036854775807
	remote.log.manager.fetch.quota.window.num = 11
	remote.log.manager.fetch.quota.window.size.seconds = 1
	remote.log.manager.task.interval.ms = 30000
	remote.log.manager.task.retry.backoff.max.ms = 30000
	remote.log.manager.task.retry.backoff.ms = 500
	remote.log.manager.task.retry.jitter = 0.2
	remote.log.manager.thread.pool.size = 10
	remote.log.metadata.custom.metadata.max.bytes = 128
	remote.log.metadata.manager.class.name = org.apache.kafka.server.log.remote.metadata.storage.TopicBasedRemoteLogMetadataManager
	remote.log.metadata.manager.class.path = null
	remote.log.metadata.manager.impl.prefix = rlmm.config.
	remote.log.metadata.manager.listener.name = null
	remote.log.reader.max.pending.tasks = 100
	remote.log.reader.threads = 10
	remote.log.storage.manager.class.name = null
	remote.log.storage.manager.class.path = null
	remote.log.storage.manager.impl.prefix = rsm.config.
	remote.log.storage.system.enable = false
 (org.apache.kafka.server.log.remote.storage.RemoteLogManagerConfig)
[2026-09-11 18:13:50,921] INFO Updated connection-accept-rate max connection creation rate to 2147483647 (kafka.network.ConnectionQuotas)
[2026-09-11 18:13:51,035] INFO [SocketServer listenerType=CONTROLLER, nodeId=1] Created data-plane acceptor and processors for endpoint : ListenerName(CONTROLLER) (kafka.network.SocketServer)
[2026-09-11 18:13:51,043] INFO authorizerStart completed for endpoint CONTROLLER. Endpoint is now READY. (org.apache.kafka.server.network.EndpointReadyFutures)
[2026-09-11 18:13:51,044] INFO [SharedServer id=1] Starting SharedServer (kafka.server.SharedServer)
[2026-09-11 18:13:51,046] INFO RemoteLogManagerConfig values: 
	log.local.retention.bytes = -2
	log.local.retention.ms = -2
	remote.fetch.max.wait.ms = 500
	remote.log.index.file.cache.total.size.bytes = 1073741824
	remote.log.manager.copier.thread.pool.size = 10
	remote.log.manager.copy.max.bytes.per.second = 9223372036854775807
	remote.log.manager.copy.quota.window.num = 11
	remote.log.manager.copy.quota.window.size.seconds = 1
	remote.log.manager.expiration.thread.pool.size = 10
	remote.log.manager.fetch.max.bytes.per.second = 9223372036854775807
	remote.log.manager.fetch.quota.window.num = 11
	remote.log.manager.fetch.quota.window.size.seconds = 1
	remote.log.manager.task.interval.ms = 30000
	remote.log.manager.task.retry.backoff.max.ms = 30000
	remote.log.manager.task.retry.backoff.ms = 500
	remote.log.manager.task.retry.jitter = 0.2
	remote.log.manager.thread.pool.size = 10
	remote.log.metadata.custom.metadata.max.bytes = 128
	remote.log.metadata.manager.class.name = org.apache.kafka.server.log.remote.metadata.storage.TopicBasedRemoteLogMetadataManager
	remote.log.metadata.manager.class.path = null
	remote.log.metadata.manager.impl.prefix = rlmm.config.
	remote.log.metadata.manager.listener.name = null
	remote.log.reader.max.pending.tasks = 100
	remote.log.reader.threads = 10
	remote.log.storage.manager.class.name = null
	remote.log.storage.manager.class.path = null
	remote.log.storage.manager.impl.prefix = rsm.config.
	remote.log.storage.system.enable = false
 (org.apache.kafka.server.log.remote.storage.RemoteLogManagerConfig)
[2026-09-11 18:13:51,138] INFO [LogLoader partition=__cluster_metadata-0, dir=C:\Users\maste\AppData\Local\obelie-kafka\data] Recovering unflushed segment 0. 0/1 recovered for __cluster_metadata-0. (kafka.log.LogLoader)
[2026-09-11 18:13:51,140] INFO [LogLoader partition=__cluster_metadata-0, dir=C:\Users\maste\AppData\Local\obelie-kafka\data] Loading producer state till offset 0 with message format version 2 (kafka.log.UnifiedLog$)
[2026-09-11 18:13:51,141] INFO [LogLoader partition=__cluster_metadata-0, dir=C:\Users\maste\AppData\Local\obelie-kafka\data] Reloading from producer snapshot and rebuilding producer state from offset 0 (kafka.log.UnifiedLog$)
[2026-09-11 18:13:51,143] INFO Deleted producer state snapshot C:\Users\maste\AppData\Local\obelie-kafka\data\__cluster_metadata-0\00000000000000000354.snapshot (org.apache.kafka.storage.internals.log.SnapshotFile)
[2026-09-11 18:13:51,143] INFO [LogLoader partition=__cluster_metadata-0, dir=C:\Users\maste\AppData\Local\obelie-kafka\data] Producer state recovery took 2ms for snapshot load and 0ms for segment recovery from offset 0 (kafka.log.UnifiedLog$)
[2026-09-11 18:13:51,189] INFO [ProducerStateManager partition=__cluster_metadata-0] Wrote producer snapshot at offset 1736 with 0 producer ids in 2 ms. (org.apache.kafka.storage.internals.log.ProducerStateManager)
[2026-09-11 18:13:51,201] INFO [LogLoader partition=__cluster_metadata-0, dir=C:\Users\maste\AppData\Local\obelie-kafka\data] Loading producer state till offset 1736 with message format version 2 (kafka.log.UnifiedLog$)
[2026-09-11 18:13:51,202] INFO [LogLoader partition=__cluster_metadata-0, dir=C:\Users\maste\AppData\Local\obelie-kafka\data] Reloading from producer snapshot and rebuilding producer state from offset 1736 (kafka.log.UnifiedLog$)
[2026-09-11 18:13:51,202] INFO [ProducerStateManager partition=__cluster_metadata-0] Loading producer state from snapshot file 'SnapshotFile(offset=1736, file=C:\Users\maste\AppData\Local\obelie-kafka\data\__cluster_metadata-0\00000000000000001736.snapshot)' (org.apache.kafka.storage.internals.log.ProducerStateManager)
[2026-09-11 18:13:51,204] INFO [LogLoader partition=__cluster_metadata-0, dir=C:\Users\maste\AppData\Local\obelie-kafka\data] Producer state recovery took 2ms for snapshot load and 0ms for segment recovery from offset 1736 (kafka.log.UnifiedLog$)
[2026-09-11 18:13:51,237] INFO Initialized snapshots with IDs SortedSet() from C:\Users\maste\AppData\Local\obelie-kafka\data\__cluster_metadata-0 (kafka.raft.KafkaMetadataLog$)
[2026-09-11 18:13:51,257] INFO [raft-expiration-reaper]: Starting (kafka.raft.TimingWheelExpirationService$ExpiredOperationReaper)
[2026-09-11 18:13:51,272] INFO [RaftManager id=1] Reading KRaft snapshot and log as part of the initialization (org.apache.kafka.raft.KafkaRaftClient)
[2026-09-11 18:13:51,313] INFO [RaftManager id=1] Starting request manager with static voters: [127.0.0.1:9093 (id: 1 rack: null)] (org.apache.kafka.raft.KafkaRaftClient)
[2026-09-11 18:13:51,517] INFO [RaftManager id=1] Completed transition to ResignedState(localId=1, epoch=2, voters=[1], electionTimeoutMs=1119, unackedVoters=[], preferredSuccessors=[]) from null (org.apache.kafka.raft.QuorumState)
[2026-09-11 18:13:51,524] INFO [RaftManager id=1] Completed transition to CandidateState(localId=1, localDirectoryId=fuV8gpHCjlTRzOQjE1r-ag,epoch=3, retries=1, voteStates={1=GRANTED}, highWatermark=Optional.empty, electionTimeoutMs=1128) from ResignedState(localId=1, epoch=2, voters=[1], electionTimeoutMs=1119, unackedVoters=[], preferredSuccessors=[]) (org.apache.kafka.raft.QuorumState)
[2026-09-11 18:13:51,530] INFO [RaftManager id=1] Completed transition to Leader(localId=1, epoch=3, epochStartOffset=1736, highWatermark=Optional.empty, voterStates={1=ReplicaState(nodeId=1, endOffset=Optional.empty, lastFetchTimestamp=-1, lastCaughtUpTimestamp=-1, hasAcknowledgedLeader=true)}) from CandidateState(localId=1, localDirectoryId=fuV8gpHCjlTRzOQjE1r-ag,epoch=3, retries=1, voteStates={1=GRANTED}, highWatermark=Optional.empty, electionTimeoutMs=1128) (org.apache.kafka.raft.QuorumState)
[2026-09-11 18:13:51,540] INFO [kafka-1-raft-outbound-request-thread]: Starting (org.apache.kafka.raft.KafkaNetworkChannel$SendThread)
[2026-09-11 18:13:51,540] INFO [kafka-1-raft-io-thread]: Starting (org.apache.kafka.raft.KafkaRaftClientDriver)
[2026-09-11 18:13:51,553] INFO [MetadataLoader id=1] initializeNewPublishers: the loader is still catching up because we still don't know the high water mark yet. (org.apache.kafka.image.loader.MetadataLoader)
[2026-09-11 18:13:51,554] INFO [ControllerServer id=1] Waiting for controller quorum voters future (kafka.server.ControllerServer)
[2026-09-11 18:13:51,555] INFO [ControllerServer id=1] Finished waiting for controller quorum voters future (kafka.server.ControllerServer)
[2026-09-11 18:13:51,555] INFO [RaftManager id=1] High watermark set to LogOffsetMetadata(offset=1737, metadata=Optional[(segmentBaseOffset=0,relativePositionInSegment=125259)]) for the first time for epoch 3 based on indexOfHw 0 and voters [ReplicaState(nodeId=1, endOffset=Optional[LogOffsetMetadata(offset=1737, metadata=Optional[(segmentBaseOffset=0,relativePositionInSegment=125259)])], lastFetchTimestamp=-1, lastCaughtUpTimestamp=-1, hasAcknowledgedLeader=true)] (org.apache.kafka.raft.LeaderState)
[2026-09-11 18:13:51,564] INFO [RaftManager id=1] Registered the listener org.apache.kafka.image.loader.MetadataLoader@1206730896 (org.apache.kafka.raft.KafkaRaftClient)
[2026-09-11 18:13:51,568] INFO [MetadataLoader id=1] maybePublishMetadata(LOG_DELTA): The loader is still catching up because we have loaded up to offset 0, but the high water mark is 1737 (org.apache.kafka.image.loader.MetadataLoader)
[2026-09-11 18:13:51,605] INFO [RaftManager id=1] Registered the listener org.apache.kafka.controller.QuorumController$QuorumMetaLogListener@1528519725 (org.apache.kafka.raft.KafkaRaftClient)
[2026-09-11 18:13:51,616] INFO [MetadataLoader id=1] maybePublishMetadata(LOG_DELTA): The loader finished catching up to the current high water mark of 1737 (org.apache.kafka.image.loader.MetadataLoader)
[2026-09-11 18:13:51,630] INFO [MetadataLoader id=1] InitializeNewPublishers: initializing SnapshotGenerator with a snapshot at offset 1736 (org.apache.kafka.image.loader.MetadataLoader)
[2026-09-11 18:13:51,635] INFO [controller-1-ThrottledChannelReaper-Fetch]: Starting (kafka.server.ClientQuotaManager$ThrottledChannelReaper)
[2026-09-11 18:13:51,637] INFO [controller-1-ThrottledChannelReaper-Produce]: Starting (kafka.server.ClientQuotaManager$ThrottledChannelReaper)
[2026-09-11 18:13:51,639] INFO [controller-1-ThrottledChannelReaper-Request]: Starting (kafka.server.ClientQuotaManager$ThrottledChannelReaper)
[2026-09-11 18:13:51,647] INFO [controller-1-ThrottledChannelReaper-ControllerMutation]: Starting (kafka.server.ClientQuotaManager$ThrottledChannelReaper)
[2026-09-11 18:13:51,714] INFO [ExpirationReaper-1-AlterAcls]: Starting (kafka.server.DelayedOperationPurgatory$ExpiredOperationReaper)
[2026-09-11 18:13:51,740] INFO [ControllerServer id=1] Waiting for the controller metadata publishers to be installed (kafka.server.ControllerServer)
[2026-09-11 18:13:51,742] INFO [ControllerServer id=1] Finished waiting for the controller metadata publishers to be installed (kafka.server.ControllerServer)
[2026-09-11 18:13:51,743] INFO [MetadataLoader id=1] InitializeNewPublishers: initializing KRaftMetadataCachePublisher with a snapshot at offset 1736 (org.apache.kafka.image.loader.MetadataLoader)
[2026-09-11 18:13:51,743] INFO [SocketServer listenerType=CONTROLLER, nodeId=1] Enabling request processing. (kafka.network.SocketServer)
[2026-09-11 18:13:51,743] INFO [MetadataLoader id=1] InitializeNewPublishers: initializing FeaturesPublisher with a snapshot at offset 1736 (org.apache.kafka.image.loader.MetadataLoader)
[2026-09-11 18:13:51,744] INFO [ControllerServer id=1] Loaded new metadata Features(metadataVersion=3.8-IV0, finalizedFeatures={metadata.version=20}, finalizedFeaturesEpoch=1736). (org.apache.kafka.metadata.publisher.FeaturesPublisher)
[2026-09-11 18:13:51,744] INFO [MetadataLoader id=1] InitializeNewPublishers: initializing ControllerRegistrationsPublisher with a snapshot at offset 1736 (org.apache.kafka.image.loader.MetadataLoader)
[2026-09-11 18:13:51,745] INFO [MetadataLoader id=1] InitializeNewPublishers: initializing ControllerRegistrationManager with a snapshot at offset 1736 (org.apache.kafka.image.loader.MetadataLoader)
[2026-09-11 18:13:51,746] INFO [MetadataLoader id=1] InitializeNewPublishers: initializing DynamicConfigPublisher controller id=1 with a snapshot at offset 1736 (org.apache.kafka.image.loader.MetadataLoader)
[2026-09-11 18:13:51,747] INFO [ControllerRegistrationManager id=1 incarnation=prhimxRsTXahOTccErjpkA] Found registration for ndtEps0BRUy8F4Mv4aO4fg instead of our incarnation. (kafka.server.ControllerRegistrationManager)
[2026-09-11 18:13:51,748] INFO [MetadataLoader id=1] InitializeNewPublishers: initializing DynamicClientQuotaPublisher controller id=1 with a snapshot at offset 1736 (org.apache.kafka.image.loader.MetadataLoader)
[2026-09-11 18:13:51,751] INFO [MetadataLoader id=1] InitializeNewPublishers: initializing ScramPublisher controller id=1 with a snapshot at offset 1736 (org.apache.kafka.image.loader.MetadataLoader)
[2026-09-11 18:13:51,753] INFO Awaiting socket connections on 127.0.0.1:9093. (kafka.network.DataPlaneAcceptor)
[2026-09-11 18:13:51,755] INFO [MetadataLoader id=1] InitializeNewPublishers: initializing DelegationTokenPublisher controller id=1 with a snapshot at offset 1736 (org.apache.kafka.image.loader.MetadataLoader)
[2026-09-11 18:13:51,758] INFO [MetadataLoader id=1] InitializeNewPublishers: initializing ControllerMetadataMetricsPublisher with a snapshot at offset 1736 (org.apache.kafka.image.loader.MetadataLoader)
[2026-09-11 18:13:51,759] INFO [MetadataLoader id=1] InitializeNewPublishers: initializing AclPublisher controller id=1 with a snapshot at offset 1736 (org.apache.kafka.image.loader.MetadataLoader)
[2026-09-11 18:13:51,777] INFO [controller-1-to-controller-registration-channel-manager]: Starting (kafka.server.NodeToControllerRequestThread)
[2026-09-11 18:13:51,777] INFO [ControllerRegistrationManager id=1 incarnation=prhimxRsTXahOTccErjpkA] initialized channel manager. (kafka.server.ControllerRegistrationManager)
[2026-09-11 18:13:51,777] INFO [ControllerServer id=1] Waiting for all of the authorizer futures to be completed (kafka.server.ControllerServer)
[2026-09-11 18:13:51,778] INFO [controller-1-to-controller-registration-channel-manager]: Recorded new KRaft controller, from now on will use node 127.0.0.1:9093 (id: 1 rack: null) (kafka.server.NodeToControllerRequestThread)
[2026-09-11 18:13:51,778] INFO [ControllerServer id=1] Finished waiting for all of the authorizer futures to be completed (kafka.server.ControllerServer)
[2026-09-11 18:13:51,779] INFO [ControllerServer id=1] Waiting for all of the SocketServer Acceptors to be started (kafka.server.ControllerServer)
[2026-09-11 18:13:51,779] INFO [ControllerServer id=1] Finished waiting for all of the SocketServer Acceptors to be started (kafka.server.ControllerServer)
[2026-09-11 18:13:51,779] INFO [ControllerRegistrationManager id=1 incarnation=prhimxRsTXahOTccErjpkA] sendControllerRegistration: attempting to send ControllerRegistrationRequestData(controllerId=1, incarnationId=prhimxRsTXahOTccErjpkA, zkMigrationReady=false, listeners=[Listener(name='CONTROLLER', host='127.0.0.1', port=9093, securityProtocol=0)], features=[Feature(name='metadata.version', minSupportedVersion=1, maxSupportedVersion=20)]) (kafka.server.ControllerRegistrationManager)
[2026-09-11 18:13:51,780] INFO [BrokerServer id=1] Transition from SHUTDOWN to STARTING (kafka.server.BrokerServer)
[2026-09-11 18:13:51,781] INFO [BrokerServer id=1] Starting broker (kafka.server.BrokerServer)
[2026-09-11 18:13:51,784] INFO RemoteLogManagerConfig values: 
	log.local.retention.bytes = -2
	log.local.retention.ms = -2
	remote.fetch.max.wait.ms = 500
	remote.log.index.file.cache.total.size.bytes = 1073741824
	remote.log.manager.copier.thread.pool.size = 10
	remote.log.manager.copy.max.bytes.per.second = 9223372036854775807
	remote.log.manager.copy.quota.window.num = 11
	remote.log.manager.copy.quota.window.size.seconds = 1
	remote.log.manager.expiration.thread.pool.size = 10
	remote.log.manager.fetch.max.bytes.per.second = 9223372036854775807
	remote.log.manager.fetch.quota.window.num = 11
	remote.log.manager.fetch.quota.window.size.seconds = 1
	remote.log.manager.task.interval.ms = 30000
	remote.log.manager.task.retry.backoff.max.ms = 30000
	remote.log.manager.task.retry.backoff.ms = 500
	remote.log.manager.task.retry.jitter = 0.2
	remote.log.manager.thread.pool.size = 10
	remote.log.metadata.custom.metadata.max.bytes = 128
	remote.log.metadata.manager.class.name = org.apache.kafka.server.log.remote.metadata.storage.TopicBasedRemoteLogMetadataManager
	remote.log.metadata.manager.class.path = null
	remote.log.metadata.manager.impl.prefix = rlmm.config.
	remote.log.metadata.manager.listener.name = null
	remote.log.reader.max.pending.tasks = 100
	remote.log.reader.threads = 10
	remote.log.storage.manager.class.name = null
	remote.log.storage.manager.class.path = null
	remote.log.storage.manager.impl.prefix = rsm.config.
	remote.log.storage.system.enable = false
 (org.apache.kafka.server.log.remote.storage.RemoteLogManagerConfig)
[2026-09-11 18:13:51,790] INFO [broker-1-ThrottledChannelReaper-Fetch]: Starting (kafka.server.ClientQuotaManager$ThrottledChannelReaper)
[2026-09-11 18:13:51,790] INFO [broker-1-ThrottledChannelReaper-Produce]: Starting (kafka.server.ClientQuotaManager$ThrottledChannelReaper)
[2026-09-11 18:13:51,790] INFO [broker-1-ThrottledChannelReaper-Request]: Starting (kafka.server.ClientQuotaManager$ThrottledChannelReaper)
[2026-09-11 18:13:51,791] INFO [broker-1-ThrottledChannelReaper-ControllerMutation]: Starting (kafka.server.ClientQuotaManager$ThrottledChannelReaper)
[2026-09-11 18:13:51,837] INFO [BrokerServer id=1] Waiting for controller quorum voters future (kafka.server.BrokerServer)
[2026-09-11 18:13:51,837] INFO [BrokerServer id=1] Finished waiting for controller quorum voters future (kafka.server.BrokerServer)
[2026-09-11 18:13:51,841] INFO [broker-1-to-controller-forwarding-channel-manager]: Starting (kafka.server.NodeToControllerRequestThread)
[2026-09-11 18:13:51,841] INFO [broker-1-to-controller-forwarding-channel-manager]: Recorded new KRaft controller, from now on will use node 127.0.0.1:9093 (id: 1 rack: null) (kafka.server.NodeToControllerRequestThread)
[2026-09-11 18:13:51,852] INFO [client-metrics-reaper]: Starting (org.apache.kafka.server.util.timer.SystemTimerReaper$Reaper)
[2026-09-11 18:13:51,893] INFO Updated connection-accept-rate max connection creation rate to 2147483647 (kafka.network.ConnectionQuotas)
[2026-09-11 18:13:51,907] INFO [SocketServer listenerType=BROKER, nodeId=1] Created data-plane acceptor and processors for endpoint : ListenerName(PLAINTEXT) (kafka.network.SocketServer)
[2026-09-11 18:13:51,933] INFO [broker-1-to-controller-alter-partition-channel-manager]: Starting (kafka.server.NodeToControllerRequestThread)
[2026-09-11 18:13:51,937] INFO [broker-1-to-controller-alter-partition-channel-manager]: Recorded new KRaft controller, from now on will use node 127.0.0.1:9093 (id: 1 rack: null) (kafka.server.NodeToControllerRequestThread)
[2026-09-11 18:13:51,980] INFO [broker-1-to-controller-directory-assignments-channel-manager]: Starting (kafka.server.NodeToControllerRequestThread)
[2026-09-11 18:13:51,983] INFO [broker-1-to-controller-directory-assignments-channel-manager]: Recorded new KRaft controller, from now on will use node 127.0.0.1:9093 (id: 1 rack: null) (kafka.server.NodeToControllerRequestThread)
[2026-09-11 18:13:52,028] INFO [ControllerRegistrationManager id=1 incarnation=prhimxRsTXahOTccErjpkA] Our registration has been persisted to the metadata log. (kafka.server.ControllerRegistrationManager)
[2026-09-11 18:13:52,035] INFO [ControllerRegistrationManager id=1 incarnation=prhimxRsTXahOTccErjpkA] RegistrationResponseHandler: controller acknowledged ControllerRegistrationRequest. (kafka.server.ControllerRegistrationManager)
[2026-09-11 18:13:52,096] INFO [ExpirationReaper-1-Produce]: Starting (kafka.server.DelayedOperationPurgatory$ExpiredOperationReaper)
[2026-09-11 18:13:52,100] INFO [ExpirationReaper-1-Fetch]: Starting (kafka.server.DelayedOperationPurgatory$ExpiredOperationReaper)
[2026-09-11 18:13:52,102] INFO [ExpirationReaper-1-DeleteRecords]: Starting (kafka.server.DelayedOperationPurgatory$ExpiredOperationReaper)
[2026-09-11 18:13:52,104] INFO [ExpirationReaper-1-ElectLeader]: Starting (kafka.server.DelayedOperationPurgatory$ExpiredOperationReaper)
[2026-09-11 18:13:52,107] INFO [ExpirationReaper-1-RemoteFetch]: Starting (kafka.server.DelayedOperationPurgatory$ExpiredOperationReaper)
[2026-09-11 18:13:52,151] INFO [ExpirationReaper-1-Heartbeat]: Starting (kafka.server.DelayedOperationPurgatory$ExpiredOperationReaper)
[2026-09-11 18:13:52,152] INFO [ExpirationReaper-1-Rebalance]: Starting (kafka.server.DelayedOperationPurgatory$ExpiredOperationReaper)
[2026-09-11 18:13:52,216] INFO Unable to read the broker epoch in C:\Users\maste\AppData\Local\obelie-kafka\data. (kafka.log.LogManager)
[2026-09-11 18:13:52,217] INFO [broker-1-to-controller-heartbeat-channel-manager]: Starting (kafka.server.NodeToControllerRequestThread)
[2026-09-11 18:13:52,218] INFO [broker-1-to-controller-heartbeat-channel-manager]: Recorded new KRaft controller, from now on will use node 127.0.0.1:9093 (id: 1 rack: null) (kafka.server.NodeToControllerRequestThread)
[2026-09-11 18:13:52,222] INFO [BrokerLifecycleManager id=1] Incarnation Icn3DcH-T0aw_ZSK5VGArA of broker 1 in cluster n8ZXfz1bQ6-25E3bDLDVOw is now STARTING. (kafka.server.BrokerLifecycleManager)
[2026-09-11 18:13:52,236] INFO [BrokerLifecycleManager id=1] Unable to register broker 1 because the controller returned error DUPLICATE_BROKER_REGISTRATION (kafka.server.BrokerLifecycleManager)
[2026-09-11 18:13:52,257] INFO [ExpirationReaper-1-AlterAcls]: Starting (kafka.server.DelayedOperationPurgatory$ExpiredOperationReaper)
[2026-09-11 18:13:52,280] INFO [BrokerServer id=1] Waiting for the broker metadata publishers to be installed (kafka.server.BrokerServer)
[2026-09-11 18:13:52,280] INFO [BrokerServer id=1] Finished waiting for the broker metadata publishers to be installed (kafka.server.BrokerServer)
[2026-09-11 18:13:52,281] INFO [BrokerServer id=1] Waiting for the controller to acknowledge that we are caught up (kafka.server.BrokerServer)
[2026-09-11 18:13:52,281] INFO [MetadataLoader id=1] InitializeNewPublishers: initializing MetadataVersionPublisher(id=1) with a snapshot at offset 1738 (org.apache.kafka.image.loader.MetadataLoader)
[2026-09-11 18:13:52,281] INFO [MetadataLoader id=1] InitializeNewPublishers: initializing BrokerMetadataPublisher with a snapshot at offset 1738 (org.apache.kafka.image.loader.MetadataLoader)
[2026-09-11 18:13:52,283] INFO [BrokerMetadataPublisher id=1] Publishing initial metadata at offset OffsetAndEpoch(offset=1738, epoch=3) with metadata.version 3.8-IV0. (kafka.server.metadata.BrokerMetadataPublisher)
[2026-09-11 18:13:52,286] INFO Loading logs from log dirs ArrayBuffer(C:\Users\maste\AppData\Local\obelie-kafka\data) (kafka.log.LogManager)
[2026-09-11 18:13:52,298] INFO Recovering 62 logs from C:\Users\maste\AppData\Local\obelie-kafka\data since no clean shutdown file was found (kafka.log.LogManager)
[2026-09-11 18:13:52,320] INFO [LogLoader partition=clientes-0, dir=C:\Users\maste\AppData\Local\obelie-kafka\data] Recovering unflushed segment 0. 0/1 recovered for clientes-0. (kafka.log.LogLoader)
[2026-09-11 18:13:52,322] INFO [LogLoader partition=clientes-0, dir=C:\Users\maste\AppData\Local\obelie-kafka\data] Loading producer state till offset 0 with message format version 2 (kafka.log.UnifiedLog$)
[2026-09-11 18:13:52,322] INFO [LogLoader partition=clientes-0, dir=C:\Users\maste\AppData\Local\obelie-kafka\data] Reloading from producer snapshot and rebuilding producer state from offset 0 (kafka.log.UnifiedLog$)
[2026-09-11 18:13:52,322] INFO [LogLoader partition=clientes-0, dir=C:\Users\maste\AppData\Local\obelie-kafka\data] Producer state recovery took 0ms for snapshot load and 0ms for segment recovery from offset 0 (kafka.log.UnifiedLog$)
[2026-09-11 18:13:52,334] INFO [ProducerStateManager partition=clientes-0] Wrote producer snapshot at offset 318 with 0 producer ids in 1 ms. (org.apache.kafka.storage.internals.log.ProducerStateManager)
[2026-09-11 18:13:52,339] INFO [LogLoader partition=clientes-0, dir=C:\Users\maste\AppData\Local\obelie-kafka\data] Loading producer state till offset 318 with message format version 2 (kafka.log.UnifiedLog$)
[2026-09-11 18:13:52,339] INFO [LogLoader partition=clientes-0, dir=C:\Users\maste\AppData\Local\obelie-kafka\data] Reloading from producer snapshot and rebuilding producer state from offset 318 (kafka.log.UnifiedLog$)
[2026-09-11 18:13:52,339] INFO [ProducerStateManager partition=clientes-0] Loading producer state from snapshot file 'SnapshotFile(offset=318, file=C:\Users\maste\AppData\Local\obelie-kafka\data\clientes-0\00000000000000000318.snapshot)' (org.apache.kafka.storage.internals.log.ProducerStateManager)
[2026-09-11 18:13:52,341] INFO [LogLoader partition=clientes-0, dir=C:\Users\maste\AppData\Local\obelie-kafka\data] Producer state recovery took 2ms for snapshot load and 0ms for segment recovery from offset 318 (kafka.log.UnifiedLog$)
[2026-09-11 18:13:52,344] INFO [BrokerLifecycleManager id=1] Unable to register broker 1 because the controller returned error DUPLICATE_BROKER_REGISTRATION (kafka.server.BrokerLifecycleManager)
[2026-09-11 18:13:52,348] INFO Completed load of Log(dir=C:\Users\maste\AppData\Local\obelie-kafka\data\clientes-0, topicId=acIfyUYGSZOo6zuLt2r7yQ, topic=clientes, partition=0, highWatermark=0, lastStableOffset=0, logStartOffset=0, logEndOffset=318) with 1 segments, local-log-start-offset 0 and log-end-offset 318 in 35ms (1/62 completed in C:\Users\maste\AppData\Local\obelie-kafka\data) (kafka.log.LogManager)
[2026-09-11 18:13:52,355] INFO [LogLoader partition=clientes-1, dir=C:\Users\maste\AppData\Local\obelie-kafka\data] Recovering unflushed segment 0. 0/1 recovered for clientes-1. (kafka.log.LogLoader)
[2026-09-11 18:13:52,356] INFO [LogLoader partition=clientes-1, dir=C:\Users\maste\AppData\Local\obelie-kafka\data] Loading producer state till offset 0 with message format version 2 (kafka.log.UnifiedLog$)
[2026-09-11 18:13:52,356] INFO [LogLoader partition=clientes-1, dir=C:\Users\maste\AppData\Local\obelie-kafka\data] Reloading from producer snapshot and rebuilding producer state from offset 0 (kafka.log.UnifiedLog$)
[2026-09-11 18:13:52,357] INFO [LogLoader partition=clientes-1, dir=C:\Users\maste\AppData\Local\obelie-kafka\data] Producer state recovery took 0ms for snapshot load and 0ms for segment recovery from offset 0 (kafka.log.UnifiedLog$)
[2026-09-11 18:13:52,370] INFO [ProducerStateManager partition=clientes-1] Wrote producer snapshot at offset 336 with 0 producer ids in 2 ms. (org.apache.kafka.storage.internals.log.ProducerStateManager)
[2026-09-11 18:13:52,376] INFO [LogLoader partition=clientes-1, dir=C:\Users\maste\AppData\Local\obelie-kafka\data] Loading producer state till offset 336 with message format version 2 (kafka.log.UnifiedLog$)
[2026-09-11 18:13:52,377] INFO [LogLoader partition=clientes-1, dir=C:\Users\maste\AppData\Local\obelie-kafka\data] Reloading from producer snapshot and rebuilding producer state from offset 336 (kafka.log.UnifiedLog$)
[2026-09-11 18:13:52,377] INFO [ProducerStateManager partition=clientes-1] Loading producer state from snapshot file 'SnapshotFile(offset=336, file=C:\Users\maste\AppData\Local\obelie-kafka\data\clientes-1\00000000000000000336.snapshot)' (org.apache.kafka.storage.internals.log.ProducerStateManager)
[2026-09-11 18:13:52,378] INFO [LogLoader partition=clientes-1, dir=C:\Users\maste\AppData\Local\obelie-kafka\data] Producer state recovery took 1ms for snapshot load and 0ms for segment recovery from offset 336 (kafka.log.UnifiedLog$)
[2026-09-11 18:13:52,381] INFO Completed load of Log(dir=C:\Users\maste\AppData\Local\obelie-kafka\data\clientes-1, topicId=acIfyUYGSZOo6zuLt2r7yQ, topic=clientes, partition=1, highWatermark=0, lastStableOffset=0, logStartOffset=0, logEndOffset=336) with 1 segments, local-log-start-offset 0 and log-end-offset 336 in 32ms (2/62 completed in C:\Users\maste\AppData\Local\obelie-kafka\data) (kafka.log.LogManager)
[2026-09-11 18:13:52,390] INFO [LogLoader partition=clientes-2, dir=C:\Users\maste\AppData\Local\obelie-kafka\data] Recovering unflushed segment 0. 0/1 recovered for clientes-2. (kafka.log.LogLoader)
[2026-09-11 18:13:52,390] INFO [LogLoader partition=clientes-2, dir=C:\Users\maste\AppData\Local\obelie-kafka\data] Loading producer state till offset 0 with message format version 2 (kafka.log.UnifiedLog$)
[2026-09-11 18:13:52,391] INFO [LogLoader partition=clientes-2, dir=C:\Users\maste\AppData\Local\obelie-kafka\data] Reloading from producer snapshot and rebuilding producer state from offset 0 (kafka.log.UnifiedLog$)
[2026-09-11 18:13:52,391] INFO [LogLoader partition=clientes-2, dir=C:\Users\maste\AppData\Local\obelie-kafka\data] Producer state recovery took 0ms for snapshot load and 0ms for segment recovery from offset 0 (kafka.log.UnifiedLog$)
[2026-09-11 18:13:52,402] INFO [ProducerStateManager partition=clientes-2] Wrote producer snapshot at offset 328 with 0 producer ids in 2 ms. (org.apache.kafka.storage.internals.log.ProducerStateManager)
[2026-09-11 18:13:52,409] INFO [LogLoader partition=clientes-2, dir=C:\Users\maste\AppData\Local\obelie-kafka\data] Loading producer state till offset 328 with message format version 2 (kafka.log.UnifiedLog$)
[2026-09-11 18:13:52,410] INFO [LogLoader partition=clientes-2, dir=C:\Users\maste\AppData\Local\obelie-kafka\data] Reloading from producer snapshot and rebuilding producer state from offset 328 (kafka.log.UnifiedLog$)
[2026-09-11 18:13:52,410] INFO [ProducerStateManager partition=clientes-2] Loading producer state from snapshot file 'SnapshotFile(offset=328, file=C:\Users\maste\AppData\Local\obelie-kafka\data\clientes-2\00000000000000000328.snapshot)' (org.apache.kafka.storage.internals.log.ProducerStateManager)
[2026-09-11 18:13:52,411] INFO [LogLoader partition=clientes-2, dir=C:\Users\maste\AppData\Local\obelie-kafka\data] Producer state recovery took 1ms for snapshot load and 0ms for segment recovery from offset 328 (kafka.log.UnifiedLog$)
[2026-09-11 18:13:52,413] INFO Completed load of Log(dir=C:\Users\maste\AppData\Local\obelie-kafka\data\clientes-2, topicId=acIfyUYGSZOo6zuLt2r7yQ, topic=clientes, partition=2, highWatermark=0, lastStableOffset=0, logStartOffset=0, logEndOffset=328) with 1 segments, local-log-start-offset 0 and log-end-offset 328 in 32ms (3/62 completed in C:\Users\maste\AppData\Local\obelie-kafka\data) (kafka.log.LogManager)
[2026-09-11 18:13:52,421] INFO [LogLoader partition=inventario-0, dir=C:\Users\maste\AppData\Local\obelie-kafka\data] Recovering unflushed segment 0. 0/1 recovered for inventario-0. (kafka.log.LogLoader)
[2026-09-11 18:13:52,422] INFO [LogLoader partition=inventario-0, dir=C:\Users\maste\AppData\Local\obelie-kafka\data] Loading producer state till offset 0 with message format version 2 (kafka.log.UnifiedLog$)
[2026-09-11 18:13:52,422] INFO [LogLoader partition=inventario-0, dir=C:\Users\maste\AppData\Local\obelie-kafka\data] Reloading from producer snapshot and rebuilding producer state from offset 0 (kafka.log.UnifiedLog$)
[2026-09-11 18:13:52,422] INFO [LogLoader partition=inventario-0, dir=C:\Users\maste\AppData\Local\obelie-kafka\data] Producer state recovery took 0ms for snapshot load and 0ms for segment recovery from offset 0 (kafka.log.UnifiedLog$)
[2026-09-11 18:13:52,435] INFO [ProducerStateManager partition=inventario-0] Wrote producer snapshot at offset 467 with 0 producer ids in 2 ms. (org.apache.kafka.storage.internals.log.ProducerStateManager)
[2026-09-11 18:13:52,439] INFO [LogLoader partition=inventario-0, dir=C:\Users\maste\AppData\Local\obelie-kafka\data] Loading producer state till offset 467 with message format version 2 (kafka.log.UnifiedLog$)
[2026-09-11 18:13:52,440] INFO [LogLoader partition=inventario-0, dir=C:\Users\maste\AppData\Local\obelie-kafka\data] Reloading from producer snapshot and rebuilding producer state from offset 467 (kafka.log.UnifiedLog$)
[2026-09-11 18:13:52,440] INFO [ProducerStateManager partition=inventario-0] Loading producer state from snapshot file 'SnapshotFile(offset=467, file=C:\Users\maste\AppData\Local\obelie-kafka\data\inventario-0\00000000000000000467.snapshot)' (org.apache.kafka.storage.internals.log.ProducerStateManager)
[2026-09-11 18:13:52,442] INFO [LogLoader partition=inventario-0, dir=C:\Users\maste\AppData\Local\obelie-kafka\data] Producer state recovery took 2ms for snapshot load and 0ms for segment recovery from offset 467 (kafka.log.UnifiedLog$)
[2026-09-11 18:13:52,443] INFO Completed load of Log(dir=C:\Users\maste\AppData\Local\obelie-kafka\data\inventario-0, topicId=DinLNn7VTO2rSTuU-r-ANw, topic=inventario, partition=0, highWatermark=0, lastStableOffset=0, logStartOffset=0, logEndOffset=467) with 1 segments, local-log-start-offset 0 and log-end-offset 467 in 29ms (4/62 completed in C:\Users\maste\AppData\Local\obelie-kafka\data) (kafka.log.LogManager)
[2026-09-11 18:13:52,452] INFO [LogLoader partition=inventario-1, dir=C:\Users\maste\AppData\Local\obelie-kafka\data] Recovering unflushed segment 0. 0/1 recovered for inventario-1. (kafka.log.LogLoader)
[2026-09-11 18:13:52,453] INFO [LogLoader partition=inventario-1, dir=C:\Users\maste\AppData\Local\obelie-kafka\data] Loading producer state till offset 0 with message format version 2 (kafka.log.UnifiedLog$)
[2026-09-11 18:13:52,453] INFO [LogLoader partition=inventario-1, dir=C:\Users\maste\AppData\Local\obelie-kafka\data] Reloading from producer snapshot and rebuilding producer state from offset 0 (kafka.log.UnifiedLog$)
[2026-09-11 18:13:52,454] INFO [LogLoader partition=inventario-1, dir=C:\Users\maste\AppData\Local\obelie-kafka\data] Producer state recovery took 0ms for snapshot load and 0ms for segment recovery from offset 0 (kafka.log.UnifiedLog$)
[2026-09-11 18:13:52,465] INFO [ProducerStateManager partition=inventario-1] Wrote producer snapshot at offset 308 with 0 producer ids in 2 ms. (org.apache.kafka.storage.internals.log.ProducerStateManager)
[2026-09-11 18:13:52,469] INFO [LogLoader partition=inventario-1, dir=C:\Users\maste\AppData\Local\obelie-kafka\data] Loading producer state till offset 308 with message format version 2 (kafka.log.UnifiedLog$)
[2026-09-11 18:13:52,469] INFO [LogLoader partition=inventario-1, dir=C:\Users\maste\AppData\Local\obelie-kafka\data] Reloading from producer snapshot and rebuilding producer state from offset 308 (kafka.log.UnifiedLog$)
[2026-09-11 18:13:52,469] INFO [ProducerStateManager partition=inventario-1] Loading producer state from snapshot file 'SnapshotFile(offset=308, file=C:\Users\maste\AppData\Local\obelie-kafka\data\inventario-1\00000000000000000308.snapshot)' (org.apache.kafka.storage.internals.log.ProducerStateManager)
[2026-09-11 18:13:52,471] INFO [LogLoader partition=inventario-1, dir=C:\Users\maste\AppData\Local\obelie-kafka\data] Producer state recovery took 2ms for snapshot load and 0ms for segment recovery from offset 308 (kafka.log.UnifiedLog$)
[2026-09-11 18:13:52,472] INFO Completed load of Log(dir=C:\Users\maste\AppData\Local\obelie-kafka\data\inventario-1, topicId=DinLNn7VTO2rSTuU-r-ANw, topic=inventario, partition=1, highWatermark=0, lastStableOffset=0, logStartOffset=0, logEndOffset=308) with 1 segments, local-log-start-offset 0 and log-end-offset 308 in 27ms (5/62 completed in C:\Users\maste\AppData\Local\obelie-kafka\data) (kafka.log.LogManager)
[2026-09-11 18:13:52,477] INFO [LogLoader partition=inventario-2, dir=C:\Users\maste\AppData\Local\obelie-kafka\data] Recovering unflushed segment 0. 0/1 recovered for inventario-2. (kafka.log.LogLoader)
[2026-09-11 18:13:52,478] INFO [LogLoader partition=inventario-2, dir=C:\Users\maste\AppData\Local\obelie-kafka\data] Loading producer state till offset 0 with message format version 2 (kafka.log.UnifiedLog$)
[2026-09-11 18:13:52,478] INFO [LogLoader partition=inventario-2, dir=C:\Users\maste\AppData\Local\obelie-kafka\data] Reloading from producer snapshot and rebuilding producer state from offset 0 (kafka.log.UnifiedLog$)
[2026-09-11 18:13:52,479] INFO [LogLoader partition=inventario-2, dir=C:\Users\maste\AppData\Local\obelie-kafka\data] Producer state recovery took 0ms for snapshot load and 0ms for segment recovery from offset 0 (kafka.log.UnifiedLog$)
[2026-09-11 18:13:52,488] INFO [ProducerStateManager partition=inventario-2] Wrote producer snapshot at offset 331 with 0 producer ids in 2 ms. (org.apache.kafka.storage.internals.log.ProducerStateManager)
[2026-09-11 18:13:52,493] INFO [LogLoader partition=inventario-2, dir=C:\Users\maste\AppData\Local\obelie-kafka\data] Loading producer state till offset 331 with message format version 2 (kafka.log.UnifiedLog$)
[2026-09-11 18:13:52,494] INFO [LogLoader partition=inventario-2, dir=C:\Users\maste\AppData\Local\obelie-kafka\data] Reloading from producer snapshot and rebuilding producer state from offset 331 (kafka.log.UnifiedLog$)
[2026-09-11 18:13:52,494] INFO [ProducerStateManager partition=inventario-2] Loading producer state from snapshot file 'SnapshotFile(offset=331, file=C:\Users\maste\AppData\Local\obelie-kafka\data\inventario-2\00000000000000000331.snapshot)' (org.apache.kafka.storage.internals.log.ProducerStateManager)
[2026-09-11 18:13:52,495] INFO [LogLoader partition=inventario-2, dir=C:\Users\maste\AppData\Local\obelie-kafka\data] Producer state recovery took 1ms for snapshot load and 0ms for segment recovery from offset 331 (kafka.log.UnifiedLog$)
[2026-09-11 18:13:52,497] INFO Completed load of Log(dir=C:\Users\maste\AppData\Local\obelie-kafka\data\inventario-2, topicId=DinLNn7VTO2rSTuU-r-ANw, topic=inventario, partition=2, highWatermark=0, lastStableOffset=0, logStartOffset=0, logEndOffset=331) with 1 segments, local-log-start-offset 0 and log-end-offset 331 in 25ms (6/62 completed in C:\Users\maste\AppData\Local\obelie-kafka\data) (kafka.log.LogManager)
[2026-09-11 18:13:52,513] INFO [LogLoader partition=pagos-0, dir=C:\Users\maste\AppData\Local\obelie-kafka\data] Recovering unflushed segment 0. 0/1 recovered for pagos-0. (kafka.log.LogLoader)
[2026-09-11 18:13:52,514] INFO [LogLoader partition=pagos-0, dir=C:\Users\maste\AppData\Local\obelie-kafka\data] Loading producer state till offset 0 with message format version 2 (kafka.log.UnifiedLog$)
[2026-09-11 18:13:52,514] INFO [LogLoader partition=pagos-0, dir=C:\Users\maste\AppData\Local\obelie-kafka\data] Reloading from producer snapshot and rebuilding producer state from offset 0 (kafka.log.UnifiedLog$)
[2026-09-11 18:13:52,515] INFO [LogLoader partition=pagos-0, dir=C:\Users\maste\AppData\Local\obelie-kafka\data] Producer state recovery took 0ms for snapshot load and 0ms for segment recovery from offset 0 (kafka.log.UnifiedLog$)
[2026-09-11 18:13:52,524] INFO [ProducerStateManager partition=pagos-0] Wrote producer snapshot at offset 373 with 0 producer ids in 2 ms. (org.apache.kafka.storage.internals.log.ProducerStateManager)
[2026-09-11 18:13:52,528] INFO [LogLoader partition=pagos-0, dir=C:\Users\maste\AppData\Local\obelie-kafka\data] Loading producer state till offset 373 with message format version 2 (kafka.log.UnifiedLog$)
[2026-09-11 18:13:52,528] INFO [LogLoader partition=pagos-0, dir=C:\Users\maste\AppData\Local\obelie-kafka\data] Reloading from producer snapshot and rebuilding producer state from offset 373 (kafka.log.UnifiedLog$)
[2026-09-11 18:13:52,529] INFO [ProducerStateManager partition=pagos-0] Loading producer state from snapshot file 'SnapshotFile(offset=373, file=C:\Users\maste\AppData\Local\obelie-kafka\data\pagos-0\00000000000000000373.snapshot)' (org.apache.kafka.storage.internals.log.ProducerStateManager)
[2026-09-11 18:13:52,530] INFO [LogLoader partition=pagos-0, dir=C:\Users\maste\AppData\Local\obelie-kafka\data] Producer state recovery took 2ms for snapshot load and 0ms for segment recovery from offset 373 (kafka.log.UnifiedLog$)
[2026-09-11 18:13:52,532] INFO Completed load of Log(dir=C:\Users\maste\AppData\Local\obelie-kafka\data\pagos-0, topicId=oy-NlgaYTQWc0xvS4pEr8w, topic=pagos, partition=0, highWatermark=0, lastStableOffset=0, logStartOffset=0, logEndOffset=373) with 1 segments, local-log-start-offset 0 and log-end-offset 373 in 33ms (7/62 completed in C:\Users\maste\AppData\Local\obelie-kafka\data) (kafka.log.LogManager)
[2026-09-11 18:13:52,539] INFO [LogLoader partition=pagos-1, dir=C:\Users\maste\AppData\Local\obelie-kafka\data] Recovering unflushed segment 0. 0/1 recovered for pagos-1. (kafka.log.LogLoader)
[2026-09-11 18:13:52,540] INFO [LogLoader partition=pagos-1, dir=C:\Users\maste\AppData\Local\obelie-kafka\data] Loading producer state till offset 0 with message format version 2 (kafka.log.UnifiedLog$)
[2026-09-11 18:13:52,540] INFO [LogLoader partition=pagos-1, dir=C:\Users\maste\AppData\Local\obelie-kafka\data] Reloading from producer snapshot and rebuilding producer state from offset 0 (kafka.log.UnifiedLog$)
[2026-09-11 18:13:52,541] INFO [LogLoader partition=pagos-1, dir=C:\Users\maste\AppData\Local\obelie-kafka\data] Producer state recovery took 0ms for snapshot load and 0ms for segment recovery from offset 0 (kafka.log.UnifiedLog$)
[2026-09-11 18:13:52,550] INFO [BrokerLifecycleManager id=1] Unable to register broker 1 because the controller returned error DUPLICATE_BROKER_REGISTRATION (kafka.server.BrokerLifecycleManager)
[2026-09-11 18:13:52,552] INFO [ProducerStateManager partition=pagos-1] Wrote producer snapshot at offset 391 with 0 producer ids in 2 ms. (org.apache.kafka.storage.internals.log.ProducerStateManager)
[2026-09-11 18:13:52,556] INFO [LogLoader partition=pagos-1, dir=C:\Users\maste\AppData\Local\obelie-kafka\data] Loading producer state till offset 391 with message format version 2 (kafka.log.UnifiedLog$)
[2026-09-11 18:13:52,557] INFO [LogLoader partition=pagos-1, dir=C:\Users\maste\AppData\Local\obelie-kafka\data] Reloading from producer snapshot and rebuilding producer state from offset 391 (kafka.log.UnifiedLog$)
[2026-09-11 18:13:52,557] INFO [ProducerStateManager partition=pagos-1] Loading producer state from snapshot file 'SnapshotFile(offset=391, file=C:\Users\maste\AppData\Local\obelie-kafka\data\pagos-1\00000000000000000391.snapshot)' (org.apache.kafka.storage.internals.log.ProducerStateManager)
[2026-09-11 18:13:52,558] INFO [LogLoader partition=pagos-1, dir=C:\Users\maste\AppData\Local\obelie-kafka\data] Producer state recovery took 1ms for snapshot load and 0ms for segment recovery from offset 391 (kafka.log.UnifiedLog$)
[2026-09-11 18:13:52,560] INFO Completed load of Log(dir=C:\Users\maste\AppData\Local\obelie-kafka\data\pagos-1, topicId=oy-NlgaYTQWc0xvS4pEr8w, topic=pagos, partition=1, highWatermark=0, lastStableOffset=0, logStartOffset=0, logEndOffset=391) with 1 segments, local-log-start-offset 0 and log-end-offset 391 in 28ms (8/62 completed in C:\Users\maste\AppData\Local\obelie-kafka\data) (kafka.log.LogManager)
[2026-09-11 18:13:52,566] INFO [LogLoader partition=pagos-2, dir=C:\Users\maste\AppData\Local\obelie-kafka\data] Recovering unflushed segment 0. 0/1 recovered for pagos-2. (kafka.log.LogLoader)
[2026-09-11 18:13:52,567] INFO [LogLoader partition=pagos-2, dir=C:\Users\maste\AppData\Local\obelie-kafka\data] Loading producer state till offset 0 with message format version 2 (kafka.log.UnifiedLog$)
[2026-09-11 18:13:52,568] INFO [LogLoader partition=pagos-2, dir=C:\Users\maste\AppData\Local\obelie-kafka\data] Reloading from producer snapshot and rebuilding producer state from offset 0 (kafka.log.UnifiedLog$)
[2026-09-11 18:13:52,568] INFO [LogLoader partition=pagos-2, dir=C:\Users\maste\AppData\Local\obelie-kafka\data] Producer state recovery took 0ms for snapshot load and 0ms for segment recovery from offset 0 (kafka.log.UnifiedLog$)
[2026-09-11 18:13:52,578] INFO [ProducerStateManager partition=pagos-2] Wrote producer snapshot at offset 359 with 0 producer ids in 2 ms. (org.apache.kafka.storage.internals.log.ProducerStateManager)
[2026-09-11 18:13:52,580] INFO [LogLoader partition=pagos-2, dir=C:\Users\maste\AppData\Local\obelie-kafka\data] Loading producer state till offset 359 with message format version 2 (kafka.log.UnifiedLog$)
[2026-09-11 18:13:52,581] INFO [LogLoader partition=pagos-2, dir=C:\Users\maste\AppData\Local\obelie-kafka\data] Reloading from producer snapshot and rebuilding producer state from offset 359 (kafka.log.UnifiedLog$)
[2026-09-11 18:13:52,581] INFO [ProducerStateManager partition=pagos-2] Loading producer state from snapshot file 'SnapshotFile(offset=359, file=C:\Users\maste\AppData\Local\obelie-kafka\data\pagos-2\00000000000000000359.snapshot)' (org.apache.kafka.storage.internals.log.ProducerStateManager)
[2026-09-11 18:13:52,583] INFO [LogLoader partition=pagos-2, dir=C:\Users\maste\AppData\Local\obelie-kafka\data] Producer state recovery took 2ms for snapshot load and 0ms for segment recovery from offset 359 (kafka.log.UnifiedLog$)
[2026-09-11 18:13:52,584] INFO Completed load of Log(dir=C:\Users\maste\AppData\Local\obelie-kafka\data\pagos-2, topicId=oy-NlgaYTQWc0xvS4pEr8w, topic=pagos, partition=2, highWatermark=0, lastStableOffset=0, logStartOffset=0, logEndOffset=359) with 1 segments, local-log-start-offset 0 and log-end-offset 359 in 25ms (9/62 completed in C:\Users\maste\AppData\Local\obelie-kafka\data) (kafka.log.LogManager)
[2026-09-11 18:13:52,590] INFO [LogLoader partition=ventas-0, dir=C:\Users\maste\AppData\Local\obelie-kafka\data] Recovering unflushed segment 0. 0/1 recovered for ventas-0. (kafka.log.LogLoader)
[2026-09-11 18:13:52,591] INFO [LogLoader partition=ventas-0, dir=C:\Users\maste\AppData\Local\obelie-kafka\data] Loading producer state till offset 0 with message format version 2 (kafka.log.UnifiedLog$)
[2026-09-11 18:13:52,591] INFO [LogLoader partition=ventas-0, dir=C:\Users\maste\AppData\Local\obelie-kafka\data] Reloading from producer snapshot and rebuilding producer state from offset 0 (kafka.log.UnifiedLog$)
[2026-09-11 18:13:52,592] INFO [LogLoader partition=ventas-0, dir=C:\Users\maste\AppData\Local\obelie-kafka\data] Producer state recovery took 0ms for snapshot load and 0ms for segment recovery from offset 0 (kafka.log.UnifiedLog$)
[2026-09-11 18:13:52,608] INFO [ProducerStateManager partition=ventas-0] Wrote producer snapshot at offset 373 with 0 producer ids in 1 ms. (org.apache.kafka.storage.internals.log.ProducerStateManager)
[2026-09-11 18:13:52,611] INFO [LogLoader partition=ventas-0, dir=C:\Users\maste\AppData\Local\obelie-kafka\data] Loading producer state till offset 373 with message format version 2 (kafka.log.UnifiedLog$)
[2026-09-11 18:13:52,611] INFO [LogLoader partition=ventas-0, dir=C:\Users\maste\AppData\Local\obelie-kafka\data] Reloading from producer snapshot and rebuilding producer state from offset 373 (kafka.log.UnifiedLog$)
[2026-09-11 18:13:52,612] INFO [ProducerStateManager partition=ventas-0] Loading producer state from snapshot file 'SnapshotFile(offset=373, file=C:\Users\maste\AppData\Local\obelie-kafka\data\ventas-0\00000000000000000373.snapshot)' (org.apache.kafka.storage.internals.log.ProducerStateManager)
[2026-09-11 18:13:52,612] INFO [LogLoader partition=ventas-0, dir=C:\Users\maste\AppData\Local\obelie-kafka\data] Producer state recovery took 0ms for snapshot load and 0ms for segment recovery from offset 373 (kafka.log.UnifiedLog$)
[2026-09-11 18:13:52,614] INFO Completed load of Log(dir=C:\Users\maste\AppData\Local\obelie-kafka\data\ventas-0, topicId=1M_agTPVRgSz32_SZVt2WA, topic=ventas, partition=0, highWatermark=0, lastStableOffset=0, logStartOffset=0, logEndOffset=373) with 1 segments, local-log-start-offset 0 and log-end-offset 373 in 29ms (10/62 completed in C:\Users\maste\AppData\Local\obelie-kafka\data) (kafka.log.LogManager)
[2026-09-11 18:13:52,618] INFO [LogLoader partition=ventas-1, dir=C:\Users\maste\AppData\Local\obelie-kafka\data] Recovering unflushed segment 0. 0/1 recovered for ventas-1. (kafka.log.LogLoader)
[2026-09-11 18:13:52,619] INFO [LogLoader partition=ventas-1, dir=C:\Users\maste\AppData\Local\obelie-kafka\data] Loading producer state till offset 0 with message format version 2 (kafka.log.UnifiedLog$)
[2026-09-11 18:13:52,620] INFO [LogLoader partition=ventas-1, dir=C:\Users\maste\AppData\Local\obelie-kafka\data] Reloading from producer snapshot and rebuilding producer state from offset 0 (kafka.log.UnifiedLog$)
[2026-09-11 18:13:52,620] INFO [LogLoader partition=ventas-1, dir=C:\Users\maste\AppData\Local\obelie-kafka\data] Producer state recovery took 0ms for snapshot load and 0ms for segment recovery from offset 0 (kafka.log.UnifiedLog$)
[2026-09-11 18:13:52,628] INFO [ProducerStateManager partition=ventas-1] Wrote producer snapshot at offset 391 with 0 producer ids in 2 ms. (org.apache.kafka.storage.internals.log.ProducerStateManager)
[2026-09-11 18:13:52,631] INFO [LogLoader partition=ventas-1, dir=C:\Users\maste\AppData\Local\obelie-kafka\data] Loading producer state till offset 391 with message format version 2 (kafka.log.UnifiedLog$)
[2026-09-11 18:13:52,632] INFO [LogLoader partition=ventas-1, dir=C:\Users\maste\AppData\Local\obelie-kafka\data] Reloading from producer snapshot and rebuilding producer state from offset 391 (kafka.log.UnifiedLog$)
[2026-09-11 18:13:52,632] INFO [ProducerStateManager partition=ventas-1] Loading producer state from snapshot file 'SnapshotFile(offset=391, file=C:\Users\maste\AppData\Local\obelie-kafka\data\ventas-1\00000000000000000391.snapshot)' (org.apache.kafka.storage.internals.log.ProducerStateManager)
[2026-09-11 18:13:52,633] INFO [LogLoader partition=ventas-1, dir=C:\Users\maste\AppData\Local\obelie-kafka\data] Producer state recovery took 1ms for snapshot load and 0ms for segment recovery from offset 391 (kafka.log.UnifiedLog$)
[2026-09-11 18:13:52,634] INFO Completed load of Log(dir=C:\Users\maste\AppData\Local\obelie-kafka\data\ventas-1, topicId=1M_agTPVRgSz32_SZVt2WA, topic=ventas, partition=1, highWatermark=0, lastStableOffset=0, logStartOffset=0, logEndOffset=391) with 1 segments, local-log-start-offset 0 and log-end-offset 391 in 21ms (11/62 completed in C:\Users\maste\AppData\Local\obelie-kafka\data) (kafka.log.LogManager)
[2026-09-11 18:13:52,639] INFO [LogLoader partition=ventas-2, dir=C:\Users\maste\AppData\Local\obelie-kafka\data] Recovering unflushed segment 0. 0/1 recovered for ventas-2. (kafka.log.LogLoader)
[2026-09-11 18:13:52,640] INFO [LogLoader partition=ventas-2, dir=C:\Users\maste\AppData\Local\obelie-kafka\data] Loading producer state till offset 0 with message format version 2 (kafka.log.UnifiedLog$)
[2026-09-11 18:13:52,640] INFO [LogLoader partition=ventas-2, dir=C:\Users\maste\AppData\Local\obelie-kafka\data] Reloading from producer snapshot and rebuilding producer state from offset 0 (kafka.log.UnifiedLog$)
[2026-09-11 18:13:52,640] INFO [LogLoader partition=ventas-2, dir=C:\Users\maste\AppData\Local\obelie-kafka\data] Producer state recovery took 0ms for snapshot load and 0ms for segment recovery from offset 0 (kafka.log.UnifiedLog$)
[2026-09-11 18:13:52,647] INFO [ProducerStateManager partition=ventas-2] Wrote producer snapshot at offset 359 with 0 producer ids in 1 ms. (org.apache.kafka.storage.internals.log.ProducerStateManager)
[2026-09-11 18:13:52,652] INFO [LogLoader partition=ventas-2, dir=C:\Users\maste\AppData\Local\obelie-kafka\data] Loading producer state till offset 359 with message format version 2 (kafka.log.UnifiedLog$)
[2026-09-11 18:13:52,652] INFO [LogLoader partition=ventas-2, dir=C:\Users\maste\AppData\Local\obelie-kafka\data] Reloading from producer snapshot and rebuilding producer state from offset 359 (kafka.log.UnifiedLog$)
[2026-09-11 18:13:52,652] INFO [ProducerStateManager partition=ventas-2] Loading producer state from snapshot file 'SnapshotFile(offset=359, file=C:\Users\maste\AppData\Local\obelie-kafka\data\ventas-2\00000000000000000359.snapshot)' (org.apache.kafka.storage.internals.log.ProducerStateManager)
[2026-09-11 18:13:52,653] INFO [LogLoader partition=ventas-2, dir=C:\Users\maste\AppData\Local\obelie-kafka\data] Producer state recovery took 1ms for snapshot load and 0ms for segment recovery from offset 359 (kafka.log.UnifiedLog$)
[2026-09-11 18:13:52,655] INFO Completed load of Log(dir=C:\Users\maste\AppData\Local\obelie-kafka\data\ventas-2, topicId=1M_agTPVRgSz32_SZVt2WA, topic=ventas, partition=2, highWatermark=0, lastStableOffset=0, logStartOffset=0, logEndOffset=359) with 1 segments, local-log-start-offset 0 and log-end-offset 359 in 19ms (12/62 completed in C:\Users\maste\AppData\Local\obelie-kafka\data) (kafka.log.LogManager)
[2026-09-11 18:13:52,658] INFO [LogLoader partition=__consumer_offsets-0, dir=C:\Users\maste\AppData\Local\obelie-kafka\data] Recovering unflushed segment 0. 0/1 recovered for __consumer_offsets-0. (kafka.log.LogLoader)
[2026-09-11 18:13:52,659] INFO [LogLoader partition=__consumer_offsets-0, dir=C:\Users\maste\AppData\Local\obelie-kafka\data] Loading producer state till offset 0 with message format version 2 (kafka.log.UnifiedLog$)
[2026-09-11 18:13:52,659] INFO [LogLoader partition=__consumer_offsets-0, dir=C:\Users\maste\AppData\Local\obelie-kafka\data] Reloading from producer snapshot and rebuilding producer state from offset 0 (kafka.log.UnifiedLog$)
[2026-09-11 18:13:52,659] INFO [LogLoader partition=__consumer_offsets-0, dir=C:\Users\maste\AppData\Local\obelie-kafka\data] Producer state recovery took 0ms for snapshot load and 0ms for segment recovery from offset 0 (kafka.log.UnifiedLog$)
[2026-09-11 18:13:52,666] INFO [LogLoader partition=__consumer_offsets-0, dir=C:\Users\maste\AppData\Local\obelie-kafka\data] Loading producer state till offset 0 with message format version 2 (kafka.log.UnifiedLog$)
[2026-09-11 18:13:52,666] INFO [LogLoader partition=__consumer_offsets-0, dir=C:\Users\maste\AppData\Local\obelie-kafka\data] Reloading from producer snapshot and rebuilding producer state from offset 0 (kafka.log.UnifiedLog$)
[2026-09-11 18:13:52,666] INFO [LogLoader partition=__consumer_offsets-0, dir=C:\Users\maste\AppData\Local\obelie-kafka\data] Producer state recovery took 0ms for snapshot load and 0ms for segment recovery from offset 0 (kafka.log.UnifiedLog$)
[2026-09-11 18:13:52,668] INFO Completed load of Log(dir=C:\Users\maste\AppData\Local\obelie-kafka\data\__consumer_offsets-0, topicId=9BhUOJnTRDu9E7TVekI1EQ, topic=__consumer_offsets, partition=0, highWatermark=0, lastStableOffset=0, logStartOffset=0, logEndOffset=0) with 1 segments, local-log-start-offset 0 and log-end-offset 0 in 13ms (13/62 completed in C:\Users\maste\AppData\Local\obelie-kafka\data) (kafka.log.LogManager)
[2026-09-11 18:13:52,673] INFO [LogLoader partition=__consumer_offsets-1, dir=C:\Users\maste\AppData\Local\obelie-kafka\data] Recovering unflushed segment 0. 0/1 recovered for __consumer_offsets-1. (kafka.log.LogLoader)
[2026-09-11 18:13:52,673] INFO [LogLoader partition=__consumer_offsets-1, dir=C:\Users\maste\AppData\Local\obelie-kafka\data] Loading producer state till offset 0 with message format version 2 (kafka.log.UnifiedLog$)
[2026-09-11 18:13:52,674] INFO [LogLoader partition=__consumer_offsets-1, dir=C:\Users\maste\AppData\Local\obelie-kafka\data] Reloading from producer snapshot and rebuilding producer state from offset 0 (kafka.log.UnifiedLog$)
[2026-09-11 18:13:52,674] INFO [LogLoader partition=__consumer_offsets-1, dir=C:\Users\maste\AppData\Local\obelie-kafka\data] Producer state recovery took 0ms for snapshot load and 0ms for segment recovery from offset 0 (kafka.log.UnifiedLog$)
[2026-09-11 18:13:52,678] INFO [LogLoader partition=__consumer_offsets-1, dir=C:\Users\maste\AppData\Local\obelie-kafka\data] Loading producer state till offset 0 with message format version 2 (kafka.log.UnifiedLog$)
[2026-09-11 18:13:52,678] INFO [LogLoader partition=__consumer_offsets-1, dir=C:\Users\maste\AppData\Local\obelie-kafka\data] Reloading from producer snapshot and rebuilding producer state from offset 0 (kafka.log.UnifiedLog$)
[2026-09-11 18:13:52,679] INFO [LogLoader partition=__consumer_offsets-1, dir=C:\Users\maste\AppData\Local\obelie-kafka\data] Producer state recovery took 0ms for snapshot load and 1ms for segment recovery from offset 0 (kafka.log.UnifiedLog$)
[2026-09-11 18:13:52,680] INFO Completed load of Log(dir=C:\Users\maste\AppData\Local\obelie-kafka\data\__consumer_offsets-1, topicId=9BhUOJnTRDu9E7TVekI1EQ, topic=__consumer_offsets, partition=1, highWatermark=0, lastStableOffset=0, logStartOffset=0, logEndOffset=0) with 1 segments, local-log-start-offset 0 and log-end-offset 0 in 11ms (14/62 completed in C:\Users\maste\AppData\Local\obelie-kafka\data) (kafka.log.LogManager)
[2026-09-11 18:13:52,684] INFO [LogLoader partition=__consumer_offsets-10, dir=C:\Users\maste\AppData\Local\obelie-kafka\data] Recovering unflushed segment 0. 0/1 recovered for __consumer_offsets-10. (kafka.log.LogLoader)
[2026-09-11 18:13:52,685] INFO [LogLoader partition=__consumer_offsets-10, dir=C:\Users\maste\AppData\Local\obelie-kafka\data] Loading producer state till offset 0 with message format version 2 (kafka.log.UnifiedLog$)
[2026-09-11 18:13:52,685] INFO [LogLoader partition=__consumer_offsets-10, dir=C:\Users\maste\AppData\Local\obelie-kafka\data] Reloading from producer snapshot and rebuilding producer state from offset 0 (kafka.log.UnifiedLog$)
[2026-09-11 18:13:52,686] INFO [LogLoader partition=__consumer_offsets-10, dir=C:\Users\maste\AppData\Local\obelie-kafka\data] Producer state recovery took 0ms for snapshot load and 0ms for segment recovery from offset 0 (kafka.log.UnifiedLog$)
[2026-09-11 18:13:52,690] INFO [LogLoader partition=__consumer_offsets-10, dir=C:\Users\maste\AppData\Local\obelie-kafka\data] Loading producer state till offset 0 with message format version 2 (kafka.log.UnifiedLog$)
[2026-09-11 18:13:52,690] INFO [LogLoader partition=__consumer_offsets-10, dir=C:\Users\maste\AppData\Local\obelie-kafka\data] Reloading from producer snapshot and rebuilding producer state from offset 0 (kafka.log.UnifiedLog$)
[2026-09-11 18:13:52,691] INFO [LogLoader partition=__consumer_offsets-10, dir=C:\Users\maste\AppData\Local\obelie-kafka\data] Producer state recovery took 0ms for snapshot load and 0ms for segment recovery from offset 0 (kafka.log.UnifiedLog$)
[2026-09-11 18:13:52,693] INFO Completed load of Log(dir=C:\Users\maste\AppData\Local\obelie-kafka\data\__consumer_offsets-10, topicId=9BhUOJnTRDu9E7TVekI1EQ, topic=__consumer_offsets, partition=10, highWatermark=0, lastStableOffset=0, logStartOffset=0, logEndOffset=0) with 1 segments, local-log-start-offset 0 and log-end-offset 0 in 12ms (15/62 completed in C:\Users\maste\AppData\Local\obelie-kafka\data) (kafka.log.LogManager)
[2026-09-11 18:13:52,697] INFO [LogLoader partition=__consumer_offsets-11, dir=C:\Users\maste\AppData\Local\obelie-kafka\data] Recovering unflushed segment 0. 0/1 recovered for __consumer_offsets-11. (kafka.log.LogLoader)
[2026-09-11 18:13:52,698] INFO [LogLoader partition=__consumer_offsets-11, dir=C:\Users\maste\AppData\Local\obelie-kafka\data] Loading producer state till offset 0 with message format version 2 (kafka.log.UnifiedLog$)
[2026-09-11 18:13:52,698] INFO [LogLoader partition=__consumer_offsets-11, dir=C:\Users\maste\AppData\Local\obelie-kafka\data] Reloading from producer snapshot and rebuilding producer state from offset 0 (kafka.log.UnifiedLog$)
[2026-09-11 18:13:52,698] INFO [LogLoader partition=__consumer_offsets-11, dir=C:\Users\maste\AppData\Local\obelie-kafka\data] Producer state recovery took 0ms for snapshot load and 0ms for segment recovery from offset 0 (kafka.log.UnifiedLog$)
[2026-09-11 18:13:52,705] INFO [ProducerStateManager partition=__consumer_offsets-11] Wrote producer snapshot at offset 1537 with 0 producer ids in 2 ms. (org.apache.kafka.storage.internals.log.ProducerStateManager)
[2026-09-11 18:13:52,708] INFO [LogLoader partition=__consumer_offsets-11, dir=C:\Users\maste\AppData\Local\obelie-kafka\data] Loading producer state till offset 1537 with message format version 2 (kafka.log.UnifiedLog$)
[2026-09-11 18:13:52,708] INFO [LogLoader partition=__consumer_offsets-11, dir=C:\Users\maste\AppData\Local\obelie-kafka\data] Reloading from producer snapshot and rebuilding producer state from offset 1537 (kafka.log.UnifiedLog$)
[2026-09-11 18:13:52,708] INFO [ProducerStateManager partition=__consumer_offsets-11] Loading producer state from snapshot file 'SnapshotFile(offset=1537, file=C:\Users\maste\AppData\Local\obelie-kafka\data\__consumer_offsets-11\00000000000000001537.snapshot)' (org.apache.kafka.storage.internals.log.ProducerStateManager)
[2026-09-11 18:13:52,709] INFO [LogLoader partition=__consumer_offsets-11, dir=C:\Users\maste\AppData\Local\obelie-kafka\data] Producer state recovery took 1ms for snapshot load and 0ms for segment recovery from offset 1537 (kafka.log.UnifiedLog$)
[2026-09-11 18:13:52,710] INFO Completed load of Log(dir=C:\Users\maste\AppData\Local\obelie-kafka\data\__consumer_offsets-11, topicId=9BhUOJnTRDu9E7TVekI1EQ, topic=__consumer_offsets, partition=11, highWatermark=0, lastStableOffset=0, logStartOffset=0, logEndOffset=1537) with 1 segments, local-log-start-offset 0 and log-end-offset 1537 in 18ms (16/62 completed in C:\Users\maste\AppData\Local\obelie-kafka\data) (kafka.log.LogManager)
[2026-09-11 18:13:52,714] INFO [LogLoader partition=__consumer_offsets-12, dir=C:\Users\maste\AppData\Local\obelie-kafka\data] Recovering unflushed segment 0. 0/1 recovered for __consumer_offsets-12. (kafka.log.LogLoader)
[2026-09-11 18:13:52,715] INFO [LogLoader partition=__consumer_offsets-12, dir=C:\Users\maste\AppData\Local\obelie-kafka\data] Loading producer state till offset 0 with message format version 2 (kafka.log.UnifiedLog$)
[2026-09-11 18:13:52,715] INFO [LogLoader partition=__consumer_offsets-12, dir=C:\Users\maste\AppData\Local\obelie-kafka\data] Reloading from producer snapshot and rebuilding producer state from offset 0 (kafka.log.UnifiedLog$)
[2026-09-11 18:13:52,716] INFO [LogLoader partition=__consumer_offsets-12, dir=C:\Users\maste\AppData\Local\obelie-kafka\data] Producer state recovery took 0ms for snapshot load and 0ms for segment recovery from offset 0 (kafka.log.UnifiedLog$)
[2026-09-11 18:13:52,720] INFO [LogLoader partition=__consumer_offsets-12, dir=C:\Users\maste\AppData\Local\obelie-kafka\data] Loading producer state till offset 0 with message format version 2 (kafka.log.UnifiedLog$)
[2026-09-11 18:13:52,720] INFO [LogLoader partition=__consumer_offsets-12, dir=C:\Users\maste\AppData\Local\obelie-kafka\data] Reloading from producer snapshot and rebuilding producer state from offset 0 (kafka.log.UnifiedLog$)
[2026-09-11 18:13:52,720] INFO [LogLoader partition=__consumer_offsets-12, dir=C:\Users\maste\AppData\Local\obelie-kafka\data] Producer state recovery took 0ms for snapshot load and 0ms for segment recovery from offset 0 (kafka.log.UnifiedLog$)
[2026-09-11 18:13:52,722] INFO Completed load of Log(dir=C:\Users\maste\AppData\Local\obelie-kafka\data\__consumer_offsets-12, topicId=9BhUOJnTRDu9E7TVekI1EQ, topic=__consumer_offsets, partition=12, highWatermark=0, lastStableOffset=0, logStartOffset=0, logEndOffset=0) with 1 segments, local-log-start-offset 0 and log-end-offset 0 in 11ms (17/62 completed in C:\Users\maste\AppData\Local\obelie-kafka\data) (kafka.log.LogManager)
[2026-09-11 18:13:52,726] INFO [LogLoader partition=__consumer_offsets-13, dir=C:\Users\maste\AppData\Local\obelie-kafka\data] Recovering unflushed segment 0. 0/1 recovered for __consumer_offsets-13. (kafka.log.LogLoader)
[2026-09-11 18:13:52,727] INFO [LogLoader partition=__consumer_offsets-13, dir=C:\Users\maste\AppData\Local\obelie-kafka\data] Loading producer state till offset 0 with message format version 2 (kafka.log.UnifiedLog$)
[2026-09-11 18:13:52,727] INFO [LogLoader partition=__consumer_offsets-13, dir=C:\Users\maste\AppData\Local\obelie-kafka\data] Reloading from producer snapshot and rebuilding producer state from offset 0 (kafka.log.UnifiedLog$)
[2026-09-11 18:13:52,728] INFO [LogLoader partition=__consumer_offsets-13, dir=C:\Users\maste\AppData\Local\obelie-kafka\data] Producer state recovery took 0ms for snapshot load and 0ms for segment recovery from offset 0 (kafka.log.UnifiedLog$)
[2026-09-11 18:13:52,731] INFO [LogLoader partition=__consumer_offsets-13, dir=C:\Users\maste\AppData\Local\obelie-kafka\data] Loading producer state till offset 0 with message format version 2 (kafka.log.UnifiedLog$)
[2026-09-11 18:13:52,731] INFO [LogLoader partition=__consumer_offsets-13, dir=C:\Users\maste\AppData\Local\obelie-kafka\data] Reloading from producer snapshot and rebuilding producer state from offset 0 (kafka.log.UnifiedLog$)
[2026-09-11 18:13:52,731] INFO [LogLoader partition=__consumer_offsets-13, dir=C:\Users\maste\AppData\Local\obelie-kafka\data] Producer state recovery took 0ms for snapshot load and 0ms for segment recovery from offset 0 (kafka.log.UnifiedLog$)
[2026-09-11 18:13:52,734] INFO Completed load of Log(dir=C:\Users\maste\AppData\Local\obelie-kafka\data\__consumer_offsets-13, topicId=9BhUOJnTRDu9E7TVekI1EQ, topic=__consumer_offsets, partition=13, highWatermark=0, lastStableOffset=0, logStartOffset=0, logEndOffset=0) with 1 segments, local-log-start-offset 0 and log-end-offset 0 in 10ms (18/62 completed in C:\Users\maste\AppData\Local\obelie-kafka\data) (kafka.log.LogManager)
[2026-09-11 18:13:52,737] INFO [LogLoader partition=__consumer_offsets-14, dir=C:\Users\maste\AppData\Local\obelie-kafka\data] Recovering unflushed segment 0. 0/1 recovered for __consumer_offsets-14. (kafka.log.LogLoader)
[2026-09-11 18:13:52,738] INFO [LogLoader partition=__consumer_offsets-14, dir=C:\Users\maste\AppData\Local\obelie-kafka\data] Loading producer state till offset 0 with message format version 2 (kafka.log.UnifiedLog$)
[2026-09-11 18:13:52,738] INFO [LogLoader partition=__consumer_offsets-14, dir=C:\Users\maste\AppData\Local\obelie-kafka\data] Reloading from producer snapshot and rebuilding producer state from offset 0 (kafka.log.UnifiedLog$)
[2026-09-11 18:13:52,738] INFO [LogLoader partition=__consumer_offsets-14, dir=C:\Users\maste\AppData\Local\obelie-kafka\data] Producer state recovery took 0ms for snapshot load and 0ms for segment recovery from offset 0 (kafka.log.UnifiedLog$)
[2026-09-11 18:13:52,742] INFO [LogLoader partition=__consumer_offsets-14, dir=C:\Users\maste\AppData\Local\obelie-kafka\data] Loading producer state till offset 0 with message format version 2 (kafka.log.UnifiedLog$)
[2026-09-11 18:13:52,742] INFO [LogLoader partition=__consumer_offsets-14, dir=C:\Users\maste\AppData\Local\obelie-kafka\data] Reloading from producer snapshot and rebuilding producer state from offset 0 (kafka.log.UnifiedLog$)
[2026-09-11 18:13:52,742] INFO [LogLoader partition=__consumer_offsets-14, dir=C:\Users\maste\AppData\Local\obelie-kafka\data] Producer state recovery took 0ms for snapshot load and 0ms for segment recovery from offset 0 (kafka.log.UnifiedLog$)
[2026-09-11 18:13:52,743] INFO Completed load of Log(dir=C:\Users\maste\AppData\Local\obelie-kafka\data\__consumer_offsets-14, topicId=9BhUOJnTRDu9E7TVekI1EQ, topic=__consumer_offsets, partition=14, highWatermark=0, lastStableOffset=0, logStartOffset=0, logEndOffset=0) with 1 segments, local-log-start-offset 0 and log-end-offset 0 in 10ms (19/62 completed in C:\Users\maste\AppData\Local\obelie-kafka\data) (kafka.log.LogManager)
[2026-09-11 18:13:52,747] INFO [LogLoader partition=__consumer_offsets-15, dir=C:\Users\maste\AppData\Local\obelie-kafka\data] Recovering unflushed segment 0. 0/1 recovered for __consumer_offsets-15. (kafka.log.LogLoader)
[2026-09-11 18:13:52,748] INFO [LogLoader partition=__consumer_offsets-15, dir=C:\Users\maste\AppData\Local\obelie-kafka\data] Loading producer state till offset 0 with message format version 2 (kafka.log.UnifiedLog$)
[2026-09-11 18:13:52,748] INFO [LogLoader partition=__consumer_offsets-15, dir=C:\Users\maste\AppData\Local\obelie-kafka\data] Reloading from producer snapshot and rebuilding producer state from offset 0 (kafka.log.UnifiedLog$)
[2026-09-11 18:13:52,748] INFO [LogLoader partition=__consumer_offsets-15, dir=C:\Users\maste\AppData\Local\obelie-kafka\data] Producer state recovery took 0ms for snapshot load and 0ms for segment recovery from offset 0 (kafka.log.UnifiedLog$)
[2026-09-11 18:13:52,754] INFO [LogLoader partition=__consumer_offsets-15, dir=C:\Users\maste\AppData\Local\obelie-kafka\data] Loading producer state till offset 0 with message format version 2 (kafka.log.UnifiedLog$)
[2026-09-11 18:13:52,754] INFO [LogLoader partition=__consumer_offsets-15, dir=C:\Users\maste\AppData\Local\obelie-kafka\data] Reloading from producer snapshot and rebuilding producer state from offset 0 (kafka.log.UnifiedLog$)
[2026-09-11 18:13:52,754] INFO [LogLoader partition=__consumer_offsets-15, dir=C:\Users\maste\AppData\Local\obelie-kafka\data] Producer state recovery took 0ms for snapshot load and 0ms for segment recovery from offset 0 (kafka.log.UnifiedLog$)
[2026-09-11 18:13:52,756] INFO Completed load of Log(dir=C:\Users\maste\AppData\Local\obelie-kafka\data\__consumer_offsets-15, topicId=9BhUOJnTRDu9E7TVekI1EQ, topic=__consumer_offsets, partition=15, highWatermark=0, lastStableOffset=0, logStartOffset=0, logEndOffset=0) with 1 segments, local-log-start-offset 0 and log-end-offset 0 in 12ms (20/62 completed in C:\Users\maste\AppData\Local\obelie-kafka\data) (kafka.log.LogManager)
[2026-09-11 18:13:52,760] INFO [LogLoader partition=__consumer_offsets-16, dir=C:\Users\maste\AppData\Local\obelie-kafka\data] Recovering unflushed segment 0. 0/1 recovered for __consumer_offsets-16. (kafka.log.LogLoader)
[2026-09-11 18:13:52,762] INFO [LogLoader partition=__consumer_offsets-16, dir=C:\Users\maste\AppData\Local\obelie-kafka\data] Loading producer state till offset 0 with message format version 2 (kafka.log.UnifiedLog$)
[2026-09-11 18:13:52,762] INFO [LogLoader partition=__consumer_offsets-16, dir=C:\Users\maste\AppData\Local\obelie-kafka\data] Reloading from producer snapshot and rebuilding producer state from offset 0 (kafka.log.UnifiedLog$)
[2026-09-11 18:13:52,762] INFO [LogLoader partition=__consumer_offsets-16, dir=C:\Users\maste\AppData\Local\obelie-kafka\data] Producer state recovery took 0ms for snapshot load and 0ms for segment recovery from offset 0 (kafka.log.UnifiedLog$)
[2026-09-11 18:13:52,767] INFO [LogLoader partition=__consumer_offsets-16, dir=C:\Users\maste\AppData\Local\obelie-kafka\data] Loading producer state till offset 0 with message format version 2 (kafka.log.UnifiedLog$)
[2026-09-11 18:13:52,768] INFO [LogLoader partition=__consumer_offsets-16, dir=C:\Users\maste\AppData\Local\obelie-kafka\data] Reloading from producer snapshot and rebuilding producer state from offset 0 (kafka.log.UnifiedLog$)
[2026-09-11 18:13:52,768] INFO [LogLoader partition=__consumer_offsets-16, dir=C:\Users\maste\AppData\Local\obelie-kafka\data] Producer state recovery took 0ms for snapshot load and 0ms for segment recovery from offset 0 (kafka.log.UnifiedLog$)
[2026-09-11 18:13:52,771] INFO Completed load of Log(dir=C:\Users\maste\AppData\Local\obelie-kafka\data\__consumer_offsets-16, topicId=9BhUOJnTRDu9E7TVekI1EQ, topic=__consumer_offsets, partition=16, highWatermark=0, lastStableOffset=0, logStartOffset=0, logEndOffset=0) with 1 segments, local-log-start-offset 0 and log-end-offset 0 in 15ms (21/62 completed in C:\Users\maste\AppData\Local\obelie-kafka\data) (kafka.log.LogManager)
[2026-09-11 18:13:52,774] INFO [LogLoader partition=__consumer_offsets-17, dir=C:\Users\maste\AppData\Local\obelie-kafka\data] Recovering unflushed segment 0. 0/1 recovered for __consumer_offsets-17. (kafka.log.LogLoader)
[2026-09-11 18:13:52,775] INFO [LogLoader partition=__consumer_offsets-17, dir=C:\Users\maste\AppData\Local\obelie-kafka\data] Loading producer state till offset 0 with message format version 2 (kafka.log.UnifiedLog$)
[2026-09-11 18:13:52,775] INFO [LogLoader partition=__consumer_offsets-17, dir=C:\Users\maste\AppData\Local\obelie-kafka\data] Reloading from producer snapshot and rebuilding producer state from offset 0 (kafka.log.UnifiedLog$)
[2026-09-11 18:13:52,776] INFO [LogLoader partition=__consumer_offsets-17, dir=C:\Users\maste\AppData\Local\obelie-kafka\data] Producer state recovery took 0ms for snapshot load and 0ms for segment recovery from offset 0 (kafka.log.UnifiedLog$)
[2026-09-11 18:13:52,782] INFO [LogLoader partition=__consumer_offsets-17, dir=C:\Users\maste\AppData\Local\obelie-kafka\data] Loading producer state till offset 0 with message format version 2 (kafka.log.UnifiedLog$)
[2026-09-11 18:13:52,782] INFO [LogLoader partition=__consumer_offsets-17, dir=C:\Users\maste\AppData\Local\obelie-kafka\data] Reloading from producer snapshot and rebuilding producer state from offset 0 (kafka.log.UnifiedLog$)
[2026-09-11 18:13:52,783] INFO [LogLoader partition=__consumer_offsets-17, dir=C:\Users\maste\AppData\Local\obelie-kafka\data] Producer state recovery took 0ms for snapshot load and 0ms for segment recovery from offset 0 (kafka.log.UnifiedLog$)
[2026-09-11 18:13:52,785] INFO Completed load of Log(dir=C:\Users\maste\AppData\Local\obelie-kafka\data\__consumer_offsets-17, topicId=9BhUOJnTRDu9E7TVekI1EQ, topic=__consumer_offsets, partition=17, highWatermark=0, lastStableOffset=0, logStartOffset=0, logEndOffset=0) with 1 segments, local-log-start-offset 0 and log-end-offset 0 in 14ms (22/62 completed in C:\Users\maste\AppData\Local\obelie-kafka\data) (kafka.log.LogManager)
[2026-09-11 18:13:52,792] INFO [LogLoader partition=__consumer_offsets-18, dir=C:\Users\maste\AppData\Local\obelie-kafka\data] Recovering unflushed segment 0. 0/1 recovered for __consumer_offsets-18. (kafka.log.LogLoader)
[2026-09-11 18:13:52,793] INFO [LogLoader partition=__consumer_offsets-18, dir=C:\Users\maste\AppData\Local\obelie-kafka\data] Loading producer state till offset 0 with message format version 2 (kafka.log.UnifiedLog$)
[2026-09-11 18:13:52,793] INFO [LogLoader partition=__consumer_offsets-18, dir=C:\Users\maste\AppData\Local\obelie-kafka\data] Reloading from producer snapshot and rebuilding producer state from offset 0 (kafka.log.UnifiedLog$)
[2026-09-11 18:13:52,793] INFO [LogLoader partition=__consumer_offsets-18, dir=C:\Users\maste\AppData\Local\obelie-kafka\data] Producer state recovery took 0ms for snapshot load and 0ms for segment recovery from offset 0 (kafka.log.UnifiedLog$)
[2026-09-11 18:13:52,798] INFO [LogLoader partition=__consumer_offsets-18, dir=C:\Users\maste\AppData\Local\obelie-kafka\data] Loading producer state till offset 0 with message format version 2 (kafka.log.UnifiedLog$)
[2026-09-11 18:13:52,798] INFO [LogLoader partition=__consumer_offsets-18, dir=C:\Users\maste\AppData\Local\obelie-kafka\data] Reloading from producer snapshot and rebuilding producer state from offset 0 (kafka.log.UnifiedLog$)
[2026-09-11 18:13:52,799] INFO [LogLoader partition=__consumer_offsets-18, dir=C:\Users\maste\AppData\Local\obelie-kafka\data] Producer state recovery took 0ms for snapshot load and 0ms for segment recovery from offset 0 (kafka.log.UnifiedLog$)
[2026-09-11 18:13:52,801] INFO Completed load of Log(dir=C:\Users\maste\AppData\Local\obelie-kafka\data\__consumer_offsets-18, topicId=9BhUOJnTRDu9E7TVekI1EQ, topic=__consumer_offsets, partition=18, highWatermark=0, lastStableOffset=0, logStartOffset=0, logEndOffset=0) with 1 segments, local-log-start-offset 0 and log-end-offset 0 in 14ms (23/62 completed in C:\Users\maste\AppData\Local\obelie-kafka\data) (kafka.log.LogManager)
[2026-09-11 18:13:52,805] INFO [LogLoader partition=__consumer_offsets-19, dir=C:\Users\maste\AppData\Local\obelie-kafka\data] Recovering unflushed segment 0. 0/1 recovered for __consumer_offsets-19. (kafka.log.LogLoader)
[2026-09-11 18:13:52,806] INFO [LogLoader partition=__consumer_offsets-19, dir=C:\Users\maste\AppData\Local\obelie-kafka\data] Loading producer state till offset 0 with message format version 2 (kafka.log.UnifiedLog$)
[2026-09-11 18:13:52,806] INFO [LogLoader partition=__consumer_offsets-19, dir=C:\Users\maste\AppData\Local\obelie-kafka\data] Reloading from producer snapshot and rebuilding producer state from offset 0 (kafka.log.UnifiedLog$)
[2026-09-11 18:13:52,807] INFO [LogLoader partition=__consumer_offsets-19, dir=C:\Users\maste\AppData\Local\obelie-kafka\data] Producer state recovery took 0ms for snapshot load and 0ms for segment recovery from offset 0 (kafka.log.UnifiedLog$)
[2026-09-11 18:13:52,813] INFO [LogLoader partition=__consumer_offsets-19, dir=C:\Users\maste\AppData\Local\obelie-kafka\data] Loading producer state till offset 0 with message format version 2 (kafka.log.UnifiedLog$)
[2026-09-11 18:13:52,813] INFO [LogLoader partition=__consumer_offsets-19, dir=C:\Users\maste\AppData\Local\obelie-kafka\data] Reloading from producer snapshot and rebuilding producer state from offset 0 (kafka.log.UnifiedLog$)
[2026-09-11 18:13:52,813] INFO [LogLoader partition=__consumer_offsets-19, dir=C:\Users\maste\AppData\Local\obelie-kafka\data] Producer state recovery took 0ms for snapshot load and 0ms for segment recovery from offset 0 (kafka.log.UnifiedLog$)
[2026-09-11 18:13:52,815] INFO Completed load of Log(dir=C:\Users\maste\AppData\Local\obelie-kafka\data\__consumer_offsets-19, topicId=9BhUOJnTRDu9E7TVekI1EQ, topic=__consumer_offsets, partition=19, highWatermark=0, lastStableOffset=0, logStartOffset=0, logEndOffset=0) with 1 segments, local-log-start-offset 0 and log-end-offset 0 in 14ms (24/62 completed in C:\Users\maste\AppData\Local\obelie-kafka\data) (kafka.log.LogManager)
[2026-09-11 18:13:52,824] INFO [LogLoader partition=__consumer_offsets-2, dir=C:\Users\maste\AppData\Local\obelie-kafka\data] Recovering unflushed segment 0. 0/1 recovered for __consumer_offsets-2. (kafka.log.LogLoader)
[2026-09-11 18:13:52,825] INFO [LogLoader partition=__consumer_offsets-2, dir=C:\Users\maste\AppData\Local\obelie-kafka\data] Loading producer state till offset 0 with message format version 2 (kafka.log.UnifiedLog$)
[2026-09-11 18:13:52,825] INFO [LogLoader partition=__consumer_offsets-2, dir=C:\Users\maste\AppData\Local\obelie-kafka\data] Reloading from producer snapshot and rebuilding producer state from offset 0 (kafka.log.UnifiedLog$)
[2026-09-11 18:13:52,826] INFO [LogLoader partition=__consumer_offsets-2, dir=C:\Users\maste\AppData\Local\obelie-kafka\data] Producer state recovery took 0ms for snapshot load and 0ms for segment recovery from offset 0 (kafka.log.UnifiedLog$)
[2026-09-11 18:13:52,835] INFO [LogLoader partition=__consumer_offsets-2, dir=C:\Users\maste\AppData\Local\obelie-kafka\data] Loading producer state till offset 0 with message format version 2 (kafka.log.UnifiedLog$)
[2026-09-11 18:13:52,835] INFO [LogLoader partition=__consumer_offsets-2, dir=C:\Users\maste\AppData\Local\obelie-kafka\data] Reloading from producer snapshot and rebuilding producer state from offset 0 (kafka.log.UnifiedLog$)
[2026-09-11 18:13:52,836] INFO [LogLoader partition=__consumer_offsets-2, dir=C:\Users\maste\AppData\Local\obelie-kafka\data] Producer state recovery took 0ms for snapshot load and 0ms for segment recovery from offset 0 (kafka.log.UnifiedLog$)
[2026-09-11 18:13:52,838] INFO Completed load of Log(dir=C:\Users\maste\AppData\Local\obelie-kafka\data\__consumer_offsets-2, topicId=9BhUOJnTRDu9E7TVekI1EQ, topic=__consumer_offsets, partition=2, highWatermark=0, lastStableOffset=0, logStartOffset=0, logEndOffset=0) with 1 segments, local-log-start-offset 0 and log-end-offset 0 in 22ms (25/62 completed in C:\Users\maste\AppData\Local\obelie-kafka\data) (kafka.log.LogManager)
[2026-09-11 18:13:52,845] INFO [LogLoader partition=__consumer_offsets-20, dir=C:\Users\maste\AppData\Local\obelie-kafka\data] Recovering unflushed segment 0. 0/1 recovered for __consumer_offsets-20. (kafka.log.LogLoader)
[2026-09-11 18:13:52,846] INFO [LogLoader partition=__consumer_offsets-20, dir=C:\Users\maste\AppData\Local\obelie-kafka\data] Loading producer state till offset 0 with message format version 2 (kafka.log.UnifiedLog$)
[2026-09-11 18:13:52,847] INFO [LogLoader partition=__consumer_offsets-20, dir=C:\Users\maste\AppData\Local\obelie-kafka\data] Reloading from producer snapshot and rebuilding producer state from offset 0 (kafka.log.UnifiedLog$)
[2026-09-11 18:13:52,847] INFO [LogLoader partition=__consumer_offsets-20, dir=C:\Users\maste\AppData\Local\obelie-kafka\data] Producer state recovery took 0ms for snapshot load and 0ms for segment recovery from offset 0 (kafka.log.UnifiedLog$)
[2026-09-11 18:13:52,854] INFO [LogLoader partition=__consumer_offsets-20, dir=C:\Users\maste\AppData\Local\obelie-kafka\data] Loading producer state till offset 0 with message format version 2 (kafka.log.UnifiedLog$)
[2026-09-11 18:13:52,854] INFO [LogLoader partition=__consumer_offsets-20, dir=C:\Users\maste\AppData\Local\obelie-kafka\data] Reloading from producer snapshot and rebuilding producer state from offset 0 (kafka.log.UnifiedLog$)
[2026-09-11 18:13:52,856] INFO [LogLoader partition=__consumer_offsets-20, dir=C:\Users\maste\AppData\Local\obelie-kafka\data] Producer state recovery took 0ms for snapshot load and 0ms for segment recovery from offset 0 (kafka.log.UnifiedLog$)
[2026-09-11 18:13:52,858] INFO Completed load of Log(dir=C:\Users\maste\AppData\Local\obelie-kafka\data\__consumer_offsets-20, topicId=9BhUOJnTRDu9E7TVekI1EQ, topic=__consumer_offsets, partition=20, highWatermark=0, lastStableOffset=0, logStartOffset=0, logEndOffset=0) with 1 segments, local-log-start-offset 0 and log-end-offset 0 in 19ms (26/62 completed in C:\Users\maste\AppData\Local\obelie-kafka\data) (kafka.log.LogManager)
[2026-09-11 18:13:52,863] INFO [LogLoader partition=__consumer_offsets-21, dir=C:\Users\maste\AppData\Local\obelie-kafka\data] Recovering unflushed segment 0. 0/1 recovered for __consumer_offsets-21. (kafka.log.LogLoader)
[2026-09-11 18:13:52,863] INFO [LogLoader partition=__consumer_offsets-21, dir=C:\Users\maste\AppData\Local\obelie-kafka\data] Loading producer state till offset 0 with message format version 2 (kafka.log.UnifiedLog$)
[2026-09-11 18:13:52,865] INFO [LogLoader partition=__consumer_offsets-21, dir=C:\Users\maste\AppData\Local\obelie-kafka\data] Reloading from producer snapshot and rebuilding producer state from offset 0 (kafka.log.UnifiedLog$)
[2026-09-11 18:13:52,865] INFO [LogLoader partition=__consumer_offsets-21, dir=C:\Users\maste\AppData\Local\obelie-kafka\data] Producer state recovery took 0ms for snapshot load and 0ms for segment recovery from offset 0 (kafka.log.UnifiedLog$)
[2026-09-11 18:13:52,871] INFO [LogLoader partition=__consumer_offsets-21, dir=C:\Users\maste\AppData\Local\obelie-kafka\data] Loading producer state till offset 0 with message format version 2 (kafka.log.UnifiedLog$)
[2026-09-11 18:13:52,871] INFO [LogLoader partition=__consumer_offsets-21, dir=C:\Users\maste\AppData\Local\obelie-kafka\data] Reloading from producer snapshot and rebuilding producer state from offset 0 (kafka.log.UnifiedLog$)
[2026-09-11 18:13:52,871] INFO [LogLoader partition=__consumer_offsets-21, dir=C:\Users\maste\AppData\Local\obelie-kafka\data] Producer state recovery took 0ms for snapshot load and 0ms for segment recovery from offset 0 (kafka.log.UnifiedLog$)
[2026-09-11 18:13:52,873] INFO Completed load of Log(dir=C:\Users\maste\AppData\Local\obelie-kafka\data\__consumer_offsets-21, topicId=9BhUOJnTRDu9E7TVekI1EQ, topic=__consumer_offsets, partition=21, highWatermark=0, lastStableOffset=0, logStartOffset=0, logEndOffset=0) with 1 segments, local-log-start-offset 0 and log-end-offset 0 in 15ms (27/62 completed in C:\Users\maste\AppData\Local\obelie-kafka\data) (kafka.log.LogManager)
[2026-09-11 18:13:52,880] INFO [LogLoader partition=__consumer_offsets-22, dir=C:\Users\maste\AppData\Local\obelie-kafka\data] Recovering unflushed segment 0. 0/1 recovered for __consumer_offsets-22. (kafka.log.LogLoader)
[2026-09-11 18:13:52,881] INFO [LogLoader partition=__consumer_offsets-22, dir=C:\Users\maste\AppData\Local\obelie-kafka\data] Loading producer state till offset 0 with message format version 2 (kafka.log.UnifiedLog$)
[2026-09-11 18:13:52,881] INFO [LogLoader partition=__consumer_offsets-22, dir=C:\Users\maste\AppData\Local\obelie-kafka\data] Reloading from producer snapshot and rebuilding producer state from offset 0 (kafka.log.UnifiedLog$)
[2026-09-11 18:13:52,881] INFO [LogLoader partition=__consumer_offsets-22, dir=C:\Users\maste\AppData\Local\obelie-kafka\data] Producer state recovery took 0ms for snapshot load and 0ms for segment recovery from offset 0 (kafka.log.UnifiedLog$)
[2026-09-11 18:13:52,887] INFO [LogLoader partition=__consumer_offsets-22, dir=C:\Users\maste\AppData\Local\obelie-kafka\data] Loading producer state till offset 0 with message format version 2 (kafka.log.UnifiedLog$)
[2026-09-11 18:13:52,888] INFO [LogLoader partition=__consumer_offsets-22, dir=C:\Users\maste\AppData\Local\obelie-kafka\data] Reloading from producer snapshot and rebuilding producer state from offset 0 (kafka.log.UnifiedLog$)
[2026-09-11 18:13:52,888] INFO [LogLoader partition=__consumer_offsets-22, dir=C:\Users\maste\AppData\Local\obelie-kafka\data] Producer state recovery took 0ms for snapshot load and 0ms for segment recovery from offset 0 (kafka.log.UnifiedLog$)
[2026-09-11 18:13:52,889] INFO Completed load of Log(dir=C:\Users\maste\AppData\Local\obelie-kafka\data\__consumer_offsets-22, topicId=9BhUOJnTRDu9E7TVekI1EQ, topic=__consumer_offsets, partition=22, highWatermark=0, lastStableOffset=0, logStartOffset=0, logEndOffset=0) with 1 segments, local-log-start-offset 0 and log-end-offset 0 in 15ms (28/62 completed in C:\Users\maste\AppData\Local\obelie-kafka\data) (kafka.log.LogManager)
[2026-09-11 18:13:52,893] INFO [LogLoader partition=__consumer_offsets-23, dir=C:\Users\maste\AppData\Local\obelie-kafka\data] Recovering unflushed segment 0. 0/1 recovered for __consumer_offsets-23. (kafka.log.LogLoader)
[2026-09-11 18:13:52,894] INFO [LogLoader partition=__consumer_offsets-23, dir=C:\Users\maste\AppData\Local\obelie-kafka\data] Loading producer state till offset 0 with message format version 2 (kafka.log.UnifiedLog$)
[2026-09-11 18:13:52,894] INFO [LogLoader partition=__consumer_offsets-23, dir=C:\Users\maste\AppData\Local\obelie-kafka\data] Reloading from producer snapshot and rebuilding producer state from offset 0 (kafka.log.UnifiedLog$)
[2026-09-11 18:13:52,895] INFO [LogLoader partition=__consumer_offsets-23, dir=C:\Users\maste\AppData\Local\obelie-kafka\data] Producer state recovery took 0ms for snapshot load and 0ms for segment recovery from offset 0 (kafka.log.UnifiedLog$)
[2026-09-11 18:13:52,900] INFO [LogLoader partition=__consumer_offsets-23, dir=C:\Users\maste\AppData\Local\obelie-kafka\data] Loading producer state till offset 0 with message format version 2 (kafka.log.UnifiedLog$)
[2026-09-11 18:13:52,900] INFO [LogLoader partition=__consumer_offsets-23, dir=C:\Users\maste\AppData\Local\obelie-kafka\data] Reloading from producer snapshot and rebuilding producer state from offset 0 (kafka.log.UnifiedLog$)
[2026-09-11 18:13:52,900] INFO [LogLoader partition=__consumer_offsets-23, dir=C:\Users\maste\AppData\Local\obelie-kafka\data] Producer state recovery took 0ms for snapshot load and 0ms for segment recovery from offset 0 (kafka.log.UnifiedLog$)
[2026-09-11 18:13:52,901] INFO Completed load of Log(dir=C:\Users\maste\AppData\Local\obelie-kafka\data\__consumer_offsets-23, topicId=9BhUOJnTRDu9E7TVekI1EQ, topic=__consumer_offsets, partition=23, highWatermark=0, lastStableOffset=0, logStartOffset=0, logEndOffset=0) with 1 segments, local-log-start-offset 0 and log-end-offset 0 in 12ms (29/62 completed in C:\Users\maste\AppData\Local\obelie-kafka\data) (kafka.log.LogManager)
[2026-09-11 18:13:52,906] INFO [LogLoader partition=__consumer_offsets-24, dir=C:\Users\maste\AppData\Local\obelie-kafka\data] Recovering unflushed segment 0. 0/1 recovered for __consumer_offsets-24. (kafka.log.LogLoader)
[2026-09-11 18:13:52,906] INFO [LogLoader partition=__consumer_offsets-24, dir=C:\Users\maste\AppData\Local\obelie-kafka\data] Loading producer state till offset 0 with message format version 2 (kafka.log.UnifiedLog$)
[2026-09-11 18:13:52,906] INFO [LogLoader partition=__consumer_offsets-24, dir=C:\Users\maste\AppData\Local\obelie-kafka\data] Reloading from producer snapshot and rebuilding producer state from offset 0 (kafka.log.UnifiedLog$)
[2026-09-11 18:13:52,907] INFO [LogLoader partition=__consumer_offsets-24, dir=C:\Users\maste\AppData\Local\obelie-kafka\data] Producer state recovery took 0ms for snapshot load and 0ms for segment recovery from offset 0 (kafka.log.UnifiedLog$)
[2026-09-11 18:13:52,910] INFO [LogLoader partition=__consumer_offsets-24, dir=C:\Users\maste\AppData\Local\obelie-kafka\data] Loading producer state till offset 0 with message format version 2 (kafka.log.UnifiedLog$)
[2026-09-11 18:13:52,911] INFO [LogLoader partition=__consumer_offsets-24, dir=C:\Users\maste\AppData\Local\obelie-kafka\data] Reloading from producer snapshot and rebuilding producer state from offset 0 (kafka.log.UnifiedLog$)
[2026-09-11 18:13:52,911] INFO [LogLoader partition=__consumer_offsets-24, dir=C:\Users\maste\AppData\Local\obelie-kafka\data] Producer state recovery took 0ms for snapshot load and 0ms for segment recovery from offset 0 (kafka.log.UnifiedLog$)
[2026-09-11 18:13:52,912] INFO Completed load of Log(dir=C:\Users\maste\AppData\Local\obelie-kafka\data\__consumer_offsets-24, topicId=9BhUOJnTRDu9E7TVekI1EQ, topic=__consumer_offsets, partition=24, highWatermark=0, lastStableOffset=0, logStartOffset=0, logEndOffset=0) with 1 segments, local-log-start-offset 0 and log-end-offset 0 in 11ms (30/62 completed in C:\Users\maste\AppData\Local\obelie-kafka\data) (kafka.log.LogManager)
[2026-09-11 18:13:52,917] INFO [LogLoader partition=__consumer_offsets-25, dir=C:\Users\maste\AppData\Local\obelie-kafka\data] Recovering unflushed segment 0. 0/1 recovered for __consumer_offsets-25. (kafka.log.LogLoader)
[2026-09-11 18:13:52,918] INFO [LogLoader partition=__consumer_offsets-25, dir=C:\Users\maste\AppData\Local\obelie-kafka\data] Loading producer state till offset 0 with message format version 2 (kafka.log.UnifiedLog$)
[2026-09-11 18:13:52,918] INFO [LogLoader partition=__consumer_offsets-25, dir=C:\Users\maste\AppData\Local\obelie-kafka\data] Reloading from producer snapshot and rebuilding producer state from offset 0 (kafka.log.UnifiedLog$)
[2026-09-11 18:13:52,918] INFO [LogLoader partition=__consumer_offsets-25, dir=C:\Users\maste\AppData\Local\obelie-kafka\data] Producer state recovery took 0ms for snapshot load and 0ms for segment recovery from offset 0 (kafka.log.UnifiedLog$)
[2026-09-11 18:13:52,922] INFO [LogLoader partition=__consumer_offsets-25, dir=C:\Users\maste\AppData\Local\obelie-kafka\data] Loading producer state till offset 0 with message format version 2 (kafka.log.UnifiedLog$)
[2026-09-11 18:13:52,923] INFO [LogLoader partition=__consumer_offsets-25, dir=C:\Users\maste\AppData\Local\obelie-kafka\data] Reloading from producer snapshot and rebuilding producer state from offset 0 (kafka.log.UnifiedLog$)
[2026-09-11 18:13:52,923] INFO [LogLoader partition=__consumer_offsets-25, dir=C:\Users\maste\AppData\Local\obelie-kafka\data] Producer state recovery took 0ms for snapshot load and 0ms for segment recovery from offset 0 (kafka.log.UnifiedLog$)
[2026-09-11 18:13:52,925] INFO Completed load of Log(dir=C:\Users\maste\AppData\Local\obelie-kafka\data\__consumer_offsets-25, topicId=9BhUOJnTRDu9E7TVekI1EQ, topic=__consumer_offsets, partition=25, highWatermark=0, lastStableOffset=0, logStartOffset=0, logEndOffset=0) with 1 segments, local-log-start-offset 0 and log-end-offset 0 in 12ms (31/62 completed in C:\Users\maste\AppData\Local\obelie-kafka\data) (kafka.log.LogManager)
[2026-09-11 18:13:52,929] INFO [LogLoader partition=__consumer_offsets-26, dir=C:\Users\maste\AppData\Local\obelie-kafka\data] Recovering unflushed segment 0. 0/1 recovered for __consumer_offsets-26. (kafka.log.LogLoader)
[2026-09-11 18:13:52,930] INFO [LogLoader partition=__consumer_offsets-26, dir=C:\Users\maste\AppData\Local\obelie-kafka\data] Loading producer state till offset 0 with message format version 2 (kafka.log.UnifiedLog$)
[2026-09-11 18:13:52,930] INFO [LogLoader partition=__consumer_offsets-26, dir=C:\Users\maste\AppData\Local\obelie-kafka\data] Reloading from producer snapshot and rebuilding producer state from offset 0 (kafka.log.UnifiedLog$)
[2026-09-11 18:13:52,930] INFO [LogLoader partition=__consumer_offsets-26, dir=C:\Users\maste\AppData\Local\obelie-kafka\data] Producer state recovery took 0ms for snapshot load and 0ms for segment recovery from offset 0 (kafka.log.UnifiedLog$)
[2026-09-11 18:13:52,933] INFO [LogLoader partition=__consumer_offsets-26, dir=C:\Users\maste\AppData\Local\obelie-kafka\data] Loading producer state till offset 0 with message format version 2 (kafka.log.UnifiedLog$)
[2026-09-11 18:13:52,933] INFO [LogLoader partition=__consumer_offsets-26, dir=C:\Users\maste\AppData\Local\obelie-kafka\data] Reloading from producer snapshot and rebuilding producer state from offset 0 (kafka.log.UnifiedLog$)
[2026-09-11 18:13:52,934] INFO [LogLoader partition=__consumer_offsets-26, dir=C:\Users\maste\AppData\Local\obelie-kafka\data] Producer state recovery took 0ms for snapshot load and 0ms for segment recovery from offset 0 (kafka.log.UnifiedLog$)
[2026-09-11 18:13:52,935] INFO Completed load of Log(dir=C:\Users\maste\AppData\Local\obelie-kafka\data\__consumer_offsets-26, topicId=9BhUOJnTRDu9E7TVekI1EQ, topic=__consumer_offsets, partition=26, highWatermark=0, lastStableOffset=0, logStartOffset=0, logEndOffset=0) with 1 segments, local-log-start-offset 0 and log-end-offset 0 in 10ms (32/62 completed in C:\Users\maste\AppData\Local\obelie-kafka\data) (kafka.log.LogManager)
[2026-09-11 18:13:52,939] INFO [LogLoader partition=__consumer_offsets-27, dir=C:\Users\maste\AppData\Local\obelie-kafka\data] Recovering unflushed segment 0. 0/1 recovered for __consumer_offsets-27. (kafka.log.LogLoader)
[2026-09-11 18:13:52,939] INFO [LogLoader partition=__consumer_offsets-27, dir=C:\Users\maste\AppData\Local\obelie-kafka\data] Loading producer state till offset 0 with message format version 2 (kafka.log.UnifiedLog$)
[2026-09-11 18:13:52,939] INFO [LogLoader partition=__consumer_offsets-27, dir=C:\Users\maste\AppData\Local\obelie-kafka\data] Reloading from producer snapshot and rebuilding producer state from offset 0 (kafka.log.UnifiedLog$)
[2026-09-11 18:13:52,940] INFO [LogLoader partition=__consumer_offsets-27, dir=C:\Users\maste\AppData\Local\obelie-kafka\data] Producer state recovery took 0ms for snapshot load and 0ms for segment recovery from offset 0 (kafka.log.UnifiedLog$)
[2026-09-11 18:13:52,944] INFO [LogLoader partition=__consumer_offsets-27, dir=C:\Users\maste\AppData\Local\obelie-kafka\data] Loading producer state till offset 0 with message format version 2 (kafka.log.UnifiedLog$)
[2026-09-11 18:13:52,945] INFO [LogLoader partition=__consumer_offsets-27, dir=C:\Users\maste\AppData\Local\obelie-kafka\data] Reloading from producer snapshot and rebuilding producer state from offset 0 (kafka.log.UnifiedLog$)
[2026-09-11 18:13:52,945] INFO [LogLoader partition=__consumer_offsets-27, dir=C:\Users\maste\AppData\Local\obelie-kafka\data] Producer state recovery took 0ms for snapshot load and 0ms for segment recovery from offset 0 (kafka.log.UnifiedLog$)
[2026-09-11 18:13:52,947] INFO Completed load of Log(dir=C:\Users\maste\AppData\Local\obelie-kafka\data\__consumer_offsets-27, topicId=9BhUOJnTRDu9E7TVekI1EQ, topic=__consumer_offsets, partition=27, highWatermark=0, lastStableOffset=0, logStartOffset=0, logEndOffset=0) with 1 segments, local-log-start-offset 0 and log-end-offset 0 in 12ms (33/62 completed in C:\Users\maste\AppData\Local\obelie-kafka\data) (kafka.log.LogManager)
[2026-09-11 18:13:52,950] INFO [LogLoader partition=__consumer_offsets-28, dir=C:\Users\maste\AppData\Local\obelie-kafka\data] Recovering unflushed segment 0. 0/1 recovered for __consumer_offsets-28. (kafka.log.LogLoader)
[2026-09-11 18:13:52,952] INFO [LogLoader partition=__consumer_offsets-28, dir=C:\Users\maste\AppData\Local\obelie-kafka\data] Loading producer state till offset 0 with message format version 2 (kafka.log.UnifiedLog$)
[2026-09-11 18:13:52,952] INFO [LogLoader partition=__consumer_offsets-28, dir=C:\Users\maste\AppData\Local\obelie-kafka\data] Reloading from producer snapshot and rebuilding producer state from offset 0 (kafka.log.UnifiedLog$)
[2026-09-11 18:13:52,952] INFO [LogLoader partition=__consumer_offsets-28, dir=C:\Users\maste\AppData\Local\obelie-kafka\data] Producer state recovery took 0ms for snapshot load and 0ms for segment recovery from offset 0 (kafka.log.UnifiedLog$)
[2026-09-11 18:13:52,956] INFO [LogLoader partition=__consumer_offsets-28, dir=C:\Users\maste\AppData\Local\obelie-kafka\data] Loading producer state till offset 0 with message format version 2 (kafka.log.UnifiedLog$)
[2026-09-11 18:13:52,956] INFO [LogLoader partition=__consumer_offsets-28, dir=C:\Users\maste\AppData\Local\obelie-kafka\data] Reloading from producer snapshot and rebuilding producer state from offset 0 (kafka.log.UnifiedLog$)
[2026-09-11 18:13:52,957] INFO [LogLoader partition=__consumer_offsets-28, dir=C:\Users\maste\AppData\Local\obelie-kafka\data] Producer state recovery took 0ms for snapshot load and 0ms for segment recovery from offset 0 (kafka.log.UnifiedLog$)
[2026-09-11 18:13:52,959] INFO Completed load of Log(dir=C:\Users\maste\AppData\Local\obelie-kafka\data\__consumer_offsets-28, topicId=9BhUOJnTRDu9E7TVekI1EQ, topic=__consumer_offsets, partition=28, highWatermark=0, lastStableOffset=0, logStartOffset=0, logEndOffset=0) with 1 segments, local-log-start-offset 0 and log-end-offset 0 in 12ms (34/62 completed in C:\Users\maste\AppData\Local\obelie-kafka\data) (kafka.log.LogManager)
[2026-09-11 18:13:52,962] INFO [LogLoader partition=__consumer_offsets-29, dir=C:\Users\maste\AppData\Local\obelie-kafka\data] Recovering unflushed segment 0. 0/1 recovered for __consumer_offsets-29. (kafka.log.LogLoader)
[2026-09-11 18:13:52,963] INFO [LogLoader partition=__consumer_offsets-29, dir=C:\Users\maste\AppData\Local\obelie-kafka\data] Loading producer state till offset 0 with message format version 2 (kafka.log.UnifiedLog$)
[2026-09-11 18:13:52,963] INFO [LogLoader partition=__consumer_offsets-29, dir=C:\Users\maste\AppData\Local\obelie-kafka\data] Reloading from producer snapshot and rebuilding producer state from offset 0 (kafka.log.UnifiedLog$)
[2026-09-11 18:13:52,963] INFO [LogLoader partition=__consumer_offsets-29, dir=C:\Users\maste\AppData\Local\obelie-kafka\data] Producer state recovery took 0ms for snapshot load and 0ms for segment recovery from offset 0 (kafka.log.UnifiedLog$)
[2026-09-11 18:13:52,968] INFO [LogLoader partition=__consumer_offsets-29, dir=C:\Users\maste\AppData\Local\obelie-kafka\data] Loading producer state till offset 0 with message format version 2 (kafka.log.UnifiedLog$)
[2026-09-11 18:13:52,968] INFO [LogLoader partition=__consumer_offsets-29, dir=C:\Users\maste\AppData\Local\obelie-kafka\data] Reloading from producer snapshot and rebuilding producer state from offset 0 (kafka.log.UnifiedLog$)
[2026-09-11 18:13:52,968] INFO [BrokerLifecycleManager id=1] Unable to register broker 1 because the controller returned error DUPLICATE_BROKER_REGISTRATION (kafka.server.BrokerLifecycleManager)
[2026-09-11 18:13:52,969] INFO [LogLoader partition=__consumer_offsets-29, dir=C:\Users\maste\AppData\Local\obelie-kafka\data] Producer state recovery took 0ms for snapshot load and 0ms for segment recovery from offset 0 (kafka.log.UnifiedLog$)
[2026-09-11 18:13:52,970] INFO Completed load of Log(dir=C:\Users\maste\AppData\Local\obelie-kafka\data\__consumer_offsets-29, topicId=9BhUOJnTRDu9E7TVekI1EQ, topic=__consumer_offsets, partition=29, highWatermark=0, lastStableOffset=0, logStartOffset=0, logEndOffset=0) with 1 segments, local-log-start-offset 0 and log-end-offset 0 in 11ms (35/62 completed in C:\Users\maste\AppData\Local\obelie-kafka\data) (kafka.log.LogManager)
[2026-09-11 18:13:52,974] INFO [LogLoader partition=__consumer_offsets-3, dir=C:\Users\maste\AppData\Local\obelie-kafka\data] Recovering unflushed segment 0. 0/1 recovered for __consumer_offsets-3. (kafka.log.LogLoader)
[2026-09-11 18:13:52,975] INFO [LogLoader partition=__consumer_offsets-3, dir=C:\Users\maste\AppData\Local\obelie-kafka\data] Loading producer state till offset 0 with message format version 2 (kafka.log.UnifiedLog$)
[2026-09-11 18:13:52,975] INFO [LogLoader partition=__consumer_offsets-3, dir=C:\Users\maste\AppData\Local\obelie-kafka\data] Reloading from producer snapshot and rebuilding producer state from offset 0 (kafka.log.UnifiedLog$)
[2026-09-11 18:13:52,975] INFO [LogLoader partition=__consumer_offsets-3, dir=C:\Users\maste\AppData\Local\obelie-kafka\data] Producer state recovery took 0ms for snapshot load and 0ms for segment recovery from offset 0 (kafka.log.UnifiedLog$)
[2026-09-11 18:13:52,979] INFO [LogLoader partition=__consumer_offsets-3, dir=C:\Users\maste\AppData\Local\obelie-kafka\data] Loading producer state till offset 0 with message format version 2 (kafka.log.UnifiedLog$)
[2026-09-11 18:13:52,979] INFO [LogLoader partition=__consumer_offsets-3, dir=C:\Users\maste\AppData\Local\obelie-kafka\data] Reloading from producer snapshot and rebuilding producer state from offset 0 (kafka.log.UnifiedLog$)
[2026-09-11 18:13:52,979] INFO [LogLoader partition=__consumer_offsets-3, dir=C:\Users\maste\AppData\Local\obelie-kafka\data] Producer state recovery took 0ms for snapshot load and 0ms for segment recovery from offset 0 (kafka.log.UnifiedLog$)
[2026-09-11 18:13:52,980] INFO Completed load of Log(dir=C:\Users\maste\AppData\Local\obelie-kafka\data\__consumer_offsets-3, topicId=9BhUOJnTRDu9E7TVekI1EQ, topic=__consumer_offsets, partition=3, highWatermark=0, lastStableOffset=0, logStartOffset=0, logEndOffset=0) with 1 segments, local-log-start-offset 0 and log-end-offset 0 in 10ms (36/62 completed in C:\Users\maste\AppData\Local\obelie-kafka\data) (kafka.log.LogManager)
[2026-09-11 18:13:52,985] INFO [LogLoader partition=__consumer_offsets-30, dir=C:\Users\maste\AppData\Local\obelie-kafka\data] Recovering unflushed segment 0. 0/1 recovered for __consumer_offsets-30. (kafka.log.LogLoader)
[2026-09-11 18:13:52,986] INFO [LogLoader partition=__consumer_offsets-30, dir=C:\Users\maste\AppData\Local\obelie-kafka\data] Loading producer state till offset 0 with message format version 2 (kafka.log.UnifiedLog$)
[2026-09-11 18:13:52,986] INFO [LogLoader partition=__consumer_offsets-30, dir=C:\Users\maste\AppData\Local\obelie-kafka\data] Reloading from producer snapshot and rebuilding producer state from offset 0 (kafka.log.UnifiedLog$)
[2026-09-11 18:13:52,987] INFO [LogLoader partition=__consumer_offsets-30, dir=C:\Users\maste\AppData\Local\obelie-kafka\data] Producer state recovery took 1ms for snapshot load and 0ms for segment recovery from offset 0 (kafka.log.UnifiedLog$)
[2026-09-11 18:13:52,991] INFO [LogLoader partition=__consumer_offsets-30, dir=C:\Users\maste\AppData\Local\obelie-kafka\data] Loading producer state till offset 0 with message format version 2 (kafka.log.UnifiedLog$)
[2026-09-11 18:13:52,991] INFO [LogLoader partition=__consumer_offsets-30, dir=C:\Users\maste\AppData\Local\obelie-kafka\data] Reloading from producer snapshot and rebuilding producer state from offset 0 (kafka.log.UnifiedLog$)
[2026-09-11 18:13:52,993] INFO [LogLoader partition=__consumer_offsets-30, dir=C:\Users\maste\AppData\Local\obelie-kafka\data] Producer state recovery took 0ms for snapshot load and 0ms for segment recovery from offset 0 (kafka.log.UnifiedLog$)
[2026-09-11 18:13:52,994] INFO Completed load of Log(dir=C:\Users\maste\AppData\Local\obelie-kafka\data\__consumer_offsets-30, topicId=9BhUOJnTRDu9E7TVekI1EQ, topic=__consumer_offsets, partition=30, highWatermark=0, lastStableOffset=0, logStartOffset=0, logEndOffset=0) with 1 segments, local-log-start-offset 0 and log-end-offset 0 in 12ms (37/62 completed in C:\Users\maste\AppData\Local\obelie-kafka\data) (kafka.log.LogManager)
[2026-09-11 18:13:52,997] INFO [LogLoader partition=__consumer_offsets-31, dir=C:\Users\maste\AppData\Local\obelie-kafka\data] Recovering unflushed segment 0. 0/1 recovered for __consumer_offsets-31. (kafka.log.LogLoader)
[2026-09-11 18:13:52,998] INFO [LogLoader partition=__consumer_offsets-31, dir=C:\Users\maste\AppData\Local\obelie-kafka\data] Loading producer state till offset 0 with message format version 2 (kafka.log.UnifiedLog$)
[2026-09-11 18:13:52,998] INFO [LogLoader partition=__consumer_offsets-31, dir=C:\Users\maste\AppData\Local\obelie-kafka\data] Reloading from producer snapshot and rebuilding producer state from offset 0 (kafka.log.UnifiedLog$)
[2026-09-11 18:13:52,998] INFO [LogLoader partition=__consumer_offsets-31, dir=C:\Users\maste\AppData\Local\obelie-kafka\data] Producer state recovery took 0ms for snapshot load and 0ms for segment recovery from offset 0 (kafka.log.UnifiedLog$)
[2026-09-11 18:13:53,002] INFO [LogLoader partition=__consumer_offsets-31, dir=C:\Users\maste\AppData\Local\obelie-kafka\data] Loading producer state till offset 0 with message format version 2 (kafka.log.UnifiedLog$)
[2026-09-11 18:13:53,002] INFO [LogLoader partition=__consumer_offsets-31, dir=C:\Users\maste\AppData\Local\obelie-kafka\data] Reloading from producer snapshot and rebuilding producer state from offset 0 (kafka.log.UnifiedLog$)
[2026-09-11 18:13:53,003] INFO [LogLoader partition=__consumer_offsets-31, dir=C:\Users\maste\AppData\Local\obelie-kafka\data] Producer state recovery took 0ms for snapshot load and 0ms for segment recovery from offset 0 (kafka.log.UnifiedLog$)
[2026-09-11 18:13:53,004] INFO Completed load of Log(dir=C:\Users\maste\AppData\Local\obelie-kafka\data\__consumer_offsets-31, topicId=9BhUOJnTRDu9E7TVekI1EQ, topic=__consumer_offsets, partition=31, highWatermark=0, lastStableOffset=0, logStartOffset=0, logEndOffset=0) with 1 segments, local-log-start-offset 0 and log-end-offset 0 in 10ms (38/62 completed in C:\Users\maste\AppData\Local\obelie-kafka\data) (kafka.log.LogManager)
[2026-09-11 18:13:53,008] INFO [LogLoader partition=__consumer_offsets-32, dir=C:\Users\maste\AppData\Local\obelie-kafka\data] Recovering unflushed segment 0. 0/1 recovered for __consumer_offsets-32. (kafka.log.LogLoader)
[2026-09-11 18:13:53,009] INFO [LogLoader partition=__consumer_offsets-32, dir=C:\Users\maste\AppData\Local\obelie-kafka\data] Loading producer state till offset 0 with message format version 2 (kafka.log.UnifiedLog$)
[2026-09-11 18:13:53,009] INFO [LogLoader partition=__consumer_offsets-32, dir=C:\Users\maste\AppData\Local\obelie-kafka\data] Reloading from producer snapshot and rebuilding producer state from offset 0 (kafka.log.UnifiedLog$)
[2026-09-11 18:13:53,009] INFO [LogLoader partition=__consumer_offsets-32, dir=C:\Users\maste\AppData\Local\obelie-kafka\data] Producer state recovery took 0ms for snapshot load and 0ms for segment recovery from offset 0 (kafka.log.UnifiedLog$)
[2026-09-11 18:13:53,013] INFO [LogLoader partition=__consumer_offsets-32, dir=C:\Users\maste\AppData\Local\obelie-kafka\data] Loading producer state till offset 0 with message format version 2 (kafka.log.UnifiedLog$)
[2026-09-11 18:13:53,013] INFO [LogLoader partition=__consumer_offsets-32, dir=C:\Users\maste\AppData\Local\obelie-kafka\data] Reloading from producer snapshot and rebuilding producer state from offset 0 (kafka.log.UnifiedLog$)
[2026-09-11 18:13:53,013] INFO [LogLoader partition=__consumer_offsets-32, dir=C:\Users\maste\AppData\Local\obelie-kafka\data] Producer state recovery took 0ms for snapshot load and 0ms for segment recovery from offset 0 (kafka.log.UnifiedLog$)
[2026-09-11 18:13:53,013] INFO Completed load of Log(dir=C:\Users\maste\AppData\Local\obelie-kafka\data\__consumer_offsets-32, topicId=9BhUOJnTRDu9E7TVekI1EQ, topic=__consumer_offsets, partition=32, highWatermark=0, lastStableOffset=0, logStartOffset=0, logEndOffset=0) with 1 segments, local-log-start-offset 0 and log-end-offset 0 in 10ms (39/62 completed in C:\Users\maste\AppData\Local\obelie-kafka\data) (kafka.log.LogManager)
[2026-09-11 18:13:53,017] INFO [LogLoader partition=__consumer_offsets-33, dir=C:\Users\maste\AppData\Local\obelie-kafka\data] Recovering unflushed segment 0. 0/1 recovered for __consumer_offsets-33. (kafka.log.LogLoader)
[2026-09-11 18:13:53,017] INFO [LogLoader partition=__consumer_offsets-33, dir=C:\Users\maste\AppData\Local\obelie-kafka\data] Loading producer state till offset 0 with message format version 2 (kafka.log.UnifiedLog$)
[2026-09-11 18:13:53,020] INFO [LogLoader partition=__consumer_offsets-33, dir=C:\Users\maste\AppData\Local\obelie-kafka\data] Reloading from producer snapshot and rebuilding producer state from offset 0 (kafka.log.UnifiedLog$)
[2026-09-11 18:13:53,020] INFO [LogLoader partition=__consumer_offsets-33, dir=C:\Users\maste\AppData\Local\obelie-kafka\data] Producer state recovery took 0ms for snapshot load and 0ms for segment recovery from offset 0 (kafka.log.UnifiedLog$)
[2026-09-11 18:13:53,024] INFO [LogLoader partition=__consumer_offsets-33, dir=C:\Users\maste\AppData\Local\obelie-kafka\data] Loading producer state till offset 0 with message format version 2 (kafka.log.UnifiedLog$)
[2026-09-11 18:13:53,025] INFO [LogLoader partition=__consumer_offsets-33, dir=C:\Users\maste\AppData\Local\obelie-kafka\data] Reloading from producer snapshot and rebuilding producer state from offset 0 (kafka.log.UnifiedLog$)
[2026-09-11 18:13:53,025] INFO [LogLoader partition=__consumer_offsets-33, dir=C:\Users\maste\AppData\Local\obelie-kafka\data] Producer state recovery took 0ms for snapshot load and 0ms for segment recovery from offset 0 (kafka.log.UnifiedLog$)
[2026-09-11 18:13:53,026] INFO Completed load of Log(dir=C:\Users\maste\AppData\Local\obelie-kafka\data\__consumer_offsets-33, topicId=9BhUOJnTRDu9E7TVekI1EQ, topic=__consumer_offsets, partition=33, highWatermark=0, lastStableOffset=0, logStartOffset=0, logEndOffset=0) with 1 segments, local-log-start-offset 0 and log-end-offset 0 in 11ms (40/62 completed in C:\Users\maste\AppData\Local\obelie-kafka\data) (kafka.log.LogManager)
[2026-09-11 18:13:53,029] INFO [LogLoader partition=__consumer_offsets-34, dir=C:\Users\maste\AppData\Local\obelie-kafka\data] Recovering unflushed segment 0. 0/1 recovered for __consumer_offsets-34. (kafka.log.LogLoader)
[2026-09-11 18:13:53,029] INFO [LogLoader partition=__consumer_offsets-34, dir=C:\Users\maste\AppData\Local\obelie-kafka\data] Loading producer state till offset 0 with message format version 2 (kafka.log.UnifiedLog$)
[2026-09-11 18:13:53,029] INFO [LogLoader partition=__consumer_offsets-34, dir=C:\Users\maste\AppData\Local\obelie-kafka\data] Reloading from producer snapshot and rebuilding producer state from offset 0 (kafka.log.UnifiedLog$)
[2026-09-11 18:13:53,030] INFO [LogLoader partition=__consumer_offsets-34, dir=C:\Users\maste\AppData\Local\obelie-kafka\data] Producer state recovery took 0ms for snapshot load and 0ms for segment recovery from offset 0 (kafka.log.UnifiedLog$)
[2026-09-11 18:13:53,034] INFO [LogLoader partition=__consumer_offsets-34, dir=C:\Users\maste\AppData\Local\obelie-kafka\data] Loading producer state till offset 0 with message format version 2 (kafka.log.UnifiedLog$)
[2026-09-11 18:13:53,034] INFO [LogLoader partition=__consumer_offsets-34, dir=C:\Users\maste\AppData\Local\obelie-kafka\data] Reloading from producer snapshot and rebuilding producer state from offset 0 (kafka.log.UnifiedLog$)
[2026-09-11 18:13:53,035] INFO [LogLoader partition=__consumer_offsets-34, dir=C:\Users\maste\AppData\Local\obelie-kafka\data] Producer state recovery took 0ms for snapshot load and 0ms for segment recovery from offset 0 (kafka.log.UnifiedLog$)
[2026-09-11 18:13:53,036] INFO Completed load of Log(dir=C:\Users\maste\AppData\Local\obelie-kafka\data\__consumer_offsets-34, topicId=9BhUOJnTRDu9E7TVekI1EQ, topic=__consumer_offsets, partition=34, highWatermark=0, lastStableOffset=0, logStartOffset=0, logEndOffset=0) with 1 segments, local-log-start-offset 0 and log-end-offset 0 in 10ms (41/62 completed in C:\Users\maste\AppData\Local\obelie-kafka\data) (kafka.log.LogManager)
[2026-09-11 18:13:53,039] INFO [LogLoader partition=__consumer_offsets-35, dir=C:\Users\maste\AppData\Local\obelie-kafka\data] Recovering unflushed segment 0. 0/1 recovered for __consumer_offsets-35. (kafka.log.LogLoader)
[2026-09-11 18:13:53,040] INFO [LogLoader partition=__consumer_offsets-35, dir=C:\Users\maste\AppData\Local\obelie-kafka\data] Loading producer state till offset 0 with message format version 2 (kafka.log.UnifiedLog$)
[2026-09-11 18:13:53,040] INFO [LogLoader partition=__consumer_offsets-35, dir=C:\Users\maste\AppData\Local\obelie-kafka\data] Reloading from producer snapshot and rebuilding producer state from offset 0 (kafka.log.UnifiedLog$)
[2026-09-11 18:13:53,040] INFO [LogLoader partition=__consumer_offsets-35, dir=C:\Users\maste\AppData\Local\obelie-kafka\data] Producer state recovery took 0ms for snapshot load and 0ms for segment recovery from offset 0 (kafka.log.UnifiedLog$)
[2026-09-11 18:13:53,042] INFO [LogLoader partition=__consumer_offsets-35, dir=C:\Users\maste\AppData\Local\obelie-kafka\data] Loading producer state till offset 0 with message format version 2 (kafka.log.UnifiedLog$)
[2026-09-11 18:13:53,042] INFO [LogLoader partition=__consumer_offsets-35, dir=C:\Users\maste\AppData\Local\obelie-kafka\data] Reloading from producer snapshot and rebuilding producer state from offset 0 (kafka.log.UnifiedLog$)
[2026-09-11 18:13:53,042] INFO [LogLoader partition=__consumer_offsets-35, dir=C:\Users\maste\AppData\Local\obelie-kafka\data] Producer state recovery took 0ms for snapshot load and 0ms for segment recovery from offset 0 (kafka.log.UnifiedLog$)
[2026-09-11 18:13:53,046] INFO Completed load of Log(dir=C:\Users\maste\AppData\Local\obelie-kafka\data\__consumer_offsets-35, topicId=9BhUOJnTRDu9E7TVekI1EQ, topic=__consumer_offsets, partition=35, highWatermark=0, lastStableOffset=0, logStartOffset=0, logEndOffset=0) with 1 segments, local-log-start-offset 0 and log-end-offset 0 in 10ms (42/62 completed in C:\Users\maste\AppData\Local\obelie-kafka\data) (kafka.log.LogManager)
[2026-09-11 18:13:53,050] INFO [LogLoader partition=__consumer_offsets-36, dir=C:\Users\maste\AppData\Local\obelie-kafka\data] Recovering unflushed segment 0. 0/1 recovered for __consumer_offsets-36. (kafka.log.LogLoader)
[2026-09-11 18:13:53,050] INFO [LogLoader partition=__consumer_offsets-36, dir=C:\Users\maste\AppData\Local\obelie-kafka\data] Loading producer state till offset 0 with message format version 2 (kafka.log.UnifiedLog$)
[2026-09-11 18:13:53,050] INFO [LogLoader partition=__consumer_offsets-36, dir=C:\Users\maste\AppData\Local\obelie-kafka\data] Reloading from producer snapshot and rebuilding producer state from offset 0 (kafka.log.UnifiedLog$)
[2026-09-11 18:13:53,051] INFO [LogLoader partition=__consumer_offsets-36, dir=C:\Users\maste\AppData\Local\obelie-kafka\data] Producer state recovery took 0ms for snapshot load and 0ms for segment recovery from offset 0 (kafka.log.UnifiedLog$)
[2026-09-11 18:13:53,055] INFO [LogLoader partition=__consumer_offsets-36, dir=C:\Users\maste\AppData\Local\obelie-kafka\data] Loading producer state till offset 0 with message format version 2 (kafka.log.UnifiedLog$)
[2026-09-11 18:13:53,056] INFO [LogLoader partition=__consumer_offsets-36, dir=C:\Users\maste\AppData\Local\obelie-kafka\data] Reloading from producer snapshot and rebuilding producer state from offset 0 (kafka.log.UnifiedLog$)
[2026-09-11 18:13:53,056] INFO [LogLoader partition=__consumer_offsets-36, dir=C:\Users\maste\AppData\Local\obelie-kafka\data] Producer state recovery took 0ms for snapshot load and 0ms for segment recovery from offset 0 (kafka.log.UnifiedLog$)
[2026-09-11 18:13:53,056] INFO Completed load of Log(dir=C:\Users\maste\AppData\Local\obelie-kafka\data\__consumer_offsets-36, topicId=9BhUOJnTRDu9E7TVekI1EQ, topic=__consumer_offsets, partition=36, highWatermark=0, lastStableOffset=0, logStartOffset=0, logEndOffset=0) with 1 segments, local-log-start-offset 0 and log-end-offset 0 in 11ms (43/62 completed in C:\Users\maste\AppData\Local\obelie-kafka\data) (kafka.log.LogManager)
[2026-09-11 18:13:53,060] INFO [LogLoader partition=__consumer_offsets-37, dir=C:\Users\maste\AppData\Local\obelie-kafka\data] Recovering unflushed segment 0. 0/1 recovered for __consumer_offsets-37. (kafka.log.LogLoader)
[2026-09-11 18:13:53,061] INFO [LogLoader partition=__consumer_offsets-37, dir=C:\Users\maste\AppData\Local\obelie-kafka\data] Loading producer state till offset 0 with message format version 2 (kafka.log.UnifiedLog$)
[2026-09-11 18:13:53,061] INFO [LogLoader partition=__consumer_offsets-37, dir=C:\Users\maste\AppData\Local\obelie-kafka\data] Reloading from producer snapshot and rebuilding producer state from offset 0 (kafka.log.UnifiedLog$)
[2026-09-11 18:13:53,062] INFO [LogLoader partition=__consumer_offsets-37, dir=C:\Users\maste\AppData\Local\obelie-kafka\data] Producer state recovery took 0ms for snapshot load and 0ms for segment recovery from offset 0 (kafka.log.UnifiedLog$)
[2026-09-11 18:13:53,066] INFO [LogLoader partition=__consumer_offsets-37, dir=C:\Users\maste\AppData\Local\obelie-kafka\data] Loading producer state till offset 0 with message format version 2 (kafka.log.UnifiedLog$)
[2026-09-11 18:13:53,067] INFO [LogLoader partition=__consumer_offsets-37, dir=C:\Users\maste\AppData\Local\obelie-kafka\data] Reloading from producer snapshot and rebuilding producer state from offset 0 (kafka.log.UnifiedLog$)
[2026-09-11 18:13:53,067] INFO [LogLoader partition=__consumer_offsets-37, dir=C:\Users\maste\AppData\Local\obelie-kafka\data] Producer state recovery took 0ms for snapshot load and 0ms for segment recovery from offset 0 (kafka.log.UnifiedLog$)
[2026-09-11 18:13:53,068] INFO Completed load of Log(dir=C:\Users\maste\AppData\Local\obelie-kafka\data\__consumer_offsets-37, topicId=9BhUOJnTRDu9E7TVekI1EQ, topic=__consumer_offsets, partition=37, highWatermark=0, lastStableOffset=0, logStartOffset=0, logEndOffset=0) with 1 segments, local-log-start-offset 0 and log-end-offset 0 in 11ms (44/62 completed in C:\Users\maste\AppData\Local\obelie-kafka\data) (kafka.log.LogManager)
[2026-09-11 18:13:53,072] INFO [LogLoader partition=__consumer_offsets-38, dir=C:\Users\maste\AppData\Local\obelie-kafka\data] Recovering unflushed segment 0. 0/1 recovered for __consumer_offsets-38. (kafka.log.LogLoader)
[2026-09-11 18:13:53,072] INFO [LogLoader partition=__consumer_offsets-38, dir=C:\Users\maste\AppData\Local\obelie-kafka\data] Loading producer state till offset 0 with message format version 2 (kafka.log.UnifiedLog$)
[2026-09-11 18:13:53,072] INFO [LogLoader partition=__consumer_offsets-38, dir=C:\Users\maste\AppData\Local\obelie-kafka\data] Reloading from producer snapshot and rebuilding producer state from offset 0 (kafka.log.UnifiedLog$)
[2026-09-11 18:13:53,073] INFO [LogLoader partition=__consumer_offsets-38, dir=C:\Users\maste\AppData\Local\obelie-kafka\data] Producer state recovery took 0ms for snapshot load and 0ms for segment recovery from offset 0 (kafka.log.UnifiedLog$)
[2026-09-11 18:13:53,076] INFO [LogLoader partition=__consumer_offsets-38, dir=C:\Users\maste\AppData\Local\obelie-kafka\data] Loading producer state till offset 0 with message format version 2 (kafka.log.UnifiedLog$)
[2026-09-11 18:13:53,077] INFO [LogLoader partition=__consumer_offsets-38, dir=C:\Users\maste\AppData\Local\obelie-kafka\data] Reloading from producer snapshot and rebuilding producer state from offset 0 (kafka.log.UnifiedLog$)
[2026-09-11 18:13:53,077] INFO [LogLoader partition=__consumer_offsets-38, dir=C:\Users\maste\AppData\Local\obelie-kafka\data] Producer state recovery took 0ms for snapshot load and 0ms for segment recovery from offset 0 (kafka.log.UnifiedLog$)
[2026-09-11 18:13:53,080] INFO Completed load of Log(dir=C:\Users\maste\AppData\Local\obelie-kafka\data\__consumer_offsets-38, topicId=9BhUOJnTRDu9E7TVekI1EQ, topic=__consumer_offsets, partition=38, highWatermark=0, lastStableOffset=0, logStartOffset=0, logEndOffset=0) with 1 segments, local-log-start-offset 0 and log-end-offset 0 in 10ms (45/62 completed in C:\Users\maste\AppData\Local\obelie-kafka\data) (kafka.log.LogManager)
[2026-09-11 18:13:53,084] INFO [LogLoader partition=__consumer_offsets-39, dir=C:\Users\maste\AppData\Local\obelie-kafka\data] Recovering unflushed segment 0. 0/1 recovered for __consumer_offsets-39. (kafka.log.LogLoader)
[2026-09-11 18:13:53,085] INFO [LogLoader partition=__consumer_offsets-39, dir=C:\Users\maste\AppData\Local\obelie-kafka\data] Loading producer state till offset 0 with message format version 2 (kafka.log.UnifiedLog$)
[2026-09-11 18:13:53,085] INFO [LogLoader partition=__consumer_offsets-39, dir=C:\Users\maste\AppData\Local\obelie-kafka\data] Reloading from producer snapshot and rebuilding producer state from offset 0 (kafka.log.UnifiedLog$)
[2026-09-11 18:13:53,085] INFO [LogLoader partition=__consumer_offsets-39, dir=C:\Users\maste\AppData\Local\obelie-kafka\data] Producer state recovery took 0ms for snapshot load and 0ms for segment recovery from offset 0 (kafka.log.UnifiedLog$)
[2026-09-11 18:13:53,090] INFO [LogLoader partition=__consumer_offsets-39, dir=C:\Users\maste\AppData\Local\obelie-kafka\data] Loading producer state till offset 0 with message format version 2 (kafka.log.UnifiedLog$)
[2026-09-11 18:13:53,090] INFO [LogLoader partition=__consumer_offsets-39, dir=C:\Users\maste\AppData\Local\obelie-kafka\data] Reloading from producer snapshot and rebuilding producer state from offset 0 (kafka.log.UnifiedLog$)
[2026-09-11 18:13:53,090] INFO [LogLoader partition=__consumer_offsets-39, dir=C:\Users\maste\AppData\Local\obelie-kafka\data] Producer state recovery took 0ms for snapshot load and 0ms for segment recovery from offset 0 (kafka.log.UnifiedLog$)
[2026-09-11 18:13:53,092] INFO Completed load of Log(dir=C:\Users\maste\AppData\Local\obelie-kafka\data\__consumer_offsets-39, topicId=9BhUOJnTRDu9E7TVekI1EQ, topic=__consumer_offsets, partition=39, highWatermark=0, lastStableOffset=0, logStartOffset=0, logEndOffset=0) with 1 segments, local-log-start-offset 0 and log-end-offset 0 in 12ms (46/62 completed in C:\Users\maste\AppData\Local\obelie-kafka\data) (kafka.log.LogManager)
[2026-09-11 18:13:53,096] INFO [LogLoader partition=__consumer_offsets-4, dir=C:\Users\maste\AppData\Local\obelie-kafka\data] Recovering unflushed segment 0. 0/1 recovered for __consumer_offsets-4. (kafka.log.LogLoader)
[2026-09-11 18:13:53,097] INFO [LogLoader partition=__consumer_offsets-4, dir=C:\Users\maste\AppData\Local\obelie-kafka\data] Loading producer state till offset 0 with message format version 2 (kafka.log.UnifiedLog$)
[2026-09-11 18:13:53,097] INFO [LogLoader partition=__consumer_offsets-4, dir=C:\Users\maste\AppData\Local\obelie-kafka\data] Reloading from producer snapshot and rebuilding producer state from offset 0 (kafka.log.UnifiedLog$)
[2026-09-11 18:13:53,097] INFO [LogLoader partition=__consumer_offsets-4, dir=C:\Users\maste\AppData\Local\obelie-kafka\data] Producer state recovery took 0ms for snapshot load and 0ms for segment recovery from offset 0 (kafka.log.UnifiedLog$)
[2026-09-11 18:13:53,100] INFO [LogLoader partition=__consumer_offsets-4, dir=C:\Users\maste\AppData\Local\obelie-kafka\data] Loading producer state till offset 0 with message format version 2 (kafka.log.UnifiedLog$)
[2026-09-11 18:13:53,100] INFO [LogLoader partition=__consumer_offsets-4, dir=C:\Users\maste\AppData\Local\obelie-kafka\data] Reloading from producer snapshot and rebuilding producer state from offset 0 (kafka.log.UnifiedLog$)
[2026-09-11 18:13:53,102] INFO [LogLoader partition=__consumer_offsets-4, dir=C:\Users\maste\AppData\Local\obelie-kafka\data] Producer state recovery took 0ms for snapshot load and 0ms for segment recovery from offset 0 (kafka.log.UnifiedLog$)
[2026-09-11 18:13:53,102] INFO Completed load of Log(dir=C:\Users\maste\AppData\Local\obelie-kafka\data\__consumer_offsets-4, topicId=9BhUOJnTRDu9E7TVekI1EQ, topic=__consumer_offsets, partition=4, highWatermark=0, lastStableOffset=0, logStartOffset=0, logEndOffset=0) with 1 segments, local-log-start-offset 0 and log-end-offset 0 in 10ms (47/62 completed in C:\Users\maste\AppData\Local\obelie-kafka\data) (kafka.log.LogManager)
[2026-09-11 18:13:53,106] INFO [LogLoader partition=__consumer_offsets-40, dir=C:\Users\maste\AppData\Local\obelie-kafka\data] Recovering unflushed segment 0. 0/1 recovered for __consumer_offsets-40. (kafka.log.LogLoader)
[2026-09-11 18:13:53,106] INFO [LogLoader partition=__consumer_offsets-40, dir=C:\Users\maste\AppData\Local\obelie-kafka\data] Loading producer state till offset 0 with message format version 2 (kafka.log.UnifiedLog$)
[2026-09-11 18:13:53,107] INFO [LogLoader partition=__consumer_offsets-40, dir=C:\Users\maste\AppData\Local\obelie-kafka\data] Reloading from producer snapshot and rebuilding producer state from offset 0 (kafka.log.UnifiedLog$)
[2026-09-11 18:13:53,107] INFO [LogLoader partition=__consumer_offsets-40, dir=C:\Users\maste\AppData\Local\obelie-kafka\data] Producer state recovery took 0ms for snapshot load and 0ms for segment recovery from offset 0 (kafka.log.UnifiedLog$)
[2026-09-11 18:13:53,111] INFO [LogLoader partition=__consumer_offsets-40, dir=C:\Users\maste\AppData\Local\obelie-kafka\data] Loading producer state till offset 0 with message format version 2 (kafka.log.UnifiedLog$)
[2026-09-11 18:13:53,111] INFO [LogLoader partition=__consumer_offsets-40, dir=C:\Users\maste\AppData\Local\obelie-kafka\data] Reloading from producer snapshot and rebuilding producer state from offset 0 (kafka.log.UnifiedLog$)
[2026-09-11 18:13:53,111] INFO [LogLoader partition=__consumer_offsets-40, dir=C:\Users\maste\AppData\Local\obelie-kafka\data] Producer state recovery took 0ms for snapshot load and 0ms for segment recovery from offset 0 (kafka.log.UnifiedLog$)
[2026-09-11 18:13:53,112] INFO Completed load of Log(dir=C:\Users\maste\AppData\Local\obelie-kafka\data\__consumer_offsets-40, topicId=9BhUOJnTRDu9E7TVekI1EQ, topic=__consumer_offsets, partition=40, highWatermark=0, lastStableOffset=0, logStartOffset=0, logEndOffset=0) with 1 segments, local-log-start-offset 0 and log-end-offset 0 in 9ms (48/62 completed in C:\Users\maste\AppData\Local\obelie-kafka\data) (kafka.log.LogManager)
[2026-09-11 18:13:53,115] INFO [LogLoader partition=__consumer_offsets-41, dir=C:\Users\maste\AppData\Local\obelie-kafka\data] Recovering unflushed segment 0. 0/1 recovered for __consumer_offsets-41. (kafka.log.LogLoader)
[2026-09-11 18:13:53,117] INFO [LogLoader partition=__consumer_offsets-41, dir=C:\Users\maste\AppData\Local\obelie-kafka\data] Loading producer state till offset 0 with message format version 2 (kafka.log.UnifiedLog$)
[2026-09-11 18:13:53,117] INFO [LogLoader partition=__consumer_offsets-41, dir=C:\Users\maste\AppData\Local\obelie-kafka\data] Reloading from producer snapshot and rebuilding producer state from offset 0 (kafka.log.UnifiedLog$)
[2026-09-11 18:13:53,117] INFO [LogLoader partition=__consumer_offsets-41, dir=C:\Users\maste\AppData\Local\obelie-kafka\data] Producer state recovery took 0ms for snapshot load and 0ms for segment recovery from offset 0 (kafka.log.UnifiedLog$)
[2026-09-11 18:13:53,121] INFO [LogLoader partition=__consumer_offsets-41, dir=C:\Users\maste\AppData\Local\obelie-kafka\data] Loading producer state till offset 0 with message format version 2 (kafka.log.UnifiedLog$)
[2026-09-11 18:13:53,121] INFO [LogLoader partition=__consumer_offsets-41, dir=C:\Users\maste\AppData\Local\obelie-kafka\data] Reloading from producer snapshot and rebuilding producer state from offset 0 (kafka.log.UnifiedLog$)
[2026-09-11 18:13:53,121] INFO [LogLoader partition=__consumer_offsets-41, dir=C:\Users\maste\AppData\Local\obelie-kafka\data] Producer state recovery took 0ms for snapshot load and 0ms for segment recovery from offset 0 (kafka.log.UnifiedLog$)
[2026-09-11 18:13:53,122] INFO Completed load of Log(dir=C:\Users\maste\AppData\Local\obelie-kafka\data\__consumer_offsets-41, topicId=9BhUOJnTRDu9E7TVekI1EQ, topic=__consumer_offsets, partition=41, highWatermark=0, lastStableOffset=0, logStartOffset=0, logEndOffset=0) with 1 segments, local-log-start-offset 0 and log-end-offset 0 in 9ms (49/62 completed in C:\Users\maste\AppData\Local\obelie-kafka\data) (kafka.log.LogManager)
[2026-09-11 18:13:53,129] INFO [LogLoader partition=__consumer_offsets-42, dir=C:\Users\maste\AppData\Local\obelie-kafka\data] Recovering unflushed segment 0. 0/1 recovered for __consumer_offsets-42. (kafka.log.LogLoader)
[2026-09-11 18:13:53,129] INFO [LogLoader partition=__consumer_offsets-42, dir=C:\Users\maste\AppData\Local\obelie-kafka\data] Loading producer state till offset 0 with message format version 2 (kafka.log.UnifiedLog$)
[2026-09-11 18:13:53,129] INFO [LogLoader partition=__consumer_offsets-42, dir=C:\Users\maste\AppData\Local\obelie-kafka\data] Reloading from producer snapshot and rebuilding producer state from offset 0 (kafka.log.UnifiedLog$)
[2026-09-11 18:13:53,129] INFO [LogLoader partition=__consumer_offsets-42, dir=C:\Users\maste\AppData\Local\obelie-kafka\data] Producer state recovery took 0ms for snapshot load and 0ms for segment recovery from offset 0 (kafka.log.UnifiedLog$)
[2026-09-11 18:13:53,134] INFO [LogLoader partition=__consumer_offsets-42, dir=C:\Users\maste\AppData\Local\obelie-kafka\data] Loading producer state till offset 0 with message format version 2 (kafka.log.UnifiedLog$)
[2026-09-11 18:13:53,134] INFO [LogLoader partition=__consumer_offsets-42, dir=C:\Users\maste\AppData\Local\obelie-kafka\data] Reloading from producer snapshot and rebuilding producer state from offset 0 (kafka.log.UnifiedLog$)
[2026-09-11 18:13:53,134] INFO [LogLoader partition=__consumer_offsets-42, dir=C:\Users\maste\AppData\Local\obelie-kafka\data] Producer state recovery took 0ms for snapshot load and 0ms for segment recovery from offset 0 (kafka.log.UnifiedLog$)
[2026-09-11 18:13:53,137] INFO Completed load of Log(dir=C:\Users\maste\AppData\Local\obelie-kafka\data\__consumer_offsets-42, topicId=9BhUOJnTRDu9E7TVekI1EQ, topic=__consumer_offsets, partition=42, highWatermark=0, lastStableOffset=0, logStartOffset=0, logEndOffset=0) with 1 segments, local-log-start-offset 0 and log-end-offset 0 in 15ms (50/62 completed in C:\Users\maste\AppData\Local\obelie-kafka\data) (kafka.log.LogManager)
[2026-09-11 18:13:53,143] INFO [LogLoader partition=__consumer_offsets-43, dir=C:\Users\maste\AppData\Local\obelie-kafka\data] Recovering unflushed segment 0. 0/1 recovered for __consumer_offsets-43. (kafka.log.LogLoader)
[2026-09-11 18:13:53,143] INFO [LogLoader partition=__consumer_offsets-43, dir=C:\Users\maste\AppData\Local\obelie-kafka\data] Loading producer state till offset 0 with message format version 2 (kafka.log.UnifiedLog$)
[2026-09-11 18:13:53,143] INFO [LogLoader partition=__consumer_offsets-43, dir=C:\Users\maste\AppData\Local\obelie-kafka\data] Reloading from producer snapshot and rebuilding producer state from offset 0 (kafka.log.UnifiedLog$)
[2026-09-11 18:13:53,143] INFO [LogLoader partition=__consumer_offsets-43, dir=C:\Users\maste\AppData\Local\obelie-kafka\data] Producer state recovery took 0ms for snapshot load and 0ms for segment recovery from offset 0 (kafka.log.UnifiedLog$)
[2026-09-11 18:13:53,149] INFO [LogLoader partition=__consumer_offsets-43, dir=C:\Users\maste\AppData\Local\obelie-kafka\data] Loading producer state till offset 0 with message format version 2 (kafka.log.UnifiedLog$)
[2026-09-11 18:13:53,149] INFO [LogLoader partition=__consumer_offsets-43, dir=C:\Users\maste\AppData\Local\obelie-kafka\data] Reloading from producer snapshot and rebuilding producer state from offset 0 (kafka.log.UnifiedLog$)
[2026-09-11 18:13:53,149] INFO [LogLoader partition=__consumer_offsets-43, dir=C:\Users\maste\AppData\Local\obelie-kafka\data] Producer state recovery took 0ms for snapshot load and 0ms for segment recovery from offset 0 (kafka.log.UnifiedLog$)
[2026-09-11 18:13:53,152] INFO Completed load of Log(dir=C:\Users\maste\AppData\Local\obelie-kafka\data\__consumer_offsets-43, topicId=9BhUOJnTRDu9E7TVekI1EQ, topic=__consumer_offsets, partition=43, highWatermark=0, lastStableOffset=0, logStartOffset=0, logEndOffset=0) with 1 segments, local-log-start-offset 0 and log-end-offset 0 in 13ms (51/62 completed in C:\Users\maste\AppData\Local\obelie-kafka\data) (kafka.log.LogManager)
[2026-09-11 18:13:53,155] INFO [LogLoader partition=__consumer_offsets-44, dir=C:\Users\maste\AppData\Local\obelie-kafka\data] Recovering unflushed segment 0. 0/1 recovered for __consumer_offsets-44. (kafka.log.LogLoader)
[2026-09-11 18:13:53,156] INFO [LogLoader partition=__consumer_offsets-44, dir=C:\Users\maste\AppData\Local\obelie-kafka\data] Loading producer state till offset 0 with message format version 2 (kafka.log.UnifiedLog$)
[2026-09-11 18:13:53,156] INFO [LogLoader partition=__consumer_offsets-44, dir=C:\Users\maste\AppData\Local\obelie-kafka\data] Reloading from producer snapshot and rebuilding producer state from offset 0 (kafka.log.UnifiedLog$)
[2026-09-11 18:13:53,156] INFO [LogLoader partition=__consumer_offsets-44, dir=C:\Users\maste\AppData\Local\obelie-kafka\data] Producer state recovery took 0ms for snapshot load and 0ms for segment recovery from offset 0 (kafka.log.UnifiedLog$)
[2026-09-11 18:13:53,160] INFO [LogLoader partition=__consumer_offsets-44, dir=C:\Users\maste\AppData\Local\obelie-kafka\data] Loading producer state till offset 0 with message format version 2 (kafka.log.UnifiedLog$)
[2026-09-11 18:13:53,160] INFO [LogLoader partition=__consumer_offsets-44, dir=C:\Users\maste\AppData\Local\obelie-kafka\data] Reloading from producer snapshot and rebuilding producer state from offset 0 (kafka.log.UnifiedLog$)
[2026-09-11 18:13:53,160] INFO [LogLoader partition=__consumer_offsets-44, dir=C:\Users\maste\AppData\Local\obelie-kafka\data] Producer state recovery took 0ms for snapshot load and 0ms for segment recovery from offset 0 (kafka.log.UnifiedLog$)
[2026-09-11 18:13:53,163] INFO Completed load of Log(dir=C:\Users\maste\AppData\Local\obelie-kafka\data\__consumer_offsets-44, topicId=9BhUOJnTRDu9E7TVekI1EQ, topic=__consumer_offsets, partition=44, highWatermark=0, lastStableOffset=0, logStartOffset=0, logEndOffset=0) with 1 segments, local-log-start-offset 0 and log-end-offset 0 in 11ms (52/62 completed in C:\Users\maste\AppData\Local\obelie-kafka\data) (kafka.log.LogManager)
[2026-09-11 18:13:53,166] INFO [LogLoader partition=__consumer_offsets-45, dir=C:\Users\maste\AppData\Local\obelie-kafka\data] Recovering unflushed segment 0. 0/1 recovered for __consumer_offsets-45. (kafka.log.LogLoader)
[2026-09-11 18:13:53,167] INFO [LogLoader partition=__consumer_offsets-45, dir=C:\Users\maste\AppData\Local\obelie-kafka\data] Loading producer state till offset 0 with message format version 2 (kafka.log.UnifiedLog$)
[2026-09-11 18:13:53,167] INFO [LogLoader partition=__consumer_offsets-45, dir=C:\Users\maste\AppData\Local\obelie-kafka\data] Reloading from producer snapshot and rebuilding producer state from offset 0 (kafka.log.UnifiedLog$)
[2026-09-11 18:13:53,167] INFO [LogLoader partition=__consumer_offsets-45, dir=C:\Users\maste\AppData\Local\obelie-kafka\data] Producer state recovery took 0ms for snapshot load and 0ms for segment recovery from offset 0 (kafka.log.UnifiedLog$)
[2026-09-11 18:13:53,172] INFO [LogLoader partition=__consumer_offsets-45, dir=C:\Users\maste\AppData\Local\obelie-kafka\data] Loading producer state till offset 0 with message format version 2 (kafka.log.UnifiedLog$)
[2026-09-11 18:13:53,173] INFO [LogLoader partition=__consumer_offsets-45, dir=C:\Users\maste\AppData\Local\obelie-kafka\data] Reloading from producer snapshot and rebuilding producer state from offset 0 (kafka.log.UnifiedLog$)
[2026-09-11 18:13:53,173] INFO [LogLoader partition=__consumer_offsets-45, dir=C:\Users\maste\AppData\Local\obelie-kafka\data] Producer state recovery took 0ms for snapshot load and 0ms for segment recovery from offset 0 (kafka.log.UnifiedLog$)
[2026-09-11 18:13:53,176] INFO Completed load of Log(dir=C:\Users\maste\AppData\Local\obelie-kafka\data\__consumer_offsets-45, topicId=9BhUOJnTRDu9E7TVekI1EQ, topic=__consumer_offsets, partition=45, highWatermark=0, lastStableOffset=0, logStartOffset=0, logEndOffset=0) with 1 segments, local-log-start-offset 0 and log-end-offset 0 in 13ms (53/62 completed in C:\Users\maste\AppData\Local\obelie-kafka\data) (kafka.log.LogManager)
[2026-09-11 18:13:53,182] INFO [LogLoader partition=__consumer_offsets-46, dir=C:\Users\maste\AppData\Local\obelie-kafka\data] Recovering unflushed segment 0. 0/1 recovered for __consumer_offsets-46. (kafka.log.LogLoader)
[2026-09-11 18:13:53,183] INFO [LogLoader partition=__consumer_offsets-46, dir=C:\Users\maste\AppData\Local\obelie-kafka\data] Loading producer state till offset 0 with message format version 2 (kafka.log.UnifiedLog$)
[2026-09-11 18:13:53,183] INFO [LogLoader partition=__consumer_offsets-46, dir=C:\Users\maste\AppData\Local\obelie-kafka\data] Reloading from producer snapshot and rebuilding producer state from offset 0 (kafka.log.UnifiedLog$)
[2026-09-11 18:13:53,187] INFO [LogLoader partition=__consumer_offsets-46, dir=C:\Users\maste\AppData\Local\obelie-kafka\data] Producer state recovery took 0ms for snapshot load and 0ms for segment recovery from offset 0 (kafka.log.UnifiedLog$)
[2026-09-11 18:13:53,194] INFO [LogLoader partition=__consumer_offsets-46, dir=C:\Users\maste\AppData\Local\obelie-kafka\data] Loading producer state till offset 0 with message format version 2 (kafka.log.UnifiedLog$)
[2026-09-11 18:13:53,194] INFO [LogLoader partition=__consumer_offsets-46, dir=C:\Users\maste\AppData\Local\obelie-kafka\data] Reloading from producer snapshot and rebuilding producer state from offset 0 (kafka.log.UnifiedLog$)
[2026-09-11 18:13:53,195] INFO [LogLoader partition=__consumer_offsets-46, dir=C:\Users\maste\AppData\Local\obelie-kafka\data] Producer state recovery took 0ms for snapshot load and 0ms for segment recovery from offset 0 (kafka.log.UnifiedLog$)
[2026-09-11 18:13:53,197] INFO Completed load of Log(dir=C:\Users\maste\AppData\Local\obelie-kafka\data\__consumer_offsets-46, topicId=9BhUOJnTRDu9E7TVekI1EQ, topic=__consumer_offsets, partition=46, highWatermark=0, lastStableOffset=0, logStartOffset=0, logEndOffset=0) with 1 segments, local-log-start-offset 0 and log-end-offset 0 in 20ms (54/62 completed in C:\Users\maste\AppData\Local\obelie-kafka\data) (kafka.log.LogManager)
[2026-09-11 18:13:53,203] INFO [LogLoader partition=__consumer_offsets-47, dir=C:\Users\maste\AppData\Local\obelie-kafka\data] Recovering unflushed segment 0. 0/1 recovered for __consumer_offsets-47. (kafka.log.LogLoader)
[2026-09-11 18:13:53,204] INFO [LogLoader partition=__consumer_offsets-47, dir=C:\Users\maste\AppData\Local\obelie-kafka\data] Loading producer state till offset 0 with message format version 2 (kafka.log.UnifiedLog$)
[2026-09-11 18:13:53,204] INFO [LogLoader partition=__consumer_offsets-47, dir=C:\Users\maste\AppData\Local\obelie-kafka\data] Reloading from producer snapshot and rebuilding producer state from offset 0 (kafka.log.UnifiedLog$)
[2026-09-11 18:13:53,204] INFO [LogLoader partition=__consumer_offsets-47, dir=C:\Users\maste\AppData\Local\obelie-kafka\data] Producer state recovery took 0ms for snapshot load and 0ms for segment recovery from offset 0 (kafka.log.UnifiedLog$)
[2026-09-11 18:13:53,213] INFO [LogLoader partition=__consumer_offsets-47, dir=C:\Users\maste\AppData\Local\obelie-kafka\data] Loading producer state till offset 0 with message format version 2 (kafka.log.UnifiedLog$)
[2026-09-11 18:13:53,213] INFO [LogLoader partition=__consumer_offsets-47, dir=C:\Users\maste\AppData\Local\obelie-kafka\data] Reloading from producer snapshot and rebuilding producer state from offset 0 (kafka.log.UnifiedLog$)
[2026-09-11 18:13:53,214] INFO [LogLoader partition=__consumer_offsets-47, dir=C:\Users\maste\AppData\Local\obelie-kafka\data] Producer state recovery took 0ms for snapshot load and 0ms for segment recovery from offset 0 (kafka.log.UnifiedLog$)
[2026-09-11 18:13:53,215] INFO Completed load of Log(dir=C:\Users\maste\AppData\Local\obelie-kafka\data\__consumer_offsets-47, topicId=9BhUOJnTRDu9E7TVekI1EQ, topic=__consumer_offsets, partition=47, highWatermark=0, lastStableOffset=0, logStartOffset=0, logEndOffset=0) with 1 segments, local-log-start-offset 0 and log-end-offset 0 in 17ms (55/62 completed in C:\Users\maste\AppData\Local\obelie-kafka\data) (kafka.log.LogManager)
[2026-09-11 18:13:53,221] INFO [LogLoader partition=__consumer_offsets-48, dir=C:\Users\maste\AppData\Local\obelie-kafka\data] Recovering unflushed segment 0. 0/1 recovered for __consumer_offsets-48. (kafka.log.LogLoader)
[2026-09-11 18:13:53,221] INFO [LogLoader partition=__consumer_offsets-48, dir=C:\Users\maste\AppData\Local\obelie-kafka\data] Loading producer state till offset 0 with message format version 2 (kafka.log.UnifiedLog$)
[2026-09-11 18:13:53,222] INFO [LogLoader partition=__consumer_offsets-48, dir=C:\Users\maste\AppData\Local\obelie-kafka\data] Reloading from producer snapshot and rebuilding producer state from offset 0 (kafka.log.UnifiedLog$)
[2026-09-11 18:13:53,222] INFO [LogLoader partition=__consumer_offsets-48, dir=C:\Users\maste\AppData\Local\obelie-kafka\data] Producer state recovery took 0ms for snapshot load and 0ms for segment recovery from offset 0 (kafka.log.UnifiedLog$)
[2026-09-11 18:13:53,229] INFO [LogLoader partition=__consumer_offsets-48, dir=C:\Users\maste\AppData\Local\obelie-kafka\data] Loading producer state till offset 0 with message format version 2 (kafka.log.UnifiedLog$)
[2026-09-11 18:13:53,229] INFO [LogLoader partition=__consumer_offsets-48, dir=C:\Users\maste\AppData\Local\obelie-kafka\data] Reloading from producer snapshot and rebuilding producer state from offset 0 (kafka.log.UnifiedLog$)
[2026-09-11 18:13:53,230] INFO [LogLoader partition=__consumer_offsets-48, dir=C:\Users\maste\AppData\Local\obelie-kafka\data] Producer state recovery took 0ms for snapshot load and 0ms for segment recovery from offset 0 (kafka.log.UnifiedLog$)
[2026-09-11 18:13:53,231] INFO Completed load of Log(dir=C:\Users\maste\AppData\Local\obelie-kafka\data\__consumer_offsets-48, topicId=9BhUOJnTRDu9E7TVekI1EQ, topic=__consumer_offsets, partition=48, highWatermark=0, lastStableOffset=0, logStartOffset=0, logEndOffset=0) with 1 segments, local-log-start-offset 0 and log-end-offset 0 in 16ms (56/62 completed in C:\Users\maste\AppData\Local\obelie-kafka\data) (kafka.log.LogManager)
[2026-09-11 18:13:53,236] INFO [LogLoader partition=__consumer_offsets-49, dir=C:\Users\maste\AppData\Local\obelie-kafka\data] Recovering unflushed segment 0. 0/1 recovered for __consumer_offsets-49. (kafka.log.LogLoader)
[2026-09-11 18:13:53,237] INFO [LogLoader partition=__consumer_offsets-49, dir=C:\Users\maste\AppData\Local\obelie-kafka\data] Loading producer state till offset 0 with message format version 2 (kafka.log.UnifiedLog$)
[2026-09-11 18:13:53,237] INFO [LogLoader partition=__consumer_offsets-49, dir=C:\Users\maste\AppData\Local\obelie-kafka\data] Reloading from producer snapshot and rebuilding producer state from offset 0 (kafka.log.UnifiedLog$)
[2026-09-11 18:13:53,237] INFO [LogLoader partition=__consumer_offsets-49, dir=C:\Users\maste\AppData\Local\obelie-kafka\data] Producer state recovery took 0ms for snapshot load and 0ms for segment recovery from offset 0 (kafka.log.UnifiedLog$)
[2026-09-11 18:13:53,241] INFO [LogLoader partition=__consumer_offsets-49, dir=C:\Users\maste\AppData\Local\obelie-kafka\data] Loading producer state till offset 0 with message format version 2 (kafka.log.UnifiedLog$)
[2026-09-11 18:13:53,242] INFO [LogLoader partition=__consumer_offsets-49, dir=C:\Users\maste\AppData\Local\obelie-kafka\data] Reloading from producer snapshot and rebuilding producer state from offset 0 (kafka.log.UnifiedLog$)
[2026-09-11 18:13:53,242] INFO [LogLoader partition=__consumer_offsets-49, dir=C:\Users\maste\AppData\Local\obelie-kafka\data] Producer state recovery took 0ms for snapshot load and 0ms for segment recovery from offset 0 (kafka.log.UnifiedLog$)
[2026-09-11 18:13:53,243] INFO Completed load of Log(dir=C:\Users\maste\AppData\Local\obelie-kafka\data\__consumer_offsets-49, topicId=9BhUOJnTRDu9E7TVekI1EQ, topic=__consumer_offsets, partition=49, highWatermark=0, lastStableOffset=0, logStartOffset=0, logEndOffset=0) with 1 segments, local-log-start-offset 0 and log-end-offset 0 in 13ms (57/62 completed in C:\Users\maste\AppData\Local\obelie-kafka\data) (kafka.log.LogManager)
[2026-09-11 18:13:53,248] INFO [LogLoader partition=__consumer_offsets-5, dir=C:\Users\maste\AppData\Local\obelie-kafka\data] Recovering unflushed segment 0. 0/1 recovered for __consumer_offsets-5. (kafka.log.LogLoader)
[2026-09-11 18:13:53,249] INFO [LogLoader partition=__consumer_offsets-5, dir=C:\Users\maste\AppData\Local\obelie-kafka\data] Loading producer state till offset 0 with message format version 2 (kafka.log.UnifiedLog$)
[2026-09-11 18:13:53,249] INFO [LogLoader partition=__consumer_offsets-5, dir=C:\Users\maste\AppData\Local\obelie-kafka\data] Reloading from producer snapshot and rebuilding producer state from offset 0 (kafka.log.UnifiedLog$)
[2026-09-11 18:13:53,249] INFO [LogLoader partition=__consumer_offsets-5, dir=C:\Users\maste\AppData\Local\obelie-kafka\data] Producer state recovery took 0ms for snapshot load and 0ms for segment recovery from offset 0 (kafka.log.UnifiedLog$)
[2026-09-11 18:13:53,254] INFO [LogLoader partition=__consumer_offsets-5, dir=C:\Users\maste\AppData\Local\obelie-kafka\data] Loading producer state till offset 0 with message format version 2 (kafka.log.UnifiedLog$)
[2026-09-11 18:13:53,255] INFO [LogLoader partition=__consumer_offsets-5, dir=C:\Users\maste\AppData\Local\obelie-kafka\data] Reloading from producer snapshot and rebuilding producer state from offset 0 (kafka.log.UnifiedLog$)
[2026-09-11 18:13:53,255] INFO [LogLoader partition=__consumer_offsets-5, dir=C:\Users\maste\AppData\Local\obelie-kafka\data] Producer state recovery took 0ms for snapshot load and 0ms for segment recovery from offset 0 (kafka.log.UnifiedLog$)
[2026-09-11 18:13:53,257] INFO Completed load of Log(dir=C:\Users\maste\AppData\Local\obelie-kafka\data\__consumer_offsets-5, topicId=9BhUOJnTRDu9E7TVekI1EQ, topic=__consumer_offsets, partition=5, highWatermark=0, lastStableOffset=0, logStartOffset=0, logEndOffset=0) with 1 segments, local-log-start-offset 0 and log-end-offset 0 in 13ms (58/62 completed in C:\Users\maste\AppData\Local\obelie-kafka\data) (kafka.log.LogManager)
[2026-09-11 18:13:53,260] INFO [LogLoader partition=__consumer_offsets-6, dir=C:\Users\maste\AppData\Local\obelie-kafka\data] Recovering unflushed segment 0. 0/1 recovered for __consumer_offsets-6. (kafka.log.LogLoader)
[2026-09-11 18:13:53,262] INFO [LogLoader partition=__consumer_offsets-6, dir=C:\Users\maste\AppData\Local\obelie-kafka\data] Loading producer state till offset 0 with message format version 2 (kafka.log.UnifiedLog$)
[2026-09-11 18:13:53,263] INFO [LogLoader partition=__consumer_offsets-6, dir=C:\Users\maste\AppData\Local\obelie-kafka\data] Reloading from producer snapshot and rebuilding producer state from offset 0 (kafka.log.UnifiedLog$)
[2026-09-11 18:13:53,263] INFO [LogLoader partition=__consumer_offsets-6, dir=C:\Users\maste\AppData\Local\obelie-kafka\data] Producer state recovery took 0ms for snapshot load and 0ms for segment recovery from offset 0 (kafka.log.UnifiedLog$)
[2026-09-11 18:13:53,267] INFO [LogLoader partition=__consumer_offsets-6, dir=C:\Users\maste\AppData\Local\obelie-kafka\data] Loading producer state till offset 0 with message format version 2 (kafka.log.UnifiedLog$)
[2026-09-11 18:13:53,267] INFO [LogLoader partition=__consumer_offsets-6, dir=C:\Users\maste\AppData\Local\obelie-kafka\data] Reloading from producer snapshot and rebuilding producer state from offset 0 (kafka.log.UnifiedLog$)
[2026-09-11 18:13:53,268] INFO [LogLoader partition=__consumer_offsets-6, dir=C:\Users\maste\AppData\Local\obelie-kafka\data] Producer state recovery took 0ms for snapshot load and 0ms for segment recovery from offset 0 (kafka.log.UnifiedLog$)
[2026-09-11 18:13:53,269] INFO Completed load of Log(dir=C:\Users\maste\AppData\Local\obelie-kafka\data\__consumer_offsets-6, topicId=9BhUOJnTRDu9E7TVekI1EQ, topic=__consumer_offsets, partition=6, highWatermark=0, lastStableOffset=0, logStartOffset=0, logEndOffset=0) with 1 segments, local-log-start-offset 0 and log-end-offset 0 in 12ms (59/62 completed in C:\Users\maste\AppData\Local\obelie-kafka\data) (kafka.log.LogManager)
[2026-09-11 18:13:53,274] INFO [LogLoader partition=__consumer_offsets-7, dir=C:\Users\maste\AppData\Local\obelie-kafka\data] Recovering unflushed segment 0. 0/1 recovered for __consumer_offsets-7. (kafka.log.LogLoader)
[2026-09-11 18:13:53,275] INFO [LogLoader partition=__consumer_offsets-7, dir=C:\Users\maste\AppData\Local\obelie-kafka\data] Loading producer state till offset 0 with message format version 2 (kafka.log.UnifiedLog$)
[2026-09-11 18:13:53,275] INFO [LogLoader partition=__consumer_offsets-7, dir=C:\Users\maste\AppData\Local\obelie-kafka\data] Reloading from producer snapshot and rebuilding producer state from offset 0 (kafka.log.UnifiedLog$)
[2026-09-11 18:13:53,275] INFO [LogLoader partition=__consumer_offsets-7, dir=C:\Users\maste\AppData\Local\obelie-kafka\data] Producer state recovery took 0ms for snapshot load and 0ms for segment recovery from offset 0 (kafka.log.UnifiedLog$)
[2026-09-11 18:13:53,280] INFO [LogLoader partition=__consumer_offsets-7, dir=C:\Users\maste\AppData\Local\obelie-kafka\data] Loading producer state till offset 0 with message format version 2 (kafka.log.UnifiedLog$)
[2026-09-11 18:13:53,282] INFO [LogLoader partition=__consumer_offsets-7, dir=C:\Users\maste\AppData\Local\obelie-kafka\data] Reloading from producer snapshot and rebuilding producer state from offset 0 (kafka.log.UnifiedLog$)
[2026-09-11 18:13:53,282] INFO [LogLoader partition=__consumer_offsets-7, dir=C:\Users\maste\AppData\Local\obelie-kafka\data] Producer state recovery took 0ms for snapshot load and 0ms for segment recovery from offset 0 (kafka.log.UnifiedLog$)
[2026-09-11 18:13:53,284] INFO Completed load of Log(dir=C:\Users\maste\AppData\Local\obelie-kafka\data\__consumer_offsets-7, topicId=9BhUOJnTRDu9E7TVekI1EQ, topic=__consumer_offsets, partition=7, highWatermark=0, lastStableOffset=0, logStartOffset=0, logEndOffset=0) with 1 segments, local-log-start-offset 0 and log-end-offset 0 in 13ms (60/62 completed in C:\Users\maste\AppData\Local\obelie-kafka\data) (kafka.log.LogManager)
[2026-09-11 18:13:53,287] INFO [LogLoader partition=__consumer_offsets-8, dir=C:\Users\maste\AppData\Local\obelie-kafka\data] Recovering unflushed segment 0. 0/1 recovered for __consumer_offsets-8. (kafka.log.LogLoader)
[2026-09-11 18:13:53,288] INFO [LogLoader partition=__consumer_offsets-8, dir=C:\Users\maste\AppData\Local\obelie-kafka\data] Loading producer state till offset 0 with message format version 2 (kafka.log.UnifiedLog$)
[2026-09-11 18:13:53,288] INFO [LogLoader partition=__consumer_offsets-8, dir=C:\Users\maste\AppData\Local\obelie-kafka\data] Reloading from producer snapshot and rebuilding producer state from offset 0 (kafka.log.UnifiedLog$)
[2026-09-11 18:13:53,288] INFO [LogLoader partition=__consumer_offsets-8, dir=C:\Users\maste\AppData\Local\obelie-kafka\data] Producer state recovery took 0ms for snapshot load and 0ms for segment recovery from offset 0 (kafka.log.UnifiedLog$)
[2026-09-11 18:13:53,294] INFO [LogLoader partition=__consumer_offsets-8, dir=C:\Users\maste\AppData\Local\obelie-kafka\data] Loading producer state till offset 0 with message format version 2 (kafka.log.UnifiedLog$)
[2026-09-11 18:13:53,294] INFO [LogLoader partition=__consumer_offsets-8, dir=C:\Users\maste\AppData\Local\obelie-kafka\data] Reloading from producer snapshot and rebuilding producer state from offset 0 (kafka.log.UnifiedLog$)
[2026-09-11 18:13:53,294] INFO [LogLoader partition=__consumer_offsets-8, dir=C:\Users\maste\AppData\Local\obelie-kafka\data] Producer state recovery took 0ms for snapshot load and 0ms for segment recovery from offset 0 (kafka.log.UnifiedLog$)
[2026-09-11 18:13:53,296] INFO Completed load of Log(dir=C:\Users\maste\AppData\Local\obelie-kafka\data\__consumer_offsets-8, topicId=9BhUOJnTRDu9E7TVekI1EQ, topic=__consumer_offsets, partition=8, highWatermark=0, lastStableOffset=0, logStartOffset=0, logEndOffset=0) with 1 segments, local-log-start-offset 0 and log-end-offset 0 in 12ms (61/62 completed in C:\Users\maste\AppData\Local\obelie-kafka\data) (kafka.log.LogManager)
[2026-09-11 18:13:53,300] INFO [LogLoader partition=__consumer_offsets-9, dir=C:\Users\maste\AppData\Local\obelie-kafka\data] Recovering unflushed segment 0. 0/1 recovered for __consumer_offsets-9. (kafka.log.LogLoader)
[2026-09-11 18:13:53,300] INFO [LogLoader partition=__consumer_offsets-9, dir=C:\Users\maste\AppData\Local\obelie-kafka\data] Loading producer state till offset 0 with message format version 2 (kafka.log.UnifiedLog$)
[2026-09-11 18:13:53,300] INFO [LogLoader partition=__consumer_offsets-9, dir=C:\Users\maste\AppData\Local\obelie-kafka\data] Reloading from producer snapshot and rebuilding producer state from offset 0 (kafka.log.UnifiedLog$)
[2026-09-11 18:13:53,300] INFO [LogLoader partition=__consumer_offsets-9, dir=C:\Users\maste\AppData\Local\obelie-kafka\data] Producer state recovery took 0ms for snapshot load and 0ms for segment recovery from offset 0 (kafka.log.UnifiedLog$)
[2026-09-11 18:13:53,307] INFO [LogLoader partition=__consumer_offsets-9, dir=C:\Users\maste\AppData\Local\obelie-kafka\data] Loading producer state till offset 0 with message format version 2 (kafka.log.UnifiedLog$)
[2026-09-11 18:13:53,308] INFO [LogLoader partition=__consumer_offsets-9, dir=C:\Users\maste\AppData\Local\obelie-kafka\data] Reloading from producer snapshot and rebuilding producer state from offset 0 (kafka.log.UnifiedLog$)
[2026-09-11 18:13:53,308] INFO [LogLoader partition=__consumer_offsets-9, dir=C:\Users\maste\AppData\Local\obelie-kafka\data] Producer state recovery took 0ms for snapshot load and 0ms for segment recovery from offset 0 (kafka.log.UnifiedLog$)
[2026-09-11 18:13:53,310] INFO Completed load of Log(dir=C:\Users\maste\AppData\Local\obelie-kafka\data\__consumer_offsets-9, topicId=9BhUOJnTRDu9E7TVekI1EQ, topic=__consumer_offsets, partition=9, highWatermark=0, lastStableOffset=0, logStartOffset=0, logEndOffset=0) with 1 segments, local-log-start-offset 0 and log-end-offset 0 in 13ms (62/62 completed in C:\Users\maste\AppData\Local\obelie-kafka\data) (kafka.log.LogManager)
[2026-09-11 18:13:53,313] INFO Loaded 62 logs in 1027ms (unclean log dirs = ArrayBuffer(C:\Users\maste\AppData\Local\obelie-kafka\data)) (kafka.log.LogManager)
[2026-09-11 18:13:53,314] INFO Starting log cleanup with a period of 300000 ms. (kafka.log.LogManager)
[2026-09-11 18:13:53,315] INFO Starting log flusher with a default period of 9223372036854775807 ms. (kafka.log.LogManager)
[2026-09-11 18:13:53,398] INFO [kafka-log-cleaner-thread-0]: Starting (kafka.log.LogCleaner$CleanerThread)
[2026-09-11 18:13:53,400] INFO [LogDirFailureHandler]: Starting (kafka.server.ReplicaManager$LogDirFailureHandler)
[2026-09-11 18:13:53,400] INFO [AddPartitionsToTxnSenderThread-1]: Starting (kafka.server.AddPartitionsToTxnManager)
[2026-09-11 18:13:53,402] INFO [GroupCoordinator 1]: Starting up. (kafka.coordinator.group.GroupCoordinator)
[2026-09-11 18:13:53,403] INFO [GroupCoordinator 1]: Startup complete. (kafka.coordinator.group.GroupCoordinator)
[2026-09-11 18:13:53,404] INFO [TransactionCoordinator id=1] Starting up. (kafka.coordinator.transaction.TransactionCoordinator)
[2026-09-11 18:13:53,405] INFO [TxnMarkerSenderThread-1]: Starting (kafka.coordinator.transaction.TransactionMarkerChannelManager)
[2026-09-11 18:13:53,406] INFO [TransactionCoordinator id=1] Startup complete. (kafka.coordinator.transaction.TransactionCoordinator)
[2026-09-11 18:13:53,416] INFO [ReplicaFetcherManager on broker 1] Removed fetcher for partitions Set(__consumer_offsets-13, __consumer_offsets-46, __consumer_offsets-9, __consumer_offsets-42, __consumer_offsets-21, pagos-1, __consumer_offsets-17, __consumer_offsets-30, __consumer_offsets-26, ventas-1, __consumer_offsets-5, __consumer_offsets-38, inventario-2, clientes-2, __consumer_offsets-1, __consumer_offsets-34, __consumer_offsets-16, __consumer_offsets-45, __consumer_offsets-12, __consumer_offsets-41, __consumer_offsets-24, __consumer_offsets-20, pagos-2, __consumer_offsets-49, __consumer_offsets-0, __consumer_offsets-29, __consumer_offsets-25, ventas-2, __consumer_offsets-8, __consumer_offsets-37, clientes-1, inventario-1, __consumer_offsets-4, __consumer_offsets-33, __consumer_offsets-15, __consumer_offsets-48, __consumer_offsets-11, __consumer_offsets-44, __consumer_offsets-23, __consumer_offsets-19, __consumer_offsets-32, __consumer_offsets-28, __consumer_offsets-7, __consumer_offsets-40, __consumer_offsets-3, __consumer_offsets-36, inventario-0, clientes-0, __consumer_offsets-47, __consumer_offsets-14, __consumer_offsets-43, __consumer_offsets-10, __consumer_offsets-22, pagos-0, __consumer_offsets-18, __consumer_offsets-31, __consumer_offsets-27, ventas-0, __consumer_offsets-39, __consumer_offsets-6, __consumer_offsets-35, __consumer_offsets-2) (kafka.server.ReplicaFetcherManager)
[2026-09-11 18:13:53,450] INFO [Partition __consumer_offsets-13 broker=1] Log loaded for partition __consumer_offsets-13 with initial high watermark 0 (kafka.cluster.Partition)
[2026-09-11 18:13:53,460] INFO [Partition __consumer_offsets-46 broker=1] Log loaded for partition __consumer_offsets-46 with initial high watermark 0 (kafka.cluster.Partition)
[2026-09-11 18:13:53,466] INFO [Partition __consumer_offsets-9 broker=1] Log loaded for partition __consumer_offsets-9 with initial high watermark 0 (kafka.cluster.Partition)
[2026-09-11 18:13:53,469] INFO [Partition __consumer_offsets-42 broker=1] Log loaded for partition __consumer_offsets-42 with initial high watermark 0 (kafka.cluster.Partition)
[2026-09-11 18:13:53,473] INFO [Partition __consumer_offsets-21 broker=1] Log loaded for partition __consumer_offsets-21 with initial high watermark 0 (kafka.cluster.Partition)
[2026-09-11 18:13:53,476] INFO [Partition pagos-1 broker=1] Log loaded for partition pagos-1 with initial high watermark 391 (kafka.cluster.Partition)
[2026-09-11 18:13:53,477] INFO [Partition __consumer_offsets-17 broker=1] Log loaded for partition __consumer_offsets-17 with initial high watermark 0 (kafka.cluster.Partition)
[2026-09-11 18:13:53,480] INFO [Partition __consumer_offsets-30 broker=1] Log loaded for partition __consumer_offsets-30 with initial high watermark 0 (kafka.cluster.Partition)
[2026-09-11 18:13:53,484] INFO [Partition __consumer_offsets-26 broker=1] Log loaded for partition __consumer_offsets-26 with initial high watermark 0 (kafka.cluster.Partition)
[2026-09-11 18:13:53,487] INFO [Partition ventas-1 broker=1] Log loaded for partition ventas-1 with initial high watermark 391 (kafka.cluster.Partition)
[2026-09-11 18:13:53,487] INFO [Partition __consumer_offsets-5 broker=1] Log loaded for partition __consumer_offsets-5 with initial high watermark 0 (kafka.cluster.Partition)
[2026-09-11 18:13:53,491] INFO [Partition __consumer_offsets-38 broker=1] Log loaded for partition __consumer_offsets-38 with initial high watermark 0 (kafka.cluster.Partition)
[2026-09-11 18:13:53,494] INFO [Partition inventario-2 broker=1] Log loaded for partition inventario-2 with initial high watermark 330 (kafka.cluster.Partition)
[2026-09-11 18:13:53,496] INFO [Partition clientes-2 broker=1] Log loaded for partition clientes-2 with initial high watermark 328 (kafka.cluster.Partition)
[2026-09-11 18:13:53,497] INFO [Partition __consumer_offsets-1 broker=1] Log loaded for partition __consumer_offsets-1 with initial high watermark 0 (kafka.cluster.Partition)
[2026-09-11 18:13:53,500] INFO [Partition __consumer_offsets-34 broker=1] Log loaded for partition __consumer_offsets-34 with initial high watermark 0 (kafka.cluster.Partition)
[2026-09-11 18:13:53,504] INFO [Partition __consumer_offsets-16 broker=1] Log loaded for partition __consumer_offsets-16 with initial high watermark 0 (kafka.cluster.Partition)
[2026-09-11 18:13:53,506] INFO [Partition __consumer_offsets-45 broker=1] Log loaded for partition __consumer_offsets-45 with initial high watermark 0 (kafka.cluster.Partition)
[2026-09-11 18:13:53,508] INFO [Partition __consumer_offsets-12 broker=1] Log loaded for partition __consumer_offsets-12 with initial high watermark 0 (kafka.cluster.Partition)
[2026-09-11 18:13:53,512] INFO [Partition __consumer_offsets-41 broker=1] Log loaded for partition __consumer_offsets-41 with initial high watermark 0 (kafka.cluster.Partition)
[2026-09-11 18:13:53,515] INFO [Partition __consumer_offsets-24 broker=1] Log loaded for partition __consumer_offsets-24 with initial high watermark 0 (kafka.cluster.Partition)
[2026-09-11 18:13:53,518] INFO [Partition __consumer_offsets-20 broker=1] Log loaded for partition __consumer_offsets-20 with initial high watermark 0 (kafka.cluster.Partition)
[2026-09-11 18:13:53,522] INFO [Partition pagos-2 broker=1] Log loaded for partition pagos-2 with initial high watermark 359 (kafka.cluster.Partition)
[2026-09-11 18:13:53,522] INFO [Partition __consumer_offsets-49 broker=1] Log loaded for partition __consumer_offsets-49 with initial high watermark 0 (kafka.cluster.Partition)
[2026-09-11 18:13:53,525] INFO [Partition __consumer_offsets-0 broker=1] Log loaded for partition __consumer_offsets-0 with initial high watermark 0 (kafka.cluster.Partition)
[2026-09-11 18:13:53,529] INFO [Partition __consumer_offsets-29 broker=1] Log loaded for partition __consumer_offsets-29 with initial high watermark 0 (kafka.cluster.Partition)
[2026-09-11 18:13:53,532] INFO [Partition __consumer_offsets-25 broker=1] Log loaded for partition __consumer_offsets-25 with initial high watermark 0 (kafka.cluster.Partition)
[2026-09-11 18:13:53,535] INFO [Partition ventas-2 broker=1] Log loaded for partition ventas-2 with initial high watermark 359 (kafka.cluster.Partition)
[2026-09-11 18:13:53,536] INFO [Partition __consumer_offsets-8 broker=1] Log loaded for partition __consumer_offsets-8 with initial high watermark 0 (kafka.cluster.Partition)
[2026-09-11 18:13:53,538] INFO [Partition __consumer_offsets-37 broker=1] Log loaded for partition __consumer_offsets-37 with initial high watermark 0 (kafka.cluster.Partition)
[2026-09-11 18:13:53,542] INFO [Partition clientes-1 broker=1] Log loaded for partition clientes-1 with initial high watermark 336 (kafka.cluster.Partition)
[2026-09-11 18:13:53,543] INFO [Partition inventario-1 broker=1] Log loaded for partition inventario-1 with initial high watermark 308 (kafka.cluster.Partition)
[2026-09-11 18:13:53,544] INFO [Partition __consumer_offsets-4 broker=1] Log loaded for partition __consumer_offsets-4 with initial high watermark 0 (kafka.cluster.Partition)
[2026-09-11 18:13:53,547] INFO [Partition __consumer_offsets-33 broker=1] Log loaded for partition __consumer_offsets-33 with initial high watermark 0 (kafka.cluster.Partition)
[2026-09-11 18:13:53,550] INFO [Partition __consumer_offsets-15 broker=1] Log loaded for partition __consumer_offsets-15 with initial high watermark 0 (kafka.cluster.Partition)
[2026-09-11 18:13:53,553] INFO [Partition __consumer_offsets-48 broker=1] Log loaded for partition __consumer_offsets-48 with initial high watermark 0 (kafka.cluster.Partition)
[2026-09-11 18:13:53,556] INFO [Partition __consumer_offsets-11 broker=1] Log loaded for partition __consumer_offsets-11 with initial high watermark 1537 (kafka.cluster.Partition)
[2026-09-11 18:13:53,558] INFO [Partition __consumer_offsets-44 broker=1] Log loaded for partition __consumer_offsets-44 with initial high watermark 0 (kafka.cluster.Partition)
[2026-09-11 18:13:53,561] INFO [Partition __consumer_offsets-23 broker=1] Log loaded for partition __consumer_offsets-23 with initial high watermark 0 (kafka.cluster.Partition)
[2026-09-11 18:13:53,565] INFO [Partition __consumer_offsets-19 broker=1] Log loaded for partition __consumer_offsets-19 with initial high watermark 0 (kafka.cluster.Partition)
[2026-09-11 18:13:53,569] INFO [Partition __consumer_offsets-32 broker=1] Log loaded for partition __consumer_offsets-32 with initial high watermark 0 (kafka.cluster.Partition)
[2026-09-11 18:13:53,571] INFO [Partition __consumer_offsets-28 broker=1] Log loaded for partition __consumer_offsets-28 with initial high watermark 0 (kafka.cluster.Partition)
[2026-09-11 18:13:53,574] INFO [Partition __consumer_offsets-7 broker=1] Log loaded for partition __consumer_offsets-7 with initial high watermark 0 (kafka.cluster.Partition)
[2026-09-11 18:13:53,577] INFO [Partition __consumer_offsets-40 broker=1] Log loaded for partition __consumer_offsets-40 with initial high watermark 0 (kafka.cluster.Partition)
[2026-09-11 18:13:53,579] INFO [Partition __consumer_offsets-3 broker=1] Log loaded for partition __consumer_offsets-3 with initial high watermark 0 (kafka.cluster.Partition)
[2026-09-11 18:13:53,582] INFO [Partition __consumer_offsets-36 broker=1] Log loaded for partition __consumer_offsets-36 with initial high watermark 0 (kafka.cluster.Partition)
[2026-09-11 18:13:53,585] INFO [Partition inventario-0 broker=1] Log loaded for partition inventario-0 with initial high watermark 465 (kafka.cluster.Partition)
[2026-09-11 18:13:53,587] INFO [Partition clientes-0 broker=1] Log loaded for partition clientes-0 with initial high watermark 317 (kafka.cluster.Partition)
[2026-09-11 18:13:53,588] INFO [Partition __consumer_offsets-47 broker=1] Log loaded for partition __consumer_offsets-47 with initial high watermark 0 (kafka.cluster.Partition)
[2026-09-11 18:13:53,591] INFO [Partition __consumer_offsets-14 broker=1] Log loaded for partition __consumer_offsets-14 with initial high watermark 0 (kafka.cluster.Partition)
[2026-09-11 18:13:53,593] INFO [Partition __consumer_offsets-43 broker=1] Log loaded for partition __consumer_offsets-43 with initial high watermark 0 (kafka.cluster.Partition)
[2026-09-11 18:13:53,596] INFO [Partition __consumer_offsets-10 broker=1] Log loaded for partition __consumer_offsets-10 with initial high watermark 0 (kafka.cluster.Partition)
[2026-09-11 18:13:53,599] INFO [Partition __consumer_offsets-22 broker=1] Log loaded for partition __consumer_offsets-22 with initial high watermark 0 (kafka.cluster.Partition)
[2026-09-11 18:13:53,602] INFO [Partition pagos-0 broker=1] Log loaded for partition pagos-0 with initial high watermark 373 (kafka.cluster.Partition)
[2026-09-11 18:13:53,603] INFO [Partition __consumer_offsets-18 broker=1] Log loaded for partition __consumer_offsets-18 with initial high watermark 0 (kafka.cluster.Partition)
[2026-09-11 18:13:53,606] INFO [Partition __consumer_offsets-31 broker=1] Log loaded for partition __consumer_offsets-31 with initial high watermark 0 (kafka.cluster.Partition)
[2026-09-11 18:13:53,608] INFO [Partition __consumer_offsets-27 broker=1] Log loaded for partition __consumer_offsets-27 with initial high watermark 0 (kafka.cluster.Partition)
[2026-09-11 18:13:53,610] INFO [Partition ventas-0 broker=1] Log loaded for partition ventas-0 with initial high watermark 373 (kafka.cluster.Partition)
[2026-09-11 18:13:53,610] INFO [Partition __consumer_offsets-39 broker=1] Log loaded for partition __consumer_offsets-39 with initial high watermark 0 (kafka.cluster.Partition)
[2026-09-11 18:13:53,614] INFO [Partition __consumer_offsets-6 broker=1] Log loaded for partition __consumer_offsets-6 with initial high watermark 0 (kafka.cluster.Partition)
[2026-09-11 18:13:53,617] INFO [Partition __consumer_offsets-35 broker=1] Log loaded for partition __consumer_offsets-35 with initial high watermark 0 (kafka.cluster.Partition)
[2026-09-11 18:13:53,621] INFO [Partition __consumer_offsets-2 broker=1] Log loaded for partition __consumer_offsets-2 with initial high watermark 0 (kafka.cluster.Partition)
[2026-09-11 18:13:53,632] INFO [GroupCoordinator 1]: Elected as the group coordinator for partition 13 in epoch 0 (kafka.coordinator.group.GroupCoordinator)
[2026-09-11 18:13:53,633] INFO [GroupMetadataManager brokerId=1] Scheduling loading of offsets and group metadata from __consumer_offsets-13 for epoch 0 (kafka.coordinator.group.GroupMetadataManager)
[2026-09-11 18:13:53,634] INFO [GroupCoordinator 1]: Elected as the group coordinator for partition 46 in epoch 0 (kafka.coordinator.group.GroupCoordinator)
[2026-09-11 18:13:53,635] INFO [GroupMetadataManager brokerId=1] Scheduling loading of offsets and group metadata from __consumer_offsets-46 for epoch 0 (kafka.coordinator.group.GroupMetadataManager)
[2026-09-11 18:13:53,635] INFO [GroupCoordinator 1]: Elected as the group coordinator for partition 9 in epoch 0 (kafka.coordinator.group.GroupCoordinator)
[2026-09-11 18:13:53,635] INFO [GroupMetadataManager brokerId=1] Scheduling loading of offsets and group metadata from __consumer_offsets-9 for epoch 0 (kafka.coordinator.group.GroupMetadataManager)
[2026-09-11 18:13:53,635] INFO [GroupCoordinator 1]: Elected as the group coordinator for partition 42 in epoch 0 (kafka.coordinator.group.GroupCoordinator)
[2026-09-11 18:13:53,636] INFO [GroupMetadataManager brokerId=1] Scheduling loading of offsets and group metadata from __consumer_offsets-42 for epoch 0 (kafka.coordinator.group.GroupMetadataManager)
[2026-09-11 18:13:53,636] INFO [GroupCoordinator 1]: Elected as the group coordinator for partition 21 in epoch 0 (kafka.coordinator.group.GroupCoordinator)
[2026-09-11 18:13:53,636] INFO [GroupMetadataManager brokerId=1] Scheduling loading of offsets and group metadata from __consumer_offsets-21 for epoch 0 (kafka.coordinator.group.GroupMetadataManager)
[2026-09-11 18:13:53,636] INFO [GroupCoordinator 1]: Elected as the group coordinator for partition 17 in epoch 0 (kafka.coordinator.group.GroupCoordinator)
[2026-09-11 18:13:53,636] INFO [GroupMetadataManager brokerId=1] Scheduling loading of offsets and group metadata from __consumer_offsets-17 for epoch 0 (kafka.coordinator.group.GroupMetadataManager)
[2026-09-11 18:13:53,637] INFO [GroupCoordinator 1]: Elected as the group coordinator for partition 30 in epoch 0 (kafka.coordinator.group.GroupCoordinator)
[2026-09-11 18:13:53,637] INFO [GroupMetadataManager brokerId=1] Scheduling loading of offsets and group metadata from __consumer_offsets-30 for epoch 0 (kafka.coordinator.group.GroupMetadataManager)
[2026-09-11 18:13:53,637] INFO [GroupCoordinator 1]: Elected as the group coordinator for partition 26 in epoch 0 (kafka.coordinator.group.GroupCoordinator)
[2026-09-11 18:13:53,637] INFO [GroupMetadataManager brokerId=1] Scheduling loading of offsets and group metadata from __consumer_offsets-26 for epoch 0 (kafka.coordinator.group.GroupMetadataManager)
[2026-09-11 18:13:53,637] INFO [GroupCoordinator 1]: Elected as the group coordinator for partition 5 in epoch 0 (kafka.coordinator.group.GroupCoordinator)
[2026-09-11 18:13:53,638] INFO [GroupMetadataManager brokerId=1] Scheduling loading of offsets and group metadata from __consumer_offsets-5 for epoch 0 (kafka.coordinator.group.GroupMetadataManager)
[2026-09-11 18:13:53,638] INFO [GroupCoordinator 1]: Elected as the group coordinator for partition 38 in epoch 0 (kafka.coordinator.group.GroupCoordinator)
[2026-09-11 18:13:53,638] INFO [GroupMetadataManager brokerId=1] Scheduling loading of offsets and group metadata from __consumer_offsets-38 for epoch 0 (kafka.coordinator.group.GroupMetadataManager)
[2026-09-11 18:13:53,638] INFO [GroupCoordinator 1]: Elected as the group coordinator for partition 1 in epoch 0 (kafka.coordinator.group.GroupCoordinator)
[2026-09-11 18:13:53,638] INFO [GroupMetadataManager brokerId=1] Scheduling loading of offsets and group metadata from __consumer_offsets-1 for epoch 0 (kafka.coordinator.group.GroupMetadataManager)
[2026-09-11 18:13:53,639] INFO [GroupCoordinator 1]: Elected as the group coordinator for partition 34 in epoch 0 (kafka.coordinator.group.GroupCoordinator)
[2026-09-11 18:13:53,639] INFO [GroupMetadataManager brokerId=1] Scheduling loading of offsets and group metadata from __consumer_offsets-34 for epoch 0 (kafka.coordinator.group.GroupMetadataManager)
[2026-09-11 18:13:53,640] INFO [GroupCoordinator 1]: Elected as the group coordinator for partition 16 in epoch 0 (kafka.coordinator.group.GroupCoordinator)
[2026-09-11 18:13:53,640] INFO [GroupMetadataManager brokerId=1] Scheduling loading of offsets and group metadata from __consumer_offsets-16 for epoch 0 (kafka.coordinator.group.GroupMetadataManager)
[2026-09-11 18:13:53,640] INFO [GroupCoordinator 1]: Elected as the group coordinator for partition 45 in epoch 0 (kafka.coordinator.group.GroupCoordinator)
[2026-09-11 18:13:53,640] INFO [GroupMetadataManager brokerId=1] Scheduling loading of offsets and group metadata from __consumer_offsets-45 for epoch 0 (kafka.coordinator.group.GroupMetadataManager)
[2026-09-11 18:13:53,640] INFO [GroupCoordinator 1]: Elected as the group coordinator for partition 12 in epoch 0 (kafka.coordinator.group.GroupCoordinator)
[2026-09-11 18:13:53,640] INFO [GroupMetadataManager brokerId=1] Scheduling loading of offsets and group metadata from __consumer_offsets-12 for epoch 0 (kafka.coordinator.group.GroupMetadataManager)
[2026-09-11 18:13:53,640] INFO [GroupMetadataManager brokerId=1] Finished loading offsets and group metadata from __consumer_offsets-13 in 6 milliseconds for epoch 0, of which 2 milliseconds was spent in the scheduler. (kafka.coordinator.group.GroupMetadataManager)
[2026-09-11 18:13:53,641] INFO [GroupCoordinator 1]: Elected as the group coordinator for partition 41 in epoch 0 (kafka.coordinator.group.GroupCoordinator)
[2026-09-11 18:13:53,641] INFO [GroupMetadataManager brokerId=1] Scheduling loading of offsets and group metadata from __consumer_offsets-41 for epoch 0 (kafka.coordinator.group.GroupMetadataManager)
[2026-09-11 18:13:53,641] INFO [GroupMetadataManager brokerId=1] Finished loading offsets and group metadata from __consumer_offsets-46 in 6 milliseconds for epoch 0, of which 6 milliseconds was spent in the scheduler. (kafka.coordinator.group.GroupMetadataManager)
[2026-09-11 18:13:53,641] INFO [GroupCoordinator 1]: Elected as the group coordinator for partition 24 in epoch 0 (kafka.coordinator.group.GroupCoordinator)
[2026-09-11 18:13:53,642] INFO [GroupMetadataManager brokerId=1] Scheduling loading of offsets and group metadata from __consumer_offsets-24 for epoch 0 (kafka.coordinator.group.GroupMetadataManager)
[2026-09-11 18:13:53,642] INFO [GroupMetadataManager brokerId=1] Finished loading offsets and group metadata from __consumer_offsets-9 in 7 milliseconds for epoch 0, of which 7 milliseconds was spent in the scheduler. (kafka.coordinator.group.GroupMetadataManager)
[2026-09-11 18:13:53,642] INFO [GroupCoordinator 1]: Elected as the group coordinator for partition 20 in epoch 0 (kafka.coordinator.group.GroupCoordinator)
[2026-09-11 18:13:53,642] INFO [GroupMetadataManager brokerId=1] Finished loading offsets and group metadata from __consumer_offsets-42 in 6 milliseconds for epoch 0, of which 6 milliseconds was spent in the scheduler. (kafka.coordinator.group.GroupMetadataManager)
[2026-09-11 18:13:53,643] INFO [GroupMetadataManager brokerId=1] Scheduling loading of offsets and group metadata from __consumer_offsets-20 for epoch 0 (kafka.coordinator.group.GroupMetadataManager)
[2026-09-11 18:13:53,643] INFO [GroupMetadataManager brokerId=1] Finished loading offsets and group metadata from __consumer_offsets-21 in 7 milliseconds for epoch 0, of which 7 milliseconds was spent in the scheduler. (kafka.coordinator.group.GroupMetadataManager)
[2026-09-11 18:13:53,643] INFO [GroupCoordinator 1]: Elected as the group coordinator for partition 49 in epoch 0 (kafka.coordinator.group.GroupCoordinator)
[2026-09-11 18:13:53,643] INFO [GroupMetadataManager brokerId=1] Scheduling loading of offsets and group metadata from __consumer_offsets-49 for epoch 0 (kafka.coordinator.group.GroupMetadataManager)
[2026-09-11 18:13:53,643] INFO [GroupMetadataManager brokerId=1] Finished loading offsets and group metadata from __consumer_offsets-17 in 7 milliseconds for epoch 0, of which 7 milliseconds was spent in the scheduler. (kafka.coordinator.group.GroupMetadataManager)
[2026-09-11 18:13:53,644] INFO [GroupCoordinator 1]: Elected as the group coordinator for partition 0 in epoch 0 (kafka.coordinator.group.GroupCoordinator)
[2026-09-11 18:13:53,644] INFO [GroupMetadataManager brokerId=1] Scheduling loading of offsets and group metadata from __consumer_offsets-0 for epoch 0 (kafka.coordinator.group.GroupMetadataManager)
[2026-09-11 18:13:53,644] INFO [GroupMetadataManager brokerId=1] Finished loading offsets and group metadata from __consumer_offsets-30 in 7 milliseconds for epoch 0, of which 7 milliseconds was spent in the scheduler. (kafka.coordinator.group.GroupMetadataManager)
[2026-09-11 18:13:53,644] INFO [GroupCoordinator 1]: Elected as the group coordinator for partition 29 in epoch 0 (kafka.coordinator.group.GroupCoordinator)
[2026-09-11 18:13:53,645] INFO [GroupMetadataManager brokerId=1] Scheduling loading of offsets and group metadata from __consumer_offsets-29 for epoch 0 (kafka.coordinator.group.GroupMetadataManager)
[2026-09-11 18:13:53,645] INFO [GroupMetadataManager brokerId=1] Finished loading offsets and group metadata from __consumer_offsets-26 in 8 milliseconds for epoch 0, of which 7 milliseconds was spent in the scheduler. (kafka.coordinator.group.GroupMetadataManager)
[2026-09-11 18:13:53,645] INFO [GroupCoordinator 1]: Elected as the group coordinator for partition 25 in epoch 0 (kafka.coordinator.group.GroupCoordinator)
[2026-09-11 18:13:53,646] INFO [GroupMetadataManager brokerId=1] Finished loading offsets and group metadata from __consumer_offsets-5 in 8 milliseconds for epoch 0, of which 8 milliseconds was spent in the scheduler. (kafka.coordinator.group.GroupMetadataManager)
[2026-09-11 18:13:53,646] INFO [GroupMetadataManager brokerId=1] Scheduling loading of offsets and group metadata from __consumer_offsets-25 for epoch 0 (kafka.coordinator.group.GroupMetadataManager)
[2026-09-11 18:13:53,646] INFO [GroupMetadataManager brokerId=1] Finished loading offsets and group metadata from __consumer_offsets-38 in 8 milliseconds for epoch 0, of which 8 milliseconds was spent in the scheduler. (kafka.coordinator.group.GroupMetadataManager)
[2026-09-11 18:13:53,646] INFO [GroupCoordinator 1]: Elected as the group coordinator for partition 8 in epoch 0 (kafka.coordinator.group.GroupCoordinator)
[2026-09-11 18:13:53,646] INFO [GroupMetadataManager brokerId=1] Finished loading offsets and group metadata from __consumer_offsets-1 in 7 milliseconds for epoch 0, of which 7 milliseconds was spent in the scheduler. (kafka.coordinator.group.GroupMetadataManager)
[2026-09-11 18:13:53,647] INFO [GroupMetadataManager brokerId=1] Scheduling loading of offsets and group metadata from __consumer_offsets-8 for epoch 0 (kafka.coordinator.group.GroupMetadataManager)
[2026-09-11 18:13:53,647] INFO [GroupMetadataManager brokerId=1] Finished loading offsets and group metadata from __consumer_offsets-34 in 8 milliseconds for epoch 0, of which 8 milliseconds was spent in the scheduler. (kafka.coordinator.group.GroupMetadataManager)
[2026-09-11 18:13:53,647] INFO [GroupCoordinator 1]: Elected as the group coordinator for partition 37 in epoch 0 (kafka.coordinator.group.GroupCoordinator)
[2026-09-11 18:13:53,648] INFO [GroupMetadataManager brokerId=1] Scheduling loading of offsets and group metadata from __consumer_offsets-37 for epoch 0 (kafka.coordinator.group.GroupMetadataManager)
[2026-09-11 18:13:53,648] INFO [GroupCoordinator 1]: Elected as the group coordinator for partition 4 in epoch 0 (kafka.coordinator.group.GroupCoordinator)
[2026-09-11 18:13:53,648] INFO [GroupMetadataManager brokerId=1] Finished loading offsets and group metadata from __consumer_offsets-16 in 8 milliseconds for epoch 0, of which 7 milliseconds was spent in the scheduler. (kafka.coordinator.group.GroupMetadataManager)
[2026-09-11 18:13:53,648] INFO [GroupMetadataManager brokerId=1] Scheduling loading of offsets and group metadata from __consumer_offsets-4 for epoch 0 (kafka.coordinator.group.GroupMetadataManager)
[2026-09-11 18:13:53,650] INFO [GroupCoordinator 1]: Elected as the group coordinator for partition 33 in epoch 0 (kafka.coordinator.group.GroupCoordinator)
[2026-09-11 18:13:53,648] INFO [GroupMetadataManager brokerId=1] Finished loading offsets and group metadata from __consumer_offsets-45 in 8 milliseconds for epoch 0, of which 8 milliseconds was spent in the scheduler. (kafka.coordinator.group.GroupMetadataManager)
[2026-09-11 18:13:53,650] INFO [GroupMetadataManager brokerId=1] Scheduling loading of offsets and group metadata from __consumer_offsets-33 for epoch 0 (kafka.coordinator.group.GroupMetadataManager)
[2026-09-11 18:13:53,651] INFO [GroupMetadataManager brokerId=1] Finished loading offsets and group metadata from __consumer_offsets-12 in 10 milliseconds for epoch 0, of which 10 milliseconds was spent in the scheduler. (kafka.coordinator.group.GroupMetadataManager)
[2026-09-11 18:13:53,651] INFO [GroupCoordinator 1]: Elected as the group coordinator for partition 15 in epoch 0 (kafka.coordinator.group.GroupCoordinator)
[2026-09-11 18:13:53,651] INFO [GroupMetadataManager brokerId=1] Finished loading offsets and group metadata from __consumer_offsets-41 in 10 milliseconds for epoch 0, of which 10 milliseconds was spent in the scheduler. (kafka.coordinator.group.GroupMetadataManager)
[2026-09-11 18:13:53,651] INFO [GroupMetadataManager brokerId=1] Scheduling loading of offsets and group metadata from __consumer_offsets-15 for epoch 0 (kafka.coordinator.group.GroupMetadataManager)
[2026-09-11 18:13:53,652] INFO [GroupMetadataManager brokerId=1] Finished loading offsets and group metadata from __consumer_offsets-24 in 10 milliseconds for epoch 0, of which 10 milliseconds was spent in the scheduler. (kafka.coordinator.group.GroupMetadataManager)
[2026-09-11 18:13:53,652] INFO [GroupCoordinator 1]: Elected as the group coordinator for partition 48 in epoch 0 (kafka.coordinator.group.GroupCoordinator)
[2026-09-11 18:13:53,652] INFO [GroupMetadataManager brokerId=1] Scheduling loading of offsets and group metadata from __consumer_offsets-48 for epoch 0 (kafka.coordinator.group.GroupMetadataManager)
[2026-09-11 18:13:53,652] INFO [GroupMetadataManager brokerId=1] Finished loading offsets and group metadata from __consumer_offsets-20 in 9 milliseconds for epoch 0, of which 9 milliseconds was spent in the scheduler. (kafka.coordinator.group.GroupMetadataManager)
[2026-09-11 18:13:53,653] INFO [GroupCoordinator 1]: Elected as the group coordinator for partition 11 in epoch 0 (kafka.coordinator.group.GroupCoordinator)
[2026-09-11 18:13:53,653] INFO [GroupMetadataManager brokerId=1] Scheduling loading of offsets and group metadata from __consumer_offsets-11 for epoch 0 (kafka.coordinator.group.GroupMetadataManager)
[2026-09-11 18:13:53,653] INFO [GroupMetadataManager brokerId=1] Finished loading offsets and group metadata from __consumer_offsets-49 in 10 milliseconds for epoch 0, of which 10 milliseconds was spent in the scheduler. (kafka.coordinator.group.GroupMetadataManager)
[2026-09-11 18:13:53,653] INFO [GroupCoordinator 1]: Elected as the group coordinator for partition 44 in epoch 0 (kafka.coordinator.group.GroupCoordinator)
[2026-09-11 18:13:53,654] INFO [GroupMetadataManager brokerId=1] Scheduling loading of offsets and group metadata from __consumer_offsets-44 for epoch 0 (kafka.coordinator.group.GroupMetadataManager)
[2026-09-11 18:13:53,654] INFO [GroupMetadataManager brokerId=1] Finished loading offsets and group metadata from __consumer_offsets-0 in 10 milliseconds for epoch 0, of which 10 milliseconds was spent in the scheduler. (kafka.coordinator.group.GroupMetadataManager)
[2026-09-11 18:13:53,654] INFO [GroupCoordinator 1]: Elected as the group coordinator for partition 23 in epoch 0 (kafka.coordinator.group.GroupCoordinator)
[2026-09-11 18:13:53,655] INFO [GroupMetadataManager brokerId=1] Finished loading offsets and group metadata from __consumer_offsets-29 in 10 milliseconds for epoch 0, of which 9 milliseconds was spent in the scheduler. (kafka.coordinator.group.GroupMetadataManager)
[2026-09-11 18:13:53,655] INFO [GroupMetadataManager brokerId=1] Scheduling loading of offsets and group metadata from __consumer_offsets-23 for epoch 0 (kafka.coordinator.group.GroupMetadataManager)
[2026-09-11 18:13:53,655] INFO [GroupCoordinator 1]: Elected as the group coordinator for partition 19 in epoch 0 (kafka.coordinator.group.GroupCoordinator)
[2026-09-11 18:13:53,655] INFO [GroupMetadataManager brokerId=1] Finished loading offsets and group metadata from __consumer_offsets-25 in 9 milliseconds for epoch 0, of which 9 milliseconds was spent in the scheduler. (kafka.coordinator.group.GroupMetadataManager)
[2026-09-11 18:13:53,656] INFO [GroupMetadataManager brokerId=1] Scheduling loading of offsets and group metadata from __consumer_offsets-19 for epoch 0 (kafka.coordinator.group.GroupMetadataManager)
[2026-09-11 18:13:53,656] INFO [GroupMetadataManager brokerId=1] Finished loading offsets and group metadata from __consumer_offsets-8 in 9 milliseconds for epoch 0, of which 9 milliseconds was spent in the scheduler. (kafka.coordinator.group.GroupMetadataManager)
[2026-09-11 18:13:53,656] INFO [GroupCoordinator 1]: Elected as the group coordinator for partition 32 in epoch 0 (kafka.coordinator.group.GroupCoordinator)
[2026-09-11 18:13:53,656] INFO [GroupMetadataManager brokerId=1] Scheduling loading of offsets and group metadata from __consumer_offsets-32 for epoch 0 (kafka.coordinator.group.GroupMetadataManager)
[2026-09-11 18:13:53,656] INFO [GroupMetadataManager brokerId=1] Finished loading offsets and group metadata from __consumer_offsets-37 in 8 milliseconds for epoch 0, of which 8 milliseconds was spent in the scheduler. (kafka.coordinator.group.GroupMetadataManager)
[2026-09-11 18:13:53,657] INFO [GroupCoordinator 1]: Elected as the group coordinator for partition 28 in epoch 0 (kafka.coordinator.group.GroupCoordinator)
[2026-09-11 18:13:53,657] INFO [GroupMetadataManager brokerId=1] Scheduling loading of offsets and group metadata from __consumer_offsets-28 for epoch 0 (kafka.coordinator.group.GroupMetadataManager)
[2026-09-11 18:13:53,658] INFO [GroupMetadataManager brokerId=1] Finished loading offsets and group metadata from __consumer_offsets-4 in 7 milliseconds for epoch 0, of which 7 milliseconds was spent in the scheduler. (kafka.coordinator.group.GroupMetadataManager)
[2026-09-11 18:13:53,658] INFO [GroupCoordinator 1]: Elected as the group coordinator for partition 7 in epoch 0 (kafka.coordinator.group.GroupCoordinator)
[2026-09-11 18:13:53,658] INFO [GroupMetadataManager brokerId=1] Scheduling loading of offsets and group metadata from __consumer_offsets-7 for epoch 0 (kafka.coordinator.group.GroupMetadataManager)
[2026-09-11 18:13:53,658] INFO [GroupMetadataManager brokerId=1] Finished loading offsets and group metadata from __consumer_offsets-33 in 7 milliseconds for epoch 0, of which 7 milliseconds was spent in the scheduler. (kafka.coordinator.group.GroupMetadataManager)
[2026-09-11 18:13:53,659] INFO [GroupCoordinator 1]: Elected as the group coordinator for partition 40 in epoch 0 (kafka.coordinator.group.GroupCoordinator)
[2026-09-11 18:13:53,659] INFO [GroupMetadataManager brokerId=1] Scheduling loading of offsets and group metadata from __consumer_offsets-40 for epoch 0 (kafka.coordinator.group.GroupMetadataManager)
[2026-09-11 18:13:53,659] INFO [GroupMetadataManager brokerId=1] Finished loading offsets and group metadata from __consumer_offsets-15 in 7 milliseconds for epoch 0, of which 7 milliseconds was spent in the scheduler. (kafka.coordinator.group.GroupMetadataManager)
[2026-09-11 18:13:53,659] INFO [GroupCoordinator 1]: Elected as the group coordinator for partition 3 in epoch 0 (kafka.coordinator.group.GroupCoordinator)
[2026-09-11 18:13:53,660] INFO [GroupMetadataManager brokerId=1] Finished loading offsets and group metadata from __consumer_offsets-48 in 7 milliseconds for epoch 0, of which 6 milliseconds was spent in the scheduler. (kafka.coordinator.group.GroupMetadataManager)
[2026-09-11 18:13:53,660] INFO [GroupMetadataManager brokerId=1] Scheduling loading of offsets and group metadata from __consumer_offsets-3 for epoch 0 (kafka.coordinator.group.GroupMetadataManager)
[2026-09-11 18:13:53,660] INFO [GroupCoordinator 1]: Elected as the group coordinator for partition 36 in epoch 0 (kafka.coordinator.group.GroupCoordinator)
[2026-09-11 18:13:53,663] INFO [GroupMetadataManager brokerId=1] Scheduling loading of offsets and group metadata from __consumer_offsets-36 for epoch 0 (kafka.coordinator.group.GroupMetadataManager)
[2026-09-11 18:13:53,664] INFO [GroupCoordinator 1]: Elected as the group coordinator for partition 47 in epoch 0 (kafka.coordinator.group.GroupCoordinator)
[2026-09-11 18:13:53,664] INFO [GroupMetadataManager brokerId=1] Scheduling loading of offsets and group metadata from __consumer_offsets-47 for epoch 0 (kafka.coordinator.group.GroupMetadataManager)
[2026-09-11 18:13:53,664] INFO [GroupCoordinator 1]: Elected as the group coordinator for partition 14 in epoch 0 (kafka.coordinator.group.GroupCoordinator)
[2026-09-11 18:13:53,665] INFO [GroupMetadataManager brokerId=1] Scheduling loading of offsets and group metadata from __consumer_offsets-14 for epoch 0 (kafka.coordinator.group.GroupMetadataManager)
[2026-09-11 18:13:53,665] INFO [GroupCoordinator 1]: Elected as the group coordinator for partition 43 in epoch 0 (kafka.coordinator.group.GroupCoordinator)
[2026-09-11 18:13:53,665] INFO [GroupMetadataManager brokerId=1] Scheduling loading of offsets and group metadata from __consumer_offsets-43 for epoch 0 (kafka.coordinator.group.GroupMetadataManager)
[2026-09-11 18:13:53,667] INFO [GroupCoordinator 1]: Elected as the group coordinator for partition 10 in epoch 0 (kafka.coordinator.group.GroupCoordinator)
[2026-09-11 18:13:53,667] INFO [GroupMetadataManager brokerId=1] Scheduling loading of offsets and group metadata from __consumer_offsets-10 for epoch 0 (kafka.coordinator.group.GroupMetadataManager)
[2026-09-11 18:13:53,667] INFO [GroupCoordinator 1]: Elected as the group coordinator for partition 22 in epoch 0 (kafka.coordinator.group.GroupCoordinator)
[2026-09-11 18:13:53,667] INFO [GroupMetadataManager brokerId=1] Scheduling loading of offsets and group metadata from __consumer_offsets-22 for epoch 0 (kafka.coordinator.group.GroupMetadataManager)
[2026-09-11 18:13:53,668] INFO [GroupCoordinator 1]: Elected as the group coordinator for partition 18 in epoch 0 (kafka.coordinator.group.GroupCoordinator)
[2026-09-11 18:13:53,668] INFO [GroupMetadataManager brokerId=1] Scheduling loading of offsets and group metadata from __consumer_offsets-18 for epoch 0 (kafka.coordinator.group.GroupMetadataManager)
[2026-09-11 18:13:53,668] INFO [GroupCoordinator 1]: Elected as the group coordinator for partition 31 in epoch 0 (kafka.coordinator.group.GroupCoordinator)
[2026-09-11 18:13:53,669] INFO [GroupMetadataManager brokerId=1] Scheduling loading of offsets and group metadata from __consumer_offsets-31 for epoch 0 (kafka.coordinator.group.GroupMetadataManager)
[2026-09-11 18:13:53,669] INFO [GroupCoordinator 1]: Elected as the group coordinator for partition 27 in epoch 0 (kafka.coordinator.group.GroupCoordinator)
[2026-09-11 18:13:53,669] INFO [GroupMetadataManager brokerId=1] Scheduling loading of offsets and group metadata from __consumer_offsets-27 for epoch 0 (kafka.coordinator.group.GroupMetadataManager)
[2026-09-11 18:13:53,670] INFO [GroupCoordinator 1]: Elected as the group coordinator for partition 39 in epoch 0 (kafka.coordinator.group.GroupCoordinator)
[2026-09-11 18:13:53,670] INFO [GroupMetadataManager brokerId=1] Scheduling loading of offsets and group metadata from __consumer_offsets-39 for epoch 0 (kafka.coordinator.group.GroupMetadataManager)
[2026-09-11 18:13:53,671] INFO [GroupCoordinator 1]: Elected as the group coordinator for partition 6 in epoch 0 (kafka.coordinator.group.GroupCoordinator)
[2026-09-11 18:13:53,671] INFO [GroupMetadataManager brokerId=1] Scheduling loading of offsets and group metadata from __consumer_offsets-6 for epoch 0 (kafka.coordinator.group.GroupMetadataManager)
[2026-09-11 18:13:53,671] INFO [GroupCoordinator 1]: Elected as the group coordinator for partition 35 in epoch 0 (kafka.coordinator.group.GroupCoordinator)
[2026-09-11 18:13:53,672] INFO [GroupMetadataManager brokerId=1] Scheduling loading of offsets and group metadata from __consumer_offsets-35 for epoch 0 (kafka.coordinator.group.GroupMetadataManager)
[2026-09-11 18:13:53,672] INFO [GroupCoordinator 1]: Elected as the group coordinator for partition 2 in epoch 0 (kafka.coordinator.group.GroupCoordinator)
[2026-09-11 18:13:53,672] INFO [GroupMetadataManager brokerId=1] Scheduling loading of offsets and group metadata from __consumer_offsets-2 for epoch 0 (kafka.coordinator.group.GroupMetadataManager)
[2026-09-11 18:13:53,687] INFO [DynamicConfigPublisher broker id=1] Updating topic __consumer_offsets with new configuration : compression.type -> producer,cleanup.policy -> compact,segment.bytes -> 104857600 (kafka.server.metadata.DynamicConfigPublisher)
[2026-09-11 18:13:53,699] INFO Loaded member MemberMetadata(memberId=kafka-python-2.2.3-807f7dfd-758d-46f6-bd5e-ca3fd9667a30, groupInstanceId=None, clientId=kafka-python-2.2.3, clientHost=/127.0.0.1, sessionTimeoutMs=10000, rebalanceTimeoutMs=300000, supportedProtocols=List(range)) in group obelie-consumer with generation 1. (kafka.coordinator.group.GroupMetadata$)
[2026-09-11 18:13:53,700] INFO [MetadataLoader id=1] InitializeNewPublishers: initializing BrokerRegistrationTracker(id=1) with a snapshot at offset 1738 (org.apache.kafka.image.loader.MetadataLoader)
[2026-09-11 18:13:53,728] INFO [GroupCoordinator 1]: Loading group metadata for obelie-consumer with generation 1 (kafka.coordinator.group.GroupCoordinator)
[2026-09-11 18:13:53,735] INFO [GroupMetadataManager brokerId=1] Finished loading offsets and group metadata from __consumer_offsets-11 in 82 milliseconds for epoch 0, of which 7 milliseconds was spent in the scheduler. (kafka.coordinator.group.GroupMetadataManager)
[2026-09-11 18:13:53,736] INFO [GroupMetadataManager brokerId=1] Finished loading offsets and group metadata from __consumer_offsets-44 in 82 milliseconds for epoch 0, of which 82 milliseconds was spent in the scheduler. (kafka.coordinator.group.GroupMetadataManager)
[2026-09-11 18:13:53,737] INFO [GroupMetadataManager brokerId=1] Finished loading offsets and group metadata from __consumer_offsets-23 in 82 milliseconds for epoch 0, of which 81 milliseconds was spent in the scheduler. (kafka.coordinator.group.GroupMetadataManager)
[2026-09-11 18:13:53,738] INFO [GroupMetadataManager brokerId=1] Finished loading offsets and group metadata from __consumer_offsets-19 in 82 milliseconds for epoch 0, of which 82 milliseconds was spent in the scheduler. (kafka.coordinator.group.GroupMetadataManager)
[2026-09-11 18:13:53,738] INFO [GroupMetadataManager brokerId=1] Finished loading offsets and group metadata from __consumer_offsets-32 in 81 milliseconds for epoch 0, of which 81 milliseconds was spent in the scheduler. (kafka.coordinator.group.GroupMetadataManager)
[2026-09-11 18:13:53,738] INFO [GroupMetadataManager brokerId=1] Finished loading offsets and group metadata from __consumer_offsets-28 in 80 milliseconds for epoch 0, of which 80 milliseconds was spent in the scheduler. (kafka.coordinator.group.GroupMetadataManager)
[2026-09-11 18:13:53,739] INFO [GroupMetadataManager brokerId=1] Finished loading offsets and group metadata from __consumer_offsets-7 in 80 milliseconds for epoch 0, of which 80 milliseconds was spent in the scheduler. (kafka.coordinator.group.GroupMetadataManager)
[2026-09-11 18:13:53,739] INFO [GroupMetadataManager brokerId=1] Finished loading offsets and group metadata from __consumer_offsets-40 in 80 milliseconds for epoch 0, of which 80 milliseconds was spent in the scheduler. (kafka.coordinator.group.GroupMetadataManager)
[2026-09-11 18:13:53,739] INFO [GroupMetadataManager brokerId=1] Finished loading offsets and group metadata from __consumer_offsets-3 in 79 milliseconds for epoch 0, of which 79 milliseconds was spent in the scheduler. (kafka.coordinator.group.GroupMetadataManager)
[2026-09-11 18:13:53,739] INFO [GroupMetadataManager brokerId=1] Finished loading offsets and group metadata from __consumer_offsets-36 in 75 milliseconds for epoch 0, of which 75 milliseconds was spent in the scheduler. (kafka.coordinator.group.GroupMetadataManager)
[2026-09-11 18:13:53,739] INFO [GroupMetadataManager brokerId=1] Finished loading offsets and group metadata from __consumer_offsets-47 in 75 milliseconds for epoch 0, of which 75 milliseconds was spent in the scheduler. (kafka.coordinator.group.GroupMetadataManager)
[2026-09-11 18:13:53,741] INFO [GroupMetadataManager brokerId=1] Finished loading offsets and group metadata from __consumer_offsets-14 in 76 milliseconds for epoch 0, of which 76 milliseconds was spent in the scheduler. (kafka.coordinator.group.GroupMetadataManager)
[2026-09-11 18:13:53,742] INFO [GroupMetadataManager brokerId=1] Finished loading offsets and group metadata from __consumer_offsets-43 in 75 milliseconds for epoch 0, of which 74 milliseconds was spent in the scheduler. (kafka.coordinator.group.GroupMetadataManager)
[2026-09-11 18:13:53,742] INFO [GroupMetadataManager brokerId=1] Finished loading offsets and group metadata from __consumer_offsets-10 in 75 milliseconds for epoch 0, of which 75 milliseconds was spent in the scheduler. (kafka.coordinator.group.GroupMetadataManager)
[2026-09-11 18:13:53,743] INFO [GroupMetadataManager brokerId=1] Finished loading offsets and group metadata from __consumer_offsets-22 in 75 milliseconds for epoch 0, of which 75 milliseconds was spent in the scheduler. (kafka.coordinator.group.GroupMetadataManager)
[2026-09-11 18:13:53,743] INFO [GroupMetadataManager brokerId=1] Finished loading offsets and group metadata from __consumer_offsets-18 in 75 milliseconds for epoch 0, of which 75 milliseconds was spent in the scheduler. (kafka.coordinator.group.GroupMetadataManager)
[2026-09-11 18:13:53,743] INFO [GroupMetadataManager brokerId=1] Finished loading offsets and group metadata from __consumer_offsets-31 in 74 milliseconds for epoch 0, of which 74 milliseconds was spent in the scheduler. (kafka.coordinator.group.GroupMetadataManager)
[2026-09-11 18:13:53,744] INFO [GroupMetadataManager brokerId=1] Finished loading offsets and group metadata from __consumer_offsets-27 in 73 milliseconds for epoch 0, of which 73 milliseconds was spent in the scheduler. (kafka.coordinator.group.GroupMetadataManager)
[2026-09-11 18:13:53,744] INFO [GroupMetadataManager brokerId=1] Finished loading offsets and group metadata from __consumer_offsets-39 in 73 milliseconds for epoch 0, of which 73 milliseconds was spent in the scheduler. (kafka.coordinator.group.GroupMetadataManager)
[2026-09-11 18:13:53,744] INFO [GroupMetadataManager brokerId=1] Finished loading offsets and group metadata from __consumer_offsets-6 in 73 milliseconds for epoch 0, of which 73 milliseconds was spent in the scheduler. (kafka.coordinator.group.GroupMetadataManager)
[2026-09-11 18:13:53,744] INFO [GroupMetadataManager brokerId=1] Finished loading offsets and group metadata from __consumer_offsets-35 in 72 milliseconds for epoch 0, of which 72 milliseconds was spent in the scheduler. (kafka.coordinator.group.GroupMetadataManager)
[2026-09-11 18:13:53,745] INFO [GroupMetadataManager brokerId=1] Finished loading offsets and group metadata from __consumer_offsets-2 in 72 milliseconds for epoch 0, of which 72 milliseconds was spent in the scheduler. (kafka.coordinator.group.GroupMetadataManager)
[2026-09-11 18:13:53,793] INFO [BrokerLifecycleManager id=1] Unable to register broker 1 because the controller returned error DUPLICATE_BROKER_REGISTRATION (kafka.server.BrokerLifecycleManager)
[2026-09-11 18:13:55,423] INFO [BrokerLifecycleManager id=1] Unable to register broker 1 because the controller returned error DUPLICATE_BROKER_REGISTRATION (kafka.server.BrokerLifecycleManager)
[2026-09-11 18:13:58,654] INFO [BrokerLifecycleManager id=1] Unable to register broker 1 because the controller returned error DUPLICATE_BROKER_REGISTRATION (kafka.server.BrokerLifecycleManager)
[2026-09-11 18:14:03,738] INFO [GroupCoordinator 1]: Member kafka-python-2.2.3-807f7dfd-758d-46f6-bd5e-ca3fd9667a30 in group obelie-consumer has failed, removing it from the group (kafka.coordinator.group.GroupCoordinator)
[2026-09-11 18:14:03,742] INFO [GroupCoordinator 1]: Preparing to rebalance group obelie-consumer in state PreparingRebalance with old generation 1 (__consumer_offsets-11) (reason: removing member kafka-python-2.2.3-807f7dfd-758d-46f6-bd5e-ca3fd9667a30 on heartbeat expiration) (kafka.coordinator.group.GroupCoordinator)
[2026-09-11 18:14:03,744] INFO [GroupCoordinator 1]: Group obelie-consumer with generation 2 is now empty (__consumer_offsets-11) (kafka.coordinator.group.GroupCoordinator)
[2026-09-11 18:14:05,102] INFO [BrokerLifecycleManager id=1] Successfully registered broker 1 with broker epoch 1764 (kafka.server.BrokerLifecycleManager)
[2026-09-11 18:14:05,107] INFO [BrokerLifecycleManager id=1] The broker has caught up. Transitioning from STARTING to RECOVERY. (kafka.server.BrokerLifecycleManager)
[2026-09-11 18:14:05,108] INFO [BrokerServer id=1] Finished waiting for the controller to acknowledge that we are caught up (kafka.server.BrokerServer)
[2026-09-11 18:14:05,108] INFO [BrokerServer id=1] Waiting for the initial broker metadata update to be published (kafka.server.BrokerServer)
[2026-09-11 18:14:05,109] INFO [BrokerServer id=1] Finished waiting for the initial broker metadata update to be published (kafka.server.BrokerServer)
[2026-09-11 18:14:05,109] INFO KafkaConfig values: 
	advertised.listeners = PLAINTEXT://127.0.0.1:9092
	alter.config.policy.class.name = null
	alter.log.dirs.replication.quota.window.num = 11
	alter.log.dirs.replication.quota.window.size.seconds = 1
	authorizer.class.name = 
	auto.create.topics.enable = false
	auto.include.jmx.reporter = true
	auto.leader.rebalance.enable = true
	background.threads = 10
	broker.heartbeat.interval.ms = 2000
	broker.id = 1
	broker.id.generation.enable = true
	broker.rack = null
	broker.session.timeout.ms = 9000
	client.quota.callback.class = null
	compression.gzip.level = -1
	compression.lz4.level = 9
	compression.type = producer
	compression.zstd.level = 3
	connection.failed.authentication.delay.ms = 100
	connections.max.idle.ms = 600000
	connections.max.reauth.ms = 0
	control.plane.listener.name = null
	controlled.shutdown.enable = true
	controlled.shutdown.max.retries = 3
	controlled.shutdown.retry.backoff.ms = 5000
	controller.listener.names = CONTROLLER
	controller.quorum.append.linger.ms = 25
	controller.quorum.bootstrap.servers = []
	controller.quorum.election.backoff.max.ms = 1000
	controller.quorum.election.timeout.ms = 1000
	controller.quorum.fetch.timeout.ms = 2000
	controller.quorum.request.timeout.ms = 2000
	controller.quorum.retry.backoff.ms = 20
	controller.quorum.voters = [1@127.0.0.1:9093]
	controller.quota.window.num = 11
	controller.quota.window.size.seconds = 1
	controller.socket.timeout.ms = 30000
	create.topic.policy.class.name = null
	default.replication.factor = 1
	delegation.token.expiry.check.interval.ms = 3600000
	delegation.token.expiry.time.ms = 86400000
	delegation.token.master.key = null
	delegation.token.max.lifetime.ms = 604800000
	delegation.token.secret.key = null
	delete.records.purgatory.purge.interval.requests = 1
	delete.topic.enable = true
	early.start.listeners = null
	eligible.leader.replicas.enable = false
	fetch.max.bytes = 57671680
	fetch.purgatory.purge.interval.requests = 1000
	group.consumer.assignors = [org.apache.kafka.coordinator.group.assignor.UniformAssignor, org.apache.kafka.coordinator.group.assignor.RangeAssignor]
	group.consumer.heartbeat.interval.ms = 5000
	group.consumer.max.heartbeat.interval.ms = 15000
	group.consumer.max.session.timeout.ms = 60000
	group.consumer.max.size = 2147483647
	group.consumer.migration.policy = disabled
	group.consumer.min.heartbeat.interval.ms = 5000
	group.consumer.min.session.timeout.ms = 45000
	group.consumer.session.timeout.ms = 45000
	group.coordinator.append.linger.ms = 10
	group.coordinator.new.enable = false
	group.coordinator.rebalance.protocols = [classic]
	group.coordinator.threads = 1
	group.initial.rebalance.delay.ms = 0
	group.max.session.timeout.ms = 1800000
	group.max.size = 2147483647
	group.min.session.timeout.ms = 6000
	initial.broker.registration.timeout.ms = 60000
	inter.broker.listener.name = PLAINTEXT
	inter.broker.protocol.version = 3.8-IV0
	kafka.metrics.polling.interval.secs = 10
	kafka.metrics.reporters = []
	leader.imbalance.check.interval.seconds = 300
	leader.imbalance.per.broker.percentage = 10
	listener.security.protocol.map = CONTROLLER:PLAINTEXT,PLAINTEXT:PLAINTEXT
	listeners = PLAINTEXT://127.0.0.1:9092,CONTROLLER://127.0.0.1:9093
	log.cleaner.backoff.ms = 15000
	log.cleaner.dedupe.buffer.size = 134217728
	log.cleaner.delete.retention.ms = 86400000
	log.cleaner.enable = true
	log.cleaner.io.buffer.load.factor = 0.9
	log.cleaner.io.buffer.size = 524288
	log.cleaner.io.max.bytes.per.second = 1.7976931348623157E308
	log.cleaner.max.compaction.lag.ms = 9223372036854775807
	log.cleaner.min.cleanable.ratio = 0.5
	log.cleaner.min.compaction.lag.ms = 0
	log.cleaner.threads = 1
	log.cleanup.policy = [delete]
	log.dir = /tmp/kafka-logs
	log.dir.failure.timeout.ms = 30000
	log.dirs = C:/Users/maste/AppData/Local/obelie-kafka/data
	log.flush.interval.messages = 9223372036854775807
	log.flush.interval.ms = null
	log.flush.offset.checkpoint.interval.ms = 60000
	log.flush.scheduler.interval.ms = 9223372036854775807
	log.flush.start.offset.checkpoint.interval.ms = 60000
	log.index.interval.bytes = 4096
	log.index.size.max.bytes = 10485760
	log.initial.task.delay.ms = 30000
	log.local.retention.bytes = -2
	log.local.retention.ms = -2
	log.message.downconversion.enable = true
	log.message.format.version = 3.0-IV1
	log.message.timestamp.after.max.ms = 9223372036854775807
	log.message.timestamp.before.max.ms = 9223372036854775807
	log.message.timestamp.difference.max.ms = 9223372036854775807
	log.message.timestamp.type = CreateTime
	log.preallocate = false
	log.retention.bytes = -1
	log.retention.check.interval.ms = 300000
	log.retention.hours = 168
	log.retention.minutes = null
	log.retention.ms = null
	log.roll.hours = 168
	log.roll.jitter.hours = 0
	log.roll.jitter.ms = null
	log.roll.ms = null
	log.segment.bytes = 1073741824
	log.segment.delete.delay.ms = 60000
	max.connection.creation.rate = 2147483647
	max.connections = 2147483647
	max.connections.per.ip = 2147483647
	max.connections.per.ip.overrides = 
	max.incremental.fetch.session.cache.slots = 1000
	max.request.partition.size.limit = 2000
	message.max.bytes = 1048588
	metadata.log.dir = null
	metadata.log.max.record.bytes.between.snapshots = 20971520
	metadata.log.max.snapshot.interval.ms = 3600000
	metadata.log.segment.bytes = 1073741824
	metadata.log.segment.min.bytes = 8388608
	metadata.log.segment.ms = 604800000
	metadata.max.idle.interval.ms = 500
	metadata.max.retention.bytes = 104857600
	metadata.max.retention.ms = 604800000
	metric.reporters = []
	metrics.num.samples = 2
	metrics.recording.level = INFO
	metrics.sample.window.ms = 30000
	min.insync.replicas = 1
	node.id = 1
	num.io.threads = 8
	num.network.threads = 3
	num.partitions = 3
	num.recovery.threads.per.data.dir = 1
	num.replica.alter.log.dirs.threads = null
	num.replica.fetchers = 1
	offset.metadata.max.bytes = 4096
	offsets.commit.required.acks = -1
	offsets.commit.timeout.ms = 5000
	offsets.load.buffer.size = 5242880
	offsets.retention.check.interval.ms = 600000
	offsets.retention.minutes = 10080
	offsets.topic.compression.codec = 0
	offsets.topic.num.partitions = 50
	offsets.topic.replication.factor = 1
	offsets.topic.segment.bytes = 104857600
	password.encoder.cipher.algorithm = AES/CBC/PKCS5Padding
	password.encoder.iterations = 4096
	password.encoder.key.length = 128
	password.encoder.keyfactory.algorithm = null
	password.encoder.old.secret = null
	password.encoder.secret = null
	principal.builder.class = class org.apache.kafka.common.security.authenticator.DefaultKafkaPrincipalBuilder
	process.roles = [broker, controller]
	producer.id.expiration.check.interval.ms = 600000
	producer.id.expiration.ms = 86400000
	producer.purgatory.purge.interval.requests = 1000
	queued.max.request.bytes = -1
	queued.max.requests = 500
	quota.window.num = 11
	quota.window.size.seconds = 1
	remote.fetch.max.wait.ms = 500
	remote.log.index.file.cache.total.size.bytes = 1073741824
	remote.log.manager.copier.thread.pool.size = 10
	remote.log.manager.copy.max.bytes.per.second = 9223372036854775807
	remote.log.manager.copy.quota.window.num = 11
	remote.log.manager.copy.quota.window.size.seconds = 1
	remote.log.manager.expiration.thread.pool.size = 10
	remote.log.manager.fetch.max.bytes.per.second = 9223372036854775807
	remote.log.manager.fetch.quota.window.num = 11
	remote.log.manager.fetch.quota.window.size.seconds = 1
	remote.log.manager.task.interval.ms = 30000
	remote.log.manager.task.retry.backoff.max.ms = 30000
	remote.log.manager.task.retry.backoff.ms = 500
	remote.log.manager.task.retry.jitter = 0.2
	remote.log.manager.thread.pool.size = 10
	remote.log.metadata.custom.metadata.max.bytes = 128
	remote.log.metadata.manager.class.name = org.apache.kafka.server.log.remote.metadata.storage.TopicBasedRemoteLogMetadataManager
	remote.log.metadata.manager.class.path = null
	remote.log.metadata.manager.impl.prefix = rlmm.config.
	remote.log.metadata.manager.listener.name = null
	remote.log.reader.max.pending.tasks = 100
	remote.log.reader.threads = 10
	remote.log.storage.manager.class.name = null
	remote.log.storage.manager.class.path = null
	remote.log.storage.manager.impl.prefix = rsm.config.
	remote.log.storage.system.enable = false
	replica.fetch.backoff.ms = 1000
	replica.fetch.max.bytes = 1048576
	replica.fetch.min.bytes = 1
	replica.fetch.response.max.bytes = 10485760
	replica.fetch.wait.max.ms = 500
	replica.high.watermark.checkpoint.interval.ms = 5000
	replica.lag.time.max.ms = 30000
	replica.selector.class = null
	replica.socket.receive.buffer.bytes = 65536
	replica.socket.timeout.ms = 30000
	replication.quota.window.num = 11
	replication.quota.window.size.seconds = 1
	request.timeout.ms = 30000
	reserved.broker.max.id = 1000
	sasl.client.callback.handler.class = null
	sasl.enabled.mechanisms = [GSSAPI]
	sasl.jaas.config = null
	sasl.kerberos.kinit.cmd = /usr/bin/kinit
	sasl.kerberos.min.time.before.relogin = 60000
	sasl.kerberos.principal.to.local.rules = [DEFAULT]
	sasl.kerberos.service.name = null
	sasl.kerberos.ticket.renew.jitter = 0.05
	sasl.kerberos.ticket.renew.window.factor = 0.8
	sasl.login.callback.handler.class = null
	sasl.login.class = null
	sasl.login.connect.timeout.ms = null
	sasl.login.read.timeout.ms = null
	sasl.login.refresh.buffer.seconds = 300
	sasl.login.refresh.min.period.seconds = 60
	sasl.login.refresh.window.factor = 0.8
	sasl.login.refresh.window.jitter = 0.05
	sasl.login.retry.backoff.max.ms = 10000
	sasl.login.retry.backoff.ms = 100
	sasl.mechanism.controller.protocol = GSSAPI
	sasl.mechanism.inter.broker.protocol = GSSAPI
	sasl.oauthbearer.clock.skew.seconds = 30
	sasl.oauthbearer.expected.audience = null
	sasl.oauthbearer.expected.issuer = null
	sasl.oauthbearer.jwks.endpoint.refresh.ms = 3600000
	sasl.oauthbearer.jwks.endpoint.retry.backoff.max.ms = 10000
	sasl.oauthbearer.jwks.endpoint.retry.backoff.ms = 100
	sasl.oauthbearer.jwks.endpoint.url = null
	sasl.oauthbearer.scope.claim.name = scope
	sasl.oauthbearer.sub.claim.name = sub
	sasl.oauthbearer.token.endpoint.url = null
	sasl.server.callback.handler.class = null
	sasl.server.max.receive.size = 524288
	security.inter.broker.protocol = PLAINTEXT
	security.providers = null
	server.max.startup.time.ms = 9223372036854775807
	socket.connection.setup.timeout.max.ms = 30000
	socket.connection.setup.timeout.ms = 10000
	socket.listen.backlog.size = 50
	socket.receive.buffer.bytes = 102400
	socket.request.max.bytes = 104857600
	socket.send.buffer.bytes = 102400
	ssl.allow.dn.changes = false
	ssl.allow.san.changes = false
	ssl.cipher.suites = []
	ssl.client.auth = none
	ssl.enabled.protocols = [TLSv1.2, TLSv1.3]
	ssl.endpoint.identification.algorithm = https
	ssl.engine.factory.class = null
	ssl.key.password = null
	ssl.keymanager.algorithm = SunX509
	ssl.keystore.certificate.chain = null
	ssl.keystore.key = null
	ssl.keystore.location = null
	ssl.keystore.password = null
	ssl.keystore.type = JKS
	ssl.principal.mapping.rules = DEFAULT
	ssl.protocol = TLSv1.3
	ssl.provider = null
	ssl.secure.random.implementation = null
	ssl.trustmanager.algorithm = PKIX
	ssl.truststore.certificates = null
	ssl.truststore.location = null
	ssl.truststore.password = null
	ssl.truststore.type = JKS
	telemetry.max.bytes = 1048576
	transaction.abort.timed.out.transaction.cleanup.interval.ms = 10000
	transaction.max.timeout.ms = 900000
	transaction.partition.verification.enable = true
	transaction.remove.expired.transaction.cleanup.interval.ms = 3600000
	transaction.state.log.load.buffer.size = 5242880
	transaction.state.log.min.isr = 1
	transaction.state.log.num.partitions = 50
	transaction.state.log.replication.factor = 1
	transaction.state.log.segment.bytes = 104857600
	transactional.id.expiration.ms = 604800000
	unclean.leader.election.enable = false
	unstable.api.versions.enable = false
	unstable.feature.versions.enable = false
	zookeeper.clientCnxnSocket = null
	zookeeper.connect = null
	zookeeper.connection.timeout.ms = null
	zookeeper.max.in.flight.requests = 10
	zookeeper.metadata.migration.enable = false
	zookeeper.metadata.migration.min.batch.size = 200
	zookeeper.session.timeout.ms = 18000
	zookeeper.set.acl = false
	zookeeper.ssl.cipher.suites = null
	zookeeper.ssl.client.enable = false
	zookeeper.ssl.crl.enable = false
	zookeeper.ssl.enabled.protocols = null
	zookeeper.ssl.endpoint.identification.algorithm = HTTPS
	zookeeper.ssl.keystore.location = null
	zookeeper.ssl.keystore.password = null
	zookeeper.ssl.keystore.type = null
	zookeeper.ssl.ocsp.enable = false
	zookeeper.ssl.protocol = TLSv1.2
	zookeeper.ssl.truststore.location = null
	zookeeper.ssl.truststore.password = null
	zookeeper.ssl.truststore.type = null
 (kafka.server.KafkaConfig)
[2026-09-11 18:14:05,113] INFO RemoteLogManagerConfig values: 
	log.local.retention.bytes = -2
	log.local.retention.ms = -2
	remote.fetch.max.wait.ms = 500
	remote.log.index.file.cache.total.size.bytes = 1073741824
	remote.log.manager.copier.thread.pool.size = 10
	remote.log.manager.copy.max.bytes.per.second = 9223372036854775807
	remote.log.manager.copy.quota.window.num = 11
	remote.log.manager.copy.quota.window.size.seconds = 1
	remote.log.manager.expiration.thread.pool.size = 10
	remote.log.manager.fetch.max.bytes.per.second = 9223372036854775807
	remote.log.manager.fetch.quota.window.num = 11
	remote.log.manager.fetch.quota.window.size.seconds = 1
	remote.log.manager.task.interval.ms = 30000
	remote.log.manager.task.retry.backoff.max.ms = 30000
	remote.log.manager.task.retry.backoff.ms = 500
	remote.log.manager.task.retry.jitter = 0.2
	remote.log.manager.thread.pool.size = 10
	remote.log.metadata.custom.metadata.max.bytes = 128
	remote.log.metadata.manager.class.name = org.apache.kafka.server.log.remote.metadata.storage.TopicBasedRemoteLogMetadataManager
	remote.log.metadata.manager.class.path = null
	remote.log.metadata.manager.impl.prefix = rlmm.config.
	remote.log.metadata.manager.listener.name = null
	remote.log.reader.max.pending.tasks = 100
	remote.log.reader.threads = 10
	remote.log.storage.manager.class.name = null
	remote.log.storage.manager.class.path = null
	remote.log.storage.manager.impl.prefix = rsm.config.
	remote.log.storage.system.enable = false
 (org.apache.kafka.server.log.remote.storage.RemoteLogManagerConfig)
[2026-09-11 18:14:05,117] INFO [BrokerServer id=1] Waiting for the broker to be unfenced (kafka.server.BrokerServer)
[2026-09-11 18:14:05,161] INFO [BrokerLifecycleManager id=1] The broker has been unfenced. Transitioning from RECOVERY to RUNNING. (kafka.server.BrokerLifecycleManager)
[2026-09-11 18:14:05,161] INFO [BrokerServer id=1] Finished waiting for the broker to be unfenced (kafka.server.BrokerServer)
[2026-09-11 18:14:05,163] INFO authorizerStart completed for endpoint PLAINTEXT. Endpoint is now READY. (org.apache.kafka.server.network.EndpointReadyFutures)
[2026-09-11 18:14:05,163] INFO [SocketServer listenerType=BROKER, nodeId=1] Enabling request processing. (kafka.network.SocketServer)
[2026-09-11 18:14:05,164] INFO Awaiting socket connections on 127.0.0.1:9092. (kafka.network.DataPlaneAcceptor)
[2026-09-11 18:14:05,164] INFO [BrokerServer id=1] Waiting for all of the authorizer futures to be completed (kafka.server.BrokerServer)
[2026-09-11 18:14:05,164] INFO [BrokerServer id=1] Finished waiting for all of the authorizer futures to be completed (kafka.server.BrokerServer)
[2026-09-11 18:14:05,165] INFO [BrokerServer id=1] Waiting for all of the SocketServer Acceptors to be started (kafka.server.BrokerServer)
[2026-09-11 18:14:05,165] INFO [BrokerServer id=1] Finished waiting for all of the SocketServer Acceptors to be started (kafka.server.BrokerServer)
[2026-09-11 18:14:05,165] INFO [BrokerServer id=1] Transition from STARTING to STARTED (kafka.server.BrokerServer)
[2026-09-11 18:14:05,166] INFO Kafka version: 3.8.1 (org.apache.kafka.common.utils.AppInfoParser)
[2026-09-11 18:14:05,166] INFO Kafka commitId: 70d6ff42debf7e17 (org.apache.kafka.common.utils.AppInfoParser)
[2026-09-11 18:14:05,166] INFO Kafka startTimeMs: 1789172045165 (org.apache.kafka.common.utils.AppInfoParser)
[2026-09-11 18:14:05,167] INFO [KafkaRaftServer nodeId=1] Kafka Server started (kafka.server.KafkaRaftServer)
[2026-09-11 18:14:10,110] INFO [GroupCoordinator 1]: Dynamic Member with unknown member id joins group obelie-consumer in Empty state. Created a new member id kafka-python-2.2.3-75768ede-5ca1-49ec-b2ab-9598aac740a8 for this member and add to the group. (kafka.coordinator.group.GroupCoordinator)
[2026-09-11 18:14:10,112] INFO [GroupCoordinator 1]: Preparing to rebalance group obelie-consumer in state PreparingRebalance with old generation 2 (__consumer_offsets-11) (reason: Adding new member kafka-python-2.2.3-75768ede-5ca1-49ec-b2ab-9598aac740a8 with group instance id None; client reason: not provided) (kafka.coordinator.group.GroupCoordinator)
[2026-09-11 18:14:10,119] INFO [GroupCoordinator 1]: Stabilized group obelie-consumer generation 3 (__consumer_offsets-11) with 1 members (kafka.coordinator.group.GroupCoordinator)
[2026-09-11 18:14:10,129] INFO [GroupCoordinator 1]: Assignment received from leader kafka-python-2.2.3-75768ede-5ca1-49ec-b2ab-9598aac740a8 for group obelie-consumer for generation 3. The group has 1 members, 0 of which are static. (kafka.coordinator.group.GroupCoordinator)
